{"IIS3": {"px": [], "py": [], "pt": [], "pb": [], "x": ["2019-01", "2019-02", "2019-03", "2019-04", "2019-05", "2019-06", "2019-07", "2019-08", "2019-09", "2019-10", "2019-11", "2019-12", "2020-01", "2020-02", "2020-03", "2020-04", "2020-05", "2020-06", "2020-07", "2020-08", "2020-09", "2020-10", "2020-11", "2020-12"], "y": [NaN, NaN, NaN, NaN, NaN, NaN, NaN, NaN, NaN, NaN, NaN, NaN, NaN, NaN, NaN, NaN, NaN, NaN, NaN, NaN, NaN, NaN, NaN, NaN]}, "VHI": {"px": ["2021-01", "2021-02", "2021-03", "2021-04", "2021-05", "2021-06", "2021-07", "2021-08", "2021-09", "2021-10", "2021-11", "2021-12"], "py": [60.00333404329564, 53.76819561922082, 45.13552186936036, 40.99409564141381, 47.18461506428932, 62.303010282907195, 50.0779991447382, 60.248063387483626, 47.191343451998065, 53.54036278780296, 55.94752062208198, 52.93558563783114], "pt": [70.67631156687774, 64.44117314280292, 55.808499392942466, 51.66707316499591, 57.85759258787142, 72.9759878064893, 60.750976668320305, 70.92104091106575, 57.86432097558017, 64.21334031138508, 66.6204981456641, 63.60856316141326], "pb": [49.33035651971353, 43.095218095638714, 34.462544345778255, 30.321118117831702, 36.51163754070721, 51.63003275932509, 39.405021621156095, 49.575085863901506, 36.51836592841596, 42.86738526422084, 45.27454309849986, 42.26260811424902], "x": ["2019-01", "2019-02", "2019-03", "2019-04", "2019-05", "2019-06", "2019-07", "2019-08", "2019-09", "2019-10", "2019-11", "2019-12", "2020-01", "2020-02", "2020-03", "2020-04", "2020-05", "2020-06", "2020-07", "2020-08", "2020-09", "2020-10", "2020-11", "2020-12"], "y": [60.667999267578125, 52.159786224365234, 46.850494384765625, 40.90195846557617, 40.422000885009766, 46.250118255615234, 46.250118255615234, 55.87900161743164, 43.27626419067383, 49.150428771972656, 51.58354949951172, 49.49430847167969, 58.664127349853516, 53.28469467163086, 44.624542236328125, 40.18339538574219, 45.98445129394531, 61.20884323120117, 65.07716369628906, 56.98451614379883, 42.042457580566406, 43.265106201171875, 50.850521087646484, 58.69046401977539]}, "spi_01": {"px": ["2021-01", "2021-02", "2021-03", "2021-04", "2021-05", "2021-06", "2021-07", "2021-08", "2021-09", "2021-10", "2021-11", "2021-12"], "py": [1.281807125009391, -0.2795143901167969, 0.4077362310364494, -0.26747361307100004, -0.4676738209590958, -1.3204380215687794, 1.1131467066974117, -1.4861125405357605, -0.49723323146251364, 0.581766059524806, 0.40889884638132346, -0.5192995949193495], "pt": [2.9955449886858236, 1.4342234735596362, 2.121474094712882, 1.4462642506054326, 1.2460640427173377, 0.3932998421076541, 2.8268845703738457, 0.22762532314067352, 1.2165046322139204, 2.29550392320124, 2.1226367100577583, 1.194438268757085], "pb": [-0.4319307386670417, -1.9932522537932298, -1.3060016326399835, -1.9812114767474331, -2.181411684635529, -3.034175885245213, -0.6005911569790219, -3.1998504042121945, -2.2109710951389476, -1.1319718041516285, -1.304839017295111, -2.233037458595784], "x": ["2019-01", "2019-02", "2019-03", "2019-04", "2019-05", "2019-06", "2019-07", "2019-08", "2019-09", "2019-10", "2019-11", "2019-12", "2020-01", "2020-02", "2020-03", "2020-04", "2020-05", "2020-06", "2020-07", "2020-08", "2020-09", "2020-10", "2020-11", "2020-12"], "y": [-0.6687868237495422, -0.39748406410217285, -0.3587090075016022, -1.6688876152038574, -1.188469648361206, -0.539832592010498, 0.2152918428182602, -1.7813175916671753, -1.0461266040802002, -0.1982811540365219, -0.296244740486145, -1.0585339069366455, 0.32604432106018066, -0.9408833980560303, -0.34419962763786316, -0.8558305501937866, -0.9996707439422607, -1.598616600036621, -1.5845959186553955, -1.533485770225525, 0.7807633876800537, -1.635769009590149, 1.6833558082580566, -0.21529042720794678]}, "spi_03": {"px": [], "py": [], "pt": [], "pb": [], "x": ["2019-01", "2019-02", "2019-03", "2019-04", "2019-05", "2019-06", "2019-07", "2019-08", "2019-09", "2019-10", "2019-11", "2019-12", "2020-01", "2020-02", "2020-03", "2020-04", "2020-05", "2020-06", "2020-07"], "y": [0.020775187760591507, -0.3215661644935608, -0.7468606233596802, -1.060157060623169, -1.4193828105926514, -1.5644694566726685, -1.123944878578186, -0.6727408170700073, -0.7426382303237915, -1.2405097484588623, -0.889561653137207, -1.2542610168457031, -0.3387797474861145, -0.749675989151001, -0.5087870359420776, -0.9538347125053406, -0.9927242398262024, -1.2803189754486084, -1.6984044313430786]}, "spi_06": {"px": [], "py": [], "pt": [], "pb": [], "x": ["2019-01", "2019-02", "2019-03", "2019-04", "2019-05", "2019-06", "2019-07", "2019-08", "2019-09", "2019-10", "2019-11", "2019-12", "2020-01", "2020-02", "2020-03", "2020-04", "2020-05", "2020-06", "2020-07"], "y": [-0.2529902458190918, -0.44992777705192566, -0.47566747665405273, -0.8367563486099243, -1.0935959815979004, -1.4215359687805176, -1.3784171342849731, -1.4770634174346924, -1.6850879192352295, -1.346265435218811, -0.863996684551239, -1.4215376377105713, -0.6501082181930542, -0.9546586275100708, -0.8064457178115845, -0.911681056022644, -1.0318357944488525, -1.1013835668563843, -1.478900671005249]}, "spi_12": {"px": ["2021-01", "2021-02", "2021-03", "2021-04", "2021-05", "2021-06", "2021-07", "2021-08", "2021-09", "2021-10", "2021-11", "2021-12"], "py": [-1.2690300166036517, -1.4846510286635395, -1.4239967067624406, -1.2451204842194314, -1.166695479074632, -1.2926206183145286, -1.2205892807802723, -1.2153734394737525, -1.174961804095753, -1.1106740432844857, -1.1763933215814064, -1.5825742233892945], "pt": [-0.8591292408388378, -1.0747502528987254, -1.0140959309976265, -0.8352197084546173, -0.7567947033098179, -0.8827198425497143, -0.8106885050154582, -0.8054726637089382, -0.7650610283309387, -0.7007732675196714, -0.7664925458165921, -1.17267344762448], "pb": [-1.6789307923684655, -1.8945518044283536, -1.8338974825272547, -1.6550212599842455, -1.576596254839446, -1.7025213940793429, -1.6304900565450864, -1.6252742152385669, -1.5848625798605673, -1.5205748190493, -1.5862940973462207, -1.992474999154109], "x": ["2019-01", "2019-02", "2019-03", "2019-04", "2019-05", "2019-06", "2019-07", "2019-08", "2019-09", "2019-10", "2019-11", "2019-12", "2020-01", "2020-02", "2020-03", "2020-04", "2020-05", "2020-06", "2020-07", "2020-08", "2020-09", "2020-10", "2020-11", "2020-12"], "y": [-1.3152507543563843, -1.5115795135498047, -1.015411376953125, -1.3649160861968994, -1.435166597366333, -1.2874377965927124, -1.2340238094329834, -1.231250286102295, -1.2152717113494873, -1.1751902103424072, -1.2303688526153564, -1.618849754333496, -1.319866418838501, -1.5421737432479858, -1.4957714080810547, -1.3404099941253662, -1.2698774337768555, -1.3569080829620361, -1.4543921947479248, -1.4072456359863281, -1.3184045553207397, -1.3497138023376465, -1.0916144847869873, -1.0200872421264648],