{"IIS3": {"px": [], "py": [], "pt": [], "pb": [], "x": ["2019-01", "2019-02", "2019-03", "2019-04", "2019-05", "2019-06", "2019-07", "2019-08", "2019-09", "2019-10", "2019-11", "2019-12", "2020-01", "2020-02", "2020-03", "2020-04", "2020-05", "2020-06", "2020-07", "2020-08", "2020-09", "2020-10", "2020-11", "2020-12"], "y": [NaN, NaN, NaN, NaN, NaN, NaN, NaN, NaN, NaN, NaN, NaN, NaN, NaN, NaN, NaN, NaN, NaN, NaN, NaN, NaN, NaN, NaN, NaN, NaN]}, "VHI": {"px": ["2021-01", "2021-02", "2021-03", "2021-04", "2021-05", "2021-06", "2021-07", "2021-08", "2021-09", "2021-10", "2021-11", "2021-12"], "py": [66.83717955819654, 72.07443565970885, 72.6926242776941, 65.41799752037281, 71.75531371685445, 72.58564621687599, 81.08738914136107, 70.03212240115444, 48.59617722618279, 36.39801835246902, 32.690004421939015, 55.500093442016336], "pt": [79.04651804074237, 84.94348884688996, 86.18918360544936, 79.51415648091022, 86.42658773085407, 87.81032568630923, 96.84605179718639, 86.30725780622019, 65.3718922990596, 53.6598027318276, 50.4245408893122, 73.69510285299799], "pb": [54.62784107565071, 59.205382472527745, 59.19606494993883, 51.3218385598354, 57.084039702854824, 57.360966747442745, 65.32872648553575, 53.756986996088685, 31.820462153305975, 19.136233973110443, 14.955467954565833, 37.30508403103469], "x": ["2019-01", "2019-02", "2019-03", "2019-04", "2019-05", "2019-06", "2019-07", "2019-08", "2019-09", "2019-10", "2019-11", "2019-12", "2020-01", "2020-02", "2020-03", "2020-04", "2020-05", "2020-06", "2020-07", "2020-08", "2020-09", "2020-10", "2020-11", "2020-12"], "y": [45.330467224121094, 47.65312576293945, 51.60749816894531, 55.52887725830078, 64.67733764648438, 63.979373931884766, 63.979373931884766, 55.55575180053711, 38.03937530517578, 27.76171875, 24.37602996826172, 43.60258483886719, 56.94294357299805, 62.133819580078125, 63.486473083496094, 57.0151481628418, 63.03046798706055, 64.2178726196289, 68.6317138671875, 69.33625030517578, 48.72837448120117, 27.372623443603516, 38.03499984741211, 46.82395935058594]}, "spi_01": {"px": [], "py": [], "pt": [], "pb": [], "x": ["2019-01", "2019-02", "2019-03", "2019-04", "2019-05", "2019-06", "2019-07", "2019-08", "2019-09", "2019-10", "2019-11", "2019-12", "2020-01", "2020-02", "2020-03", "2020-04", "2020-05", "2020-06", "2020-07", "2020-08", "2020-09", "2020-10", "2020-11", "2020-12"], "y": [NaN, NaN, NaN, NaN, NaN, NaN, NaN, NaN, NaN, NaN, NaN, NaN, NaN, NaN, NaN, NaN, NaN, NaN, NaN, NaN, NaN, NaN, NaN, NaN]}, "spi_03": {"px": [], "py": [], "pt": [], "pb": [], "x": ["2019-01", "2019-02", "2019-03", "2019-04", "2019-05", "2019-06", "2019-07", "2019-08", "2019-09", "2019-10", "2019-11", "2019-12", "2020-01", "2020-02", "2020-03", "2020-04", "2020-05", "2020-06", "2020-07"], "y": [NaN, NaN, NaN, NaN, NaN, NaN, NaN, NaN, NaN, NaN, NaN, NaN, NaN, NaN, NaN, NaN, NaN, NaN, NaN]}, "spi_06": {"px": [], "py": [], "pt": [], "pb": [], "x": ["2019-01", "2019-02", "2019-03", "2019-04", "2019-05", "2019-06", "2019-07", "2019-08", "2019-09", "2019-10", "2019-11", "2019-12", "2020-01", "2020-02", "2020-03", "2020-04", "2020-05", "2020-06", "2020-07"], "y": [NaN, NaN, NaN, NaN, NaN, NaN, NaN, NaN, NaN, NaN, NaN, NaN, NaN, NaN, NaN, NaN, NaN, NaN, NaN]}, "spi_12": {"px": [], "py": [], "pt": [], "pb": [], "x": ["2019-01", "2019-02", "2019-03", "2019-04", "2019-05", "2019-06", "2019-07", "2019-08", "2019-09", "2019-10", "2019-11", "2019-12", "2020-01", "2020-02", "2020-03", "2020-04", "2020-05", "2020-06", "2020-07", "2020-08", "2020-09", "2020-10", "2020-11", "2020-12"], "y": [NaN, NaN, NaN, NaN, NaN, NaN, NaN, NaN, NaN, NaN, NaN, NaN, NaN, NaN, NaN, NaN, NaN, NaN, NaN, NaN, NaN, NaN, NaN, NaN], "geox": [-42.914453227812345, -42.91873125991839, -42.919847264946924, -42.91873122566983, -42.91709520430224, -42.91103714455717, -42.90785211670202, -42.906269106249205, -42.90412508890089, -42.89948704366878, -42.89837203480462, -42.89495701463703, -42.89226499127786, -42.888766953535054, -42.885629922579966, -42.88458590744229, -42.88537390268004, -42.88587489857167, -42.88462986803816, -42.87959082668835, -42.87699480040097, -42.87556878206585, -42.876235781439505, -42.87598576068827, -42.87712577026154, -42.87900878967689, -42.87981579213615, -42.882258807873434, -42.8797607690224, -42.87562172888118, -42.874653715715894, -42.875421706300344, -42.87092566038881, -42.86823363692669, -42.86206357800223, -42.86128257249247, -42.86241358675183, -42.859288564432845, -42.85823756000676, -42.85161850664934, -42.848048474486184, -42.8457114481582, -42.845400439804514, -42.85225548111864, -42.85218147795918, -42.84437039900229, -42.841208373242516, -42.83875635786077, -42.83587234255909, -42.83271732169525, -42.83017830145978, -42.829012286000214, -42.82440423944457, -42.8243192307683, -42.826454241174616, -42.824623197552754, -42.82529520095101, -42.82926723230005, -42.83179523722831, -42.831339220339544, -42.82790017979445, -42.82800917236348, -42.82731516446819, -42.81286601499854, -42.80867496850397, -42.808845958503284, -42.80719993719921, -42.80609392602344, -42.80014887537506, -42.79862286088451, -42.79679184031749, -42.79675983336359, -42.79859883844247, -42.79792282815196, -42.795930811235294, -42.79348579443488, -42.78715374300801, -42.78364470952855, -42.77945566355742, -42.77315160014385, -42.7694775677246, -42.76447552925886, -42.76154650388132, -42.76141050254048, -42.76008948662646, -42.75915147884461, -42.75723246868796, -42.75523345411912, -42.754235445166174, -42.75295143029837, -42.7489534050613, -42.7448113680979, -42.741762343039085, -42.735930312174595, -42.731957275763776, -42.729589261142664, -42.724954222445646, -42.72301021323837, -42.716146159319216, -42.71281614070948, -42.7097371159217, -42.70798310810013, -42.71172915926497, -42.70986815398141, -42.71008515898177, -42.71695222708041, -42.7193392472042, -42.722398277139206, -42.72553530364518, -42.72717232208105, -42.72795735377245, -42.73039737988229, -42.73112439066796, -42.728539377898215, -42.72445234786753, -42.723980352318385, -42.724645360586265, -42.72678237886769, -42.72984140821286, -42.7305094297775, -42.73355945889624, -42.737341501871974, -42.738400519077615, -42.74295556327243, -42.75031064704441, -42.75298467485827, -42.75528970368171, -42.76106476274334, -42.76548280433914, -42.768838833862425, -42.77154186221241, -42.774673888254945, -42.78122996404463, -42.781782972919046, -42.77867695438376, -42.77851695804774, -42.776121939434205, -42.775621937195865, -42.7761259464142, -42.7748859444298, -42.77573095527802, -42.77558996019858, -42.77504195753603, -42.77270493877136, -42.771597933034705, -42.772065943288666, -42.77353995956249, -42.77382196705703, -42.775423987350635, -42.76989894073988, -42.763650894295175, -42.763259896010474, -42.765254918292705, -42.76708993603345, -42.767480941864875, -42.76675993843132, -42.766346945669675, -42.76848897177181, -42.77111999991096, -42.7717080097816, -42.77298902162778, -42.77826306424691, -42.78287411782813, -42.785257150231004, -42.784677153861274, -42.786039170060704, -42.78551117298367, -42.78850519900829, -42.78967621090666, -42.79145724242465, -42.79292525905082, -42.79556927820928, -42.79642928679099, -42.79877831875051, -42.80048033805118, -42.80420537545233, -42.80549939097745, -42.812706440700474, -42.81368344921275, -42.81567646936087, -42.81773949973457, -42.81967351758256, -42.82045951948043, -42.82229353327214, -42.824480545810545, -42.83020160293098, -42.83206162508997, -42.83229363698638, -42.84032871061402, -42.84156172627513, -42.84502076237867, -42.85273583301213, -42.85550486043217, -42.85892690185999, -42.86220493186224, -42.868456985443146, -42.870427995867274, -42.873569022343595, -42.87592704427953, -42.88108207790483, -42.88581511873325, -42.88998215062177, -42.89378917943335, -42.89715021060696, -42.89831521926055, -42.899315208834416, -42.89861919978896, -42.89565217063468, -42.89412815260871, -42.893153130177005, -42.89403913011119, -42.89367912461813, -42.89163710537472, 