{"VHI": {"cat": [0, 1, 0, 1, 1, 0, 0, 0, 1, 0, 0, 0, 0, 1, 0, 0, 0, 0, 0, 0, 1, 1, 0, 0], "lim": [100, 0], "catlims": [40, 30, 20, 12, 6], "x": ["2019-01", "2019-02", "2019-03", "2019-04", "2019-05", "2019-06", "2019-07", "2019-08", "2019-09", "2019-10", "2019-11", "2019-12", "2020-01", "2020-02", "2020-03", "2020-04", "2020-05", "2020-06", "2020-07", "2020-08", "2020-09", "2020-10", "2020-11", "2020-12"], "y": [51.1717643737793, 37.663970947265625, 41.22440719604492, 39.27294158935547, 39.2786750793457, 43.66603088378906, 43.66603088378906, 45.370941162109375, 39.449764251708984, 45.37279510498047, 48.733821868896484, 49.24141311645508, 45.31441116333008, 37.88646697998047, 40.4282341003418, 42.82264709472656, 43.489410400390625, 51.553646087646484, 44.330291748046875, 45.90896987915039, 39.06835174560547, 38.3311767578125, 53.30397033691406, 46.57352828979492]}, "spi_01": {"cat": [5], "lim": [4, -4], "catlims": [-0.5, -0.8, -1.3, -1.6, -2], "x": ["2019-01", "2019-02", "2019-03", "2019-04", "2019-05", "2019-06", "2019-07", "2019-08", "2019-09", "2019-10", "2019-11", "2019-12", "2020-01", "2020-02", "2020-03", "2020-04", "2020-05", "2020-06", "2020-07", "2020-08", "2020-09", "2020-10", "2020-11", "2020-12"], "y": [NaN, NaN, NaN, NaN, NaN, NaN, NaN, NaN, NaN, NaN, NaN, NaN, NaN, NaN, NaN, NaN, NaN, NaN, NaN, NaN, NaN, NaN, NaN, NaN]}, "spi_03": {"cat": [5], "lim": [4, -4], "catlims": [-0.5, -0.8, -1.3, -1.6, -2], "x": ["2019-01", "2019-02", "2019-03", "2019-04", "2019-05", "2019-06", "2019-07", "2019-08", "2019-09", "2019-10", "2019-11", "2019-12", "2020-01", "2020-02", "2020-03", "2020-04", "2020-05", "2020-06", "2020-07"], "y": [NaN, NaN, NaN, NaN, NaN, NaN, NaN, NaN, NaN, NaN, NaN, NaN, NaN, NaN, NaN, NaN, NaN, NaN, NaN, 0, 0, 0, 0, 0]}, "spi_06": {"cat": [5], "lim": [4, -4], "catlims": [-0.5, -0.8, -1.3, -1.6, -2], "x": ["2019-01", "2019-02", "2019-03", "2019-04", "2019-05", "2019-06", "2019-07", "2019-08", "2019-09", "2019-10", "2019-11", "2019-12", "2020-01", "2020-02", "2020-03", "2020-04", "2020-05", "2020-06", "2020-07"], "y": [NaN, NaN, NaN, NaN, NaN, NaN, NaN, NaN, NaN, NaN, NaN, NaN, NaN, NaN, NaN, NaN, NaN, NaN, NaN, 0, 0, 0, 0, 0]}, "spi_12": {"cat": [5], "lim": [4, -4], "catlims": [-0.5, -0.8, -1.3, -1.6, -2], "x": ["2019-01", "2019-02", "2019-03", "2019-04", "2019-05", "2019-06", "2019-07", "2019-08", "2019-09", "2019-10", "2019-11", "2019-12", "2020-01", "2020-02", "2020-03", "2020-04", "2020-05", "2020-06", "2020-07", "2020-08", "2020-09", "2020-10", "2020-11", "2020-12"], "y": [NaN, NaN, NaN, NaN, NaN, NaN, NaN, NaN, NaN, NaN, NaN, NaN, NaN, NaN, NaN, NaN, NaN, NaN, NaN, NaN, NaN, NaN, NaN, NaN]}, "geox": [-47.242775459141995, -47.241364447904054, -47.23908843017945, -47.23411339218671, -47.23097036807318, -47.224087315039625, -47.2193042783565, -47.210167208631795, -47.195192093833846, -47.18847504242112, -47.183557005078406, -47.179172971534875, -47.16859489079637, -47.16361385278256, -47.160391828055964, -47.15247176790125, -47.14738872897757, -47.14222768985337, -47.13383362591757, -47.125357560918566, -47.118588508827365, -47.116000488648055, -47.116606492415436, -47.11505647985601, -47.11299646372303, -47.109416436054794, -47.109584437015734, -47.10849642829609, -47.11091544656097, -47.109108432307856, -47.10358539003318, -47.100536366477215, -47.09825334856567, -47.10269338230392, -47.10214137776249, -47.10145837252348, -47.09307030809271, -47.08393523741525, -47.080835214788124, -47.08077821455982, -47.081726222480825, -47.08358923712153, -47.08375623861643, -47.08289023221323, -47.07932220516113, -47.076444183240675, -47.07555717675091, -47.07929720688959, -47.07972521078913, -47.0794762098556, -47.07547318008335, -47.07358416585863, -47.07352716558198, -47.07508717768892, -47.075837183674075, -47.075672182632246, -47.07319916443056, -47.07470117629766, -47.07477817761697, -47.0758741861562, -47.0771701963498, -47.07689019428777, -47.07241916041156, -47.069450138549804, -47.069418138601534, -47.070813149744254, -47.08095222792409, -47.0802582232958, -47.07814820776315, -47.076223193613046, -47.07542118863993, -47.07272716852715, -47.0688121389927, -47.060339074833344, -47.0577020549679, -47.0531200201427, -47.032472862075004, -47.027339824078766, -47.02558681072211, -47.021892782993646, -47.01702774610073, -47.01391972285524, -47.01252571230284, -47.01702774714481, -47.01827975707788, -47.021559782132414, -47.02316979484817, -47.028477836059935, -47.031811861581545, -47.04039392765191, -47.04513796444594, -47.05200301693046, -47.06114008727832, -47.065083117457206, -47.07744621238662, -47.080477235513705, -47.08716728625341, -47.08889529980536, -47.092560327828856, -47.09413733980224, -47.09841737213217, -47.10472341935392, -47.11230847649777, -47.11619150495997, -47.11836152125221, -47.12347155987271, -47.12577757714518, -47.12675258390705, -47.13822367102514, -47.13938567895071, -47.141363694088575, -47.145210723092205, -47.151822773700914, -47.157847820202925, -47.16244285533432, -47.16527787714648, -47.16806889849651, -47.17429894643287, -47.18286501186375, -47.187099044031385, -47.1947851031428, -47.1989831352752, -47.211681231952845, -47.22263631198886, -47.22469332660237, -47.242775459141995], "geoy": [-0.9188521934133602, -0.9146451625097888, -0.9113531384608777, -0.9107341344647755, -0.9093811248338964, -0.9044550892348743, -0.9025500757080346, -0.9020840733115266, -0.8968750365184854, -0.8953200257858202, -0.8968890379468192, -0.8960340321231678, -0.8958190317359153, -0.8958020321764119, -0.8945830235250192, -0.8972180439190177, -0.8961220363882223, -0.898573055111414, -0.89992206605136, -0.8974640488254805, -0.8939230233823962, -0.8902179962455793, -0.8824509386695262, -0.8758938902877844, -0.8722448634923711, -0.8692758418976609, -0.8663058198802527, -0.8625227919769941, -0.8605507771047944, -0.8563537462100269, -0.8555557408971083, -0.8530887229481082, -0.8486696904486912, -0.8469586772923909, -0.8438886546015915, -0.8436866531776849, -0.8403916296521913, -0.8320055684531862, -0.8421606440697839, -0.8441276586580254, -0.8505147059023197, -0.8543067338079462, -0.8563527489541687, -0.8583547638860957, -0.8603527790829162, -0.8610447845257431, -0.863728804516158, -0.8780219100256449, -0.8837319522855749, -0.8924650170128685, -0.8997940717604396, -0.9016840859768268, -0.9030940964283226, -0.9047221083091314, -0.9069571247780743, -0.9088891391071807, -0.9150251848399176, -0.9184052096982938, -0.9247502566773323, -0.9261562669602884, -0.9286462852456003, -0.9293172902469168, -0.9318583095889507, -0.9389723626162119, -0.9414943812932502, -0.9455644112595104, -0.951375453056584, -0.9570384950533538, -0.9619825318992657, -0.9666465666503532, -0.9761716372329468, -0.9800806664908849, -0.9832606905078007, -0.9882237282905552, -0.9906067462552521, -0.9922747591741865, -0.9908407511520402, -1.0010098270801433, -1.001428830404088, -1.0056498621210463, -1.0082328818632158, -1.012454913517004, -1.0133479203067601, -1.0164929430103729, -1.0192849635157952, -1.01898896090184, -1.0221249839041173, -1.0268860184488677, -1.0270460191993873, -1.0304300431185105, -1.034428072072903, -1.0343610706781659, -1.038153097521499, -1.0384300990511246, -1.0417451219295901, -1.0414541193786053, -1.0384870965670776, -1.0411591160875475, -1.0413011166533752, -1.0407151121148022, -1.0378570904310327, -1.0304730350389917, -1.0242669881915578, -1.0148819183373678, -1.0126599016379816, -1.0094478772468922, -1.0067668571404733, -1.001322816785796, -0.9975427873991302, -0.9899327310190704, -0.9902247329284435, -0.9872657105806651, -0.988349717761616, -0.992488747582491, -0.9929777506158455, -0.9943907606951566, -0.9947957633341381, -0.9979657859568934, -0.9985417891246282, -0.9974657806439948, -1.0012918079130761, -1.0021778139188458, -1.0008568025546905, -0.9725725924382239, -0.9637575271174115, -0.9188521934133602],