{"IIS3": {"px": [], "py": [], "pt": [], "pb": [], "x": ["2019-01", "2019-02", "2019-03", "2019-04", "2019-05", "2019-06", "2019-07", "2019-08", "2019-09", "2019-10", "2019-11", "2019-12", "2020-01", "2020-02", "2020-03", "2020-04", "2020-05", "2020-06", "2020-07", "2020-08", "2020-09", "2020-10", "2020-11", "2020-12"], "y": [NaN, NaN, NaN, NaN, NaN, NaN, NaN, NaN, NaN, NaN, NaN, NaN, NaN, NaN, NaN, NaN, NaN, NaN, NaN, NaN, NaN, NaN, NaN, NaN]}, "VHI": {"px": ["2021-01", "2021-02", "2021-03", "2021-04", "2021-05", "2021-06", "2021-07", "2021-08", "2021-09", "2021-10", "2021-11", "2021-12"], "py": [57.359230893422264, 58.06943734774703, 62.504147663245035, 67.02238168126472, 67.33362835384153, 76.72884385113935, 72.16725800374802, 67.94203171652714, 58.329248327280894, 45.820982865449906, 46.427447510151396, 61.607967488250864], "pt": [71.59519143007628, 74.10001560492381, 80.1477387409641, 86.14339559204014, 87.82582296140774, 98.50605456997715, 95.15777286425, 92.08495284072548, 83.57201971371074, 72.11764375853403, 73.7373585496286, 89.89485681603765], "pb": [43.123270356768245, 42.03885909057024, 44.86055658552597, 47.9013677704893, 46.84143374627533, 54.95163313230154, 49.176743143246014, 43.7991105923288, 33.08647694085104, 19.524321972365783, 19.117536470674196, 33.32107816046408], "x": ["2019-01", "2019-02", "2019-03", "2019-04", "2019-05", "2019-06", "2019-07", "2019-08", "2019-09", "2019-10", "2019-11", "2019-12", "2020-01", "2020-02", "2020-03", "2020-04", "2020-05", "2020-06", "2020-07", "2020-08", "2020-09", "2020-10", "2020-11", "2020-12"], "y": [43.7083625793457, 41.19758605957031, 49.103187561035156, 54.20869064331055, 47.73025894165039, 53.48137664794922, 53.48137664794922, 50.3714485168457, 42.87310028076172, 32.77370834350586, 33.79405212402344, 47.58841323852539, 50.23232650756836, 52.77499771118164, 58.66123962402344, 63.367332458496094, 63.58836364746094, 72.9047622680664, 79.4203109741211, 81.89956665039062, 62.86055374145508, 32.42647933959961, 43.636722564697266, 54.69608688354492]}, "spi_01": {"px": ["2021-01", "2021-02", "2021-03", "2021-04", "2021-05", "2021-06", "2021-07", "2021-08", "2021-09", "2021-10", "2021-11", "2021-12"], "py": [0.29460376161281454, -0.035628077984339424, 0.4303637816835897, -0.22490274260584764, 1.2272856265837064, -0.2117868803928964, -0.3380946131889786, 0.1933471895316221, 0.5597837429339321, -0.031033930525791398, -0.617149357621728, -0.946062534100583], "pt": [1.6579693936306636, 1.3968739644949135, 1.9288157685176808, 1.336716484986729, 2.8496144672096255, 1.469060263837192, 1.3993009599049104, 1.9855077940941843, 2.4050847719494826, 1.865919453937214, 1.330086734372629, 1.0501901185226408], "pb": [-1.0687618704050346, -1.4681301204635924, -1.0680882051505012, -1.7865219701984245, -0.39504321404221265, -1.8926340246229845, -2.0754901862828676, -1.5988134150309397, -1.2855172860816186, -1.927987314988797, -2.5643854496160845, -2.942315186723807], "x": ["2019-01", "2019-02", "2019-03", "2019-04", "2019-05", "2019-06", "2019-07", "2019-08", "2019-09", "2019-10", "2019-11", "2019-12", "2020-01", "2020-02", "2020-03", "2020-04", "2020-05", "2020-06", "2020-07", "2020-08", "2020-09", "2020-10", "2020-11", "2020-12"], "y": [-1.393035650253296, 0.2760556638240814, -0.21756945550441742, -0.31042107939720154, -0.31498172879219055, 0.3944125175476074, -0.40935271978378296, 0.20686188340187073, 0.6416951417922974, 0.10079807788133621, -0.4350009858608246, -0.7479879856109619, 0.9429984092712402, 0.6136237382888794, 1.1797517538070679, 0.32443293929100037, 2.0871479511260986, 0.2574267089366913, 0.9051455855369568, 1.1637582778930664, -0.18819104135036469, 0.4969269037246704, -0.79930579662323, -1.572690725326538]}, "spi_03": {"px": [], "py": [], "pt": [], "pb": [], "x": ["2019-01", "2019-02", "2019-03", "2019-04", "2019-05", "2019-06", "2019-07", "2019-08", "2019-09", "2019-10", "2019-11", "2019-12", "2020-01", "2020-02", "2020-03", "2020-04", "2020-05", "2020-06", "2020-07"], "y": [-0.7637768387794495, -0.26068952679634094, -0.9948652386665344, -0.3223556876182556, -0.6252747178077698, -0.6175394058227539, -0.5168167948722839, -0.3925938010215759, -0.08898790925741196, -0.020932771265506744, -0.48499026894569397, -1.0258206129074097, 0.062372662127017975, 0.450049489736557, 1.2672441005706787, 1.0388840436935425, 1.5483033657073975, 1.4821572303771973, 1.9262315034866333]}, "spi_06": {"px": [], "py": [], "pt": [], "pb": [], "x": ["2019-01", "2019-02", "2019-03", "2019-04", "2019-05", "2019-06", "2019-07", "2019-08", "2019-09", "2019-10", "2019-11", "2019-12", "2020-01", "2020-02", "2020-03", "2020-04", "2020-05", "2020-06", "2020-07"], "y": [-0.7450471520423889, -0.6821413040161133, -0.7625190615653992, -0.947629451751709, -0.5944304466247559, -1.106952428817749, -0.4762476086616516, -0.6881247758865356, -0.6162839531898499, -0.3507032096385956, -0.5858560800552368, -0.9904310703277588, -0.03725317120552063, 0.10064295679330826, 0.6381807327270508, 0.7120739817619324, 1.1915532350540161, 1.4700305461883545, 1.412095069885254]}, "spi_12": {"px": ["2021-01", "2021-02", "2021-03", "2021-04", "2021-05", "2021-06", "2021-07", "2021-08", "2021-09", "2021-10", "2021-11", "2021-12"], "py": [3.9715186441689694, 3.8286070894809487, 5.347152436182945, 5.2090690068271535, 5.862311940506755, 5.460250027333541, 4.124317027367713, 4.373041835942849, 4.56813949322694, 3.8626881578918173, 4.062049903312105, 1.2385864706808087], "pt": [5.635309126794789, 5.866325945086329, 7.700107492894215, 7.839752732271279, 8.744081575250313, 8.572916985448956, 7.451897974025044, 7.902474413705221, 8.288488090520449, 7.764622684482086, 8.137487599340677, 5.48043651265826], "pb": [2.3077281615431495, 1.7908882338755685, 2.994197379471675, 2.578385281383029, 2.9805423057631977, 2.3475830692181265, 0.7967360807103816, 0.8436092581804764, 0.8477908959334299, -0.03924636869845122, -0.013387792716465619, -3.0032635712966425], "x": ["2019-01", "2019-02", "2019-03", "2019-04", "2019-05", "2019-06", "2019-07", "2019-08", "2019-09", "2019-10", "2019-11", "2019-12", "2020-01", "2020-02", "2020-03", "2020-04", "2020-05", "2020-06", "2020-07", "2020-08", "2020-09", "2020-10", "2020-11", "2020-12"], "y": [0.10473423451185226, -0.4246758818626404, -0.7156090140342712, -0.996719479560852, -1.020782709121704, -0.9774633049964905, -0.984009325504303, -0.9542157649993896, -0.8736553192138672, -0.9491006731987, -0.7898854613304138, -1.4348517656326294, -0.33788755536079407, -0.25313952565193176, 0.4302924871444702, 0.5264788866043091, 0.9308729767799377, 0.9214193224906921, 0.9969156384468079, 1.0416059494018555, 0.9885059595108032, 1.010445237159729, 0.9691027998924255, 0.7936550378799438],