{"IIS3": {"px": [], "py": [], "pt": [], "pb": [], "x": ["2019-01", "2019-02", "2019-03", "2019-04", "2019-05", "2019-06", "2019-07", "2019-08", "2019-09", "2019-10", "2019-11", "2019-12", "2020-01", "2020-02", "2020-03", "2020-04", "2020-05", "2020-06", "2020-07", "2020-08", "2020-09", "2020-10", "2020-11", "2020-12"], "y": [NaN, NaN, NaN, NaN, NaN, NaN, NaN, NaN, NaN, NaN, NaN, NaN, NaN, NaN, NaN, NaN, NaN, NaN, NaN, NaN, NaN, NaN, NaN, NaN]}, "VHI": {"px": ["2021-01", "2021-02", "2021-03", "2021-04", "2021-05", "2021-06", "2021-07", "2021-08", "2021-09", "2021-10", "2021-11", "2021-12"], "py": [51.6292084069065, 41.89041495560794, 49.61693071905049, 46.082140809544214, 55.70458755338879, 58.106296787676754, 63.463762508955995, 52.862571666130194, 37.36172498097115, 28.515581139661236, 24.751458524266305, 42.68975819117831], "pt": [61.485822618810744, 51.74702916751218, 59.47354493095473, 55.93875502144846, 65.56120176529303, 67.962910999581, 73.32037672086024, 62.71918587803444, 47.21833919287539, 38.37219535156549, 34.608072736170556, 52.54637240308257], "pb": [41.772594195002256, 32.033800743703694, 39.76031650714624, 36.22552659763997, 45.84797334148455, 48.24968257577251, 53.60714829705175, 43.00595745422595, 27.505110769066896, 18.658966927756985, 14.894844312362054, 32.833143979274055], "x": ["2019-01", "2019-02", "2019-03", "2019-04", "2019-05", "2019-06", "2019-07", "2019-08", "2019-09", "2019-10", "2019-11", "2019-12", "2020-01", "2020-02", "2020-03", "2020-04", "2020-05", "2020-06", "2020-07", "2020-08", "2020-09", "2020-10", "2020-11", "2020-12"], "y": [41.90093994140625, 47.99468994140625, 54.2678108215332, 52.68724822998047, 61.33531188964844, 63.74406051635742, 63.74406051635742, 53.071746826171875, 37.03249740600586, 27.81281280517578, 23.67791748046875, 40.66899871826172, 48.71916580200195, 39.81416320800781, 48.02499771118164, 44.50291442871094, 53.97624969482422, 56.735748291015625, 62.73781204223633, 65.31249237060547, 41.35350036621094, 21.352249145507812, 31.16750144958496, 41.194583892822266]}, "spi_01": {"px": [], "py": [], "pt": [], "pb": [], "x": ["2019-01", "2019-02", "2019-03", "2019-04", "2019-05", "2019-06", "2019-07", "2019-08", "2019-09", "2019-10", "2019-11", "2019-12", "2020-01", "2020-02", "2020-03", "2020-04", "2020-05", "2020-06", "2020-07", "2020-08", "2020-09", "2020-10", "2020-11", "2020-12"], "y": [NaN, NaN, NaN, NaN, NaN, NaN, NaN, NaN, NaN, NaN, NaN, NaN, NaN, NaN, NaN, NaN, NaN, NaN, NaN, NaN, NaN, NaN, NaN, NaN]}, "spi_03": {"px": [], "py": [], "pt": [], "pb": [], "x": ["2019-01", "2019-02", "2019-03", "2019-04", "2019-05", "2019-06", "2019-07", "2019-08", "2019-09", "2019-10", "2019-11", "2019-12", "2020-01", "2020-02", "2020-03", "2020-04", "2020-05", "2020-06", "2020-07"], "y": [NaN, NaN, NaN, NaN, NaN, NaN, NaN, NaN, NaN, NaN, NaN, NaN, NaN, NaN, NaN, NaN, NaN, NaN, NaN]}, "spi_06": {"px": [], "py": [], "pt": [], "pb": [], "x": ["2019-01", "2019-02", "2019-03", "2019-04", "2019-05", "2019-06", "2019-07", "2019-08", "2019-09", "2019-10", "2019-11", "2019-12", "2020-01", "2020-02", "2020-03", "2020-04", "2020-05", "2020-06", "2020-07"], "y": [NaN, NaN, NaN, NaN, NaN, NaN, NaN, NaN, NaN, NaN, NaN, NaN, NaN, NaN, NaN, NaN, NaN, NaN, NaN]}, "spi_12": {"px": [], "py": [], "pt": [], "pb": [], "x": ["2019-01", "2019-02", "2019-03", "2019-04", "2019-05", "2019-06", "2019-07", "2019-08", "2019-09", "2019-10", "2019-11", "2019-12", "2020-01", "2020-02", "2020-03", "2020-04", "2020-05", "2020-06", "2020-07", "2020-08", "2020-09", "2020-10", "2020-11", "2020-12"], "y": [NaN, NaN, NaN, NaN, NaN, NaN, NaN, NaN, NaN, NaN, NaN, NaN, NaN, NaN, NaN, NaN, NaN, NaN, NaN, NaN, NaN, NaN, NaN, NaN], "geox": [-42.957598415208224, -42.95792341016256, -42.956593393416796, -42.95673238853597, -42.95615538153347, -42.95512337136236, -42.95023333106265, -42.9471833116947, -42.94490029163684, -42.94210326402208, -42.93615021029712, -42.93573119922343, -42.935900194868815, -42.935009185071024, -42.932361161752425, -42.930412146682244, -42.92556310241378, -42.91881003734066, -42.915403009342896, -42.912371980678145, -42.91014896197239, -42.90642792458466, -42.90460090100983, -42.90340187952084, -42.90087985270547, -42.89906182931941, -42.892485770175355, -42.8866537255964, -42.88307270433236, -42.87979267575442, -42.8776976546393, -42.87623363610847, -42.87622863060428, -42.87212159406568, -42.868181550372704, -42.868497546781, -42.86723252867732, -42.86745252785218, -42.87289956644726, -42.869100519488256, -42.869509511751204, -42.86892749911449, -42.87103751138947, -42.86412345298851, -42.86373045956203, -42.86220745379113, -42.86020544151188, -42.85836942778082, -42.85275737750543, -42.8478483403356, -42.84247228983587, -42.83856624495649, -42.838207235992684, -42.83736922748728, -42.82994916439192, -42.82698413134607, -42.824787110890504, -42.813512017453355, -42.81082798551114, -42.80954096461383, -42.808845958503284, -42.80867496850397, -42.81286601499854, -42.82731516446819, -42.82800917236348, -42.82790017979445, -42.831339220339544, -42.83179523722831, -42.82926723230005, -42.82529520095101, -42.824623197552754, -42.826454241174616, -42.8243192307683, -42.82440423944457, -42.829012286000214, -42.83017830145978, -42.83271732169525, -42.83587234255909, -42.83875635786077, -42.841208373242516, -42.84437039900229, -42.85218147795918, -42.85225548111864, -42.845400439804514, -42.8457114481582, -42.848048474486184, -42.85161850664934, -42.85823756000676, -42.859288564432845, -42.86241358675183, -42.86128257249247, -42.86206357800223, -42.86823363692669, -42.87092566038881, -42.875421706300344, -42.874653715715894, -42.87562172888118, -42.8797607690224, -42.882258807873434, -42.87981579213615, -42.87900878967689, -42.87712577026154, -42.87598576068827, -42.876235781439505, -42.87556878206585, -42.87699480040097, -42.87959082668835, -42.88462986803816, -42.88587489857167, -42.88537390268004, -42.88458590744229, -42.885629922579966, -42.888766953535054, -42.89226499127786, -42.89495701463703, -42.89837203480462, -42.89948704366878, -42.90412508890089, -42.906269106249205, -42.90785211670202, -42.91103714455717, -42.91709520430224, -42.91873122566983, -42.919847264946924, -42.91873125991839, -42.914453227812345, -42.915945245016964, -42.923174316069456, -42.92710034246446, -42.93126237524734, -42.93359138889576, -42.9377054246543, -42.93931444661888, -42.94128346465651, -42.94553449811743, -42.94515548806417, -42.94879151989357, -42.95351155847866, -42.95653658758552, -42.95998261437729, -42.96306664231956, -42.967425677585304, -42.96942469556403, -42.969880694501, -42.97134670304468, -42.972129695729386, -42.97620571139942, -42.97348468189416, -42.972682670644474, -42.975543689759114, -42.97693168931506, -42.97564867396779, -42.97465165034387, -42.9755386521649, -42.97559464503623, -42.9735456178417, -42.973905611000134, -42.97525761817849, -42.97528861205182, -42.97323058573312, -42.97306957697285, -42.97135155455854, -42.97198055284366, -42.96929952315131, -42.96501648331308, -42.96045044445002, -42.957598415208224],