{"IIS3": {"px": [], "py": [], "pt": [], "pb": [], "x": ["2019-01", "2019-02", "2019-03", "2019-04", "2019-05", "2019-06", "2019-07", "2019-08", "2019-09", "2019-10", "2019-11", "2019-12", "2020-01", "2020-02", "2020-03", "2020-04", "2020-05", "2020-06", "2020-07", "2020-08", "2020-09", "2020-10", "2020-11", "2020-12"], "y": [NaN, NaN, NaN, NaN, NaN, NaN, NaN, NaN, NaN, NaN, NaN, NaN, NaN, NaN, NaN, NaN, NaN, NaN, NaN, NaN, NaN, NaN, NaN, NaN]}, "VHI": {"px": ["2021-01", "2021-02", "2021-03", "2021-04", "2021-05", "2021-06", "2021-07", "2021-08", "2021-09", "2021-10", "2021-11", "2021-12"], "py": [49.68767828807651, 52.258615930404034, 63.51657399063602, 70.76514132100415, 78.99581068616928, 87.44216232104137, 55.69512723171867, 63.71709919149413, 63.49348642646849, 65.04859532733768, 70.124647356829, 64.42555228564436], "pt": [84.90366332342455, 95.3892128863335, 113.31949745442282, 126.44650245114158, 139.99168570300753, 153.32523724043725, 126.12709690884543, 138.42148423256572, 142.23882239076323, 147.63740042763337, 156.3858409473399, 154.20904916243444], "pb": [14.471693252728478, 9.128018974474578, 13.713650526849221, 15.083780190866719, 17.99993566933101, 21.559087401645485, -14.736842445408087, -10.987285849577447, -15.25184953782626, -17.540209772958008, -16.136546233681898, -25.35794459114574], "x": ["2019-01", "2019-02", "2019-03", "2019-04", "2019-05", "2019-06", "2019-07", "2019-08", "2019-09", "2019-10", "2019-11", "2019-12", "2020-01", "2020-02", "2020-03", "2020-04", "2020-05", "2020-06", "2020-07", "2020-08", "2020-09", "2020-10", "2020-11", "2020-12"], "y": [39.83074188232422, 30.991138458251953, 45.25302505493164, 51.8094482421875, 40.89262008666992, 29.094371795654297, 29.094371795654297, 34.49097442626953, 34.69145202636719, 36.09580993652344, 40.76581954956055, 39.28463363647461, 37.246910095214844, 42.53288269042969, 55.18470764160156, 62.66579055786133, 70.15563201904297, 78.49366760253906, 81.1978988647461, 83.27894592285156, 68.20696258544922, 39.03187561035156, 52.725276947021484, 55.35649871826172]}, "spi_01": {"px": ["2021-01", "2021-02", "2021-03", "2021-04", "2021-05", "2021-06", "2021-07", "2021-08", "2021-09", "2021-10", "2021-11", "2021-12"], "py": [3.3276487429338957, 2.0331729672099934, 4.832458903971061, 4.799520303291025, 5.077570774534756, 3.0607930818643396, 4.5797283201266445, 4.791086313201957, 2.844087903138332, 3.743377204566216, -1.870870825439901, 0.9220120257851496], "pt": [10.342979618832112, 9.048503843108211, 11.847789779869277, 11.814851179189244, 12.092901650432974, 10.07612395776256, 11.595059196024865, 11.806417189100179, 9.859418779036554, 10.75870808046444, 5.144460050458322, 7.937342901683376], "pb": [-3.687682132964321, -4.982157908688224, -2.182871971927157, -2.215810572607194, -1.9377601013634633, -3.9545377940338806, -2.4356025557715757, -2.2242445626962652, -4.17124297275989, -3.2719536713320077, -8.886201701338125, -6.093318850113076], "x": ["2019-01", "2019-02", "2019-03", "2019-04", "2019-05", "2019-06", "2019-07", "2019-08", "2019-09", "2019-10", "2019-11", "2019-12", "2020-01", "2020-02", "2020-03", "2020-04", "2020-05", "2020-06", "2020-07", "2020-08", "2020-09", "2020-10", "2020-11", "2020-12"], "y": [-1.7000316381454468, 0.3456166386604309, -0.37081146240234375, 1.196516752243042, -0.6450475454330444, 0.7400680184364319, 0.7666745185852051, 0.9354698061943054, -0.10646484792232513, 0.43385249376296997, -2.6487135887145996, -1.0424937009811401, 0.8400927782058716, -0.10877212882041931, 1.5125720500946045, 1.467670202255249, 1.845703363418579, 0.6306698322296143, -0.1881728619337082, 0.04318602383136749, -0.23260816931724548, 1.2654178142547607, 1.4289085865020752, -2.627809524536133]}, "spi_03": {"px": [], "py": [], "pt": [], "pb": [], "x": ["2019-01", "2019-02", "2019-03", "2019-04", "2019-05", "2019-06", "2019-07", "2019-08", "2019-09", "2019-10", "2019-11", "2019-12", "2020-01", "2020-02", "2020-03", "2020-04", "2020-05", "2020-06", "2020-07"], "y": [-0.3649800419807434, -0.49620720744132996, -1.0389231443405151, 0.1993468850851059, 0.10112015902996063, 1.0363304615020752, 0.2485286444425583, 1.0754520893096924, 0.6209512948989868, 0.33668282628059387, -1.8717248439788818, -2.3831562995910645, -1.5387458801269531, -0.4964008331298828, 1.2885366678237915, 1.3546206951141357, 1.8047285079956055, 1.9345362186431885, 1.7593152523040771]}, "spi_06": {"px": [], "py": [], "pt": [], "pb": [], "x": ["2019-01", "2019-02", "2019-03", "2019-04", "2019-05", "2019-06", "2019-07", "2019-08", "2019-09", "2019-10", "2019-11", "2019-12", "2020-01", "2020-02", "2020-03", "2020-04", "2020-05", "2020-06", "2020-07"], "y": [-0.6042500734329224, -0.4794601798057556, -0.654497504234314, -0.33952346444129944, -0.5122860670089722, -0.6101254224777222, 0.1874666064977646, 0.3066537082195282, 1.1901135444641113, 0.3292693495750427, -1.2538096904754639, -2.0036191940307617, -1.4596492052078247, -1.7696539163589478, -0.22265242040157318, 0.24651332199573517, 1.457472324371338, 1.7590842247009277, 1.5385665893554688]}, "spi_12": {"px": ["2021-01", "2021-02", "2021-03", "2021-04", "2021-05", "2021-06", "2021-07", "2021-08", "2021-09", "2021-10", "2021-11", "2021-12"], "py": [4.8799537225651255, 4.033859962172799, 9.047439400054872, 9.329106736314488, 9.851079463044934, 8.760847401810901, 8.408938950207093, 9.91138096347995, 10.166287924919938, 9.845268224260407, 5.290564278977074, 2.06711956024058], "pt": [7.903769432457125, 7.73726273569884, 13.323760571170425, 14.110179148870255, 15.088481879288366, 14.417888565285256, 14.456570336197316, 16.32586270687783, 16.9277453633688, 16.936744611270814, 12.697369798436656, 9.776367166762741], "pb": [1.856138012673127, 0.3304571886467573, 4.771118228939318, 4.54803432375872, 4.6136770468015005, 3.1038062383365457, 2.3613075642168706, 3.4968992200820663, 3.4048304864710754, 2.7537918372499988, -2.1162412404825073, -5.642128046281581], "x": ["2019-01", "2019-02", "2019-03", "2019-04", "2019-05", "2019-06", "2019-07", "2019-08", "2019-09", "2019-10", "2019-11", "2019-12", "2020-01", "2020-02", "2020-03", "2020-04", "2020-05", "2020-06", "2020-07", "2020-08", "2020-09", "2020-10", "2020-11", "2020-12"], "y": [-0.23592659831047058, -0.4720814824104309, -0.7755528688430786, -0.3521990180015564, -0.541874885559082, -0.5564315319061279, -0.48607224225997925, -0.26707369089126587, -0.2159343957901001, -0.21448124945163727, -1.0657696723937988, -1.683087944984436, -0.9095067977905273, -1.0721635818481445, 0.17027008533477783, 0.29806745052337646, 0.6151529550552368, 0.6046335697174072, 0.5451804399490356, 0.3715744912624359, 0.36170583963394165, 0.8120792508125305, 2.026475667953491, 1.6945210695266724],