{"IIS3": {"px": [], "py": [], "pt": [], "pb": [], "x": ["2019-01", "2019-02", "2019-03", "2019-04", "2019-05", "2019-06", "2019-07", "2019-08", "2019-09", "2019-10", "2019-11", "2019-12", "2020-01", "2020-02", "2020-03", "2020-04", "2020-05", "2020-06", "2020-07", "2020-08", "2020-09", "2020-10", "2020-11", "2020-12"], "y": [NaN, NaN, NaN, NaN, NaN, NaN, NaN, NaN, NaN, NaN, NaN, NaN, NaN, NaN, NaN, NaN, NaN, NaN, NaN, NaN, NaN, NaN, NaN, NaN]}, "VHI": {"px": ["2021-01", "2021-02", "2021-03", "2021-04", "2021-05", "2021-06", "2021-07", "2021-08", "2021-09", "2021-10", "2021-11", "2021-12"], "py": [37.06367472653722, 27.247279579017857, 16.456502951610652, 17.763406459041846, 22.462609221386252, 32.66268889171387, 31.38824776691399, 24.48487680015522, 14.700457358390661, 19.73731405059749, 21.994762191845766, 26.009231185183076], "pt": [58.77785931106796, 53.84161571929262, 47.16499717247365, 52.096546715703894, 60.072679979821146, 73.28620824965887, 74.81661669318365, 70.54761803607208, 63.25484987583327, 70.66159053351612, 75.18343427415658, 81.36975629514245], "pb": [15.349490142006488, 0.6529434387430975, -14.251991269252343, -16.569733797620202, -15.147461537048649, -7.960830466231123, -12.040121159355657, -21.57786443576164, -33.85393515905196, -31.18696243232114, -31.193909890465058, -29.3512939247763], "x": ["2019-01", "2019-02", "2019-03", "2019-04", "2019-05", "2019-06", "2019-07", "2019-08", "2019-09", "2019-10", "2019-11", "2019-12", "2020-01", "2020-02", "2020-03", "2020-04", "2020-05", "2020-06", "2020-07", "2020-08", "2020-09", "2020-10", "2020-11", "2020-12"], "y": [45.8881950378418, 45.77409362792969, 39.09846878051758, 45.628841400146484, 62.20291519165039, 62.35076141357422, 62.35076141357422, 52.39952850341797, 36.2307014465332, 44.82569885253906, 48.011619567871094, 54.11210632324219, 61.65296936035156, 47.73844528198242, 32.200538635253906, 33.8636474609375, 39.40041732788086, 52.154666900634766, 55.85596466064453, 54.67110824584961, 31.01805305480957, 25.719886779785156, 14.626805305480957, 32.37824249267578]}, "spi_01": {"px": [], "py": [], "pt": [], "pb": [], "x": ["2019-01", "2019-02", "2019-03", "2019-04", "2019-05", "2019-06", "2019-07", "2019-08", "2019-09", "2019-10", "2019-11", "2019-12", "2020-01", "2020-02", "2020-03", "2020-04", "2020-05", "2020-06", "2020-07", "2020-08", "2020-09", "2020-10", "2020-11", "2020-12"], "y": [NaN, NaN, NaN, NaN, NaN, NaN, NaN, NaN, NaN, NaN, NaN, NaN, NaN, NaN, NaN, NaN, NaN, NaN, NaN, NaN, NaN, NaN, NaN, NaN]}, "spi_03": {"px": [], "py": [], "pt": [], "pb": [], "x": ["2019-01", "2019-02", "2019-03", "2019-04", "2019-05", "2019-06", "2019-07", "2019-08", "2019-09", "2019-10", "2019-11", "2019-12", "2020-01", "2020-02", "2020-03", "2020-04", "2020-05", "2020-06", "2020-07"], "y": [NaN, NaN, NaN, NaN, NaN, NaN, NaN, NaN, NaN, NaN, NaN, NaN, NaN, NaN, NaN, NaN, NaN, NaN, NaN]}, "spi_06": {"px": [], "py": [], "pt": [], "pb": [], "x": ["2019-01", "2019-02", "2019-03", "2019-04", "2019-05", "2019-06", "2019-07", "2019-08", "2019-09", "2019-10", "2019-11", "2019-12", "2020-01", "2020-02", "2020-03", "2020-04", "2020-05", "2020-06", "2020-07"], "y": [NaN, NaN, NaN, NaN, NaN, NaN, NaN, NaN, NaN, NaN, NaN, NaN, NaN, NaN, NaN, NaN, NaN, NaN, NaN]}, "spi_12": {"px": [], "py": [], "pt": [], "pb": [], "x": ["2019-01", "2019-02", "2019-03", "2019-04", "2019-05", "2019-06", "2019-07", "2019-08", "2019-09", "2019-10", "2019-11", "2019-12", "2020-01", "2020-02", "2020-03", "2020-04", "2020-05", "2020-06", "2020-07", "2020-08", "2020-09", "2020-10", "2020-11", "2020-12"], "y": [NaN, NaN, NaN, NaN, NaN, NaN, NaN, NaN, NaN, NaN, NaN, NaN, NaN, NaN, NaN, NaN, NaN, NaN, NaN, NaN, NaN, NaN, NaN, NaN], "geox": [-47.756953707001564, -47.75576369912176, -47.756203704874196, -47.75320867856732, -47.75034964977991, -47.74940364354054, -47.749350647047336, -47.74797863594152, -47.74509760726922, -47.74312058442198, -47.74101256804704, -47.74117356511928, -47.73820853822645, -47.73721453173897, -47.736957525886226, -47.73514950692713, -47.73304449162363, -47.73056844357014, -47.732374441829364, -47.731318419618646, -47.72784140209014, -47.72651838995157, -47.72450937695285, -47.72186935582219, -47.71985034216187, -47.71770932491977, -47.715147298593955, -47.71162327279647, -47.71001625539942, -47.71062225711576, -47.706711212041824, -47.70696221048297, -47.70792621627306, -47.70734520252779, -47.70609418809901, -47.700510138670786, -47.69820812533906, -47.69737011444966, -47.6961791053017, -47.69468308777895, -47.69540408830669, -47.694128074006336, -47.69342807201331, -47.69209605389614, -47.690344038888334, -47.68834302833274, -47.68682001567963, -47.68626200762143, -47.687068009742234, -47.68567998614027, -47.68698299560044, -47.68664998752614, -47.68815299875515, -47.69092901390267, -47.69048300756522, -47.69198501878529, -47.6939290286456, -47.69331902033743, -47.69251401523168, -47.6904019898063, -47.69114999422363, -47.692761007920204, -47.69381800812398, -47.69387200341789, -47.692770988795864, -47.693483990373736, -47.6914629694669, -47.69403898039829, -47.69454997255246, -47.693623956333454, -47.69018092448039, -47.68971091355222, -47.69081891682479, -47.6876288812511, -47.68850488767287, -47.68757187131114, -47.68628686003547, -47.684459839687364, -47.68534784057828, -47.682786815710266, -47.68248780933828, -47.68019678408035, -47.67906177755711, -47.67807176761601, -47.677460758687545, -47.67839976322319, -47.67707074539444, -47.677374744325654, -47.675071724073284, -47.67455871368862, -47.67318069440331, -47.67529170577531, -47.67483969888989, -47.671789670838514, -47.67195866830839, -47.66951364275678, -47.66818163357505, -47.66606461123532, -47.6634005909252, -47.661267570987626, -47.66231657605371, -47.66137756287972, -47.66309757320722, -47.66278356782648, -47.66104655071157, -47.65953853032009, -47.65845952163271, -47.65609549784978, -47.65464748068457, -47.65209546239347, -47.65209545902194, -47.65451047521138, -47.655236471556265, -47.65162243910047, -47.649732429006036, -47.65001342026827, -47.64736939513486, -47.648230398557864, -47.64737538617283, -47.646421380864055, -47.64529237028543, -47.64554236804631, -47.64436634522093, -47.64328333289898, -47.64092531551731, -47.641144311913656, -47.639398281326876, -47.63967725968755, -47.641489269667105, -47.64279426309748, -47.64637427572253, -47.64709327278894, -47.64658824558129, -47.64062715876441, -47.6325790875397, -47.628453048705474, -47.62283300124883, -47.61609094295961, -47.61381892081836, -47.60529484549669, -47.60554585368155, -47.60307085254088, -47.59889783495333, -47.59765282840607, -47.59573281447769, -47.594988813043, -47.593220829330185, -47.58943080954825, -47.587710804966875, -47.582511775969294, -47.57529077324586, -47.5720737564799, -47.57220976055097, -47.57326377129459, -47.57415078967259, -47.57196079102147, -47.57312681123117, -47.57553783595791, -47.574957835279086, -47.57573084331435, -47.57798485950112, -47.578350864312604, -47.57834486801207, -47.57654185734361, -47.57739686624084, -47.57670986345173, -47.57701887167265, -47.575284859210555, -47.57259283424914, -47.570655819461564, -47.56953981562249, -47.56232275923622, -47.557154724852, -47.55539871055684, -47.55207067450489, -47.55037266130516, -47.5437006190916, -47.54117659836429, -47.53078552886397, -47.52807050684115, -47.52393148216224, -47.52541350491724, -47.52847953096852, -47.53036955271093, -47.5314865696157, -47.532676603566216, -47.5325986400915, -47.5264025996496, -47.519711551970225, -47.515958528539535, -47.51576553129731, -47.51720754724307, -47.52095457864635, -47.534093706358384, -47.540618764046876, -47.54453281009005, -47.54390481556174, -47.54448582620619, -47.54276781955118, -47.54257182217801, -47.54304282960897, -47.54226384916444, -47.54287285942509, -47.54193385283713, -47.542507866324726, -47.54412688567101, -47.54529491524597, -47.543543907832984, -47.54295890317356, -47.541983889982475, -47.54109588306409, -47.53987088634512, 