{"IIS3": {"px": [], "py": [], "pt": [], "pb": [], "x": ["2019-01", "2019-02", "2019-03", "2019-04", "2019-05", "2019-06", "2019-07", "2019-08", "2019-09", "2019-10", "2019-11", "2019-12", "2020-01", "2020-02", "2020-03", "2020-04", "2020-05", "2020-06", "2020-07", "2020-08", "2020-09", "2020-10", "2020-11", "2020-12"], "y": [NaN, NaN, NaN, NaN, NaN, NaN, NaN, NaN, NaN, NaN, NaN, NaN, NaN, NaN, NaN, NaN, NaN, NaN, NaN, NaN, NaN, NaN, NaN, NaN]}, "VHI": {"px": ["2021-01", "2021-02", "2021-03", "2021-04", "2021-05", "2021-06", "2021-07", "2021-08", "2021-09", "2021-10", "2021-11", "2021-12"], "py": [51.4606464387647, 47.85075086420622, 46.027824067940685, 59.058504339818384, 58.241007088530694, 58.64237594563129, 54.1421532442416, 61.24049904537304, 48.88822125568417, 50.35747544833578, 50.57132975396007, 43.41392354020398], "pt": [62.69173422331312, 60.17777963240856, 59.36101362183001, 73.32707992071639, 73.38731206815044, 74.61825964461674, 70.90661462513197, 78.75807509970258, 67.12784231115226, 69.29162664861224, 70.1754208347214, 63.66580474987536], "pb": [40.22955865421628, 35.52372209600388, 32.69463451405136, 44.78992875892038, 43.09470210891095, 42.66649224664583, 37.37769186335123, 43.722922991043504, 30.64860020021608, 31.423324248059316, 30.96723867319875, 23.1620423305326], "x": ["2019-01", "2019-02", "2019-03", "2019-04", "2019-05", "2019-06", "2019-07", "2019-08", "2019-09", "2019-10", "2019-11", "2019-12", "2020-01", "2020-02", "2020-03", "2020-04", "2020-05", "2020-06", "2020-07", "2020-08", "2020-09", "2020-10", "2020-11", "2020-12"], "y": [48.49110794067383, 46.663333892822266, 42.08416748046875, 55.02977752685547, 57.12833023071289, 55.106666564941406, 55.106666564941406, 62.906005859375, 50.94888687133789, 53.17805480957031, 53.95714569091797, 46.94656753540039, 56.977500915527344, 53.738929748535156, 51.821712493896484, 64.95464324951172, 62.7802734375, 62.47555160522461, 65.258056640625, 69.51305389404297, 47.10555648803711, 41.69533157348633, 38.21611022949219, 48.52333068847656]}, "spi_01": {"px": [], "py": [], "pt": [], "pb": [], "x": ["2019-01", "2019-02", "2019-03", "2019-04", "2019-05", "2019-06", "2019-07", "2019-08", "2019-09", "2019-10", "2019-11", "2019-12", "2020-01", "2020-02", "2020-03", "2020-04", "2020-05", "2020-06", "2020-07", "2020-08", "2020-09", "2020-10", "2020-11", "2020-12"], "y": [NaN, NaN, NaN, NaN, NaN, NaN, NaN, NaN, NaN, NaN, NaN, NaN, NaN, NaN, NaN, NaN, NaN, NaN, NaN, NaN, NaN, NaN, NaN, NaN]}, "spi_03": {"px": [], "py": [], "pt": [], "pb": [], "x": ["2019-01", "2019-02", "2019-03", "2019-04", "2019-05", "2019-06", "2019-07", "2019-08", "2019-09", "2019-10", "2019-11", "2019-12", "2020-01", "2020-02", "2020-03", "2020-04", "2020-05", "2020-06", "2020-07"], "y": [NaN, NaN, NaN, NaN, NaN, NaN, NaN, NaN, NaN, NaN, NaN, NaN, NaN, NaN, NaN, NaN, NaN, NaN, NaN]}, "spi_06": {"px": [], "py": [], "pt": [], "pb": [], "x": ["2019-01", "2019-02", "2019-03", "2019-04", "2019-05", "2019-06", "2019-07", "2019-08", "2019-09", "2019-10", "2019-11", "2019-12", "2020-01", "2020-02", "2020-03", "2020-04", "2020-05", "2020-06", "2020-07"], "y": [NaN, NaN, NaN, NaN, NaN, NaN, NaN, NaN, NaN, NaN, NaN, NaN, NaN, NaN, NaN, NaN, NaN, NaN, NaN]}, "spi_12": {"px": [], "py": [], "pt": [], "pb": [], "x": ["2019-01", "2019-02", "2019-03", "2019-04", "2019-05", "2019-06", "2019-07", "2019-08", "2019-09", "2019-10", "2019-11", "2019-12", "2020-01", "2020-02", "2020-03", "2020-04", "2020-05", "2020-06", "2020-07", "2020-08", "2020-09", "2020-10", "2020-11", "2020-12"], "y": [NaN, NaN, NaN, NaN, NaN, NaN, NaN, NaN, NaN, NaN, NaN, NaN, NaN, NaN, NaN, NaN, NaN, NaN, NaN, NaN, NaN, NaN, NaN, NaN], "geox": [-44.27902097859532, -44.27655295856074, -44.27438193843676, -44.2671388639917, -44.26510584023169, -44.26033379557805, -44.25796777027974, -44.25027370258, -44.24133958581355, -44.24074956650974, -44.24250057140739, -44.242394561744476, -44.241918555364954, -44.238888528125045, -44.23666650357718, -44.232778474233584, -44.23129845858716, -44.230224450096365, -44.223466400086174, -44.2198873782199, -44.216407350545154, -44.2113093165049, -44.20917930845582, -44.2067892936483, -44.20484727967187, -44.20125724969688, -44.1996982355047, -44.20066523661064, -44.19916621716097, -44.19822021019764, -44.194720176881965, -44.195168178372725, -44.19436416898364, -44.19502717251516, -44.19428316439131, -44.19430115664526, -44.19247613854919, -44.19274413820269, -44.1916971280481, -44.19055011082615, -44.18869809233544, -44.186304062679206, -44.18439804615106, -44.176830969834455, -44.174801951134455, -44.17177792636996, -44.16899989515482, -44.1681678922664, -44.16713188387764, -44.16338684285526, -44.16358484185327, -44.162752833355114, -44.16218582340143, -44.15933279594227, -44.15830277924631, -44.15652575780222, -44.151527712523894, -44.14847367882516, -44.147217676744894, -44.14763669423631, -44.140001639180895, -44.138694632265285, -44.130552558931846, -44.12824254425212, -44.12728153527607, -44.12644252976833, -44.12582752957733, -44.12252450768033, -44.12355852195577, -44.128764575586175, -44.13149961891925, -44.13749367930742, -44.1440507343356, -44.14730377736647, -44.14522377810666, -44.139163735896695, -44.138777757540154, -44.13796875632456, -44.14035778324635, -44.14074979041429, -44.1393947868067, -44.13633176811687, -44.137415779884044, -44.1374957834974, -44.13578077278933, -44.13466576248591, -44.13669479321299, -44.13938382337502, -44.14513687996353, -44.14619889403704, -44.14579889475657, -44.13930485562605, -44.13620884588345, -44.135113844454544, -44.13510684979739, -44.13693787600423, -44.13757189195226, -44.13580888340159, -44.13316986394948, -44.132941864718056, -44.13664190127417, -44.13913693402855, -44.14355397954164, -44.14860402447818, -44.159693135039646, -44.17953034365701, -44.18276837283001, -44.18367137723045, -44.18286636340455, -44.1757752850245, -44.17408126294338, -44.17363823561663, -44.17561724588091, -44.176861251300224, -44.17752325133746, -44.17864925965447, -44.1852303218933, -44.191195373863906, -44.19457939661586, -44.19780542396423, -44.199663437673266, -44.2019284455521, -44.20316045641951, -44.204804467109355, -44.20424644555861, -44.209075489299515, -44.215191534561136, -44.21680456140554, -44.219917590407356, -44.21955959165261, -44.220411602301986, -44.2190025949205, -44.2211126166189, -44.22282964813041, -44.22280865260503, -44.220610632821014, -44.218832625171245, -44.21975064144502, -44.22052564990792, -44.221918660060766, -44.222967671126725, -44.224299680882865, -44.22402367398456, -44.225184681764425, -44.23096972368683, -44.23097571626699, -44.235469742686206, -44.236773759049015, -44.23969178699116, -44.24411584195543, -44.24477785532003, -44.24725888779104, -44.2495279050925, -44.253106939714144, -44.26213501882187, -44.26439204031563, -44.266091049292754, -44.26659504290957, -44.26422001282368, -44.26461601332024, -44.26908104354365, -44.27231007228791, -44.27434808667223, -44.274528076253816, -44.27305405215074, -44.274911058113965, -44.27314204070807, -44.27119102631089, -44.272540028424366, -44.26994300100968, -44.268801982506545, -44.265820961124874, -44.264438947834975, -44.262970924217484, -44.26078590106113, -44.262336902449064, -44.26078188555583, -44.26069288161597, -44.26235589305303, -44.265171922450165, -44.26606292993935, -44.26622392034907, -44.26841492333214, -44.270286934990146, -44.27371894635621, -44.27551696203767, -44.279285987978255, -44.27913898015165, -44.27902097859532],