{"IIS3": {"px": [], "py": [], "pt": [], "pb": [], "x": ["2019-01", "2019-02", "2019-03", "2019-04", "2019-05", "2019-06", "2019-07", "2019-08", "2019-09", "2019-10", "2019-11", "2019-12", "2020-01", "2020-02", "2020-03", "2020-04", "2020-05", "2020-06", "2020-07", "2020-08", "2020-09", "2020-10", "2020-11", "2020-12"], "y": [NaN, NaN, NaN, NaN, NaN, NaN, NaN, NaN, NaN, NaN, NaN, NaN, NaN, NaN, NaN, NaN, NaN, NaN, NaN, NaN, NaN, NaN, NaN, NaN]}, "VHI": {"px": ["2021-01", "2021-02", "2021-03", "2021-04", "2021-05", "2021-06", "2021-07", "2021-08", "2021-09", "2021-10", "2021-11", "2021-12"], "py": [41.941965122092974, 38.24688427676189, 31.729034978515138, 32.572242836140546, 34.43368053565016, 38.22771501270276, 40.96390551470399, 32.853992555324886, 28.81066306703258, 32.324133868779, 29.095393558030892, 30.894289822604186], "pt": [60.7539007984377, 58.7038713299892, 53.708291442301345, 55.97495870643786, 59.17810426122607, 64.24474599081057, 68.19413313624251, 61.24562321870485, 58.318019558774694, 62.90653865544897, 60.71631824313003, 63.520694364718395], "pb": [23.13002944574825, 17.789897223534588, 9.749778514728934, 9.169526965843232, 9.689256810074259, 12.21068403459494, 13.733677893165464, 4.462361891944916, -0.6966934247095438, 1.7417290821090319, -2.5255311270682483, -1.7321147195100153], "x": ["2019-01", "2019-02", "2019-03", "2019-04", "2019-05", "2019-06", "2019-07", "2019-08", "2019-09", "2019-10", "2019-11", "2019-12", "2020-01", "2020-02", "2020-03", "2020-04", "2020-05", "2020-06", "2020-07", "2020-08", "2020-09", "2020-10", "2020-11", "2020-12"], "y": [46.52499771118164, 55.721805572509766, 50.52625274658203, 47.684940338134766, 62.77096939086914, 64.23847198486328, 64.23847198486328, 54.03517532348633, 48.69282531738281, 54.020694732666016, 49.345001220703125, 51.28926086425781, 60.67802810668945, 56.48105239868164, 48.265472412109375, 48.438682556152344, 49.08305358886719, 52.446109771728516, 57.68852615356445, 65.25347137451172, 37.0271110534668, 32.2215576171875, 18.45166778564453, 40.01407241821289]}, "spi_01": {"px": [], "py": [], "pt": [], "pb": [], "x": ["2019-01", "2019-02", "2019-03", "2019-04", "2019-05", "2019-06", "2019-07", "2019-08", "2019-09", "2019-10", "2019-11", "2019-12", "2020-01", "2020-02", "2020-03", "2020-04", "2020-05", "2020-06", "2020-07", "2020-08", "2020-09", "2020-10", "2020-11", "2020-12"], "y": [NaN, NaN, NaN, NaN, NaN, NaN, NaN, NaN, NaN, NaN, NaN, NaN, NaN, NaN, NaN, NaN, NaN, NaN, NaN, NaN, NaN, NaN, NaN, NaN]}, "spi_03": {"px": [], "py": [], "pt": [], "pb": [], "x": ["2019-01", "2019-02", "2019-03", "2019-04", "2019-05", "2019-06", "2019-07", "2019-08", "2019-09", "2019-10", "2019-11", "2019-12", "2020-01", "2020-02", "2020-03", "2020-04", "2020-05", "2020-06", "2020-07"], "y": [NaN, NaN, NaN, NaN, NaN, NaN, NaN, NaN, NaN, NaN, NaN, NaN, NaN, NaN, NaN, NaN, NaN, NaN, NaN]}, "spi_06": {"px": [], "py": [], "pt": [], "pb": [], "x": ["2019-01", "2019-02", "2019-03", "2019-04", "2019-05", "2019-06", "2019-07", "2019-08", "2019-09", "2019-10", "2019-11", "2019-12", "2020-01", "2020-02", "2020-03", "2020-04", "2020-05", "2020-06", "2020-07"], "y": [NaN, NaN, NaN, NaN, NaN, NaN, NaN, NaN, NaN, NaN, NaN, NaN, NaN, NaN, NaN, NaN, NaN, NaN, NaN]}, "spi_12": {"px": [], "py": [], "pt": [], "pb": [], "x": ["2019-01", "2019-02", "2019-03", "2019-04", "2019-05", "2019-06", "2019-07", "2019-08", "2019-09", "2019-10", "2019-11", "2019-12", "2020-01", "2020-02", "2020-03", "2020-04", "2020-05", "2020-06", "2020-07", "2020-08", "2020-09", "2020-10", "2020-11", "2020-12"], "y": [NaN, NaN, NaN, NaN, NaN, NaN, NaN, NaN, NaN, NaN, NaN, NaN, NaN, NaN, NaN, NaN, NaN, NaN, NaN, NaN, NaN, NaN, NaN, NaN], "geox": [-46.78289139534181, -46.779557365563015, -46.777859342359434, -46.77174828096127, -46.768503233685664, -46.764387193472366, -46.76347216905226, -46.765976184590826, -46.766746186698036, -46.76500316246325, -46.76427914077846, -46.76100210348982, -46.76075809531994, -46.755477041200514, -46.751419003162475, -46.741970922179206, -46.73958489865383, -46.73831188806087, -46.73561387033761, -46.731192832803096, -46.72953682082861, -46.7269998040444, -46.72511378681859, -46.72236576651225, -46.71922572891191, -46.714192687724044, -46.71174766453409, -46.70780763340802, -46.70580962404392, -46.704446613628534, -46.69824955793135, -46.69527353412778, -46.69238250668947, -46.69069449303718, -46.687986475154254, -46.68240142431222, -46.68088741326308, -46.6796644072051, -46.678241395998654, -46.674858362686656, -46.66855131248618, -46.66391026829842, -46.661583244126504, -46.661583240061034, -46.66203024066601, -46.66650227343961, -46.66672427001332, -46.66547825317905, -46.66338723174183, -46.66241421285551, -46.65728016695917, -46.6541131360766, -46.65166011660998, -46.6495290920782, -46.64999708235829, -46.64860905663999, -46.64591602627139, -46.645529012228714, -46.643224991154014, -46.6411139674179, -46.64008894197786, -46.639612929407136, -46.637809909540344, -46.638141906823364, -46.63703087839294, -46.64277692371276, -46.64255790806603, -46.64327291150685, -46.6476639478506, -46.65036197408121, -46.65102697196572, -46.65007895864413, -46.65038795492086, -46.648589937586486, -46.64702891337752, -46.64594290426327, -46.6439658816502, -46.64050185029235, -46.63821782587265, -46.63858982454216, -46.64025583538443, -46.640332832059016, -46.63778280753892, -46.63703179679586, -46.635163781817795, -46.635163761413054, -46.632554732878866, -46.63153974807881, -46.63047974158531, -46.63044474535487, -46.62895873546967, -46.627638723102095, -46.627265723011654, -46.62498670405166, -46.62349369545049, -46.622163683081304, -46.61946466233336, -46.61932767204192, -46.61674765844284, -46.61869668880047, -46.61518766604683, -46.613563661108216, -46.60768862257056, -46.59953755340699, -46.59142649572544, -46.58688645594624, -46.5847544398467, -46.5768693943651, -46.571478356518256, -46.563123309769246, -46.56050630661813, -46.560688328981946, -46.55594629570499, -46.5554992971595, -46.553154284066444, -46.55242028505203, -46.551514279359964, -46.55305831614946, -46.548661280462696, -46.54533624982746, -46.544121257217384, -46.544969271542556, -46.547300299807446, -46.5512243422427, -46.55335436824314, -46.55208637072164, -46.55083836303508, -46.54294530509637, -46.54166730392338, -46.54229832220918, -46.54125231914096, -46.5408773277218, -46.53956032180741, -46.539750331939295, -46.540945346219864, -46.54651140237829, -46.548864429212266, -46.55166447188378, -46.55633451861494, -46.55943755434954, -46.56324459318477, -46.567054627528236, -46.569822662178765, -46.569611664865704, -46.57125169243312, -46.56992369334135, -46.56692368220449, -46.568581708233324, -46.56816871332814, -46.57035775054702, -46.57047675935934, -46.579192821598305, -46.58297085323494, -46.58658087962608, -46.59105191645577, -46.596246971488306, -46.59916699455297, -46.602773026033496, -46.60516105222561, -46.60793907560677, -46.61636513338014, -46.61728013646248, -46.61894314797903, -46.620281145572385, -46.622748158628895, -46.62461516052626, -46.62742117728667, -46.63411322952093, -46.63997828809153, -46.64122228573818, -46.64442731104795, -46.64567032209951, -46.649996368620045, -46.6523923891408, -46.65469640497274, -46.65791543092401, -46.660385454729386, -46.66302948541604, -46.66524552495863, -46.666843542561814, -46.67341659940791, -46.67768463321037, -46.687282704490464, -46.698549797445374, -46.705137841937706, -46.7107948894515, -46.71357591084932, -46.722998977632564, -46.72481399262543, -46.726684014708006, -46.730637053633274, -46.73515507274516, -46.739447103182364, -46.74550015257726, -46.74816015364079, -46.75122917360798, -46.75194817538191, -46.757973222435545, -46.75933622373501, -46.76317125356486, -46.76511327255829, -46.76741429179159, -46.76831029815921, -46.768695294851014, -46.77625535797321, -46.781925402275455, -46.78311240676745, -46.78289139534181],