{"IIS3": {"px": [], "py": [], "pt": [], "pb": [], "x": ["2019-01", "2019-02", "2019-03", "2019-04", "2019-05", "2019-06", "2019-07", "2019-08", "2019-09", "2019-10", "2019-11", "2019-12", "2020-01", "2020-02", "2020-03", "2020-04", "2020-05", "2020-06", "2020-07", "2020-08", "2020-09", "2020-10", "2020-11", "2020-12"], "y": [NaN, NaN, NaN, NaN, NaN, NaN, NaN, NaN, NaN, NaN, NaN, NaN, NaN, NaN, NaN, NaN, NaN, NaN, NaN, NaN, NaN, NaN, NaN, NaN]}, "VHI": {"px": ["2021-01", "2021-02", "2021-03", "2021-04", "2021-05", "2021-06", "2021-07", "2021-08", "2021-09", "2021-10", "2021-11", "2021-12"], "py": [113.06628387289027, 129.39177714322582, 127.20604096653642, 115.8863142327881, 119.37832165839293, 121.10126018625391, 129.37806276724115, 88.71003291512778, 65.17299404180721, 63.31502857589666, 61.627053147320865, 76.26415693728087], "pt": [136.10477913931516, 155.5908675655599, 156.22349112629706, 147.47163500986343, 153.33789414403094, 157.2796050658066, 167.6467537958145, 128.96065760415547, 107.31243948990871, 107.26218932025051, 107.31045289281519, 123.62018176119517], "pb": [90.02778860646538, 103.19268672089174, 98.18859080677579, 84.30099345571276, 85.41874917275493, 84.92291530670121, 91.10937173866779, 48.45940822610008, 23.033548593705724, 19.367867831542803, 15.943653401826538, 28.90813211336659], "x": ["2019-01", "2019-02", "2019-03", "2019-04", "2019-05", "2019-06", "2019-07", "2019-08", "2019-09", "2019-10", "2019-11", "2019-12", "2020-01", "2020-02", "2020-03", "2020-04", "2020-05", "2020-06", "2020-07", "2020-08", "2020-09", "2020-10", "2020-11", "2020-12"], "y": [54.6685905456543, 60.967342376708984, 64.0965576171875, 60.719051361083984, 64.51546478271484, 62.521095275878906, 62.521095275878906, 39.63823318481445, 26.460248947143555, 25.503437042236328, 24.586387634277344, 33.26251983642578, 62.34486389160156, 73.4343032836914, 74.09566497802734, 68.27957916259766, 72.58968353271484, 76.29312133789062, 66.06720733642578, 65.49171447753906, 56.709373474121094, 44.71800231933594, 63.56593704223633, 64.1433334350586]}, "spi_01": {"px": ["2021-01", "2021-02", "2021-03", "2021-04", "2021-05", "2021-06", "2021-07", "2021-08", "2021-09", "2021-10", "2021-11", "2021-12"], "py": [1.1630795201355304, 0.9078108985217637, 2.701875763453682, 3.496534937336288, 2.3546941023183914, 4.934616592048975, 2.2740475851741735, 2.1227993137474277, 3.6673359771409304, 0.8798908807827579, 3.0944027679848443, -0.007385840692205381], "pt": [3.02576779393946, 3.1058306461311016, 5.1904444316632965, 6.245108607789481, 5.340718286316655, 8.140552279634807, 5.685749043164073, 5.728543348473736, 7.457200519506307, 4.845336184275453, 7.227977451053512, 4.287741964859125], "pb": [-0.6996087536683988, -1.2902088490875747, 0.21330709524406677, 0.7479612668830957, -0.6313300816798715, 1.7286809044631424, -1.1376538728157257, -1.4829447209788809, -0.12252856522444588, -3.085554422709938, -1.0391719150838226, -4.302513646243536], "x": ["2019-01", "2019-02", "2019-03", "2019-04", "2019-05", "2019-06", "2019-07", "2019-08", "2019-09", "2019-10", "2019-11", "2019-12", "2020-01", "2020-02", "2020-03", "2020-04", "2020-05", "2020-06", "2020-07", "2020-08", "2020-09", "2020-10", "2020-11", "2020-12"], "y": [-0.5989643335342407, -0.08717139810323715, 0.11555086076259613, 0.6297520995140076, 0.7902914881706238, 0.3689689636230469, 0.5484803915023804, 0.47933417558670044, 1.3986586332321167, -0.21061083674430847, 1.0910074710845947, -0.7289058566093445, -0.01583085022866726, -0.2416713982820511, 0.624161422252655, 0.9032806754112244, 0.2751742899417877, 1.6002066135406494, -0.509560227394104, -0.8071022033691406, -0.6347727179527283, -0.675001323223114, 0.6135892868041992, 0.21550320088863373]}, "spi_03": {"px": [], "py": [], "pt": [], "pb": [], "x": ["2019-01", "2019-02", "2019-03", "2019-04", "2019-05", "2019-06", "2019-07", "2019-08", "2019-09", "2019-10", "2019-11", "2019-12", "2020-01", "2020-02", "2020-03", "2020-04", "2020-05", "2020-06", "2020-07"], "y": [0.2768099904060364, -0.23326453566551208, -0.5751519203186035, 0.22753413021564484, 0.5428205728530884, 0.773919403553009, 0.7551717162132263, 0.4627619683742523, 0.8155960440635681, 0.24900992214679718, 0.7834174036979675, 0.1135028675198555, -0.017983844503760338, -0.5360040664672852, 0.10875464975833893, 0.6842331290245056, 0.826938271522522, 1.0700585842132568, 0.6387461423873901]}, "spi_06": {"px": [], "py": [], "pt": [], "pb": [], "x": ["2019-01", "2019-02", "2019-03", "2019-04", "2019-05", "2019-06", "2019-07", "2019-08", "2019-09", "2019-10", "2019-11", "2019-12", "2020-01", "2020-02", "2020-03", "2020-04", "2020-05", "2020-06", "2020-07"], "y": [0.15834350883960724, 0.030709991231560707, -0.0907459706068039, 0.217367485165596, 0.1842581033706665, -0.015356534160673618, 0.4100719094276428, 0.5322895646095276, 0.8275772929191589, 0.7147701382637024, 0.7999265193939209, 0.3077601492404938, -0.017660757526755333, -0.2757985591888428, 0.014527391642332077, 0.4018370807170868, 0.27014079689979553, 0.6500037312507629, 0.7619049549102783]}, "spi_12": {"px": ["2021-01", "2021-02", "2021-03", "2021-04", "2021-05", "2021-06", "2021-07", "2021-08", "2021-09", "2021-10", "2021-11", "2021-12"], "py": [0.6996804844294888, 0.5982978313685214, 0.9306231503001063, 1.1004039680437057, 0.8705825540224561, 1.114381859547077, 1.163493466096019, 1.1709374444900407, 1.1322275091034912, 1.059600729415918, 0.9177950392489524, 0.5021763698463326], "pt": [1.1197183646449758, 1.0901078660481356, 1.4849898156103567, 1.7109510088217692, 1.53255912339519, 1.8240707123509923, 1.917882992262562, 1.9675231878883421, 1.9688840312086313, 1.9344946803475223, 1.8293238181541254, 1.448923434361454], "pb": [0.2796426042140021, 0.10648779668890729, 0.3762564849898562, 0.4898569272656421, 0.20860598464972213, 0.40469300674316133, 0.409103939929476, 0.3743517010917392, 0.29557098699835116, 0.18470677848431372, 0.006266260343779528, -0.4445706946687886], "x": ["2019-01", "2019-02", "2019-03", "2019-04", "2019-05", "2019-06", "2019-07", "2019-08", "2019-09", "2019-10", "2019-11", "2019-12", "2020-01", "2020-02", "2020-03", "2020-04", "2020-05", "2020-06", "2020-07", "2020-08", "2020-09", "2020-10", "2020-11", "2020-12"], "y": [-0.017891401425004005, -0.299122154712677, -0.06033795699477196, -0.23056156933307648, 0.07160221040248871, 0.18328985571861267, 0.3156500458717346, 0.3496031165122986, 0.362483948469162, 0.3642072081565857, 0.30372634530067444, 0.021417822688817978, 0.2975184917449951, 0.21962881088256836, 0.4824288487434387, 0.6096909642219543, 0.4174829125404358, 0.6191695332527161, 0.5220525860786438, 0.4887793958187103, 0.413909912109375, 0.39692261815071106, 0.31013908982276917, 0.46472957730293274],