{"IIS3": {"px": [], "py": [], "pt": [], "pb": [], "x": ["2019-01", "2019-02", "2019-03", "2019-04", "2019-05", "2019-06", "2019-07", "2019-08", "2019-09", "2019-10", "2019-11", "2019-12", "2020-01", "2020-02", "2020-03", "2020-04", "2020-05", "2020-06", "2020-07", "2020-08", "2020-09", "2020-10", "2020-11", "2020-12"], "y": [NaN, NaN, NaN, NaN, NaN, NaN, NaN, NaN, NaN, NaN, NaN, NaN, NaN, NaN, NaN, NaN, NaN, NaN, NaN, NaN, NaN, NaN, NaN, NaN]}, "VHI": {"px": ["2021-01", "2021-02", "2021-03", "2021-04", "2021-05", "2021-06", "2021-07", "2021-08", "2021-09", "2021-10", "2021-11", "2021-12"], "py": [65.09364178142009, 65.12223604109055, 64.55127492669325, 63.172377451151476, 56.698253760481734, 55.407278909787536, 57.228317785542615, 61.39391706821162, 54.69030627438896, 54.74461800394441, 44.80187562971987, 60.37558823903356], "pt": [76.07931215813375, 77.39726999398812, 77.99255326856878, 77.68649018265376, 72.21118299069937, 71.85849400839727, 74.567117719209, 79.57702703484532, 73.68022446741122, 74.50843590172575, 65.3104105070739, 81.60272906710154], "pb": [54.10797140470643, 52.84720208819297, 51.10999658481772, 48.658264719649196, 41.1853245302641, 38.9560638111778, 39.889517851876235, 43.21080710157793, 35.7003880813667, 34.98080010616307, 24.29334075236585, 39.14844741096559], "x": ["2019-01", "2019-02", "2019-03", "2019-04", "2019-05", "2019-06", "2019-07", "2019-08", "2019-09", "2019-10", "2019-11", "2019-12", "2020-01", "2020-02", "2020-03", "2020-04", "2020-05", "2020-06", "2020-07", "2020-08", "2020-09", "2020-10", "2020-11", "2020-12"], "y": [45.28125, 49.90090560913086, 39.79965591430664, 40.05345153808594, 42.194091796875, 38.96977233886719, 38.96977233886719, 42.51945495605469, 37.69645309448242, 38.63886260986328, 31.016704559326172, 44.13272476196289, 54.238746643066406, 55.86863708496094, 56.707454681396484, 55.7863655090332, 49.92919921875, 49.10554504394531, 59.525146484375, 67.85409545898438, 53.27645492553711, 41.70553970336914, 41.56943130493164, 53.655757904052734]}, "spi_01": {"px": [], "py": [], "pt": [], "pb": [], "x": ["2019-01", "2019-02", "2019-03", "2019-04", "2019-05", "2019-06", "2019-07", "2019-08", "2019-09", "2019-10", "2019-11", "2019-12", "2020-01", "2020-02", "2020-03", "2020-04", "2020-05", "2020-06", "2020-07", "2020-08", "2020-09", "2020-10", "2020-11", "2020-12"], "y": [NaN, NaN, NaN, NaN, NaN, NaN, NaN, NaN, NaN, NaN, NaN, NaN, NaN, NaN, NaN, NaN, NaN, NaN, NaN, NaN, NaN, NaN, NaN, NaN]}, "spi_03": {"px": [], "py": [], "pt": [], "pb": [], "x": ["2019-01", "2019-02", "2019-03", "2019-04", "2019-05", "2019-06", "2019-07", "2019-08", "2019-09", "2019-10", "2019-11", "2019-12", "2020-01", "2020-02", "2020-03", "2020-04", "2020-05", "2020-06", "2020-07"], "y": [NaN, NaN, NaN, NaN, NaN, NaN, NaN, NaN, NaN, NaN, NaN, NaN, NaN, NaN, NaN, NaN, NaN, NaN, NaN]}, "spi_06": {"px": [], "py": [], "pt": [], "pb": [], "x": ["2019-01", "2019-02", "2019-03", "2019-04", "2019-05", "2019-06", "2019-07", "2019-08", "2019-09", "2019-10", "2019-11", "2019-12", "2020-01", "2020-02", "2020-03", "2020-04", "2020-05", "2020-06", "2020-07"], "y": [NaN, NaN, NaN, NaN, NaN, NaN, NaN, NaN, NaN, NaN, NaN, NaN, NaN, NaN, NaN, NaN, NaN, NaN, NaN]}, "spi_12": {"px": [], "py": [], "pt": [], "pb": [], "x": ["2019-01", "2019-02", "2019-03", "2019-04", "2019-05", "2019-06", "2019-07", "2019-08", "2019-09", "2019-10", "2019-11", "2019-12", "2020-01", "2020-02", "2020-03", "2020-04", "2020-05", "2020-06", "2020-07", "2020-08", "2020-09", "2020-10", "2020-11", "2020-12"], "y": [NaN, NaN, NaN, NaN, NaN, NaN, NaN, NaN, NaN, NaN, NaN, NaN, NaN, NaN, NaN, NaN, NaN, NaN, NaN, NaN, NaN, NaN, NaN, NaN], "geox": [-42.77803681307208, -42.777569800673355, -42.774616767140856, -42.77253774794687, -42.76848671675985, -42.766042696229405, -42.76523668797358, -42.7654826799146, -42.764839672281035, -42.757340603315114, -42.75428957900008, -42.75012455757784, -42.744900519729455, -42.73798146013992, -42.7340174197657, -42.731233387656616, -42.72956235651748, -42.72976035029524, -42.73306437377291, -42.73389637689391, -42.73381337026667, -42.7291713243859, -42.724479268182414, -42.72342424926777, -42.72248023935428, -42.71100414250995, -42.704621081975965, -42.70245606542283, -42.69748203503047, -42.696432059395356, -42.69456104938986, -42.689178005218686, -42.685894971818875, -42.683791957295654, -42.68077593247622, -42.67806590377242, -42.67698089547153, -42.6755298797283, -42.67106283840022, -42.665988807291555, -42.6637047964058, -42.66317679959273, -42.661286788269564, -42.65848176194447, -42.65433971571304, -42.64909467458365, -42.64647365267919, -42.6247274650098, -42.619313416090726, -42.61531038286409, -42.61037535269104, -42.604651312974646, -42.60158828700458, -42.597338247573596, -42.58965218661834, -42.584651144037075, -42.58092410996377, -42.579874104770504, -42.581729130795864, -42.58120812819576, -42.57233906060734, -42.566010004697524, -42.55900093434904, -42.55153686656014, -42.54106878104388, -42.5368667527789, -42.5310347047874, -42.52717166590959, -42.525415644902374, -42.51758456104686, -42.514340530273095, -42.511985505669436, -42.51122849342715, -42.50983947814118, -42.50650644762485, -42.500006380333126, -42.491778304194504, -42.48814726791921, -42.48620224359038, -42.48598123714912, -42.486505234252114, -42.489419250990814, -42.48856322548625, -42.48742820688062, -42.485476182398294, -42.4812881337959, -42.47865210727978, -42.478284111722296, -42.48117414392403, -42.48225516124165, -42.47873213880962, -42.47856814540776, -42.474788126043585, -42.474785128393414, -42.4793901787076, -42.484343242584316, -42.48750527878783, -42.49556735460619, -42.49870338975006, -42.499757404940524, -42.49934342639973, -42.50061644032597, -42.50683349795414, -42.50795351059365, -42.507819516251935, -42.50628351433573, -42.50646052622071, -42.5074715398911, -42.51067457377497, -42.518973647193654, -42.52028066098515, -42.52245470168002, -42.52175570818098, -42.52309272971907, -42.53031480417749, -42.53695386828366, -42.53981389786924, -42.545506967292425, -42.55045101595471, -42.55315004449839, -42.55339604991779, -42.55062203852217, -42.54923304104284, -42.55114406863725, -42.552422082731454, -42.56372717487369, -42.56725521129984, -42.57561728645994, -42.580977338397915, -42.59431845650011, -42.600366512412, -42.61328363552039, -42.618725689361966, -42.6268397736559, -42.63144782795556, -42.63514587742319, -42.637678901589354, -42.639855913052514, -42.64476294913826, -42.64785595874609, -42.65028697135121, -42.65133997444668, -42.64956694681168, -42.651335957035414, -42.6591450266255, -42.663288055402674, -42.6680620966985, -42.67248413170013, -42.6736501385011, -42.67364613491557, -42.671346097964935, -42.67301010844296, -42.67634213627303, -42.67747914421513, -42.67968114989032, -42.68181616738058, -42.68448019345181, -42.68814523388207, -42.69087525696397, -42.694238288784256, -42.6969843153339, -42.70022833199868, -42.70123333972397, -42.704538368891264, -42.70709139384438, -42.71817048842539, -42.72065350783796, -42.72376353668555, -42.729817588511594, -42.731340615474615, -42.735364652705506, -42.73940969802734, -42.74196772069354, -42.74406473222768, -42.74522573324668, -42.74462572038917, -42.74637373019437, -42.75022776431219, -42.75511779871691, -42.75882081900004, -42.76506386248136, -42.76650987627736, -42.767061891713716, -42.76840190460577, -42.77397995202695, -42.77542396627987, -42.77664798812864, -42.78042502274684, -42.78176704149336, -42.7856490768114, -42.79370916098982, -42.79531117913472, -42.79712320500366, -42.80376827714384, -42.80534129725043, -42.808764330602415, -42.81140336693792, -42.81413239670266, -42.815345415038394, -42.819377446895125, -42.82023645612239, -42.82048647229559, -42.82293049949644, -42.82511852021244, -42.82631753094556, -42.82803654059232, -42.830627544369094, -42.83623559094625, -42.83720759572659, -42.83689957399571, -42.83839858126779, -42.84125560605113, -42.84426063728048, -42.846707654269046, 