{"IIS3": {"px": [], "py": [], "pt": [], "pb": [], "x": ["2019-01", "2019-02", "2019-03", "2019-04", "2019-05", "2019-06", "2019-07", "2019-08", "2019-09", "2019-10", "2019-11", "2019-12", "2020-01", "2020-02", "2020-03", "2020-04", "2020-05", "2020-06", "2020-07", "2020-08", "2020-09", "2020-10", "2020-11", "2020-12"], "y": [NaN, NaN, NaN, NaN, NaN, NaN, NaN, NaN, NaN, NaN, NaN, NaN, NaN, NaN, NaN, NaN, NaN, NaN, NaN, NaN, NaN, NaN, NaN, NaN]}, "VHI": {"px": ["2021-01", "2021-02", "2021-03", "2021-04", "2021-05", "2021-06", "2021-07", "2021-08", "2021-09", "2021-10", "2021-11", "2021-12"], "py": [36.56131451832508, 38.69177572207798, 41.430561386722076, 50.21466763546569, 50.1218165047914, 56.09059388237513, 42.089422068533835, 53.76133353510714, 51.50347285224473, 48.39174570316301, 37.17635823810991, 33.304497883674046], "pt": [50.05630772448609, 52.18676892823899, 54.92555459288309, 63.7096608416267, 63.61680971095241, 69.58558708853616, 55.58441527469486, 67.25632674126817, 64.99846605840575, 61.88673890932404, 50.67135144427094, 46.79949108983507], "pb": [23.066321312164064, 25.196782515916965, 27.935568180561063, 36.719674429304675, 36.626823298630384, 42.595600676214104, 28.59442886237281, 40.266340328946114, 38.0084796460837, 34.896752497001984, 23.681365031948886, 19.80950467751302], "x": ["2019-01", "2019-02", "2019-03", "2019-04", "2019-05", "2019-06", "2019-07", "2019-08", "2019-09", "2019-10", "2019-11", "2019-12", "2020-01", "2020-02", "2020-03", "2020-04", "2020-05", "2020-06", "2020-07", "2020-08", "2020-09", "2020-10", "2020-11", "2020-12"], "y": [47.965328216552734, 51.68846893310547, 47.994606018066406, 48.690406799316406, 55.59428024291992, 46.78398132324219, 46.78398132324219, 58.45100021362305, 55.58024597167969, 52.41902160644531, 40.75092315673828, 37.07422637939453, 39.91643524169922, 41.97915267944336, 44.065067291259766, 51.993385314941406, 51.5492057800293, 58.565216064453125, 49.886863708496094, 48.314491271972656, 43.715782165527344, 35.78276443481445, 46.875953674316406, 48.10882568359375]}, "spi_01": {"px": ["2021-01", "2021-02", "2021-03", "2021-04", "2021-05", "2021-06", "2021-07", "2021-08", "2021-09", "2021-10", "2021-11", "2021-12"], "py": [0.77886910073323, 1.1086701702982564, 1.0391766510517142, 0.13746962932756768, 0.185553451891876, 0.9692012396799745, -0.4520412904444233, 0.6356438227040737, 2.0641304079889315, 1.3717219384140367, 1.522198814437893, 0.821815580861331], "pt": [1.6791785414488816, 2.030978689903068, 1.9829716084601072, 1.102272634051019, 1.170916711922049, 1.974704432370669, 0.5732062829762947, 1.6802626541918855, 3.127767761316113, 2.454043672320707, 2.6228878041078323, 1.940570320862249], "pb": [-0.12144033998242154, 0.18636165069344468, 0.09538169364332139, -0.8273333753958836, -0.7998098081382969, -0.036301953010720256, -1.4772888638651411, -0.4089750087837378, 1.0004930546617503, 0.28940020450736625, 0.42150982476795384, -0.2969391591395869], "x": ["2019-01", "2019-02", "2019-03", "2019-04", "2019-05", "2019-06", "2019-07", "2019-08", "2019-09", "2019-10", "2019-11", "2019-12", "2020-01", "2020-02", "2020-03", "2020-04", "2020-05", "2020-06", "2020-07", "2020-08", "2020-09", "2020-10", "2020-11", "2020-12"], "y": [0.09648439288139343, 0.20967213809490204, 0.20448820292949677, -0.37942275404930115, -0.2575139105319977, -0.2053481638431549, -0.6837711334228516, 0.27228373289108276, 1.567183256149292, 1.0033831596374512, 1.1645373106002808, 0.5893659591674805, 0.7497888207435608, 1.009314775466919, 0.8987584710121155, 0.05667533725500107, 0.15320292115211487, 0.9450160264968872, -0.8746330738067627, -0.5495018362998962, 1.8199137449264526, 1.5921261310577393, 2.446732997894287, 0.11358378827571869]}, "spi_03": {"px": [], "py": [], "pt": [], "pb": [], "x": ["2019-01", "2019-02", "2019-03", "2019-04", "2019-05", "2019-06", "2019-07", "2019-08", "2019-09", "2019-10", "2019-11", "2019-12", "2020-01", "2020-02", "2020-03", "2020-04", "2020-05", "2020-06", "2020-07"], "y": [1.2056548595428467, 0.9535054564476013, 0.19808727502822876, 0.022408096119761467, -0.27732282876968384, -0.5678024291992188, -0.5999951362609863, -0.5308578014373779, 0.1963021457195282, 1.0753588676452637, 1.3980040550231934, 1.0830267667770386, 1.0122244358062744, 1.1521830558776855, 1.2979052066802979, 1.024599313735962, 0.5765365362167358, 0.4622884690761566, 0.2064248025417328]}, "spi_06": {"px": [], "py": [], "pt": [], "pb": [], "x": ["2019-01", "2019-02", "2019-03", "2019-04", "2019-05", "2019-06", "2019-07", "2019-08", "2019-09", "2019-10", "2019-11", "2019-12", "2020-01", "2020-02", "2020-03", "2020-04", "2020-05", "2020-06", "2020-07"], "y": [1.3313262462615967, 1.3371970653533936, 1.0016998052597046, 0.7775493860244751, 0.3822862505912781, -0.1893501877784729, -0.3302677273750305, -0.45859694480895996, -0.41817212104797363, -0.007254578173160553, 0.8818947076797485, 1.0156570672988892, 1.1285204887390137, 1.4831888675689697, 1.4033501148223877, 1.2766965627670288, 1.0617090463638306, 1.131887435913086, 0.8146239519119263]}, "spi_12": {"px": ["2021-01", "2021-02", "2021-03", "2021-04", "2021-05", "2021-06", "2021-07", "2021-08", "2021-09", "2021-10", "2021-11", "2021-12"], "py": [2.4864810561770914, 2.9520580764120767, 3.2427053004566737, 3.276326035961164, 3.46532800490193, 3.3984094141638614, 3.582066998110302, 3.3264310433235496, 3.2972166248109662, 3.278308416337505, 3.2113950160002336, 2.3887479768894244], "pt": [3.189297843892538, 3.812829330556732, 4.236638329804661, 4.387576944485414, 4.6826423835909665, 4.713259219818553, 4.987700565686605, 4.817330584259956, 4.868762728503598, 4.926559874974384, 4.932937517876299, 4.180586223113901], "pb": [1.7836642684616448, 2.0912868222674215, 2.2487722711086864, 2.1650751274369138, 2.2480136262128934, 2.0835596085091703, 2.1764334305339994, 1.835531502387143, 1.7256705211183343, 1.6300569577006265, 1.4898525141241685, 0.5969097306649487], "x": ["2019-01", "2019-02", "2019-03", "2019-04", "2019-05", "2019-06", "2019-07", "2019-08", "2019-09", "2019-10", "2019-11", "2019-12", "2020-01", "2020-02", "2020-03", "2020-04", "2020-05", "2020-06", "2020-07", "2020-08", "2020-09", "2020-10", "2020-11", "2020-12"], "y": [0.0610804446041584, 0.08677640557289124, 0.5129761695861816, 0.5009458065032959, 0.43552935123443604, 0.6176772117614746, 0.5959420204162598, 0.5410259366035461, 0.5647091269493103, 0.5841164588928223, 0.5965681076049805, 0.3114943206310272, 0.5394842028617859, 0.7873889207839966, 0.9647883176803589, 1.0271024703979492, 1.1918212175369263, 1.2706055641174316, 1.2357258796691895, 1.233935832977295, 1.2891886234283447, 1.3557639122009277, 1.9040303230285645, 2.015733003616333],