{"IIS3": {"px": [], "py": [], "pt": [], "pb": [], "x": ["2019-01", "2019-02", "2019-03", "2019-04", "2019-05", "2019-06", "2019-07", "2019-08", "2019-09", "2019-10", "2019-11", "2019-12", "2020-01", "2020-02", "2020-03", "2020-04", "2020-05", "2020-06", "2020-07", "2020-08", "2020-09", "2020-10", "2020-11", "2020-12"], "y": [NaN, NaN, NaN, NaN, NaN, NaN, NaN, NaN, NaN, NaN, NaN, NaN, NaN, NaN, NaN, NaN, NaN, NaN, NaN, NaN, NaN, NaN, NaN, NaN]}, "VHI": {"px": ["2021-01", "2021-02", "2021-03", "2021-04", "2021-05", "2021-06", "2021-07", "2021-08", "2021-09", "2021-10", "2021-11", "2021-12"], "py": [51.36337580457747, 40.42324305225881, 36.83203700894957, 40.296345834578034, 44.23367143072035, 54.28603830854793, 49.561779646239614, 50.93055577421815, 52.9592634990516, 59.4654239627243, 63.52115686830504, 65.07883502244628], "pt": [59.206125161459155, 48.916500630253566, 45.92940646926405, 49.96013587310638, 54.43247257203382, 64.99315050238218, 60.75414125327552, 62.587985386012875, 65.06390607804772, 72.00133552816473, 76.47398611862099, 78.43557460960368], "pb": [43.52062644769579, 31.929985474264058, 27.734667548635088, 30.632555796049687, 34.03487028940688, 43.57892611471368, 38.36941803920371, 39.273126162423424, 40.85462092005548, 46.92951239728387, 50.5683276179891, 51.72209543528889], "x": ["2019-01", "2019-02", "2019-03", "2019-04", "2019-05", "2019-06", "2019-07", "2019-08", "2019-09", "2019-10", "2019-11", "2019-12", "2020-01", "2020-02", "2020-03", "2020-04", "2020-05", "2020-06", "2020-07", "2020-08", "2020-09", "2020-10", "2020-11", "2020-12"], "y": [61.05823516845703, 46.11249923706055, 43.79362869262695, 38.17118835449219, 41.57720184326172, 52.449554443359375, 52.449554443359375, 53.49235153198242, 55.28799819946289, 61.981170654296875, 66.62749481201172, 68.74169158935547, 53.75320053100586, 42.498958587646484, 38.55457305908203, 41.81437683105469, 45.991764068603516, 56.37799835205078, 52.81764602661133, 50.35043716430664, 48.98576354980469, 58.53717803955078, 72.24910736083984, 63.84725570678711]}, "spi_01": {"px": ["2021-01", "2021-02", "2021-03", "2021-04", "2021-05", "2021-06", "2021-07", "2021-08", "2021-09", "2021-10", "2021-11", "2021-12"], "py": [0.06019239877453142, 1.0669460713873242, 1.972034909153475, 1.1680519535365885, 0.4611355186006958, 0.7062513032889388, -0.09937320140058814, 0.847504469418384, 0.6572771052829016, 1.305408254640196, 1.3361320851853762, 0.9082221014355567], "pt": [1.6580530525865322, 2.664806725199325, 3.569895562965476, 2.7659126073485893, 2.058996172412697, 2.3041119571009405, 1.498487452411414, 2.4453651232303866, 2.2551377590949038, 2.9032689084521985, 2.933992738997379, 2.5060827552475597], "pb": [-1.5376682550374692, -0.5309145824246766, 0.3741742553414742, -0.42980870027541274, -1.1367251352113055, -0.8916093505230629, -1.6972338552125898, -0.7503561843936182, -0.9405835485291005, -0.29245239917180665, -0.2617285686266264, -0.6896385523764463], "x": ["2019-01", "2019-02", "2019-03", "2019-04", "2019-05", "2019-06", "2019-07", "2019-08", "2019-09", "2019-10", "2019-11", "2019-12", "2020-01", "2020-02", "2020-03", "2020-04", "2020-05", "2020-06", "2020-07", "2020-08", "2020-09", "2020-10", "2020-11", "2020-12"], "y": [0.03033412992954254, -0.07215045392513275, 1.3437930345535278, -0.07613588869571686, 0.39661651849746704, 0.17129255831241608, -0.07453623414039612, 0.9569512605667114, 0.8514128923416138, 1.6367552280426025, 1.7441049814224243, 1.3117895126342773, 0.42841601371765137, 1.3913341760635376, 2.1690001487731934, 1.31782865524292, 0.6344968676567078, 0.8711287975311279, -0.5904382467269897, -1.9747271537780762, 0.3808753490447998, 1.9016156196594238, 2.840449333190918, -0.1647217869758606]}, "spi_03": {"px": [], "py": [], "pt": [], "pb": [], "x": ["2019-01", "2019-02", "2019-03", "2019-04", "2019-05", "2019-06", "2019-07", "2019-08", "2019-09", "2019-10", "2019-11", "2019-12", "2020-01", "2020-02", "2020-03", "2020-04", "2020-05", "2020-06", "2020-07"], "y": [1.6293867826461792, 0.9467994570732117, 0.7128211259841919, 0.7318406105041504, 1.1554876565933228, 0.2380339652299881, 0.21874932944774628, 0.2556089460849762, 0.5877939462661743, 1.5718411207199097, 1.924080729484558, 1.9628548622131348, 1.5061357021331787, 1.570355772972107, 2.0557034015655518, 2.348559856414795, 2.4069161415100098, 1.393183708190918, 0.5335841178894043]}, "spi_06": {"px": [], "py": [], "pt": [], "pb": [], "x": ["2019-01", "2019-02", "2019-03", "2019-04", "2019-05", "2019-06", "2019-07", "2019-08", "2019-09", "2019-10", "2019-11", "2019-12", "2020-01", "2020-02", "2020-03", "2020-04", "2020-05", "2020-06", "2020-07"], "y": [1.794835090637207, 1.4500465393066406, 1.5538358688354492, 1.3135217428207397, 1.0994882583618164, 0.615748941898346, 0.6289969682693481, 0.9764081835746765, 0.47460439801216125, 0.9732083678245544, 1.5518454313278198, 1.7296720743179321, 1.6829702854156494, 1.9199835062026978, 2.215658664703369, 2.1786091327667236, 2.084364414215088, 2.1238412857055664, 2.060051918029785]}, "spi_12": {"px": ["2021-01", "2021-02", "2021-03", "2021-04", "2021-05", "2021-06", "2021-07", "2021-08", "2021-09", "2021-10", "2021-11", "2021-12"], "py": [2.266420632171468, 2.803472722416423, 2.8148623984099226, 2.836994168517065, 2.9850992907319354, 2.8449512209521135, 2.754916901486438, 2.668228447177264, 2.5890205756705775, 2.599306067070378, 2.592504306558477, 2.571392878256833], "pt": [2.6915005613176053, 3.3073750841923397, 3.3868258887166114, 3.46973967682532, 3.6732791526319586, 3.5844214139722226, 3.5423436030946958, 3.500854086012703, 3.46451477809946, 3.5156655721376024, 3.5479829230473605, 3.5644507973169315], "pb": [1.8413407030253315, 2.299570360640506, 2.242898908103234, 2.20424866020881, 2.296919428831912, 2.1054810279320044, 1.9674901998781804, 1.8356028083418252, 1.7135263732416948, 1.6829465620031536, 1.6370256900695939, 1.5783349591967344], "x": ["2019-01", "2019-02", "2019-03", "2019-04", "2019-05", "2019-06", "2019-07", "2019-08", "2019-09", "2019-10", "2019-11", "2019-12", "2020-01", "2020-02", "2020-03", "2020-04", "2020-05", "2020-06", "2020-07", "2020-08", "2020-09", "2020-10", "2020-11", "2020-12"], "y": [1.249169945716858, 1.0308990478515625, 1.2946847677230835, 1.229418396949768, 1.2036436796188354, 1.340212106704712, 1.348751187324524, 1.3160429000854492, 1.3061960935592651, 1.3551008701324463, 1.4028185606002808, 1.4380148649215698, 1.496749758720398, 1.9718681573867798, 2.0111756324768066, 2.055013418197632, 2.2159931659698486, 2.1418426036834717, 2.0405499935150146, 1.9797418117523193, 1.9062947034835815, 1.92155122756958, 2.244896173477173, 2.2195286750793457],