{"IIS3": {"px": [], "py": [], "pt": [], "pb": [], "x": ["2019-01", "2019-02", "2019-03", "2019-04", "2019-05", "2019-06", "2019-07", "2019-08", "2019-09", "2019-10", "2019-11", "2019-12", "2020-01", "2020-02", "2020-03", "2020-04", "2020-05", "2020-06", "2020-07", "2020-08", "2020-09", "2020-10", "2020-11", "2020-12"], "y": [NaN, NaN, NaN, NaN, NaN, NaN, NaN, NaN, NaN, NaN, NaN, NaN, NaN, NaN, NaN, NaN, NaN, NaN, NaN, NaN, NaN, NaN, NaN, NaN]}, "VHI": {"px": ["2021-01", "2021-02", "2021-03", "2021-04", "2021-05", "2021-06", "2021-07", "2021-08", "2021-09", "2021-10", "2021-11", "2021-12"], "py": [49.041901145113414, 51.697886345374684, 53.50943187775347, 56.65395148286402, 52.88576363670313, 59.74626945218127, 59.23243204292784, 53.31432470824308, 33.38773666015513, 37.69263185662707, 40.63892059442625, 43.88958399285373], "pt": [65.41182432507554, 71.74686575531541, 76.65999916761903, 82.53707255249083, 81.23930215956347, 90.37159128281172, 91.97227821990394, 88.0401755711726, 69.99199745882157, 76.08350445779561, 80.73687926493116, 85.62486259506132], "pb": [32.671977965151285, 31.648906935433956, 30.358864587887908, 30.770830413237213, 24.5322251138428, 29.120947621550805, 26.49258586595174, 18.58847384531356, -3.2165241385113106, -0.6982407445414864, 0.5409619239213441, 2.154305390646144], "x": ["2019-01", "2019-02", "2019-03", "2019-04", "2019-05", "2019-06", "2019-07", "2019-08", "2019-09", "2019-10", "2019-11", "2019-12", "2020-01", "2020-02", "2020-03", "2020-04", "2020-05", "2020-06", "2020-07", "2020-08", "2020-09", "2020-10", "2020-11", "2020-12"], "y": [41.59706115722656, 48.62543869018555, 48.324554443359375, 47.740821838378906, 50.18706130981445, 55.969703674316406, 55.969703674316406, 50.81623840332031, 31.911998748779297, 36.75823211669922, 40.18916702270508, 43.7043342590332, 50.721038818359375, 54.454586029052734, 57.21633529663086, 60.06312561035156, 55.02558898925781, 61.375057220458984, 64.60294342041016, 68.52176666259766, 37.09835433959961, 24.83705711364746, 29.616910934448242, 42.49117660522461]}, "spi_01": {"px": [], "py": [], "pt": [], "pb": [], "x": ["2019-01", "2019-02", "2019-03", "2019-04", "2019-05", "2019-06", "2019-07", "2019-08", "2019-09", "2019-10", "2019-11", "2019-12", "2020-01", "2020-02", "2020-03", "2020-04", "2020-05", "2020-06", "2020-07", "2020-08", "2020-09", "2020-10", "2020-11", "2020-12"], "y": [NaN, NaN, NaN, NaN, NaN, NaN, NaN, NaN, NaN, NaN, NaN, NaN, NaN, NaN, NaN, NaN, NaN, NaN, NaN, NaN, NaN, NaN, NaN, NaN]}, "spi_03": {"px": [], "py": [], "pt": [], "pb": [], "x": ["2019-01", "2019-02", "2019-03", "2019-04", "2019-05", "2019-06", "2019-07", "2019-08", "2019-09", "2019-10", "2019-11", "2019-12", "2020-01", "2020-02", "2020-03", "2020-04", "2020-05", "2020-06", "2020-07"], "y": [NaN, NaN, NaN, NaN, NaN, NaN, NaN, NaN, NaN, NaN, NaN, NaN, NaN, NaN, NaN, NaN, NaN, NaN, NaN]}, "spi_06": {"px": [], "py": [], "pt": [], "pb": [], "x": ["2019-01", "2019-02", "2019-03", "2019-04", "2019-05", "2019-06", "2019-07", "2019-08", "2019-09", "2019-10", "2019-11", "2019-12", "2020-01", "2020-02", "2020-03", "2020-04", "2020-05", "2020-06", "2020-07"], "y": [NaN, NaN, NaN, NaN, NaN, NaN, NaN, NaN, NaN, NaN, NaN, NaN, NaN, NaN, NaN, NaN, NaN, NaN, NaN]}, "spi_12": {"px": [], "py": [], "pt": [], "pb": [], "x": ["2019-01", "2019-02", "2019-03", "2019-04", "2019-05", "2019-06", "2019-07", "2019-08", "2019-09", "2019-10", "2019-11", "2019-12", "2020-01", "2020-02", "2020-03", "2020-04", "2020-05", "2020-06", "2020-07", "2020-08", "2020-09", "2020-10", "2020-11", "2020-12"], "y": [NaN, NaN, NaN, NaN, NaN, NaN, NaN, NaN, NaN, NaN, NaN, NaN, NaN, NaN, NaN, NaN, NaN, NaN, NaN, NaN, NaN, NaN, NaN, NaN], "geox": [-44.81611947859347, -44.80656539587118, -44.804758374179826, -44.79992532841619, -44.79726029888892, -44.790803236285434, -44.789114217080616, -44.78773318940729, -44.781205120911885, -44.7802281119692, -44.779789113415546, -44.77856710466096, -44.7755930792362, -44.773148060686985, -44.765596015997765, -44.75878796718814, -44.758459988929296, -44.756836979555025, -44.74831691119241, -44.74513989522718, -44.74260287668258, -44.73995385394989, -44.73389379635115, -44.73271878234985, -44.731645753835075, -44.73083374445585, -44.72705971107559, -44.72131266483054, -44.715810613976664, -44.710309572683194, -44.708424556758445, -44.69147837728424, -44.68731333679268, -44.68614833082074, -44.68775535835133, -44.68253331526438, -44.68225732444994, -44.676775288957025, -44.674451286826105, -44.67108826199266, -44.668148234286356, -44.663668199031235, -44.660422166198266, -44.659725162760544, -44.66028617657978, -44.65953218380992, -44.654979160729404, -44.655172174555915, -44.653445163141754, -44.650869140714214, -44.648981127157406, -44.64589411496697, -44.646032127010244, -44.639845079724, -44.639618082720155, -44.64256011918491, -44.642701127801, -44.64000311311544, -44.63592408497876, -44.630176037811644, -44.62676001789354, -44.624842002632235, -44.62263997777909, -44.62064294925603, -44.62003295226389, -44.61242693160994, -44.61300894286165, -44.6135639504386, -44.61761798940741, -44.61853399572044, -44.62103201852973, -44.6216160213088, -44.623059033060755, -44.624917051626824, -44.628028077893426, -44.63133510927953, -44.63220112119582, -44.63428513967838, -44.636391164180026, -44.636899184948525, -44.63886820775787, -44.64072522460096, -44.64375525679828, -44.64498326750851, -44.64522926723524, -44.6463632768498, -44.64762029033015, -44.65233933191882, -44.65342733991931, -44.65620436880926, -44.65694738372503, -44.658002395883805, -44.660779423455, -44.666201468643024, -44.671481517933756, -44.67731155997169, -44.681400603825, -44.682171615090276, -44.68617065051447, -44.68845267610906, -44.69347072079207, -44.69503773764628, -44.69647675941867, -44.6979257887556, -44.69628978558952, -44.696311806153574, -44.69912183775904, -44.700452866131826, -44.70225588412409, -44.706225910087625, -44.70825392632071, -44.70985994343976, -44.71114396198232, -44.71387799133786, -44.71233998804739, -44.715590023738486, -44.7145090232965, -44.71481703137841, -44.71067501303636, -44.71086801761257, -44.713420046480906, -44.71266704471402, -44.71319505169616, -44.716168081749686, -44.717505098307896, -44.71740110563147, -44.7138970837384, -44.71359308411951, -44.7134210894577, -44.715107114552495, -44.71727614189736, -44.71826616877173, -44.72062118207702, -44.72255819612305, -44.72317718832206, -44.723926192771316, -44.72925824204643, -44.731337253040806, -44.7350332825076, -44.73950431524554, -44.74000231420675, -44.74167432415692, -44.742202307260165, -44.74692034135381, -44.748482347390876, -44.749088343936045, -44.750808356713776, -44.75479939529986, -44.75378337904537, -44.75411637580395, -44.7533123605129, -44.75984138533285, -44.75978236580118, -44.758928352274474, -44.75353229333287, -44.7533442808628, -44.75458628269737, -44.75411527617018, -44.7512832470913, -44.74956222614054, -44.749088214081056, -44.74491716887858, -44.74356414658146, -44.7445391448317, -44.74322812268778, -44.744094125441876, -44.74381011041847, -44.745974119053336, -44.74545209759204, -44.74356607494182, -44.743256066554665, -44.745399068247885, -44.74723307568148, -44.75051509523142, -44.752283102823355, -44.7518960941684, -44.75329210209881, -44.75403309862181, -44.752980085901825, -44.753866089184605, -44.752975082609495, -44.75250907640153, -44.75411808603886, -44.75414508109745, -44.75317107324098, -44.75184005779872, -44.75198005624299, -44.75331006349776, -44.75517907784916, -44.75612208124934, -44.757838099207994, -44.758756104968704, -44.75917111613267, -44.76158513992239, -44.76389417235291, -44.766200197333674, -44.7665022083002, -44.77304827039765, -44.776084301731196, -44.779394329200116, -44.78136835040775, -44.783290364221536, -44.78667339491076, -44.787781407027744, -44.789924423909355, -44.79028742250855, -44.788982407906225, -44.7885083989958, -44.79151340906813, -44.79204140393421, -44.79375541430497, -44.796389438905955, 