{"IIS3": {"px": [], "py": [], "pt": [], "pb": [], "x": ["2019-01", "2019-02", "2019-03", "2019-04", "2019-05", "2019-06", "2019-07", "2019-08", "2019-09", "2019-10", "2019-11", "2019-12", "2020-01", "2020-02", "2020-03", "2020-04", "2020-05", "2020-06", "2020-07", "2020-08", "2020-09", "2020-10", "2020-11", "2020-12"], "y": [NaN, NaN, NaN, NaN, NaN, NaN, NaN, NaN, NaN, NaN, NaN, NaN, NaN, NaN, NaN, NaN, NaN, NaN, NaN, NaN, NaN, NaN, NaN, NaN]}, "VHI": {"px": ["2021-01", "2021-02", "2021-03", "2021-04", "2021-05", "2021-06", "2021-07", "2021-08", "2021-09", "2021-10", "2021-11", "2021-12"], "py": [60.33765576159409, 77.315923363905, 99.8196242230373, 93.66615263106162, 101.38334265546786, 95.91331650950804, 84.84032157987468, 68.51802367185445, 60.15265023691066, 68.52929518267293, 78.94414552082756, 54.18002459026336], "pt": [83.92586456931997, 102.28207421044468, 126.09154424094748, 121.18194581902489, 130.0891603253769, 125.76175133335363, 115.78921743689443, 100.5295723395455, 93.19269172355604, 102.56676622231606, 113.95063817733114, 90.1294282215496], "pb": [36.749446953868215, 52.34977251736534, 73.54770420512712, 66.15035944309835, 72.67752498555882, 66.06488168566244, 53.89142572285492, 36.50647500416342, 27.112608750265288, 34.4918241430298, 43.93765286432398, 18.230620958977113], "x": ["2019-01", "2019-02", "2019-03", "2019-04", "2019-05", "2019-06", "2019-07", "2019-08", "2019-09", "2019-10", "2019-11", "2019-12", "2020-01", "2020-02", "2020-03", "2020-04", "2020-05", "2020-06", "2020-07", "2020-08", "2020-09", "2020-10", "2020-11", "2020-12"], "y": [42.70062255859375, 28.149295806884766, 51.19859313964844, 58.037750244140625, 59.86351776123047, 44.640625, 44.640625, 34.37681198120117, 29.998435974121094, 36.06398391723633, 43.29540252685547, 27.515159606933594, 37.61572265625, 51.46161651611328, 69.91096496582031, 65.21209716796875, 71.44070434570312, 69.37106323242188, 60.56242370605469, 59.849761962890625, 45.8468132019043, 33.638999938964844, 64.82304382324219, 63.500831604003906]}, "spi_01": {"px": [], "py": [], "pt": [], "pb": [], "x": ["2019-01", "2019-02", "2019-03", "2019-04", "2019-05", "2019-06", "2019-07", "2019-08", "2019-09", "2019-10", "2019-11", "2019-12", "2020-01", "2020-02", "2020-03", "2020-04", "2020-05", "2020-06", "2020-07", "2020-08", "2020-09", "2020-10", "2020-11", "2020-12"], "y": [NaN, NaN, NaN, NaN, NaN, NaN, NaN, NaN, NaN, NaN, NaN, NaN, NaN, NaN, NaN, NaN, NaN, NaN, NaN, NaN, NaN, NaN, NaN, NaN]}, "spi_03": {"px": [], "py": [], "pt": [], "pb": [], "x": ["2019-01", "2019-02", "2019-03", "2019-04", "2019-05", "2019-06", "2019-07", "2019-08", "2019-09", "2019-10", "2019-11", "2019-12", "2020-01", "2020-02", "2020-03", "2020-04", "2020-05", "2020-06", "2020-07"], "y": [NaN, NaN, NaN, NaN, NaN, NaN, NaN, NaN, NaN, NaN, NaN, NaN, NaN, NaN, NaN, NaN, NaN, NaN, NaN]}, "spi_06": {"px": [], "py": [], "pt": [], "pb": [], "x": ["2019-01", "2019-02", "2019-03", "2019-04", "2019-05", "2019-06", "2019-07", "2019-08", "2019-09", "2019-10", "2019-11", "2019-12", "2020-01", "2020-02", "2020-03", "2020-04", "2020-05", "2020-06", "2020-07"], "y": [NaN, NaN, NaN, NaN, NaN, NaN, NaN, NaN, NaN, NaN, NaN, NaN, NaN, NaN, NaN, NaN, NaN, NaN, NaN]}, "spi_12": {"px": [], "py": [], "pt": [], "pb": [], "x": ["2019-01", "2019-02", "2019-03", "2019-04", "2019-05", "2019-06", "2019-07", "2019-08", "2019-09", "2019-10", "2019-11", "2019-12", "2020-01", "2020-02", "2020-03", "2020-04", "2020-05", "2020-06", "2020-07", "2020-08", "2020-09", "2020-10", "2020-11", "2020-12"], "y": [NaN, NaN, NaN, NaN, NaN, NaN, NaN, NaN, NaN, NaN, NaN, NaN, NaN, NaN, NaN, NaN, NaN, NaN, NaN, NaN, NaN, NaN, NaN, NaN], "geox": [-41.71487448163466, -41.84347757277648, -41.88839986708796, -41.988232386031285, -41.97270726442194, -41.97051125081759, -41.96650222140855, -41.96012616656029, -41.95633313598613, -41.94737905119881, -41.92459185186112, -41.916562793619, -41.91036173984397, -41.901643665933, -41.895640617943, -41.8745324499666, -41.85920532946418, -41.84217719295619, -41.8142609644041, -41.79767482667395, -41.778850661269345, -41.763426524581426, -41.71487448163466], "geoy": [-14.475576835639204, -14.47110659793354, -14.419184195901687, -14.224206797614796, -14.230437862160796, -14.233448884819806, -14.236240909004202, -14.235906917138072, -14.236924929706142, -14.231868911976049, -14.22874992876569, -14.234763979901654, -14.234203986302994, -14.234423001698945, -14.236297023259004, -14.243363102106702, -14.24938516503646, -14.254537225169242, -14.26021230612238, -14.262463347084962, -14.25965435940785, -14.256681365208172, -14.475576835639204]}}