{"IIS3": {"px": [], "py": [], "pt": [], "pb": [], "x": ["2019-01", "2019-02", "2019-03", "2019-04", "2019-05", "2019-06", "2019-07", "2019-08", "2019-09", "2019-10", "2019-11", "2019-12", "2020-01", "2020-02", "2020-03", "2020-04", "2020-05", "2020-06", "2020-07", "2020-08", "2020-09", "2020-10", "2020-11", "2020-12"], "y": [NaN, NaN, NaN, NaN, NaN, NaN, NaN, NaN, NaN, NaN, NaN, NaN, NaN, NaN, NaN, NaN, NaN, NaN, NaN, NaN, NaN, NaN, NaN, NaN]}, "VHI": {"px": ["2021-01", "2021-02", "2021-03", "2021-04", "2021-05", "2021-06", "2021-07", "2021-08", "2021-09", "2021-10", "2021-11", "2021-12"], "py": [96.06663389149664, 108.76219837647899, 113.56943563432893, 102.28764220105512, 108.83885718650849, 97.19126491296042, 85.24686687101511, 57.2012524880834, 47.24698307319508, 50.54273021990798, 53.31058755537259, 66.54576542134077], "pt": [121.81463901457931, 136.50499563280806, 143.17291231179482, 133.64157119218402, 141.8505504930967, 131.7813635938796, 121.34642308079717, 94.74963448159545, 86.19032681918316, 90.83276687794137, 94.90373705974605, 109.40242321777478], "pb": [70.31862876841396, 81.01940112014994, 83.96595895686305, 70.93371320992622, 75.82716387992029, 62.60116623204124, 49.147310661233064, 19.65287049457134, 8.303639327207016, 10.252693561874587, 11.717438050999135, 23.68910762490676], "x": ["2019-01", "2019-02", "2019-03", "2019-04", "2019-05", "2019-06", "2019-07", "2019-08", "2019-09", "2019-10", "2019-11", "2019-12", "2020-01", "2020-02", "2020-03", "2020-04", "2020-05", "2020-06", "2020-07", "2020-08", "2020-09", "2020-10", "2020-11", "2020-12"], "y": [39.97132110595703, 40.43046188354492, 62.31300354003906, 58.81303024291992, 51.235286712646484, 35.66999816894531, 35.66999816894531, 21.73417091369629, 16.80702781677246, 18.371572494506836, 19.919044494628906, 27.786277770996094, 51.89125061035156, 60.950439453125, 66.18106079101562, 59.81871032714844, 65.13967895507812, 59.902198791503906, 46.810997009277344, 48.662391662597656, 44.940025329589844, 21.832862854003906, 52.053138732910156, 61.8799934387207]}, "spi_01": {"px": ["2021-01", "2021-02", "2021-03", "2021-04", "2021-05", "2021-06", "2021-07", "2021-08", "2021-09", "2021-10", "2021-11", "2021-12"], "py": [1.4646832993738368, 0.46084953349768387, 0.07034406608051169, 2.4061324893197567, 0.04753528458368761, 2.754744080104448, 2.3905166375190268, 0.2277301634005684, 0.811055020470898, 1.4815287971170301, -0.2684747881827887, -1.027473855137881], "pt": [4.0626119665430425, 3.0587782006668895, 2.6682727332497187, 5.004061156488964, 2.6454639517528946, 5.3526727472736555, 4.988445304688234, 2.8256588305697763, 3.4089836876401067, 4.079457464286239, 2.3294538789864205, 1.5704548120313282], "pb": [-1.1332453677953689, -2.1370791336715222, -2.5275846010886953, -0.19179617784945036, -2.55039338258552, 0.1568154129352406, -0.20741202965018113, -2.3701985037686395, -1.7868736466983108, -1.1163998700521787, -2.8664034553519975, -3.6254025223070903], "x": ["2019-01", "2019-02", "2019-03", "2019-04", "2019-05", "2019-06", "2019-07", "2019-08", "2019-09", "2019-10", "2019-11", "2019-12", "2020-01", "2020-02", "2020-03", "2020-04", "2020-05", "2020-06", "2020-07", "2020-08", "2020-09", "2020-10", "2020-11", "2020-12"], "y": [-0.6351308822631836, 0.8318009376525879, -0.6526801586151123, 0.7177133560180664, 1.0656057596206665, 0.4425853490829468, 0.8198032379150391, -0.6936615109443665, -0.3659513294696808, 0.06040789186954498, -1.134892463684082, -1.6319973468780518, 0.20476162433624268, -0.4615445137023926, -0.7501285076141357, 0.8674260377883911, -0.6448479890823364, 1.5792425870895386, 1.6519222259521484, -0.3136676549911499, -0.8068234324455261, 0.7493792772293091, 2.7441580295562744, -1.4977657794952393]}, "spi_03": {"px": [], "py": [], "pt": [], "pb": [], "x": ["2019-01", "2019-02", "2019-03", "2019-04", "2019-05", "2019-06", "2019-07", "2019-08", "2019-09", "2019-10", "2019-11", "2019-12", "2020-01", "2020-02", "2020-03", "2020-04", "2020-05", "2020-06", "2020-07"], "y": [-0.034293487668037415, 0.6522835493087769, -0.402982234954834, 0.5282822251319885, 0.28147387504577637, 0.8668605089187622, 1.040065050125122, 0.3750334680080414, -0.24643391370773315, -0.18853852152824402, -1.1974427700042725, -2.0368716716766357, -0.9972270727157593, -1.012712001800537, -0.8068636059761047, -0.35193511843681335, -0.0316770002245903, 0.646363377571106, 0.08412248641252518]}, "spi_06": {"px": [], "py": [], "pt": [], "pb": [], "x": ["2019-01", "2019-02", "2019-03", "2019-04", "2019-05", "2019-06", "2019-07", "2019-08", "2019-09", "2019-10", "2019-11", "2019-12", "2020-01", "2020-02", "2020-03", "2020-04", "2020-05", "2020-06", "2020-07"], "y": [0.25525832176208496, 0.6219247579574585, 0.33724355697631836, 0.26420581340789795, 0.578311562538147, 0.05123939737677574, 0.6682983636856079, 0.2835807204246521, 0.854407787322998, 0.5546205639839172, -1.135072112083435, -2.021303653717041, -1.0862152576446533, -1.3717551231384277, -1.6437692642211914, -1.0967401266098022, -0.8333224058151245, -0.3768461048603058, -0.3558732271194458]}, "spi_12": {"px": ["2021-01", "2021-02", "2021-03", "2021-04", "2021-05", "2021-06", "2021-07", "2021-08", "2021-09", "2021-10", "2021-11", "2021-12"], "py": [1.2573995263037268, 0.47923470072731433, 0.26784676495050386, 0.49153522937116856, 0.01139364280158306, 0.02446558697296064, 1.0432544042963943, 1.111189485429418, 1.1971225168392206, 0.9508753241144867, 1.0927000563829452, 0.04809777621694877], "pt": [2.5791957213204224, 2.098097807578439, 2.137148863672575, 2.5814785094268258, 2.3008117984500576, 2.4973198222597723, 3.6868467795575626, 3.9151426277094465, 4.152748643680217, 4.050762157408272, 4.330426258023724, 3.4180300506631722], "pb": [-0.06439666871296934, -1.1396284061238107, -1.601455333771567, -1.5984080506844887, -2.2780245128468914, -2.4483886483138515, -1.6003379709647736, -1.692763656850611, -1.7585036100017755, -2.1490115091792985, -2.1450261452578343, -3.3218344982292747], "x": ["2019-01", "2019-02", "2019-03", "2019-04", "2019-05", "2019-06", "2019-07", "2019-08", "2019-09", "2019-10", "2019-11", "2019-12", "2020-01", "2020-02", "2020-03", "2020-04", "2020-05", "2020-06", "2020-07", "2020-08", "2020-09", "2020-10", "2020-11", "2020-12"], "y": [0.5637497305870056, 0.555830717086792, 0.03279036283493042, 0.33379310369491577, 0.5677184462547302, 0.5759788751602173, 0.5844793319702148, 0.5839157104492188, 0.5828864574432373, 0.3135765790939331, 0.31612497568130493, -0.5714903473854065, -0.1881101280450821, -0.7374999523162842, -0.9455510377883911, -0.9232172966003418, -1.168691635131836, -1.1132872104644775, -1.0954949855804443, -1.0933324098587036, -1.093418836593628, -0.9497740864753723, 0.4568660259246826, 0.46044594049453735], "geox": [-42.095796164837466, -42.0563578590876, -42.02601262646967, -41.998101395470954, -41.915493714306265, -41.74752132653986, -41.747834329714415, -41.733909272261535, -41.739946324141336, -41.75654347647096, -41.89406466264873, -41.924063019255584, -41.98748658507072, -42.000824693157966, -42.047832069892586, -42.05301210977415, -42.137396748531074, -42.24241057756242, -42.095796164837466], "geoy": [-7.949940194110901, -7.974449405757446, -7.996291590091033, -7.997893627023249, -8.00595876017935, -8.022100029088843, -8.022710033198074, -8.086926508221458, -8.088441513593326, -8.103127604014675, -8.143519767316032, -8.256697549932548, -8.295470767321651, -8.29220073137408, -8.276440574495833, -8.273002545072705, -8.20579498612256, -8.159268555987323, -7.949940194110901]}}