{"IIS3": {"px": [], "py": [], "pt": [], "pb": [], "x": ["2019-01", "2019-02", "2019-03", "2019-04", "2019-05", "2019-06", "2019-07", "2019-08", "2019-09", "2019-10", "2019-11", "2019-12", "2020-01", "2020-02", "2020-03", "2020-04", "2020-05", "2020-06", "2020-07", "2020-08", "2020-09", "2020-10", "2020-11", "2020-12"], "y": [NaN, NaN, NaN, NaN, NaN, NaN, NaN, NaN, NaN, NaN, NaN, NaN, NaN, NaN, NaN, NaN, NaN, NaN, NaN, NaN, NaN, NaN, NaN, NaN]}, "VHI": {"px": ["2021-01", "2021-02", "2021-03", "2021-04", "2021-05", "2021-06", "2021-07", "2021-08", "2021-09", "2021-10", "2021-11", "2021-12"], "py": [77.14548594231813, 76.45800609914926, 78.44193209336784, 77.93053555262857, 68.82158816652468, 75.95503580385501, 76.49196628430181, 74.70507847666325, 75.15868581158195, 81.68271114978612, 74.30543753013438, 65.6254983248747], "pt": [95.65184320161222, 99.12357218424557, 104.6138734219569, 107.19165548772926, 100.87553904321987, 110.57725979011605, 113.50468059579305, 113.96299038819146, 116.54015841228272, 125.08396575782467, 119.63656953123302, 112.80763642236101], "pb": [58.63912868302404, 53.79244001405296, 52.26999076477878, 48.66941561752786, 36.76763728982948, 41.33281181759398, 39.47925197281057, 35.447166565135035, 33.77721321088117, 38.281456541747545, 28.974305529035746, 18.443360227388382], "x": ["2019-01", "2019-02", "2019-03", "2019-04", "2019-05", "2019-06", "2019-07", "2019-08", "2019-09", "2019-10", "2019-11", "2019-12", "2020-01", "2020-02", "2020-03", "2020-04", "2020-05", "2020-06", "2020-07", "2020-08", "2020-09", "2020-10", "2020-11", "2020-12"], "y": [49.270687103271484, 44.46439743041992, 57.310516357421875, 59.8050651550293, 54.95413589477539, 52.9844856262207, 52.9844856262207, 51.786865234375, 52.02827453613281, 56.42853546142578, 49.57830810546875, 42.10591125488281, 50.18727493286133, 48.844459533691406, 49.774757385253906, 48.57378387451172, 41.71870803833008, 48.52799987792969, 39.17914581298828, 46.03715133666992, 43.910274505615234, 45.243106842041016, 60.28620529174805, 65.7696533203125]}, "spi_01": {"px": ["2021-01", "2021-02", "2021-03", "2021-04", "2021-05", "2021-06", "2021-07", "2021-08", "2021-09", "2021-10", "2021-11", "2021-12"], "py": [3.682152470442352, 3.1555969147561225, 2.4582905705938645, 1.1827652742993617, 1.3823282075946137, 2.195233098290567, 4.669167251924909, -0.7657546200120207, 1.7301540717801638, 4.641254373016172, -0.47192871962729077, 2.6097096984548838], "pt": [7.883825959502259, 7.357270403816031, 6.659964059653772, 5.38443876335927, 5.584001696654521, 6.396906587350475, 8.870840740984818, 3.4359188690478897, 5.931827560840073, 8.842927862076083, 3.729744769432621, 6.811383187514796], "pb": [-0.5195210186175547, -1.0460765743037852, -1.7433829184660432, -3.018908214760547, -2.819345281465295, -2.0064403907693427, 0.4674937628649998, -4.967428109071931, -2.4715194172797466, 0.4395808839562605, -4.6736022086872016, -1.5919637906050284], "x": ["2019-01", "2019-02", "2019-03", "2019-04", "2019-05", "2019-06", "2019-07", "2019-08", "2019-09", "2019-10", "2019-11", "2019-12", "2020-01", "2020-02", "2020-03", "2020-04", "2020-05", "2020-06", "2020-07", "2020-08", "2020-09", "2020-10", "2020-11", "2020-12"], "y": [0.06725882738828659, -0.6674435138702393, -0.8920803666114807, -0.17412470281124115, -0.29462388157844543, -0.9153357744216919, 0.7056583166122437, -1.8347324132919312, -0.563011884689331, 0.8929791450500488, -1.676844596862793, -0.14921723306179047, 0.8915053009986877, 0.659328281879425, 0.3188607096672058, -0.5014113783836365, -0.31010064482688904, 0.26644453406333923, 0.1493995189666748, 0.9170729517936707, -0.9656774997711182, 0.4332025349140167, 1.807746171951294, -0.5558330416679382]}, "spi_03": {"px": [], "py": [], "pt": [], "pb": [], "x": ["2019-01", "2019-02", "2019-03", "2019-04", "2019-05", "2019-06", "2019-07", "2019-08", "2019-09", "2019-10", "2019-11", "2019-12", "2020-01", "2020-02", "2020-03", "2020-04", "2020-05", "2020-06", "2020-07"], "y": [1.1402201652526855, 0.006263847462832928, -0.8307418823242188, -0.7986212372779846, -0.6945521831512451, -0.38647860288619995, -0.3278782069683075, -0.5240092277526855, -0.5821751952171326, 0.20506399869918823, -0.7482340335845947, -0.6049941778182983, -0.08520817011594772, 0.6426953673362732, 0.765660285949707, 0.24047572910785675, -0.1623418629169464, -0.48371240496635437, -0.2716589570045471]}, "spi_06": {"px": [], "py": [], "pt": [], "pb": [], "x": ["2019-01", "2019-02", "2019-03", "2019-04", "2019-05", "2019-06", "2019-07", "2019-08", "2019-09", "2019-10", "2019-11", "2019-12", "2020-01", "2020-02", "2020-03", "2020-04", "2020-05", "2020-06", "2020-07"], "y": [1.3375165462493896, 0.6913792490959167, -0.07709574699401855, -0.01786237768828869, -0.4052128195762634, -0.7905334234237671, -0.8530552983283997, -0.7751476764678955, -0.5042814612388611, -0.21725235879421234, -0.8774770498275757, -0.7420151829719543, -0.07592770457267761, 0.3277529180049896, 0.4114595651626587, 0.10855071246623993, 0.2569880783557892, 0.3474508821964264, 0.11800271272659302]}, "spi_12": {"px": ["2021-01", "2021-02", "2021-03", "2021-04", "2021-05", "2021-06", "2021-07", "2021-08", "2021-09", "2021-10", "2021-11", "2021-12"], "py": [0.9656884778816472, 1.8280926345764357, 2.604153184749511, 2.3538062926358627, 2.2528572097659527, 2.1318462727364964, 2.2644088447501938, 2.3853647567101497, 1.9136630138385482, 2.330190385381875, 1.2197632856684875, 0.5335659836707385], "pt": [2.058932721312777, 3.167037911571784, 4.150234015036529, 4.08237720896352, 4.146411775065481, 4.1771189613429645, 4.450897319394497, 4.70448599734101, 4.358231443590119, 4.894075384115419, 3.8976538296832635, 3.320802831288213], "pb": [-0.12755576554948278, 0.48914735758108785, 1.0580723544624933, 0.625235376308205, 0.3593026444664247, 0.0865735841300288, 0.07792037010589059, 0.06624351607929002, -0.5309054159130229, -0.23369461335166974, -1.4581272583462885, -2.253670863946736], "x": ["2019-01", "2019-02", "2019-03", "2019-04", "2019-05", "2019-06", "2019-07", "2019-08", "2019-09", "2019-10", "2019-11", "2019-12", "2020-01", "2020-02", "2020-03", "2020-04", "2020-05", "2020-06", "2020-07", "2020-08", "2020-09", "2020-10", "2020-11", "2020-12"], "y": [0.6309577822685242, 0.48358362913131714, 0.13192398846149445, -0.10877709090709686, -0.08179055154323578, -0.05777547508478165, 0.002154163783416152, -0.03923597186803818, -0.27539873123168945, -0.10140089690685272, -0.5608171820640564, -0.8449822068214417, -0.6335057616233826, -0.2590619623661041, 0.09508383274078369, 0.004076220095157623, 0.010384670458734035, 0.05628722161054611, 0.025296052917838097, 0.08232377469539642, 0.07166264206171036, 0.02525201253592968, 0.527099072933197, 0.4740450084209442],