{"IIS3": {"px": [], "py": [], "pt": [], "pb": [], "x": ["2019-01", "2019-02", "2019-03", "2019-04", "2019-05", "2019-06", "2019-07", "2019-08", "2019-09", "2019-10", "2019-11", "2019-12", "2020-01", "2020-02", "2020-03", "2020-04", "2020-05", "2020-06", "2020-07", "2020-08", "2020-09", "2020-10", "2020-11", "2020-12"], "y": [NaN, NaN, NaN, NaN, NaN, NaN, NaN, NaN, NaN, NaN, NaN, NaN, NaN, NaN, NaN, NaN, NaN, NaN, NaN, NaN, NaN, NaN, NaN, NaN]}, "VHI": {"px": ["2021-01", "2021-02", "2021-03", "2021-04", "2021-05", "2021-06", "2021-07", "2021-08", "2021-09", "2021-10", "2021-11", "2021-12"], "py": [56.43901588586354, 65.88052672571712, 69.8634362614983, 71.32406178044674, 79.61036611243956, 83.19557698534001, 66.29850224828715, 55.32236566809833, 54.32325128446995, 57.76849056767773, 54.56783326823816, 49.96101434028357], "pt": [75.04982638936617, 86.22094277667351, 91.79749157862386, 94.74356306000956, 104.42655634607868, 109.33393108885781, 93.69528696419141, 83.92226200179726, 84.0776514267522, 88.63424157677787, 86.50628725218182, 82.93729521628907], "pb": [37.828205382360906, 45.540110674760726, 47.929380944372724, 47.90456050088392, 54.794175878800445, 57.05722288182221, 38.90171753238289, 26.722469334399392, 24.568851142187697, 26.902739558577593, 22.6293792842945, 16.984733464278058], "x": ["2019-01", "2019-02", "2019-03", "2019-04", "2019-05", "2019-06", "2019-07", "2019-08", "2019-09", "2019-10", "2019-11", "2019-12", "2020-01", "2020-02", "2020-03", "2020-04", "2020-05", "2020-06", "2020-07", "2020-08", "2020-09", "2020-10", "2020-11", "2020-12"], "y": [35.36404037475586, 31.921024322509766, 32.764102935791016, 43.69841003417969, 42.67442321777344, 34.03050994873047, 34.03050994873047, 27.26205062866211, 27.698101043701172, 30.9797420501709, 29.638948440551758, 27.923160552978516, 40.96572494506836, 50.99848556518555, 56.350791931152344, 57.95643997192383, 65.30397033691406, 69.2826156616211, 64.5269775390625, 64.84300994873047, 49.913692474365234, 32.29199981689453, 47.856475830078125, 43.08034133911133]}, "spi_01": {"px": ["2021-01", "2021-02", "2021-03", "2021-04", "2021-05", "2021-06", "2021-07", "2021-08", "2021-09", "2021-10", "2021-11", "2021-12"], "py": [2.512365208506454, 0.997417148127949, 2.8875344936654948, 3.149554017133851, 3.3317257363547803, 0.8737082530083957, 1.9374863670676055, 2.3658996436964204, 1.4979336213479613, 1.8388944783126426, -0.7892851118736535, -0.31603555938833505], "pt": [4.2799134741830205, 2.8655828145579862, 4.8511686354953145, 5.204225555042401, 5.473568684477549, 3.099310935464313, 4.2438088479637015, 4.750210754189023, 3.9577619806751354, 4.371989747559729, 1.8150166618871593, 2.3575769433026332], "pb": [0.7448169428298872, -0.870748518302088, 0.923900351835675, 1.0948824792253018, 1.1898827882320124, -1.3518944294475221, -0.3688361138284906, -0.018411466796182996, -0.9618947379792133, -0.6942007909344432, -3.393586885634466, -2.9896480620793033], "x": ["2019-01", "2019-02", "2019-03", "2019-04", "2019-05", "2019-06", "2019-07", "2019-08", "2019-09", "2019-10", "2019-11", "2019-12", "2020-01", "2020-02", "2020-03", "2020-04", "2020-05", "2020-06", "2020-07", "2020-08", "2020-09", "2020-10", "2020-11", "2020-12"], "y": [-1.152521014213562, 0.014167366549372673, 0.46353140473365784, 0.8118568658828735, 0.1051398441195488, -0.7124430537223816, 0.12792982161045074, 0.46152758598327637, -0.05162167176604271, 0.1857081651687622, -1.3930832147598267, -1.0673422813415527, 1.0559413433074951, -0.04939480498433113, 1.1790426969528198, 1.302729845046997, 1.4755901098251343, -0.140282541513443, -0.05614234507083893, 0.11418529599905014, -0.5241098403930664, 0.28995585441589355, -0.14124593138694763, -0.49215859174728394]}, "spi_03": {"px": [], "py": [], "pt": [], "pb": [], "x": ["2019-01", "2019-02", "2019-03", "2019-04", "2019-05", "2019-06", "2019-07", "2019-08", "2019-09", "2019-10", "2019-11", "2019-12", "2020-01", "2020-02", "2020-03", "2020-04", "2020-05", "2020-06", "2020-07"], "y": [-1.6991190910339355, -1.4684659242630005, -0.6320037245750427, 0.32701852917671204, 0.651459813117981, 0.6831832528114319, -0.16493168473243713, -0.5191296339035034, -0.34961989521980286, -0.013615388423204422, -1.414487600326538, -1.6558221578598022, -0.4959469437599182, 0.04619515314698219, 1.17701256275177, 1.0918948650360107, 1.7307839393615723, 1.4463202953338623, 1.2089475393295288]}, "spi_06": {"px": [], "py": [], "pt": [], "pb": [], "x": ["2019-01", "2019-02", "2019-03", "2019-04", "2019-05", "2019-06", "2019-07", "2019-08", "2019-09", "2019-10", "2019-11", "2019-12", "2020-01", "2020-02", "2020-03", "2020-04", "2020-05", "2020-06", "2020-07"], "y": [-1.6266824007034302, -1.8004460334777832, -1.2046098709106445, -1.1069034337997437, -0.8064911961555481, -0.5201310515403748, 0.2818838059902191, 0.6151630878448486, 0.5338808298110962, -0.15915222465991974, -1.4409270286560059, -1.6404550075531006, -0.5933985114097595, -0.7984597682952881, 0.014285115525126457, 0.4236965775489807, 1.1547387838363647, 1.5827924013137817, 1.1924160718917847]}, "spi_12": {"px": ["2021-01", "2021-02", "2021-03", "2021-04", "2021-05", "2021-06", "2021-07", "2021-08", "2021-09", "2021-10", "2021-11", "2021-12"], "py": [3.376629133819855, 3.0695381826692403, 3.7887927223452795, 4.013501848686863, 3.9412134726773385, 3.5809487192908858, 3.4297658879291184, 3.1643983472035915, 2.8220608963835545, 2.7826825759959686, 1.8502079831050162, 1.671329315290901], "pt": [4.554603200214002, 4.512255875534739, 5.454699616957679, 5.876042377568615, 5.98152439553618, 5.784736391038571, 5.785714007552524, 5.663258683950534, 5.456090968872672, 5.545276621994589, 4.735643358086927, 4.674585671882357], "pb": [2.198655067425708, 1.626820489803742, 2.1228858277328797, 2.150961319805111, 1.9009025498184968, 1.3771610475432006, 1.0738177683057115, 0.6655380104566477, 0.1880308238944357, 0.020088529997349447, -1.0352273918768948, -1.3319270413005553], "x": ["2019-01", "2019-02", "2019-03", "2019-04", "2019-05", "2019-06", "2019-07", "2019-08", "2019-09", "2019-10", "2019-11", "2019-12", "2020-01", "2020-02", "2020-03", "2020-04", "2020-05", "2020-06", "2020-07", "2020-08", "2020-09", "2020-10", "2020-11", "2020-12"], "y": [-0.48205655813217163, -1.6352882385253906, -1.263667106628418, -1.1199777126312256, -1.1162261962890625, -1.1154733896255493, -1.116890788078308, -1.139642357826233, -1.1443973779678345, -1.07058846950531, -1.2663757801055908, -1.248920202255249, -0.2850176990032196, -0.302707314491272, 0.10433322936296463, 0.3107230067253113, 0.4233470559120178, 0.4239636957645416, 0.42376384139060974, 0.4216388165950775, 0.4090210199356079, 0.41929614543914795, 1.0979009866714478, 1.035754919052124],