{"IIS3": {"px": [], "py": [], "pt": [], "pb": [], "x": ["2019-01", "2019-02", "2019-03", "2019-04", "2019-05", "2019-06", "2019-07", "2019-08", "2019-09", "2019-10", "2019-11", "2019-12", "2020-01", "2020-02", "2020-03", "2020-04", "2020-05", "2020-06", "2020-07", "2020-08", "2020-09", "2020-10", "2020-11", "2020-12"], "y": [NaN, NaN, NaN, NaN, NaN, NaN, NaN, NaN, NaN, NaN, NaN, NaN, NaN, NaN, NaN, NaN, NaN, NaN, NaN, NaN, NaN, NaN, NaN, NaN]}, "VHI": {"px": ["2021-01", "2021-02", "2021-03", "2021-04", "2021-05", "2021-06", "2021-07", "2021-08", "2021-09", "2021-10", "2021-11", "2021-12"], "py": [130.53237935862728, 166.1463484295131, 173.28412559362442, 153.47548476175479, 151.02397255652957, 161.1349962025315, 165.27686518467277, 104.06620213641622, 79.77407341844246, 88.1442463298949, 76.90481428613211, 66.00578834802575], "pt": [160.11167426999302, 201.714917554814, 213.9696455213465, 198.7026884555145, 200.37666626340433, 214.29397285081131, 221.9872277338588, 164.1182932126467, 142.9914924166556, 154.37588897118383, 146.01934900301467, 137.8876868433975], "pb": [100.95308444726155, 130.57777930421219, 132.59860566590234, 108.24828106799507, 101.67127884965483, 107.9760195542517, 108.56650263548676, 44.01411106018574, 16.556654420229293, 21.91260368860597, 7.790279569249535, -5.876110147345997], "x": ["2019-01", "2019-02", "2019-03", "2019-04", "2019-05", "2019-06", "2019-07", "2019-08", "2019-09", "2019-10", "2019-11", "2019-12", "2020-01", "2020-02", "2020-03", "2020-04", "2020-05", "2020-06", "2020-07", "2020-08", "2020-09", "2020-10", "2020-11", "2020-12"], "y": [82.9365005493164, 81.8344955444336, 77.74200439453125, 72.3783950805664, 71.4739990234375, 70.85600280761719, 70.85600280761719, 39.249996185302734, 27.321996688842773, 31.430999755859375, 25.96791648864746, 20.922998428344727, 58.77249526977539, 79.5183334350586, 86.1943359375, 76.90250396728516, 77.43450164794922, 86.29319763183594, 84.0634994506836, 74.54199981689453, 56.99359893798828, 49.440399169921875, 61.5569953918457, 60.18333053588867]}, "spi_01": {"px": [], "py": [], "pt": [], "pb": [], "x": ["2019-01", "2019-02", "2019-03", "2019-04", "2019-05", "2019-06", "2019-07", "2019-08", "2019-09", "2019-10", "2019-11", "2019-12", "2020-01", "2020-02", "2020-03", "2020-04", "2020-05", "2020-06", "2020-07", "2020-08", "2020-09", "2020-10", "2020-11", "2020-12"], "y": [NaN, NaN, NaN, NaN, NaN, NaN, NaN, NaN, NaN, NaN, NaN, NaN, NaN, NaN, NaN, NaN, NaN, NaN, NaN, NaN, NaN, NaN, NaN, NaN]}, "spi_03": {"px": [], "py": [], "pt": [], "pb": [], "x": ["2019-01", "2019-02", "2019-03", "2019-04", "2019-05", "2019-06", "2019-07", "2019-08", "2019-09", "2019-10", "2019-11", "2019-12", "2020-01", "2020-02", "2020-03", "2020-04", "2020-05", "2020-06", "2020-07"], "y": [NaN, NaN, NaN, NaN, NaN, NaN, NaN, NaN, NaN, NaN, NaN, NaN, NaN, NaN, NaN, NaN, NaN, NaN, NaN]}, "spi_06": {"px": [], "py": [], "pt": [], "pb": [], "x": ["2019-01", "2019-02", "2019-03", "2019-04", "2019-05", "2019-06", "2019-07", "2019-08", "2019-09", "2019-10", "2019-11", "2019-12", "2020-01", "2020-02", "2020-03", "2020-04", "2020-05", "2020-06", "2020-07"], "y": [NaN, NaN, NaN, NaN, NaN, NaN, NaN, NaN, NaN, NaN, NaN, NaN, NaN, NaN, NaN, NaN, NaN, NaN, NaN]}, "spi_12": {"px": [], "py": [], "pt": [], "pb": [], "x": ["2019-01", "2019-02", "2019-03", "2019-04", "2019-05", "2019-06", "2019-07", "2019-08", "2019-09", "2019-10", "2019-11", "2019-12", "2020-01", "2020-02", "2020-03", "2020-04", "2020-05", "2020-06", "2020-07", "2020-08", "2020-09", "2020-10", "2020-11", "2020-12"], "y": [NaN, NaN, NaN, NaN, NaN, NaN, NaN, NaN, NaN, NaN, NaN, NaN, NaN, NaN, NaN, NaN, NaN, NaN, NaN, NaN, NaN, NaN, NaN, NaN], "geox": [-37.919440308584505, -37.910736228944565, -37.90152614396467, -37.89683110219659, -37.89025004561932, -37.88820302728267, -37.885686002628006, -37.88489799433956, -37.8845449897883, -37.88493699277443, -37.88730801262586, -37.888505021813515, -37.88913001623583, -37.88821900426766, -37.8875749984823, -37.88328096281002, -37.87208986633266, -37.86243678532831, -37.85982176269946, -37.85888775418111, -37.85423570818178, -37.85088367799371, -37.845410629905686, -37.841524594766256, -37.8406375858912, -37.84091658698287, -37.84339160759892, -37.84430361457685, -37.844110611711045, -37.83528852882786, -37.83425351758771, -37.83431651770678, -37.841681579222914, -37.84292658919654, -37.84318958972803, -37.81916138629529, -37.8175173729021, -37.812240327636, -37.810607314073124, -37.79857321694455, -37.79693620419248, -37.79659020295279, -37.79529819251109, -37.80219026945242, -37.818313447922144, -37.819945461852114, -37.83578959558782, -37.85196374011666, -37.857816792048126, -37.86423785121468, -37.877954963526996, -37.88897405475345, -37.89515010356845, -37.897521123372, -37.91240825283432, -37.91331326017093, -37.91437826561797, -37.919440308584505], "geoy": [-6.411648929534736, -6.406352893901064, -6.399680847826735, -6.398628842706378, -6.400137858864761, -6.399491855166328, -6.395508825673692, -6.393398809687726, -6.391183792591914, -6.390511787075355, -6.389158774923379, -6.387211758899921, -6.370450627336552, -6.364372580368689, -6.364142578992367, -6.36702560438322, -6.369217628907842, -6.374489676533118, -6.374879681308639, -6.374356677829626, -6.366319617968649, -6.365025610040871, -6.364745611446714, -6.3630336005938295, -6.3613415879253425, -6.359283571623775, -6.357685557482674, -6.3561535448850455, -6.354359530960605, -6.345719469065656, -6.342388443646486, -6.341727438426327, -6.337212398229927, -6.335799386344524, -6.333090364947466, -6.343661463504637, -6.345191476570789, -6.346626491272421, -6.347751501158356, -6.360354607811867, -6.362771627826516, -6.3655016494461405, -6.366833660732062, -6.39204885372955, -6.448345283717301, -6.447801278375229, -6.440283209021517, -6.444693232752234, -6.445741237050316, -6.450193267582757, -6.43857116758019, -6.430759099172216, -6.422898033606429, -6.421482020960424, -6.420326002034681, -6.41945299460911, -6.41362194831805, -6.411648929534736]}}