{"IIS3": {"px": [], "py": [], "pt": [], "pb": [], "x": ["2019-01", "2019-02", "2019-03", "2019-04", "2019-05", "2019-06", "2019-07", "2019-08", "2019-09", "2019-10", "2019-11", "2019-12", "2020-01", "2020-02", "2020-03", "2020-04", "2020-05", "2020-06", "2020-07", "2020-08", "2020-09", "2020-10", "2020-11", "2020-12"], "y": [NaN, NaN, NaN, NaN, NaN, NaN, NaN, NaN, NaN, NaN, NaN, NaN, NaN, NaN, NaN, NaN, NaN, NaN, NaN, NaN, NaN, NaN, NaN, NaN]}, "VHI": {"px": ["2021-01", "2021-02", "2021-03", "2021-04", "2021-05", "2021-06", "2021-07", "2021-08", "2021-09", "2021-10", "2021-11", "2021-12"], "py": [43.820386954731504, 50.378376350684675, 65.29756071262983, 77.99832422292947, 77.189789710041, 56.40409488745294, 55.68291233523726, 62.92140487276612, 55.768863570759635, 44.25004787362174, 41.6883755829288, 46.95724347962151], "pt": [65.91337308530525, 76.08097363564357, 94.16184622638937, 109.71063175875665, 111.51461921105869, 93.15620219167408, 94.71163076574734, 104.10106409130617, 98.99255851210103, 89.42538711318025, 88.73446730621913, 95.80249112423172], "pb": [21.727400824157755, 24.675779065725777, 36.43327519887029, 46.28601668710229, 42.86496020902332, 19.651987583231794, 16.654193904727187, 21.74174565422608, 12.545168629418228, -0.925291365936765, -5.357716140361532, -1.8880041649886934], "x": ["2019-01", "2019-02", "2019-03", "2019-04", "2019-05", "2019-06", "2019-07", "2019-08", "2019-09", "2019-10", "2019-11", "2019-12", "2020-01", "2020-02", "2020-03", "2020-04", "2020-05", "2020-06", "2020-07", "2020-08", "2020-09", "2020-10", "2020-11", "2020-12"], "y": [44.84791564941406, 53.09103775024414, 49.80208206176758, 58.23628616333008, 37.195621490478516, 41.6029167175293, 41.6029167175293, 46.3028564453125, 39.67300033569336, 30.25604248046875, 28.923551559448242, 34.10073471069336, 31.720787048339844, 36.78631591796875, 48.3309440612793, 58.384212493896484, 58.850830078125, 43.010833740234375, 42.278873443603516, 35.38582992553711, 32.682498931884766, 30.326833724975586, 50.8699951171875, 45.54555130004883]}, "spi_01": {"px": [], "py": [], "pt": [], "pb": [], "x": ["2019-01", "2019-02", "2019-03", "2019-04", "2019-05", "2019-06", "2019-07", "2019-08", "2019-09", "2019-10", "2019-11", "2019-12", "2020-01", "2020-02", "2020-03", "2020-04", "2020-05", "2020-06", "2020-07", "2020-08", "2020-09", "2020-10", "2020-11", "2020-12"], "y": [NaN, NaN, NaN, NaN, NaN, NaN, NaN, NaN, NaN, NaN, NaN, NaN, NaN, NaN, NaN, NaN, NaN, NaN, NaN, NaN, NaN, NaN, NaN, NaN]}, "spi_03": {"px": [], "py": [], "pt": [], "pb": [], "x": ["2019-01", "2019-02", "2019-03", "2019-04", "2019-05", "2019-06", "2019-07", "2019-08", "2019-09", "2019-10", "2019-11", "2019-12", "2020-01", "2020-02", "2020-03", "2020-04", "2020-05", "2020-06", "2020-07"], "y": [NaN, NaN, NaN, NaN, NaN, NaN, NaN, NaN, NaN, NaN, NaN, NaN, NaN, NaN, NaN, NaN, NaN, NaN, NaN]}, "spi_06": {"px": [], "py": [], "pt": [], "pb": [], "x": ["2019-01", "2019-02", "2019-03", "2019-04", "2019-05", "2019-06", "2019-07", "2019-08", "2019-09", "2019-10", "2019-11", "2019-12", "2020-01", "2020-02", "2020-03", "2020-04", "2020-05", "2020-06", "2020-07"], "y": [NaN, NaN, NaN, NaN, NaN, NaN, NaN, NaN, NaN, NaN, NaN, NaN, NaN, NaN, NaN, NaN, NaN, NaN, NaN]}, "spi_12": {"px": [], "py": [], "pt": [], "pb": [], "x": ["2019-01", "2019-02", "2019-03", "2019-04", "2019-05", "2019-06", "2019-07", "2019-08", "2019-09", "2019-10", "2019-11", "2019-12", "2020-01", "2020-02", "2020-03", "2020-04", "2020-05", "2020-06", "2020-07", "2020-08", "2020-09", "2020-10", "2020-11", "2020-12"], "y": [NaN, NaN, NaN, NaN, NaN, NaN, NaN, NaN, NaN, NaN, NaN, NaN, NaN, NaN, NaN, NaN, NaN, NaN, NaN, NaN, NaN, NaN, NaN, NaN], "geox": [-36.28109771468691, -36.281040713676255, -36.1918768687394, -36.17931975367711, -36.181655765455055, -36.23957227829341, -36.21943006238901, -36.21706804223747, -36.21143199649919, -36.20849297006104, -36.204408930602995, -36.20163290528723, -36.198574876659706, -36.196461855090604, -36.1980978647277, -36.196544849408575, -36.20171488193673, -36.205380907981215, -36.208177930770596, -36.20193587299215, -36.18862674838041, -36.1874917365941, -36.187234731883954, -36.18548771631094, -36.183970705670845, -36.1834327056596, -36.17752266101974, -36.17646865842484, -36.17459364299037, -36.170795617138225, -36.16947161430616, -36.16622058805087, -36.1663535914789, -36.16602259476123, -36.16302057014668, -36.16288357036864, -36.16087755448371, -36.15801052986774, -36.15663051901404, -36.14458541012049, -36.143959406219295, -36.14408740292864, -36.12779022947672, -36.126394221225695, -36.12597522277945, -36.12136918235726, -36.11897116257492, -36.118852163307245, -36.11712614951791, -36.10522705006924, -36.102739028003874, -36.09961600179032, -36.09688097749569, -36.09524996461017, -36.093206952378814, -36.08793791069602, -36.07899682970627, -36.0726087779251, -36.070561766022955, -36.06707173576071, -36.0655787225382, -36.066095722692616, -36.065426714701466, -36.05967666167312, -36.055331622525195, -36.05149458594493, -36.04990056964206, -36.04890055784875, -36.050441568577384, -36.04880455139767, -36.04696153349667, -36.041336480236545, -36.029286405055664, -36.02809439505984, -36.02873240243921, -36.02123836035191, -36.013874281346745, -36.00699122278288, -36.00576320938385, -35.99973716160885, -35.99276009628643, -35.98476102378911, -35.982910004778766, -35.97831896815303, -35.978873977037196, -35.97734796631908, -35.977737972751406, -35.974262943422396, -35.972905931102126, -35.97219692572858, -35.970070906100304, -35.96805989002742, -35.9679878911319, -35.966183875276265, -35.967155887172076, -35.96230784953473, -35.97459998481759, -35.98509909340184, -35.99141815683208, -35.99587220444049, -35.999766243532946, -36.00404428816084, -36.01057036048044, -36.021374476819766, -36.02230048784034, -36.02862555434255, -36.03145858260748, -36.03076557253202, -36.03603461970505, -36.041870676780306, -36.05766680938239, -36.055751787499766, -36.05344876404077, -36.05239575143715, -36.0525657514057, -36.05511877356358, -36.05604378048073, -36.05711978393115, -36.05581576498563, -36.05650576935374, -36.0617658137254, -36.06250281856636, -36.06489083870958, -36.06941887790062, -36.072296904152616, -36.07398591839283, -36.077049933687725, -36.08231096985272, -36.08366498092675, -36.08886902587327, -36.092942055321174, -36.10208013061572, -36.10484015157892, -36.1047061465061, -36.10612415637928, -36.109069179861855, -36.11138119953316, -36.11688724175629, -36.1233302949537, -36.12381129809319, -36.28109771468691],