{"IIS3": {"px": [], "py": [], "pt": [], "pb": [], "x": ["2019-01", "2019-02", "2019-03", "2019-04", "2019-05", "2019-06", "2019-07", "2019-08", "2019-09", "2019-10", "2019-11", "2019-12", "2020-01", "2020-02", "2020-03", "2020-04", "2020-05", "2020-06", "2020-07", "2020-08", "2020-09", "2020-10", "2020-11", "2020-12"], "y": [NaN, NaN, NaN, NaN, NaN, NaN, NaN, NaN, NaN, NaN, NaN, NaN, NaN, NaN, NaN, NaN, NaN, NaN, NaN, NaN, NaN, NaN, NaN, NaN]}, "VHI": {"px": ["2021-01", "2021-02", "2021-03", "2021-04", "2021-05", "2021-06", "2021-07", "2021-08", "2021-09", "2021-10", "2021-11", "2021-12"], "py": [67.73395485313341, 64.59916731740547, 55.7996526832319, 49.33946147316851, 52.0984965226795, 63.46900614318949, 59.84804102530309, 67.96781160757348, 67.38723510878111, 64.03677430873344, 64.17640829777868, 62.36561636716286], "pt": [74.30302241604217, 71.25617237747905, 62.543448653872645, 56.168945481306736, 59.01260669978841, 70.46671914566295, 66.92836975981616, 75.12980314014015, 74.62996873886458, 71.35935979202603, 71.57798420321345, 69.84534855539646], "pb": [61.164887290224655, 57.9421622573319, 49.05585671259115, 42.50997746503029, 45.18438634557059, 56.47129314071603, 52.767712290790016, 60.80582007500681, 60.14450147869765, 56.71418882544086, 56.77483239234391, 54.88588417892926], "x": ["2019-01", "2019-02", "2019-03", "2019-04", "2019-05", "2019-06", "2019-07", "2019-08", "2019-09", "2019-10", "2019-11", "2019-12", "2020-01", "2020-02", "2020-03", "2020-04", "2020-05", "2020-06", "2020-07", "2020-08", "2020-09", "2020-10", "2020-11", "2020-12"], "y": [59.41726303100586, 56.923912048339844, 52.92858123779297, 52.12078857421875, 48.67433547973633, 56.65802001953125, 56.65802001953125, 65.08558654785156, 64.83049011230469, 61.403724670410156, 61.42164993286133, 59.94512939453125, 66.98500061035156, 64.15711975097656, 55.25630187988281, 48.72962188720703, 51.729576110839844, 63.006221771240234, 63.703487396240234, 67.20608520507812, 61.79826736450195, 64.25135803222656, 67.82198333740234, 54.80540466308594]}, "spi_01": {"px": ["2021-01", "2021-02", "2021-03", "2021-04", "2021-05", "2021-06", "2021-07", "2021-08", "2021-09", "2021-10", "2021-11", "2021-12"], "py": [1.102480810464209, 0.4036840501305696, 0.21646655800504444, -0.19066732751162618, -0.9598563911570281, -0.8348247949741978, -0.5041739824305702, -0.5105625005325698, -0.5036549153012153, 0.07546085433326155, 0.5445660400526635, 0.2977159924801591], "pt": [2.5042226135909607, 1.8054258532573222, 1.6182083611317966, 1.2110744756151264, 0.4418854119697242, 0.5669170081525552, 0.8975678206961826, 0.8911793025941837, 0.8980868878255377, 1.477202657460015, 1.946307843179417, 1.6994577956069126], "pb": [-0.2992609926625427, -0.9980577529961825, -1.1852752451217077, -1.5924091306383787, -2.361598194283781, -2.236566598100951, -1.905915785557323, -1.912304303659323, -1.9053967184279685, -1.326280948793492, -0.8571757630740899, -1.1040258106465948], "x": ["2019-01", "2019-02", "2019-03", "2019-04", "2019-05", "2019-06", "2019-07", "2019-08", "2019-09", "2019-10", "2019-11", "2019-12", "2020-01", "2020-02", "2020-03", "2020-04", "2020-05", "2020-06", "2020-07", "2020-08", "2020-09", "2020-10", "2020-11", "2020-12"], "y": [0.17098547518253326, 1.2871522903442383, 1.7812581062316895, 1.0668221712112427, 0.4475061297416687, -1.351374864578247, -0.296808123588562, -0.30406010150909424, -0.37298059463500977, 0.1333063393831253, 0.4892895817756653, 0.22039425373077393, 0.8884947299957275, 0.2824893295764923, 0.15029050409793854, -0.22347164154052734, -0.9367302656173706, -0.7819565534591675, -0.07912647724151611, 0.2915405333042145, -0.14968544244766235, 0.2769045829772949, 1.9327268600463867, -0.432129442691803]}, "spi_03": {"px": [], "py": [], "pt": [], "pb": [], "x": ["2019-01", "2019-02", "2019-03", "2019-04", "2019-05", "2019-06", "2019-07", "2019-08", "2019-09", "2019-10", "2019-11", "2019-12", "2020-01", "2020-02", "2020-03", "2020-04", "2020-05", "2020-06", "2020-07"], "y": [0.7936462759971619, 1.1323792934417725, 1.5470539331436157, 1.6675736904144287, 1.4180760383605957, 0.7139239311218262, -0.06250745058059692, -1.194081425666809, -0.4740784168243408, -0.7069491744041443, -0.03316470980644226, 0.3681336045265198, 0.7998513579368591, 0.6272995471954346, 0.49039751291275024, 0.005709972232580185, -0.3005955219268799, -0.7009865045547485, -1.030009388923645]}, "spi_06": {"px": [], "py": [], "pt": [], "pb": [], "x": ["2019-01", "2019-02", "2019-03", "2019-04", "2019-05", "2019-06", "2019-07", "2019-08", "2019-09", "2019-10", "2019-11", "2019-12", "2020-01", "2020-02", "2020-03", "2020-04", "2020-05", "2020-06", "2020-07"], "y": [0.7113932371139526, 1.078810453414917, 1.6630561351776123, 1.6056395769119263, 1.568282127380371, 1.3376103639602661, 1.4230659008026123, 1.2266314029693604, 0.5931236743927002, -0.14601236581802368, -1.1280314922332764, -0.2516915798187256, 0.7193155288696289, 0.589713454246521, 0.4349851906299591, 0.2538203001022339, 0.04218558222055435, -0.006412842310965061, -0.29844313859939575]}, "spi_12": {"px": ["2021-01", "2021-02", "2021-03", "2021-04", "2021-05", "2021-06", "2021-07", "2021-08", "2021-09", "2021-10", "2021-11", "2021-12"], "py": [-0.0067477146968553114, -0.07042404326693497, -0.30759632012601323, -0.5270306670883038, -0.6463813688685136, -0.6193027196916452, -0.4455311486071599, -0.5112685126977682, -0.5542752745461007, -0.5742868402476647, -0.5865290306348011, -0.6241872935994509], "pt": [1.2894864750177053, 1.5171321287656667, 1.5255556441509945, 1.522495533990008, 1.5987620950732326, 1.8057293828699241, 2.1469372163354157, 2.2384594280268915, 2.344192471138802, 2.4656517771506476, 2.588583301602187, 2.680574399336555], "pb": [-1.3029819044114161, -1.6579802152995369, -2.1407482844030215, -2.576556868166616, -2.8915248328102594, -3.0443348222532145, -3.0379995135497353, -3.2609964534224276, -3.452743020231003, -3.614225457645977, -3.761641362871789, -3.928948986535457], "x": ["2019-01", "2019-02", "2019-03", "2019-04", "2019-05", "2019-06", "2019-07", "2019-08", "2019-09", "2019-10", "2019-11", "2019-12", "2020-01", "2020-02", "2020-03", "2020-04", "2020-05", "2020-06", "2020-07", "2020-08", "2020-09", "2020-10", "2020-11", "2020-12"], "y": [0.35481390357017517, 0.3832832872867584, 1.3878015279769897, 1.6242311000823975, 1.5888175964355469, 1.461374282836914, 1.3946406841278076, 1.3808844089508057, 1.376409888267517, 1.3799619674682617, 1.383707046508789, 1.270254373550415, 1.3785760402679443, 1.2005877494812012, 0.6484715342521667, 0.14887197315692902, -0.12479956448078156, -0.08686518669128418, -0.06426090002059937, -0.055725451558828354, -0.05450906977057457, -0.05506907403469086, 0.007676892913877964, -0.025843625888228416],