{"IIS3": {"px": [], "py": [], "pt": [], "pb": [], "x": ["2019-01", "2019-02", "2019-03", "2019-04", "2019-05", "2019-06", "2019-07", "2019-08", "2019-09", "2019-10", "2019-11", "2019-12", "2020-01", "2020-02", "2020-03", "2020-04", "2020-05", "2020-06", "2020-07", "2020-08", "2020-09", "2020-10", "2020-11", "2020-12"], "y": [NaN, NaN, NaN, NaN, NaN, NaN, NaN, NaN, NaN, NaN, NaN, NaN, NaN, NaN, NaN, NaN, NaN, NaN, NaN, NaN, NaN, NaN, NaN, NaN]}, "VHI": {"px": ["2021-01", "2021-02", "2021-03", "2021-04", "2021-05", "2021-06", "2021-07", "2021-08", "2021-09", "2021-10", "2021-11", "2021-12"], "py": [59.3324781331672, 86.08056368621344, 112.80965642040331, 113.93030160303886, 121.3020605936205, 127.13346768945055, 95.14577553072773, 93.72517265405627, 96.8185251052204, 85.11880339222412, 69.28365640013571, 51.45500767964175], "pt": [89.9392023002768, 123.56599204684494, 156.094100676031, 162.32378142891048, 174.31446164088064, 184.39340516701031, 156.3592235227544, 158.65183890307185, 165.25724050337473, 156.89793364947974, 144.25451284199966, 129.4871490751275], "pb": [28.72575396605759, 48.595135325581936, 69.52521216477564, 65.53682177716723, 68.28965954636035, 69.8735302118908, 33.932327538701045, 28.798506405040683, 28.379809707066073, 13.339673134968493, -5.6872000417282464, -26.57713371584397], "x": ["2019-01", "2019-02", "2019-03", "2019-04", "2019-05", "2019-06", "2019-07", "2019-08", "2019-09", "2019-10", "2019-11", "2019-12", "2020-01", "2020-02", "2020-03", "2020-04", "2020-05", "2020-06", "2020-07", "2020-08", "2020-09", "2020-10", "2020-11", "2020-12"], "y": [34.90522384643555, 27.33299446105957, 38.070167541503906, 47.048397064208984, 46.361690521240234, 34.875492095947266, 34.875492095947266, 34.44807815551758, 37.66236114501953, 33.45331954956055, 26.649194717407227, 18.89586639404297, 29.400970458984375, 48.53779220581055, 67.80237579345703, 68.85328674316406, 74.015380859375, 79.47124481201172, 73.89861297607422, 69.98267364501953, 55.29348373413086, 35.438575744628906, 43.3439826965332, 44.809547424316406]}, "spi_01": {"px": ["2021-01", "2021-02", "2021-03", "2021-04", "2021-05", "2021-06", "2021-07", "2021-08", "2021-09", "2021-10", "2021-11", "2021-12"], "py": [2.49874795596848, 0.8410417939974417, 2.8305726747545377, 2.761835933714263, 2.9597184467826994, 0.12668530457113603, 2.162195360066683, 1.6967410384080681, 1.867710035880168, 1.2953415214383606, -1.4787977069758407, -0.7640729175802989], "pt": [5.499460248652502, 3.8417540866814655, 5.831284967438561, 5.7625482263982875, 5.960430739466723, 3.127397597255161, 5.162907652750707, 4.697453331092094, 4.868422328564193, 4.296053814122386, 1.5219145857081848, 2.236639375103728], "pb": [-0.5019643367155422, -2.1596704986865816, -0.17013961792948562, -0.2388763589697609, -0.04099384590132438, -2.8740269881128886, -0.8385169326173418, -1.303971254275957, -1.1330022568038571, -1.7053707712456654, -4.479509999659866, -3.7647852102643253], "x": ["2019-01", "2019-02", "2019-03", "2019-04", "2019-05", "2019-06", "2019-07", "2019-08", "2019-09", "2019-10", "2019-11", "2019-12", "2020-01", "2020-02", "2020-03", "2020-04", "2020-05", "2020-06", "2020-07", "2020-08", "2020-09", "2020-10", "2020-11", "2020-12"], "y": [-1.486088752746582, 0.32623347640037537, 0.9379150867462158, 0.5648418664932251, 0.10170120000839233, -0.4977496266365051, 0.5640828609466553, 0.3213258981704712, 0.4021797776222229, 0.013129154220223427, -1.8964569568634033, -1.3828272819519043, 1.238483190536499, -0.1442488431930542, 1.1925933361053467, 1.0925172567367554, 1.3440370559692383, -0.6611565947532654, -0.7586351633071899, -0.5475501418113708, -0.23764437437057495, 0.40272533893585205, 0.2032919079065323, -1.3389207124710083]}, "spi_03": {"px": [], "py": [], "pt": [], "pb": [], "x": ["2019-01", "2019-02", "2019-03", "2019-04", "2019-05", "2019-06", "2019-07", "2019-08", "2019-09", "2019-10", "2019-11", "2019-12", "2020-01", "2020-02", "2020-03", "2020-04", "2020-05", "2020-06", "2020-07"], "y": [-0.9982337951660156, -0.5748827457427979, -0.1311132162809372, 0.8270756602287292, 0.8595056533813477, 0.38769620656967163, -0.12313307821750641, -0.06600594520568848, 0.25439685583114624, -0.08323224633932114, -1.806057333946228, -2.3553898334503174, -0.36569517850875854, 0.3663712739944458, 1.4917643070220947, 1.113817811012268, 1.453041672706604, 1.2628570795059204, 1.1821115016937256]}, "spi_06": {"px": [], "py": [], "pt": [], "pb": [], "x": ["2019-01", "2019-02", "2019-03", "2019-04", "2019-05", "2019-06", "2019-07", "2019-08", "2019-09", "2019-10", "2019-11", "2019-12", "2020-01", "2020-02", "2020-03", "2020-04", "2020-05", "2020-06", "2020-07"], "y": [-1.0360827445983887, -0.9378376007080078, -0.28645920753479004, -0.31986069679260254, 0.014406118541955948, -0.1516810804605484, 0.790406346321106, 0.852228045463562, 0.3075941801071167, -0.2542378008365631, -1.8175632953643799, -2.3015623092651367, -0.5314921736717224, -0.7029919028282166, 0.18528412282466888, 0.6964366436004639, 1.4543251991271973, 1.8782691955566406, 1.2204318046569824]}, "spi_12": {"px": ["2021-01", "2021-02", "2021-03", "2021-04", "2021-05", "2021-06", "2021-07", "2021-08", "2021-09", "2021-10", "2021-11", "2021-12"], "py": [6.7487667585921045, 6.006479909343868, 6.561678491136883, 7.3272633265559755, 7.581606299479759, 6.989550736356181, 7.046333968723177, 6.942455610133662, 7.03113222661073, 6.312473940727706, 4.501146628659036, 1.5017299055003397], "pt": [8.948449698452352, 8.700530301934416, 9.67249992601905, 10.805267421094596, 11.391568892935563, 11.104780674699548, 11.445699823859869, 11.608687752799483, 11.949772779766928, 11.471187673147618, 9.88924739376754, 7.109842987176556], "pb": [4.549083818731857, 3.312429516753321, 3.4508570562547156, 3.8492592320173546, 3.771643706023955, 2.874320798012815, 2.6469681135864844, 2.2762234674678403, 2.1124916734545307, 1.1537602083077934, -0.886954136449468, -4.106383176175877], "x": ["2019-01", "2019-02", "2019-03", "2019-04", "2019-05", "2019-06", "2019-07", "2019-08", "2019-09", "2019-10", "2019-11", "2019-12", "2020-01", "2020-02", "2020-03", "2020-04", "2020-05", "2020-06", "2020-07", "2020-08", "2020-09", "2020-10", "2020-11", "2020-12"], "y": [-0.06914136558771133, -0.724345326423645, -0.49987155199050903, -0.33793219923973083, -0.32221582531929016, -0.34274739027023315, -0.34832561016082764, -0.3464706838130951, -0.27887195348739624, -0.3959313631057739, -0.7759265303611755, -1.475653886795044, 0.14052355289459229, -0.00152646005153656, 0.22657394409179688, 0.52660071849823, 0.7301852107048035, 0.7265658974647522, 0.7147490382194519, 0.7081267833709717, 0.6540526151657104, 0.6683424711227417, 1.2850514650344849, 1.1274120807647705],