{"IIS3": {"px": [], "py": [], "pt": [], "pb": [], "x": ["2019-01", "2019-02", "2019-03", "2019-04", "2019-05", "2019-06", "2019-07", "2019-08", "2019-09", "2019-10", "2019-11", "2019-12", "2020-01", "2020-02", "2020-03", "2020-04", "2020-05", "2020-06", "2020-07", "2020-08", "2020-09", "2020-10", "2020-11", "2020-12"], "y": [NaN, NaN, NaN, NaN, NaN, NaN, NaN, NaN, NaN, NaN, NaN, NaN, NaN, NaN, NaN, NaN, NaN, NaN, NaN, NaN, NaN, NaN, NaN, NaN]}, "VHI": {"px": ["2021-01", "2021-02", "2021-03", "2021-04", "2021-05", "2021-06", "2021-07", "2021-08", "2021-09", "2021-10", "2021-11", "2021-12"], "py": [68.09940983443676, 66.14872003015246, 57.11304788127893, 44.10668968556665, 59.845644170354646, 70.83423803074704, 69.03483289301141, 60.49191891770516, 44.88110050399797, 40.70674015693493, 46.72642981377106, 43.58635002917548], "pt": [76.7349616074266, 74.92186475534376, 66.02166069777935, 53.14874123703876, 69.0191936581289, 80.13742695443375, 78.46587939353142, 70.04911265018409, 54.562797978371876, 50.51136049280015, 56.65245086329668, 53.63230482803803], "pb": [59.46385806144691, 57.37557530496116, 48.20443506477851, 35.06463813409454, 50.67209468258039, 61.53104910706034, 59.6037863924914, 50.93472518522624, 35.199403029624065, 30.902119821069704, 36.80040876424545, 33.540395230312924], "x": ["2019-01", "2019-02", "2019-03", "2019-04", "2019-05", "2019-06", "2019-07", "2019-08", "2019-09", "2019-10", "2019-11", "2019-12", "2020-01", "2020-02", "2020-03", "2020-04", "2020-05", "2020-06", "2020-07", "2020-08", "2020-09", "2020-10", "2020-11", "2020-12"], "y": [72.47969055175781, 65.45875549316406, 60.72156524658203, 56.0885009765625, 70.01750183105469, 76.24281311035156, 76.24281311035156, 67.5009994506836, 51.07574462890625, 46.40656280517578, 52.44599533081055, 48.943199157714844, 72.8429946899414, 70.35749816894531, 60.806396484375, 47.42949676513672, 63.94999694824219, 74.78474426269531, 68.00874328613281, 62.62468338012695, 49.0989990234375, 48.910003662109375, 49.60343551635742, 35.54083251953125]}, "spi_01": {"px": [], "py": [], "pt": [], "pb": [], "x": ["2019-01", "2019-02", "2019-03", "2019-04", "2019-05", "2019-06", "2019-07", "2019-08", "2019-09", "2019-10", "2019-11", "2019-12", "2020-01", "2020-02", "2020-03", "2020-04", "2020-05", "2020-06", "2020-07", "2020-08", "2020-09", "2020-10", "2020-11", "2020-12"], "y": [NaN, NaN, NaN, NaN, NaN, NaN, NaN, NaN, NaN, NaN, NaN, NaN, NaN, NaN, NaN, NaN, NaN, NaN, NaN, NaN, NaN, NaN, NaN, NaN]}, "spi_03": {"px": [], "py": [], "pt": [], "pb": [], "x": ["2019-01", "2019-02", "2019-03", "2019-04", "2019-05", "2019-06", "2019-07", "2019-08", "2019-09", "2019-10", "2019-11", "2019-12", "2020-01", "2020-02", "2020-03", "2020-04", "2020-05", "2020-06", "2020-07"], "y": [NaN, NaN, NaN, NaN, NaN, NaN, NaN, NaN, NaN, NaN, NaN, NaN, NaN, NaN, NaN, NaN, NaN, NaN, NaN]}, "spi_06": {"px": [], "py": [], "pt": [], "pb": [], "x": ["2019-01", "2019-02", "2019-03", "2019-04", "2019-05", "2019-06", "2019-07", "2019-08", "2019-09", "2019-10", "2019-11", "2019-12", "2020-01", "2020-02", "2020-03", "2020-04", "2020-05", "2020-06", "2020-07"], "y": [NaN, NaN, NaN, NaN, NaN, NaN, NaN, NaN, NaN, NaN, NaN, NaN, NaN, NaN, NaN, NaN, NaN, NaN, NaN]}, "spi_12": {"px": [], "py": [], "pt": [], "pb": [], "x": ["2019-01", "2019-02", "2019-03", "2019-04", "2019-05", "2019-06", "2019-07", "2019-08", "2019-09", "2019-10", "2019-11", "2019-12", "2020-01", "2020-02", "2020-03", "2020-04", "2020-05", "2020-06", "2020-07", "2020-08", "2020-09", "2020-10", "2020-11", "2020-12"], "y": [NaN, NaN, NaN, NaN, NaN, NaN, NaN, NaN, NaN, NaN, NaN, NaN, NaN, NaN, NaN, NaN, NaN, NaN, NaN, NaN, NaN, NaN, NaN, NaN], "geox": [-39.315422906773286, -39.30041777829308, -39.290942698291666, -39.283533635074335, -39.27975160268061, -39.27508156225896, -39.266968492763986, -39.2622214526353, -39.25620040229071, -39.24661632038437, -39.238467251712756, -39.23636923579581, -39.23387521593195, -39.22770816473841, -39.21917709246778, -39.21828008656345, -39.22436314166864, -39.222417126494925, -39.223810141814006, -39.22089012061499, -39.221447127922026, -39.22432315427272, -39.22470516070596, -39.227613186664726, -39.22733618481981, -39.22478116416574, -39.22495516643762, -39.225230169047855, -39.22508517016417, -39.226222181544266, -39.225720177569364, -39.224171164304686, -39.2228401539291, -39.22068013614719, -39.2199141309188, -39.217776113098985, -39.21680610534935, -39.21426908360186, -39.27676963643198, -39.27791962148331, -39.281425651182474, -39.28366067063922, -39.28760870574208, -39.28837071226933, -39.290129726522906, -39.29198874139503, -39.30121181949734, -39.305811858934064, -39.30651886430538, -39.315422906773286], "geoy": [-3.580732783378007, -3.5807487892719396, -3.583755817011689, -3.584390824949244, -3.5843958264431146, -3.5832988194443507, -3.583319822729573, -3.584742835961921, -3.588010864477761, -3.5885858727735642, -3.59164390042982, -3.5970559446362245, -3.601014977343564, -3.605373014668774, -3.6076170359582656, -3.6122800736981673, -3.6199941331944587, -3.62391916541683, -3.6326952352284176, -3.642628315983707, -3.6491753682381485, -3.6535534021981286, -3.66169346727363, -3.664344487372955, -3.665706498393659, -3.668915525106385, -3.6709195410929154, -3.671568546184102, -3.677620594722856, -3.681803627781474, -3.6826446347157344, -3.6826816356229877, -3.6853296573583596, -3.687211673285508, -3.6906327009892363, -3.691935712270725, -3.6933827242440884, -3.6933937253354014, -3.7368880485796994, -3.6738825439784693, -3.6730215357049594, -3.673817541196363, -3.6771045659501764, -3.6771045656496546, -3.675021548284137, -3.6723285259970684, -3.6700415040604626, -3.6701475030973643, -3.668395488798081, -3.580732783378007]}}