{"IIS3": {"px": [], "py": [], "pt": [], "pb": [], "x": ["2019-01", "2019-02", "2019-03", "2019-04", "2019-05", "2019-06", "2019-07", "2019-08", "2019-09", "2019-10", "2019-11", "2019-12", "2020-01", "2020-02", "2020-03", "2020-04", "2020-05", "2020-06", "2020-07", "2020-08", "2020-09", "2020-10", "2020-11", "2020-12"], "y": [NaN, NaN, NaN, NaN, NaN, NaN, NaN, NaN, NaN, NaN, NaN, NaN, NaN, NaN, NaN, NaN, NaN, NaN, NaN, NaN, NaN, NaN, NaN, NaN]}, "VHI": {"px": ["2021-01", "2021-02", "2021-03", "2021-04", "2021-05", "2021-06", "2021-07", "2021-08", "2021-09", "2021-10", "2021-11", "2021-12"], "py": [58.26029184447414, 62.94117727883261, 55.45513882406803, 57.14062865447684, 61.612662872531985, 69.58995647054901, 72.09148477463857, 51.339396676952646, 39.09243232274994, 43.99085896241641, 44.00483960477122, 32.36139754421759], "pt": [76.59286965405607, 85.39390787474282, 81.38131889905533, 86.12697915516621, 93.36561891471743, 103.88706887793845, 108.75664018891786, 90.22866670894733, 80.08532226344022, 86.98456463845336, 88.91030062930406, 79.10048324231383], "pb": [39.927714034892205, 40.4884466829224, 29.52895874908073, 28.154278153787473, 29.85970683034654, 35.29284406315958, 35.42632936035929, 12.450126644957962, -1.900457617940333, 0.9971532863794579, -0.9006214197616274, -14.377688153878651], "x": ["2019-01", "2019-02", "2019-03", "2019-04", "2019-05", "2019-06", "2019-07", "2019-08", "2019-09", "2019-10", "2019-11", "2019-12", "2020-01", "2020-02", "2020-03", "2020-04", "2020-05", "2020-06", "2020-07", "2020-08", "2020-09", "2020-10", "2020-11", "2020-12"], "y": [52.49250030517578, 66.07638549804688, 63.10027313232422, 63.61119842529297, 73.77916717529297, 74.53443908691406, 74.53443908691406, 53.433998107910156, 40.58822250366211, 45.2438850402832, 44.834999084472656, 32.80145263671875, 61.24136734008789, 66.26022338867188, 59.706363677978516, 62.684547424316406, 68.2105484008789, 76.72378540039062, 68.5117416381836, 68.82888793945312, 58.99711227416992, 60.57444381713867, 52.29804992675781, 30.308515548706055]}, "spi_01": {"px": ["2021-01", "2021-02", "2021-03", "2021-04", "2021-05", "2021-06", "2021-07", "2021-08", "2021-09", "2021-10", "2021-11", "2021-12"], "py": [1.6600829998197288, 1.9940942521566263, 1.3995560374897122, 1.9479940860571299, 0.9691004052075738, 0.4520321102930329, 0.1982177887306067, -0.2914543762633526, 1.2419898281678519, 1.5643358320978442, 0.6211627750573308, 0.6388756573738048], "pt": [2.837152949245878, 3.1935666744147735, 2.6210201252440664, 3.191060835507587, 2.2334007530304616, 1.7372152861169399, 1.5039498521098333, 1.034508159878722, 2.5878787809303265, 2.9298604562199504, 2.006044692406088, 2.0428480042935435], "pb": [0.48301305039357967, 0.7946218298984791, 0.17809194973535813, 0.7049273366066728, -0.295199942615314, -0.8331510655308743, -1.10751427464862, -1.6174169124054272, -0.10389912459462325, 0.1988112079757376, -0.7637191422914267, -0.7650966895459341], "x": ["2019-01", "2019-02", "2019-03", "2019-04", "2019-05", "2019-06", "2019-07", "2019-08", "2019-09", "2019-10", "2019-11", "2019-12", "2020-01", "2020-02", "2020-03", "2020-04", "2020-05", "2020-06", "2020-07", "2020-08", "2020-09", "2020-10", "2020-11", "2020-12"], "y": [0.6862429976463318, 0.7450458407402039, 0.6362714767456055, 0.8393074870109558, 0.6381056904792786, -0.16507656872272491, -0.4624113142490387, -0.790955126285553, 0.2272067368030548, 0.4318968951702118, -0.20880846679210663, -0.21339558064937592, 0.6857024431228638, 1.0122179985046387, 0.6002025604248047, 0.9994675517082214, 0.3306578993797302, -0.01851176656782627, 0.4501686990261078, 0.24038568139076233, 0.18671207129955292, 0.6322032809257507, 1.5446118116378784, -0.05015069618821144]}, "spi_03": {"px": [], "py": [], "pt": [], "pb": [], "x": ["2019-01", "2019-02", "2019-03", "2019-04", "2019-05", "2019-06", "2019-07", "2019-08", "2019-09", "2019-10", "2019-11", "2019-12", "2020-01", "2020-02", "2020-03", "2020-04", "2020-05", "2020-06", "2020-07"], "y": [1.0241624116897583, 0.9705126285552979, 0.8330374956130981, 0.9424863457679749, 0.9685113430023193, 0.7544937133789062, 0.1683536022901535, -0.601647138595581, -0.6228112578392029, -0.17489832639694214, 0.02412421628832817, 0.3087488114833832, 0.5017002820968628, 0.819152295589447, 0.909068763256073, 1.1603891849517822, 0.8216341137886047, 0.7060424089431763, 0.20267322659492493]}, "spi_06": {"px": [], "py": [], "pt": [], "pb": [], "x": ["2019-01", "2019-02", "2019-03", "2019-04", "2019-05", "2019-06", "2019-07", "2019-08", "2019-09", "2019-10", "2019-11", "2019-12", "2020-01", "2020-02", "2020-03", "2020-04", "2020-05", "2020-06", "2020-07"], "y": [0.8798363208770752, 0.9107200503349304, 0.9582370519638062, 1.1028684377670288, 1.1728951930999756, 0.9246091246604919, 0.7386805415153503, 0.5692223906517029, 0.46085143089294434, 0.05145499110221863, -0.7369273900985718, -0.3472937345504761, 0.3796939253807068, 0.7619615197181702, 0.7915472984313965, 1.0434987545013428, 0.9743209481239319, 0.9714820981025696, 0.9060555696487427]}, "spi_12": {"px": ["2021-01", "2021-02", "2021-03", "2021-04", "2021-05", "2021-06", "2021-07", "2021-08", "2021-09", "2021-10", "2021-11", "2021-12"], "py": [1.0352323588627184, 1.224923394849939, 1.4395345051123152, 1.6026492147098854, 1.2678905099285251, 1.1393156334333052, 1.2949570774255124, 1.1989833625429904, 1.158054863061622, 1.1615710581712317, 1.1512699607974248, 1.089962434034741], "pt": [1.4882839250720026, 1.7700958184387172, 2.063369596493555, 2.2962827426160968, 2.0249141032415694, 1.9548166883863756, 2.165014098790519, 2.12037170098858, 2.1280619352113574, 2.177873655736287, 2.211849151435472, 2.1930424263342263], "pb": [0.5821807926534341, 0.6797509712611605, 0.8156994137310756, 0.9090156868036741, 0.5108669166154809, 0.32381457848023487, 0.4249000560605056, 0.2775950240974008, 0.18804779091188673, 0.14526846060617649, 0.09069077015937754, -0.013117558264744478], "x": ["2019-01", "2019-02", "2019-03", "2019-04", "2019-05", "2019-06", "2019-07", "2019-08", "2019-09", "2019-10", "2019-11", "2019-12", "2020-01", "2020-02", "2020-03", "2020-04", "2020-05", "2020-06", "2020-07", "2020-08", "2020-09", "2020-10", "2020-11", "2020-12"], "y": [0.21963724493980408, 0.12448275089263916, 0.8582804799079895, 1.0300428867340088, 1.14467453956604, 1.0700675249099731, 0.8784780502319336, 0.8503122925758362, 0.8534910678863525, 0.8704932928085327, 0.857196569442749, 0.7822881937026978, 0.8043199181556702, 0.9633966684341431, 1.1434111595153809, 1.276018738746643, 0.9749714732170105, 0.8659219741821289, 0.8436630964279175, 0.8307822942733765, 0.8291517496109009, 0.8434643745422363, 0.9211344122886658, 0.9977228045463562], "geox": [-39.53328597535396, -39.50811272549983, -39.49406160262278, -39.48496752655012, -39.48605553814543, -39.4839985206741, -39.47522544505326, -39.46938739579851, -39.46608636638251, -39.460064315404765, -39.45800329763992, -39.45647528400892, -39.45642128187338, -39.452583247552525, -39.45175423962726, -39.45155423518826, -39.45233524045937, -39.44952721616948, -39.4472491954061, -39.446754190536744, -39.448089200200364, -39.44733319265697, -39.444583168536106, -39.37348459040401, -39.32489119541423, -39.3417323396167, -39.36718155739704, -39.35891049007242, -39.36356453208008, -39.366234556899336, -39.372065608554884, -39.37611164328205, -39.37847466325265, -39.381250685138546, -39.38575972319533, -39.3893627546448, -39.391178770093525, -39.39409279447089, -39.39464179877239, -39.398712834316065, -39.40058285017958, -39.40124185516249, -39.404980886034906, -39.40723490312026, -39.408970918408706, -39.43645915555772, -39.517942858217054, -39.52081088179473, -39.52424891081112, -39.52432990647666, -39.52564491493982, -39.531154960195664, -39.53328597535396],