{"IIS3": {"px": [], "py": [], "pt": [], "pb": [], "x": ["2019-01", "2019-02", "2019-03", "2019-04", "2019-05", "2019-06", "2019-07", "2019-08", "2019-09", "2019-10", "2019-11", "2019-12", "2020-01", "2020-02", "2020-03", "2020-04", "2020-05", "2020-06", "2020-07", "2020-08", "2020-09", "2020-10", "2020-11", "2020-12"], "y": [NaN, NaN, NaN, NaN, NaN, NaN, NaN, NaN, NaN, NaN, NaN, NaN, NaN, NaN, NaN, NaN, NaN, NaN, NaN, NaN, NaN, NaN, NaN, NaN]}, "VHI": {"px": ["2021-01", "2021-02", "2021-03", "2021-04", "2021-05", "2021-06", "2021-07", "2021-08", "2021-09", "2021-10", "2021-11", "2021-12"], "py": [49.56390860761351, 51.3557202054849, 51.78126623384131, 57.90380133728746, 54.12845907182036, 67.79345826405334, 64.79566679924017, 67.25642769938926, 66.83476700973715, 58.97000469055044, 55.414512843452826, 48.24668561749384], "pt": [63.93154054977158, 68.79649729040966, 71.82952209380957, 80.25742343142397, 78.5709687307769, 94.1598788806046, 92.95485701894668, 97.10088868514558, 98.27429164404175, 91.92748588878162, 89.82304993285082, 84.04751357346706], "pb": [35.19627666545544, 33.91494312056014, 31.733010373873036, 35.55017924315095, 29.68594941286382, 41.42703764750209, 36.63647657953365, 37.41196671363295, 35.395242375432545, 26.01252349231926, 21.00597575405483, 12.445857661520627], "x": ["2019-01", "2019-02", "2019-03", "2019-04", "2019-05", "2019-06", "2019-07", "2019-08", "2019-09", "2019-10", "2019-11", "2019-12", "2020-01", "2020-02", "2020-03", "2020-04", "2020-05", "2020-06", "2020-07", "2020-08", "2020-09", "2020-10", "2020-11", "2020-12"], "y": [37.35349655151367, 34.98424530029297, 37.735496520996094, 41.42259979248047, 44.52825164794922, 42.620750427246094, 42.620750427246094, 43.8838005065918, 43.017398834228516, 36.53675079345703, 33.15093994140625, 27.512998580932617, 29.09531021118164, 30.62562370300293, 30.847000122070312, 35.16874694824219, 32.96375274658203, 44.803199768066406, 47.882747650146484, 44.9532470703125, 40.3474006652832, 35.07939910888672, 50.16074752807617, 47.979000091552734]}, "spi_01": {"px": [], "py": [], "pt": [], "pb": [], "x": ["2019-01", "2019-02", "2019-03", "2019-04", "2019-05", "2019-06", "2019-07", "2019-08", "2019-09", "2019-10", "2019-11", "2019-12", "2020-01", "2020-02", "2020-03", "2020-04", "2020-05", "2020-06", "2020-07", "2020-08", "2020-09", "2020-10", "2020-11", "2020-12"], "y": [NaN, NaN, NaN, NaN, NaN, NaN, NaN, NaN, NaN, NaN, NaN, NaN, NaN, NaN, NaN, NaN, NaN, NaN, NaN, NaN, NaN, NaN, NaN, NaN]}, "spi_03": {"px": [], "py": [], "pt": [], "pb": [], "x": ["2019-01", "2019-02", "2019-03", "2019-04", "2019-05", "2019-06", "2019-07", "2019-08", "2019-09", "2019-10", "2019-11", "2019-12", "2020-01", "2020-02", "2020-03", "2020-04", "2020-05", "2020-06", "2020-07"], "y": [NaN, NaN, NaN, NaN, NaN, NaN, NaN, NaN, NaN, NaN, NaN, NaN, NaN, NaN, NaN, NaN, NaN, NaN, NaN]}, "spi_06": {"px": [], "py": [], "pt": [], "pb": [], "x": ["2019-01", "2019-02", "2019-03", "2019-04", "2019-05", "2019-06", "2019-07", "2019-08", "2019-09", "2019-10", "2019-11", "2019-12", "2020-01", "2020-02", "2020-03", "2020-04", "2020-05", "2020-06", "2020-07"], "y": [NaN, NaN, NaN, NaN, NaN, NaN, NaN, NaN, NaN, NaN, NaN, NaN, NaN, NaN, NaN, NaN, NaN, NaN, NaN]}, "spi_12": {"px": [], "py": [], "pt": [], "pb": [], "x": ["2019-01", "2019-02", "2019-03", "2019-04", "2019-05", "2019-06", "2019-07", "2019-08", "2019-09", "2019-10", "2019-11", "2019-12", "2020-01", "2020-02", "2020-03", "2020-04", "2020-05", "2020-06", "2020-07", "2020-08", "2020-09", "2020-10", "2020-11", "2020-12"], "y": [NaN, NaN, NaN, NaN, NaN, NaN, NaN, NaN, NaN, NaN, NaN, NaN, NaN, NaN, NaN, NaN, NaN, NaN, NaN, NaN, NaN, NaN, NaN, NaN], "geox": [-47.838827921048946, -47.83830791677769, -47.67954570918873, -47.68045871692089, -47.68234573175994, -47.683189739218015, -47.68406375110166, -47.686843774503494, -47.68984380122403, -47.68929079985623, -47.690923815860984, -47.69267783070002, -47.69301083817627, -47.693846845958134, -47.697173870852225, -47.699596890257006, -47.704568928092606, -47.70714594976608, -47.711401981770294, -47.71478901296071, -47.71548302135883, -47.721674069451886, -47.72425709019619, -47.7281531230345, -47.72621811086944, -47.72685911765602, -47.72819112908397, -47.72849713499844, -47.730124150489424, -47.73390218094549, -47.73280017435198, -47.73393218522946, -47.73638320530981, -47.737593217642235, -47.738336229886926, -47.740508248156296, -47.7411602562617, -47.742284265863425, -47.751063338472775, -47.75251735177767, -47.75299135911633, -47.757121395008234, -47.75758240102491, -47.75715139962355, -47.755062387026065, -47.754316385510975, -47.75125936939709, -47.75129537505861, -47.752318385256835, -47.756020412079494, -47.75872942284143, -47.76555346752643, -47.76875049099958, -47.76995249852853, -47.770065497412084, -47.77184750967521, -47.772136509614626, -47.7714585022949, -47.768568475608085, -47.76995448409301, -47.772073499696496, -47.77322950537973, -47.77786053952852, -47.779633551088224, -47.780816558562286, -47.78078755658871, -47.77901053998464, -47.78368357141342, -47.78759359936463, -47.78814860254806, -47.78742559588, -47.789954611304545, -47.79446064359466, -47.79884967076989, -47.80154468912057, -47.80517671516012, -47.80704272953232, -47.81457378349538, -47.81859681607656, -47.82394085624662, -47.833544923973754, -47.83406892413417, -47.83354391675426, -47.83472192523363, -47.8393529604769, -47.83992996364902, -47.83914895477954, -47.835014918668485, -47.83612992067229, -47.83873993735864, -47.840786951714286, -47.83995794282929, -47.83690391678695, -47.83764891541176, -47.839846929875236, -47.838827921048946], "geoy": [-5.599578086952927, -5.599118084212641, -5.595769175320388, -5.596880182210149, -5.5975751855779, -5.599037194899072, -5.60637824410595, -5.6095572636893145, -5.615037298726215, -5.61899832600231, -5.624014358862911, -5.626118371875671, -5.633011418397517, -5.635000431287054, -5.6344564251989935, -5.635836432812183, -5.635910429729043, -5.638821447610778, -5.638357441393894, -5.645943490380385, -5.650283519299039, -5.651753524785562, -5.653310533469233, -5.657807561123217, -5.661317586308486, -5.663972603833284, -5.6657856151510435, -5.670751648572464, -5.675080676716021, -5.677510690430147, -5.6799637078450225, -5.683108728321317, -5.685127740210534, -5.68945876865636, -5.698546829644451, -5.700984844563758, -5.705318873424411, -5.706781882505637, -5.714931931239971, -5.718034951170466, -5.723156985475354, -5.729357024386068, -5.732797047314169, -5.735354064923981, -5.739813096614467, -5.745475135452001, -5.755151203129707, -5.76248225266756, -5.765784274234797, -5.764030259645298, -5.750682167411158, -5.740963096678446, -5.739873086958292, -5.737694071342457, -5.734998053031104, -5.733270040038575, -5.730189018994062, -5.727217999401852, -5.720720957583213, -5.7179309376980125, -5.717269931675529, -5.7130319021656994, -5.7116558894704434, -5.7090528705686445, -5.706987855737231, -5.70458083947857, -5.700299811819801, -5.694748770859192, -5.6923797519820045, -5.690964742005711, -5.689338731533705, -5.684150694594974, -5.681529673582977, -5.67307961322589, -5.670185591688507, -5.668093574896932, -5.668392575563913, -5.6640215405263925, -5.666878556928702, -5.66638154968491, -5.6593304950280885, -5.654055458974835, -5.649348427520586, -5.648721422426442, -5.648903420302411, -5.647237408617331, -5.643150381541066, -5.636534339778696, -5.627571278334926, -5.623256247256721, -5.6216372348263866, -5.618016210923258, -5.613990185879131, -5.604190119017233, -5.601117096638085, -5.599578086952927]}}