{"IIS3": {"px": [], "py": [], "pt": [], "pb": [], "x": ["2019-01", "2019-02", "2019-03", "2019-04", "2019-05", "2019-06", "2019-07", "2019-08", "2019-09", "2019-10", "2019-11", "2019-12", "2020-01", "2020-02", "2020-03", "2020-04", "2020-05", "2020-06", "2020-07", "2020-08", "2020-09", "2020-10", "2020-11", "2020-12"], "y": [NaN, NaN, NaN, NaN, NaN, NaN, NaN, NaN, NaN, NaN, NaN, NaN, NaN, NaN, NaN, NaN, NaN, NaN, NaN, NaN, NaN, NaN, NaN, NaN]}, "VHI": {"px": ["2021-01", "2021-02", "2021-03", "2021-04", "2021-05", "2021-06", "2021-07", "2021-08", "2021-09", "2021-10", "2021-11", "2021-12"], "py": [58.61073904312653, 56.94535434504503, 66.40139996003298, 67.20728772844556, 65.36202548315991, 60.575399838007215, 57.56969653101994, 64.49209728752905, 69.53766823105072, 64.63506722486662, 52.84915232846639, 58.6621766879165], "pt": [72.72235388439579, 72.42609241505443, 83.13964446046211, 85.11495108020794, 84.3672875040835, 80.61824300577831, 78.59898895876881, 86.46359513760025, 92.41259545584404, 88.37907432778627, 77.43153323568134, 84.05526686676858], "pb": [44.49912420185727, 41.46461627503564, 49.66315545960384, 49.299624376683184, 46.356763462236316, 40.53255667023612, 36.54040410327107, 42.52059943745785, 46.66274100625739, 40.891060121946964, 28.266771421251434, 33.26908650906442], "x": ["2019-01", "2019-02", "2019-03", "2019-04", "2019-05", "2019-06", "2019-07", "2019-08", "2019-09", "2019-10", "2019-11", "2019-12", "2020-01", "2020-02", "2020-03", "2020-04", "2020-05", "2020-06", "2020-07", "2020-08", "2020-09", "2020-10", "2020-11", "2020-12"], "y": [43.0467643737793, 29.22191047668457, 33.55500030517578, 54.81588363647461, 47.18514633178711, 45.325294494628906, 45.325294494628906, 52.66458511352539, 59.29752731323242, 56.26176452636719, 46.08625030517578, 52.13029861450195, 56.9901237487793, 55.47612380981445, 64.50849914550781, 64.21687316894531, 61.806617736816406, 57.21682357788086, 51.25999450683594, 59.20926284790039, 56.46317672729492, 44.82258605957031, 52.936614990234375, 55.07490158081055]}, "spi_01": {"px": [], "py": [], "pt": [], "pb": [], "x": ["2019-01", "2019-02", "2019-03", "2019-04", "2019-05", "2019-06", "2019-07", "2019-08", "2019-09", "2019-10", "2019-11", "2019-12", "2020-01", "2020-02", "2020-03", "2020-04", "2020-05", "2020-06", "2020-07", "2020-08", "2020-09", "2020-10", "2020-11", "2020-12"], "y": [NaN, NaN, NaN, NaN, NaN, NaN, NaN, NaN, NaN, NaN, NaN, NaN, NaN, NaN, NaN, NaN, NaN, NaN, NaN, NaN, NaN, NaN, NaN, NaN]}, "spi_03": {"px": [], "py": [], "pt": [], "pb": [], "x": ["2019-01", "2019-02", "2019-03", "2019-04", "2019-05", "2019-06", "2019-07", "2019-08", "2019-09", "2019-10", "2019-11", "2019-12", "2020-01", "2020-02", "2020-03", "2020-04", "2020-05", "2020-06", "2020-07"], "y": [NaN, NaN, NaN, NaN, NaN, NaN, NaN, NaN, NaN, NaN, NaN, NaN, NaN, NaN, NaN, NaN, NaN, NaN, NaN]}, "spi_06": {"px": [], "py": [], "pt": [], "pb": [], "x": ["2019-01", "2019-02", "2019-03", "2019-04", "2019-05", "2019-06", "2019-07", "2019-08", "2019-09", "2019-10", "2019-11", "2019-12", "2020-01", "2020-02", "2020-03", "2020-04", "2020-05", "2020-06", "2020-07"], "y": [NaN, NaN, NaN, NaN, NaN, NaN, NaN, NaN, NaN, NaN, NaN, NaN, NaN, NaN, NaN, NaN, NaN, NaN, NaN]}, "spi_12": {"px": [], "py": [], "pt": [], "pb": [], "x": ["2019-01", "2019-02", "2019-03", "2019-04", "2019-05", "2019-06", "2019-07", "2019-08", "2019-09", "2019-10", "2019-11", "2019-12", "2020-01", "2020-02", "2020-03", "2020-04", "2020-05", "2020-06", "2020-07", "2020-08", "2020-09", "2020-10", "2020-11", "2020-12"], "y": [NaN, NaN, NaN, NaN, NaN, NaN, NaN, NaN, NaN, NaN, NaN, NaN, NaN, NaN, NaN, NaN, NaN, NaN, NaN, NaN, NaN, NaN, NaN, NaN], "geox": [-38.273891203849765, -38.213440652717836, -38.175448308072376, -38.174060298330716, -38.170975270433566, -38.17022526438326, -38.16497722320913, -38.16234420373497, -38.16228220586424, -38.166552249526426, -38.163470228524766, -38.15744017659819, -38.15544915827881, -38.15010911419394, -38.14811709651855, -38.14606108045955, -38.14512007770265, -38.14119804188224, -38.1402520338453, -38.138748023490386, -38.1382730246647, -38.13920003395005, -38.140555045869334, -38.14164605865023, -38.14413308060067, -38.145258089165786, -38.1458970909884, -38.14698009915866, -38.14880311521617, -38.15280315500819, -38.15657718915511, -38.15636718842445, -38.1591402157169, -38.159772223918935, -38.15914321935802, -38.15708020213995, -38.15552918771527, -38.15414217593149, -38.15163915653577, -38.15158215710883, -38.15380817769706, -38.15569519408316, -38.15971523518933, -38.15852722859427, -38.15608520921679, -38.15523020448047, -38.15539320699702, -38.15641621626786, -38.15900523689864, -38.15965624389403, -38.160144251820384, -38.162860278229985, -38.1638582901009, -38.16372929128863, -38.16436129727045, -38.16205728097247, -38.15996726435333, -38.159586262506586, -38.16105827723811, -38.16061627558895, -38.1626012932097, -38.162090289798414, -38.1628882991411, -38.161416288049864, -38.15927526937902, -38.15874326594669, -38.15775626034141, -38.15831226791964, -38.15700625855475, -38.15772126591688, -38.15587025423368, -38.156498262282035, -38.15477725038446, -38.15586426212226, -38.15422324919779, -38.154203250514314, -38.15280224000355, -38.14993721410155, -38.148472199510294, -38.147640193173594, -38.14500317551677, -38.147505203564556, -38.146475196707065, -38.1447181807858, -38.144086176190946, -38.14783321285749, -38.15308526693568, -38.15990933261613, -38.159420334250896, -38.16089335238096, -38.16308837500806, -38.16399938393624, -38.16567139750617, -38.16694840919919, -38.16861342632876, -38.169192434056555, -38.171419454545244, -38.17247146563413, -38.17372547731005, -38.17431248141732, -38.174999488423175, -38.177020506113514, -38.178059516725504, -38.17922452941224, -38.179207530839186, -38.17776752009772, -38.18186456356234, -38.182729570736626, -38.18430958688179, -38.18531359598592, -38.185783599000196, -38.18895162729231, -38.18811861528104, -38.190670633563876, -38.191140635131774, -38.19294765219842, -38.194781667137434, -38.1967886853097, -38.20257773891592, -38.20458175952927, -38.2055527682945, -38.20575177293602, -38.20753278994897, -38.209467807172096, -38.20996781274266, -38.214305851284266, -38.21492085781995, -38.21661887182985, -38.21769787881463, -38.22159191463126, -38.22198591703692, -38.223660933462995, -38.225481948700114, -38.22820097553236, -38.22741596972605, -38.227024965111454, -38.225774954441825, -38.22869898606447, -38.23064600272658, -38.232052014111055, -38.23266702064387, -38.23393603162755, -38.2366660575019, -38.23930908050673, -38.24419612056098, -38.245107128820095, -38.24607613998702, -38.24975317313259, -38.252943200357926, -38.25461621330107, -38.25545022282319, -38.2561752284316, -38.25944625770035, -38.26019626283, -38.26176228004337, -38.26387829891465, -38.265617312276056, -38.26563830821416, -38.26873132991269, -38.26948033581147, -38.270975351424774, -38.27194035994642, -38.27358037263089, -38.27409237823399, -38.27492338514405, -38.27494738292951, -38.27600639019782, -38.28172743665435, -38.285976475244674, -38.290803517495604, -38.2933095420575, -38.296113573181195, -38.29778958660339, -38.30138762019, -38.30349863921163, -38.30470065361039, -38.307196675555936, -38.30805968409931, -38.30772968378037, -38.30875969316507, -38.31025170443256, -38.310922711344716, -38.30703268477082, -38.30708168842618, -38.30815269745061, -38.31250173771875, -38.31492075830098, -38.315553766518164, -38.31875479166707, -38.32125081326883, -38.3206178117959, -38.322078828081914, -38.32153982581498, -38.32234183819055, -38.32291684426477, -38.32834389500023, -38.32978690839075, -38.33336294489414, -38.333952949113595, -38.33467295641181, -38.337505981311324, -38.33830598779158, -38.3379479834689, -38.3398429989063, -38.34021500060076, -38.342554020337175, -38.3476380678818, -38.35123209976375, -38.35294911983588, -38.35281412125677, -38.35422213585546, -38.35916918103798, -38.361724203384945, 