{"IIS3": {"px": [], "py": [], "pt": [], "pb": [], "x": ["2019-01", "2019-02", "2019-03", "2019-04", "2019-05", "2019-06", "2019-07", "2019-08", "2019-09", "2019-10", "2019-11", "2019-12", "2020-01", "2020-02", "2020-03", "2020-04", "2020-05", "2020-06", "2020-07", "2020-08", "2020-09", "2020-10", "2020-11", "2020-12"], "y": [NaN, NaN, NaN, NaN, NaN, NaN, NaN, NaN, NaN, NaN, NaN, NaN, NaN, NaN, NaN, NaN, NaN, NaN, NaN, NaN, NaN, NaN, NaN, NaN]}, "VHI": {"px": ["2021-01", "2021-02", "2021-03", "2021-04", "2021-05", "2021-06", "2021-07", "2021-08", "2021-09", "2021-10", "2021-11", "2021-12"], "py": [72.3985970267123, 75.35185765395494, 65.13429881371997, 61.37868400478642, 68.29112639364234, 83.32958760157838, 78.13156888114119, 89.78193305163676, 77.70960159445414, 64.76256725656727, 54.77710034446082, 46.94795912082495], "pt": [81.36610772313173, 85.87074362046032, 77.00348900775977, 74.4595245644843, 82.4805274956686, 98.54700582938992, 94.31182015873503, 106.87085476402177, 95.66125776256214, 83.5373554861031, 74.34041772546406, 67.26923124723993], "pb": [63.43108633029286, 64.83297168744956, 53.26510861968016, 48.297843445088546, 54.10172529161609, 68.11216937376686, 61.95131760354735, 72.69301133925175, 59.757945426346126, 45.987779027031436, 35.213782963457575, 26.626686994409965], "x": ["2019-01", "2019-02", "2019-03", "2019-04", "2019-05", "2019-06", "2019-07", "2019-08", "2019-09", "2019-10", "2019-11", "2019-12", "2020-01", "2020-02", "2020-03", "2020-04", "2020-05", "2020-06", "2020-07", "2020-08", "2020-09", "2020-10", "2020-11", "2020-12"], "y": [64.43238067626953, 62.77381134033203, 53.21809768676758, 52.51285934448242, 54.52368927001953, 63.412174224853516, 63.412174224853516, 73.2385025024414, 62.66291046142578, 51.253273010253906, 42.51267623901367, 35.97824478149414, 60.19478988647461, 63.14767837524414, 53.99081802368164, 50.56515884399414, 57.0997314453125, 71.40121459960938, 72.143310546875, 74.97671508789062, 62.67918014526367, 52.146549224853516, 53.91835403442383, 45.97219467163086]}, "spi_01": {"px": ["2021-01", "2021-02", "2021-03", "2021-04", "2021-05", "2021-06", "2021-07", "2021-08", "2021-09", "2021-10", "2021-11", "2021-12"], "py": [1.3524665186950857, -0.07453166655808174, 0.5500589872814623, 0.29722290026856957, -0.3779832032936854, -0.94257345800341, 0.3717350668989048, -0.1633641141925266, 0.015655642014933635, -0.3349459327158961, 0.6841856134869739, -0.011766699470274311], "pt": [2.1800733051023027, 0.7530751198491359, 1.3776657736886797, 1.1248296866757874, 0.44962358311353245, -0.1149666715961919, 1.1993418533061226, 0.6642426722146917, 0.8432624284221517, 0.49266085369132195, 1.5117923998941922, 0.8158400869369444], "pb": [0.5248597322878683, -0.9021384529652994, -0.27754779912575533, -0.5303838861386483, -1.2055899897009033, -1.770180244410628, -0.45587171950831307, -0.9909709005997448, -0.8119511443922844, -1.1625527191231144, -0.14342117292024437, -0.8393734858774928], "x": ["2019-01", "2019-02", "2019-03", "2019-04", "2019-05", "2019-06", "2019-07", "2019-08", "2019-09", "2019-10", "2019-11", "2019-12", "2020-01", "2020-02", "2020-03", "2020-04", "2020-05", "2020-06", "2020-07", "2020-08", "2020-09", "2020-10", "2020-11", "2020-12"], "y": [-0.009492285549640656, 0.6234772801399231, 1.0706959962844849, 0.3239443004131317, 0.2729809880256653, -0.8501030206680298, 0.3691566586494446, -0.15447178483009338, -0.029545381665229797, -0.39478135108947754, 0.5479110479354858, -0.13982345163822174, 1.084586501121521, -0.20814248919487, 0.423223078250885, 0.20576167106628418, -0.40495243668556213, -0.9495121836662292, 0.19804033637046814, 0.47917863726615906, 0.3457055687904358, -0.30136749148368835, 1.615347146987915, -0.729149341583252]}, "spi_03": {"px": [], "py": [], "pt": [], "pb": [], "x": ["2019-01", "2019-02", "2019-03", "2019-04", "2019-05", "2019-06", "2019-07", "2019-08", "2019-09", "2019-10", "2019-11", "2019-12", "2020-01", "2020-02", "2020-03", "2020-04", "2020-05", "2020-06", "2020-07"], "y": [0.6863033771514893, 0.7023824453353882, 0.7657310366630554, 0.8288374543190002, 0.6908621191978455, 0.10018907487392426, -0.05150949954986572, -0.411362886428833, 0.17613282799720764, -0.7164984941482544, -0.0045273639261722565, -0.2172526717185974, 0.9088569283485413, 0.4944852590560913, 0.5957905650138855, 0.09873045980930328, 0.09047999978065491, -0.29861724376678467, -0.7115752696990967]}, "spi_06": {"px": [], "py": [], "pt": [], "pb": [], "x": ["2019-01", "2019-02", "2019-03", "2019-04", "2019-05", "2019-06", "2019-07", "2019-08", "2019-09", "2019-10", "2019-11", "2019-12", "2020-01", "2020-02", "2020-03", "2020-04", "2020-05", "2020-06", "2020-07"], "y": [0.5421558618545532, 0.6021522283554077, 0.9062361121177673, 0.7947274446487427, 0.7586079835891724, 0.47595372796058655, 0.6123784184455872, 0.49376922845840454, 0.09551392495632172, -0.19757598638534546, -0.449709951877594, -0.1912361979484558, 0.7410570383071899, 0.40946704149246216, 0.4479691982269287, 0.4354391396045685, 0.29091745615005493, 0.23004603385925293, -0.18777263164520264]}, "spi_12": {"px": ["2021-01", "2021-02", "2021-03", "2021-04", "2021-05", "2021-06", "2021-07", "2021-08", "2021-09", "2021-10", "2021-11", "2021-12"], "py": [0.5093213238276357, 0.3650374598548711, 0.22585277517534985, 0.19306393604080108, 0.07720092365625941, 0.07755264470654377, 0.2571484550188494, 0.22440078555400533, 0.21004895110311383, 0.19586394442566823, 0.21833160666355123, 0.07982492747962855], "pt": [0.8505040929216059, 0.7669692956781864, 0.680487484991892, 0.6948968146883072, 0.6221594145647997, 0.6624656942574876, 0.8794560913665452, 0.8819799161370305, 0.9011016493107094, 0.9188420564191571, 0.9718837741631479, 0.8627581225001308], "pb": [0.16813855473366557, -0.03689437596844414, -0.22878193464119234, -0.30876894260670507, -0.467757567252281, -0.5073604048444, -0.3651591813288464, -0.43317834502901975, -0.4810037471044818, -0.5271141675678204, -0.5352205608360456, -0.7031082675408736], "x": ["2019-01", "2019-02", "2019-03", "2019-04", "2019-05", "2019-06", "2019-07", "2019-08", "2019-09", "2019-10", "2019-11", "2019-12", "2020-01", "2020-02", "2020-03", "2020-04", "2020-05", "2020-06", "2020-07", "2020-08", "2020-09", "2020-10", "2020-11", "2020-12"], "y": [0.4416092038154602, 0.18558111786842346, 0.557914137840271, 0.43325504660606384, 0.5281579494476318, 0.5485808849334717, 0.5896276235580444, 0.5880533456802368, 0.5875551700592041, 0.5659650564193726, 0.5833936929702759, 0.3859984278678894, 0.7553598880767822, 0.5565564036369324, 0.3701024651527405, 0.30613332986831665, 0.15866641700267792, 0.14609359204769135, 0.11926740407943726, 0.13175968825817108, 0.1335141658782959, 0.14044982194900513, 0.2331150472164154, 0.19721080362796783],