{"IIS3": {"px": [], "py": [], "pt": [], "pb": [], "x": ["2019-01", "2019-02", "2019-03", "2019-04", "2019-05", "2019-06", "2019-07", "2019-08", "2019-09", "2019-10", "2019-11", "2019-12", "2020-01", "2020-02", "2020-03", "2020-04", "2020-05", "2020-06", "2020-07", "2020-08", "2020-09", "2020-10", "2020-11", "2020-12"], "y": [NaN, NaN, NaN, NaN, NaN, NaN, NaN, NaN, NaN, NaN, NaN, NaN, NaN, NaN, NaN, NaN, NaN, NaN, NaN, NaN, NaN, NaN, NaN, NaN]}, "VHI": {"px": ["2021-01", "2021-02", "2021-03", "2021-04", "2021-05", "2021-06", "2021-07", "2021-08", "2021-09", "2021-10", "2021-11", "2021-12"], "py": [54.31087648029229, 50.80968283766077, 51.345250448721174, 64.90062663146611, 46.17813189645203, 44.958062879710084, 57.417931336771815, 63.179858302362604, 45.57801567100755, 46.99055087432093, 44.53001805319536, 52.180043634953435], "pt": [67.2220029421602, 64.7756638228576, 66.29182407759721, 80.76730560370054, 62.91440806447936, 62.52093218791292, 75.77020140620864, 82.2889465868957, 65.41506921811009, 67.52978483752284, 65.74820765927817, 74.05612666012533], "pb": [41.399750018424385, 36.84370185246395, 36.398676819845136, 49.033947659231686, 29.4418557284247, 27.39519357150725, 39.06566126733499, 44.0707700178295, 25.740962123905007, 26.451316911119022, 23.31182844711256, 30.30396060978154], "x": ["2019-01", "2019-02", "2019-03", "2019-04", "2019-05", "2019-06", "2019-07", "2019-08", "2019-09", "2019-10", "2019-11", "2019-12", "2020-01", "2020-02", "2020-03", "2020-04", "2020-05", "2020-06", "2020-07", "2020-08", "2020-09", "2020-10", "2020-11", "2020-12"], "y": [32.70833206176758, 27.937082290649414, 41.6854133605957, 56.84743118286133, 37.56666564941406, 48.348751068115234, 48.348751068115234, 55.07114028930664, 39.861427307128906, 41.45083236694336, 39.3985710144043, 46.305423736572266, 51.8803596496582, 48.93320846557617, 49.9462890625, 63.1199951171875, 44.61207962036133, 43.36100387573242, 56.88393020629883, 64.85208129882812, 49.326663970947266, 36.57999801635742, 48.21541213989258, 43.559444427490234]}, "spi_01": {"px": [], "py": [], "pt": [], "pb": [], "x": ["2019-01", "2019-02", "2019-03", "2019-04", "2019-05", "2019-06", "2019-07", "2019-08", "2019-09", "2019-10", "2019-11", "2019-12", "2020-01", "2020-02", "2020-03", "2020-04", "2020-05", "2020-06", "2020-07", "2020-08", "2020-09", "2020-10", "2020-11", "2020-12"], "y": [NaN, NaN, NaN, NaN, NaN, NaN, NaN, NaN, NaN, NaN, NaN, NaN, NaN, NaN, NaN, NaN, NaN, NaN, NaN, NaN, NaN, NaN, NaN, NaN]}, "spi_03": {"px": [], "py": [], "pt": [], "pb": [], "x": ["2019-01", "2019-02", "2019-03", "2019-04", "2019-05", "2019-06", "2019-07", "2019-08", "2019-09", "2019-10", "2019-11", "2019-12", "2020-01", "2020-02", "2020-03", "2020-04", "2020-05", "2020-06", "2020-07"], "y": [NaN, NaN, NaN, NaN, NaN, NaN, NaN, NaN, NaN, NaN, NaN, NaN, NaN, NaN, NaN, NaN, NaN, NaN, NaN]}, "spi_06": {"px": [], "py": [], "pt": [], "pb": [], "x": ["2019-01", "2019-02", "2019-03", "2019-04", "2019-05", "2019-06", "2019-07", "2019-08", "2019-09", "2019-10", "2019-11", "2019-12", "2020-01", "2020-02", "2020-03", "2020-04", "2020-05", "2020-06", "2020-07"], "y": [NaN, NaN, NaN, NaN, NaN, NaN, NaN, NaN, NaN, NaN, NaN, NaN, NaN, NaN, NaN, NaN, NaN, NaN, NaN]}, "spi_12": {"px": [], "py": [], "pt": [], "pb": [], "x": ["2019-01", "2019-02", "2019-03", "2019-04", "2019-05", "2019-06", "2019-07", "2019-08", "2019-09", "2019-10", "2019-11", "2019-12", "2020-01", "2020-02", "2020-03", "2020-04", "2020-05", "2020-06", "2020-07", "2020-08", "2020-09", "2020-10", "2020-11", "2020-12"], "y": [NaN, NaN, NaN, NaN, NaN, NaN, NaN, NaN, NaN, NaN, NaN, NaN, NaN, NaN, NaN, NaN, NaN, NaN, NaN, NaN, NaN, NaN, NaN, NaN], "geox": [-41.71713689873591, -41.71760589874573, -41.71277184168, -41.70965079456688, -41.702515735972135, -41.7004897107521, -41.698066690546796, -41.697242681314584, -41.696488675480246, -41.69478565739565, -41.69391964465636, -41.69265963216787, -41.68210655013545, -41.67698848644976, -41.67662346601733, -41.672970429775, -41.67024539098897, -41.66863338007089, -41.66664937283631, -41.66511236298391, -41.65903731700954, -41.65705930807536, -41.65362428220262, -41.651271258497694, -41.647745212542645, -41.644785191166655, -41.642405159278454, -41.63878612056914, -41.633991078838434, -41.63303206738398, -41.63381806423949, -41.63318605354872, -41.63057702347377, -41.62932700424212, -41.62958799443982, -41.62751497293395, -41.62417894269672, -41.62219292216404, -41.621815913526675, -41.62077690221742, -41.62106889726528, -41.61833986103992, -41.616548830444124, -41.618046839891704, -41.618447839514516, -41.616692817002544, -41.61334878563642, -41.61214676122887, -41.611445752281384, -41.609210730506696, -41.608710719642154, -41.607048694342325, -41.605589680378735, -41.60065964060483, -41.59782661354103, -41.59692959491549, -41.59508157434185, -41.595205568453935, -41.592725537075204, -41.5881634961689, -41.5854984828625, -41.58547749184671, -41.582921469837366, -41.58039045828635, -41.57837244143214, -41.57567442328391, -41.57213839512522, -41.571651402253245, -41.57482545028168, -41.574269456739046, -41.57597548275748, -41.58064553856864, -41.58435157814548, -41.58763961788773, -41.58737861877679, -41.585589604018146, -41.58432359641756, -41.58344059500126, -41.58495961910175, -41.582868607266455, -41.576711554791586, -41.57481554134219, -41.57121652122972, -41.571936533202624, -41.57808059577142, -41.58459366700799, -41.588143701353346, -41.58961471777116, -41.59119474964198, -41.59696181475415, -41.59658981620486, -41.59783082804811, -41.598486831516915, -41.598869838178125, -41.59827083561897, -41.6020628725727, -41.60262788171389, -41.60468190216088, -41.60506590675877, -41.60372489833068, -41.608206941031916, -41.61116596338892, -41.61439799646174, -41.61460200073883, -41.61714502851457, -41.61875505078133, -41.6199080607109, -41.62090407206372, -41.62266708658512, -41.62402110438372, -41.62573012016338, -41.62527812098414, -41.630202176378745, -41.630136177935654, -41.6316361908037, -41.635887236029234, -41.6364302457874, -41.638412268939675, -41.637968266820636, -41.63876427633782, -41.638216273972695, -41.639508285733356, -41.640664300623705, -41.641579309247426, -41.64374433617096, -41.643712337851674, -41.64221432523144, -41.64299433369035, -41.64282633421876, -41.645937367797025, -41.65238142236105, -41.65411243890334, -41.65473444020978, -41.65315841765372, -41.653455418193765, -41.655353431245466, -41.65754545233301, -41.66492450756798, -41.665056503531154, -41.662294469874, -41.66266046722626, -41.67163055199032, -41.67318956848807, -41.6745915902137, -41.67642061243743, -41.677938625507565, -41.679148631897526, -41.67791860441266, -41.67791160184851, -41.682189629948006, -41.68829468650808, -41.69122769855099, -41.69341371439951, -41.69574373528176, -41.701913802200394, -41.705720838233226, -41.704821834799645, -41.70513384329641, -41.70390683702129, -41.704566844811275, -41.71077289824252, -41.71257690968209, -41.71634894415625, -41.71836295832271, -41.71940996339383, -41.71808494746621, -41.71793993471672, -41.71318488640554, -41.70913084257101, -41.7061328186383, -41.7051548075844, -41.70786182087838, -41.71713689873591],