{"IIS3": {"px": [], "py": [], "pt": [], "pb": [], "x": ["2019-01", "2019-02", "2019-03", "2019-04", "2019-05", "2019-06", "2019-07", "2019-08", "2019-09", "2019-10", "2019-11", "2019-12", "2020-01", "2020-02", "2020-03", "2020-04", "2020-05", "2020-06", "2020-07", "2020-08", "2020-09", "2020-10", "2020-11", "2020-12"], "y": [NaN, NaN, NaN, NaN, NaN, NaN, NaN, NaN, NaN, NaN, NaN, NaN, NaN, NaN, NaN, NaN, NaN, NaN, NaN, NaN, NaN, NaN, NaN, NaN]}, "VHI": {"px": ["2021-01", "2021-02", "2021-03", "2021-04", "2021-05", "2021-06", "2021-07", "2021-08", "2021-09", "2021-10", "2021-11", "2021-12"], "py": [53.39470055109777, 53.317978724230656, 56.004395974734535, 60.24634298402114, 51.005399308381485, 44.79262873525444, 49.02247614255212, 51.797893255211335, 40.875002493269065, 43.75204204808753, 48.56985393597964, 48.77553749214502], "pt": [60.16721165257647, 60.090489825709355, 62.776907076213234, 67.01885408549984, 57.77791040986018, 51.56513983673314, 55.79498724403082, 58.570404356690034, 47.647513594747764, 50.52455314956623, 55.342365037458336, 55.54804859362372], "pb": [46.62218944961907, 46.54546762275196, 49.23188487325584, 53.47383188254244, 44.232888206902786, 38.02011763377574, 42.24996504107342, 45.025382153732636, 34.102491391790366, 36.97953094660883, 41.79734283450094, 42.00302639066632], "x": ["2019-01", "2019-02", "2019-03", "2019-04", "2019-05", "2019-06", "2019-07", "2019-08", "2019-09", "2019-10", "2019-11", "2019-12", "2020-01", "2020-02", "2020-03", "2020-04", "2020-05", "2020-06", "2020-07", "2020-08", "2020-09", "2020-10", "2020-11", "2020-12"], "y": [47.57624816894531, 53.44249725341797, 62.810935974121094, 58.23474884033203, 48.0178108215332, 50.26249694824219, 50.26249694824219, 53.46099853515625, 42.22899627685547, 45.12968444824219, 50.37643051147461, 50.58228302001953, 54.698211669921875, 54.820709228515625, 57.81885528564453, 62.04750442504883, 52.19218444824219, 45.42124938964844, 47.55999755859375, 60.2443733215332, 40.948753356933594, 43.84449768066406, 40.381561279296875, 47.823333740234375]}, "spi_01": {"px": ["2021-01", "2021-02", "2021-03", "2021-04", "2021-05", "2021-06", "2021-07", "2021-08", "2021-09", "2021-10", "2021-11", "2021-12"], "py": [0.3921506016118306, 1.0960496432811286, -1.0339404716971745, 1.024233616490795, 0.02719769892964452, 0.0919403464506039, -0.40234469321070643, 0.5181132157678414, 0.6875236146994146, 0.022786644466835426, -1.013805232357881, 0.16948639425982925], "pt": [1.697897326050164, 2.4705438298837716, 0.4060227325644781, 2.526815990356039, 1.5898920231253708, 1.712518425870587, 1.2741197627559533, 2.248660190785454, 2.4705134052943123, 1.8567202185061635, 0.8696947317014994, 2.1012813821492564], "pb": [-0.9135961228265024, -0.27844454332151436, -2.473903675958827, -0.47834875737444893, -1.5354966252660813, -1.5286377329693794, -2.0788091491773657, -1.2124337592497718, -1.0954661758954831, -1.8111469295724925, -2.8973051964172614, -1.7623085936295981], "x": ["2019-01", "2019-02", "2019-03", "2019-04", "2019-05", "2019-06", "2019-07", "2019-08", "2019-09", "2019-10", "2019-11", "2019-12", "2020-01", "2020-02", "2020-03", "2020-04", "2020-05", "2020-06", "2020-07", "2020-08", "2020-09", "2020-10", "2020-11", "2020-12"], "y": [-2.331298828125, 0.20151306688785553, -2.355377197265625, 0.07706176489591599, -0.4051547348499298, 0.20558571815490723, -0.9575366973876953, -0.09587477147579193, 0.10154755413532257, -0.42484140396118164, -1.3249781131744385, -0.3387660086154938, 0.0670052319765091, 0.6965875625610352, -1.2695070505142212, 0.48969852924346924, -0.4005530774593353, -0.3196709156036377, -0.7116230726242065, -0.10811566561460495, -0.36716312170028687, -1.1717756986618042, -0.4850102663040161, -0.14145970344543457]}, "spi_03": {"px": [], "py": [], "pt": [], "pb": [], "x": ["2019-01", "2019-02", "2019-03", "2019-04", "2019-05", "2019-06", "2019-07", "2019-08", "2019-09", "2019-10", "2019-11", "2019-12", "2020-01", "2020-02", "2020-03", "2020-04", "2020-05", "2020-06", "2020-07"], "y": [-2.0377707481384277, -1.7269444465637207, -2.187108039855957, -0.9314842820167542, -2.0748963356018066, -0.30973654985427856, -0.8419433832168579, -0.9895562529563904, -0.42029955983161926, -0.4587860405445099, -1.0915247201919556, -0.9009226560592651, -0.5451620817184448, 0.10272618383169174, -0.01848747953772545, 0.1307455152273178, -0.971524178981781, -0.09754540026187897, -1.0706998109817505]}, "spi_06": {"px": [], "py": [], "pt": [], "pb": [], "x": ["2019-01", "2019-02", "2019-03", "2019-04", "2019-05", "2019-06", "2019-07", "2019-08", "2019-09", "2019-10", "2019-11", "2019-12", "2020-01", "2020-02", "2020-03", "2020-04", "2020-05", "2020-06", "2020-07"], "y": [-1.4308617115020752, -1.471111536026001, -2.0442211627960205, -2.254770040512085, -2.3297688961029053, -2.3036670684814453, -1.1956257820129395, -2.1174302101135254, -0.8282729983329773, -0.9425644874572754, -1.3597973585128784, -0.980161190032959, -0.6494455933570862, -0.3367096185684204, -0.5689436197280884, -0.4514407515525818, -0.2159520983695984, -0.10512767732143402, -0.20683598518371582]}, "spi_12": {"px": ["2021-01", "2021-02", "2021-03", "2021-04", "2021-05", "2021-06", "2021-07", "2021-08", "2021-09", "2021-10", "2021-11", "2021-12"], "py": [1.216942944537859, 1.2236977323812726, 1.3040247324538896, 1.31272139795806, 1.135482236549704, 0.9444869950635351, 1.0835594213378297, 0.3416893156383267, -0.19659466753496257, -0.5864888427390036, -0.886169567082884, 0.10910422012270748], "pt": [2.181260735962426, 2.393338398477219, 2.6479777720772173, 2.810840304333717, 2.7733194514668664, 2.7110263315899044, 2.9700407258893584, 2.340929720729683, 1.9093760545495737, 1.6210580236275245, 1.4184808732512, 2.506929096351058], "pb": [0.2526251531132919, 0.05405706628532636, -0.03992830716943807, -0.18539750841759695, -0.502354978367459, -0.8220523414628338, -0.8029218832136986, -1.6575510894530294, -2.3025653896194993, -2.7940357091055317, -3.1908200074169684, -2.2887206561056432], "x": ["2019-01", "2019-02", "2019-03", "2019-04", "2019-05", "2019-06", "2019-07", "2019-08", "2019-09", "2019-10", "2019-11", "2019-12", "2020-01", "2020-02", "2020-03", "2020-04", "2020-05", "2020-06", "2020-07", "2020-08", "2020-09", "2020-10", "2020-11", "2020-12"], "y": [-1.2332324981689453, -1.437645435333252, -1.8934005498886108, -1.9011502265930176, -1.8912287950515747, -1.8031009435653687, -1.802541732788086, -2.057709217071533, -2.2156243324279785, -2.310736656188965, -2.381511926651001, -1.9260432720184326, -1.0358253717422485, -0.9454311728477478, -0.8015981912612915, -0.6946490406990051, -0.6870246529579163, -0.7011573910713196, -0.6838435530662537, -0.6941695213317871, -0.7826309204101562, -0.873946487903595, -0.6542244553565979, -0.5290523767471313],