{"IIS3": {"px": [], "py": [], "pt": [], "pb": [], "x": ["2019-01", "2019-02", "2019-03", "2019-04", "2019-05", "2019-06", "2019-07", "2019-08", "2019-09", "2019-10", "2019-11", "2019-12", "2020-01", "2020-02", "2020-03", "2020-04", "2020-05", "2020-06", "2020-07", "2020-08", "2020-09", "2020-10", "2020-11", "2020-12"], "y": [NaN, NaN, NaN, NaN, NaN, NaN, NaN, NaN, NaN, NaN, NaN, NaN, NaN, NaN, NaN, NaN, NaN, NaN, NaN, NaN, NaN, NaN, NaN, NaN]}, "VHI": {"px": ["2021-01", "2021-02", "2021-03", "2021-04", "2021-05", "2021-06", "2021-07", "2021-08", "2021-09", "2021-10", "2021-11", "2021-12"], "py": [43.843609497162234, 48.35595690961057, 53.638269306323835, 66.81105645701003, 67.26927603919708, 79.04084610280452, 52.31164669967373, 60.39603567357668, 55.55988139696592, 63.00651111118934, 60.983562124087186, 47.50704955218474], "pt": [70.23473025375878, 78.73602865458223, 87.5411639271374, 103.90369411073254, 107.29828142967258, 121.80506919864808, 97.64636056699007, 108.16311414684955, 105.64132796465378, 115.29999822720157, 115.39924276113243, 103.96520931349175], "pb": [17.45248874056569, 17.97588516463891, 19.735374685510273, 29.718418803287513, 27.240270648721577, 36.27662300696096, 6.9769328323573845, 12.628957200303802, 5.478434829278072, 10.71302399517711, 6.567881487041937, -8.95111020912227], "x": ["2019-01", "2019-02", "2019-03", "2019-04", "2019-05", "2019-06", "2019-07", "2019-08", "2019-09", "2019-10", "2019-11", "2019-12", "2020-01", "2020-02", "2020-03", "2020-04", "2020-05", "2020-06", "2020-07", "2020-08", "2020-09", "2020-10", "2020-11", "2020-12"], "y": [41.694664001464844, 34.075294494628906, 41.4387321472168, 49.88313293457031, 42.699119567871094, 30.589599609375, 30.589599609375, 35.95899963378906, 32.40407943725586, 37.9005012512207, 36.96119689941406, 28.5947208404541, 31.908004760742188, 38.228599548339844, 44.52702713012695, 56.62111282348633, 57.0428352355957, 68.4791030883789, 73.97802734375, 70.41414642333984, 50.82156753540039, 37.347225189208984, 47.67493438720703, 45.718223571777344]}, "spi_01": {"px": ["2021-01", "2021-02", "2021-03", "2021-04", "2021-05", "2021-06", "2021-07", "2021-08", "2021-09", "2021-10", "2021-11", "2021-12"], "py": [1.6127466391623022, 1.2611330020050118, 2.65939622887283, 2.145034096343296, 3.2059312172711696, 2.3926479335205286, 2.3209113184762984, 3.735744443247011, 0.8241923547697061, 1.6874760652928762, -0.9085180081339406, -1.1752890762659323], "pt": [3.8717536832388255, 3.5678365190413253, 5.012829764332894, 4.544287666966544, 5.650146016847664, 4.881011708531953, 4.852654308416127, 6.310135799942767, 3.4405369704023956, 4.345111751023808, 1.7897769587647616, 1.5630615255948337], "pb": [-0.6462604049142207, -1.0455705150313022, 0.30596269341276683, -0.2542194742799522, 0.761716417694676, -0.09571584149089585, -0.21083167146352988, 1.1613530865512556, -1.7921522608629834, -0.9701596204380549, -3.6068129750326428, -3.9136396781266987], "x": ["2019-01", "2019-02", "2019-03", "2019-04", "2019-05", "2019-06", "2019-07", "2019-08", "2019-09", "2019-10", "2019-11", "2019-12", "2020-01", "2020-02", "2020-03", "2020-04", "2020-05", "2020-06", "2020-07", "2020-08", "2020-09", "2020-10", "2020-11", "2020-12"], "y": [-1.545739769935608, 0.0664253830909729, -0.0418718121945858, 1.0767713785171509, -0.3395445942878723, 0.2885866165161133, 0.5012603998184204, 1.518040418624878, -0.33895066380500793, 0.25535687804222107, -1.45009446144104, -1.5969971418380737, 0.7247772812843323, 0.3481729328632355, 1.313387155532837, 0.9276536107063293, 1.8151155710220337, 1.2507115602493286, -0.012096693739295006, 0.4057408273220062, -0.315280944108963, 0.8824770450592041, 0.26278549432754517, -1.5385886430740356]}, "spi_03": {"px": [], "py": [], "pt": [], "pb": [], "x": ["2019-01", "2019-02", "2019-03", "2019-04", "2019-05", "2019-06", "2019-07", "2019-08", "2019-09", "2019-10", "2019-11", "2019-12", "2020-01", "2020-02", "2020-03", "2020-04", "2020-05", "2020-06", "2020-07"], "y": [-0.5460367202758789, -0.7965219020843506, -0.9786227941513062, 0.15471316874027252, 0.2866225242614746, 1.0599349737167358, -0.31438276171684265, 1.1105252504348755, 0.3387998044490814, 0.14430692791938782, -1.8228033781051636, -2.2132275104522705, -1.5227020978927612, -0.5017570853233337, 1.137362003326416, 1.0839499235153198, 1.4811338186264038, 1.696149468421936, 2.364048957824707]}, "spi_06": {"px": [], "py": [], "pt": [], "pb": [], "x": ["2019-01", "2019-02", "2019-03", "2019-04", "2019-05", "2019-06", "2019-07", "2019-08", "2019-09", "2019-10", "2019-11", "2019-12", "2020-01", "2020-02", "2020-03", "2020-04", "2020-05", "2020-06", "2020-07"], "y": [-0.5930718779563904, -0.6949425339698792, -0.6276894211769104, -0.500148594379425, -0.5215625166893005, -0.6727774143218994, 0.0937386155128479, 0.371895432472229, 1.1666957139968872, -0.0759691596031189, -1.681673288345337, -2.144986867904663, -1.910549521446228, -1.7625466585159302, -0.43535536527633667, -0.15414567291736603, 0.8242369890213013, 1.4220083951950073, 1.274407982826233]}, "spi_12": {"px": ["2021-01", "2021-02", "2021-03", "2021-04", "2021-05", "2021-06", "2021-07", "2021-08", "2021-09", "2021-10", "2021-11", "2021-12"], "py": [2.874511055443757, 3.06571739828353, 5.6905995798499, 5.3314717952909545, 5.638154925043493, 5.2051580666930555, 5.472594078565109, 6.064816062732092, 6.069780434680823, 5.476688435271637, 3.0734563868730955, 1.1088933521282809], "pt": [4.905595227475741, 5.553277315166122, 8.562986351557882, 8.542897832503252, 9.15609588797723, 9.004968594191661, 9.534762399928875, 10.373396211376583, 10.611422684296645, 10.24000301124681, 8.048576202103643, 6.287162232951456], "pb": [0.8434268834117726, 0.5781574814009378, 2.8182128081419178, 2.120045758078657, 2.120213962109754, 1.4053475391944499, 1.4104257572013434, 1.7562359140876005, 1.528138185065, 0.713373859296464, -1.901663428357451, -4.069375528694893], "x": ["2019-01", "2019-02", "2019-03", "2019-04", "2019-05", "2019-06", "2019-07", "2019-08", "2019-09", "2019-10", "2019-11", "2019-12", "2020-01", "2020-02", "2020-03", "2020-04", "2020-05", "2020-06", "2020-07", "2020-08", "2020-09", "2020-10", "2020-11", "2020-12"], "y": [0.24823646247386932, -0.6962530016899109, -0.8767248392105103, -0.4316635727882385, -0.5101943612098694, -0.5232071280479431, -0.47173282504081726, -0.40145185589790344, -0.3899412453174591, -0.5124120116233826, -1.1252038478851318, -1.625847578048706, -1.0329163074493408, -0.9585252404212952, -0.16930176317691803, -0.23699185252189636, -0.020069215446710587, 0.036891188472509384, 0.01964951865375042, -0.05114676058292389, -0.04911315068602562, 0.25848105549812317, 1.026821494102478, 0.8641098141670227],