{"IIS3": {"px": [], "py": [], "pt": [], "pb": [], "x": ["2019-01", "2019-02", "2019-03", "2019-04", "2019-05", "2019-06", "2019-07", "2019-08", "2019-09", "2019-10", "2019-11", "2019-12", "2020-01", "2020-02", "2020-03", "2020-04", "2020-05", "2020-06", "2020-07", "2020-08", "2020-09", "2020-10", "2020-11", "2020-12"], "y": [NaN, NaN, NaN, NaN, NaN, NaN, NaN, NaN, NaN, NaN, NaN, NaN, NaN, NaN, NaN, NaN, NaN, NaN, NaN, NaN, NaN, NaN, NaN, NaN]}, "VHI": {"px": ["2021-01", "2021-02", "2021-03", "2021-04", "2021-05", "2021-06", "2021-07", "2021-08", "2021-09", "2021-10", "2021-11", "2021-12"], "py": [55.417290073972055, 57.36500917631531, 56.431825465008174, 41.86294956845998, 39.39647148233114, 48.843820882221095, 56.918496145633725, 54.08271290513437, 48.73270258586409, 44.08221942659448, 38.93230446665298, 48.97753580368028], "pt": [64.77593804727371, 66.72365714961697, 65.79047343830983, 51.22159754176164, 48.755119455632794, 58.20246885552275, 66.27714411893538, 63.44136087843603, 58.09135055916575, 53.440867399896135, 48.29095243995464, 58.336183776981954], "pb": [46.0586421006704, 48.006361203013654, 47.07317749170652, 32.504301595158324, 30.03782350902948, 39.48517290891944, 47.55984817233207, 44.724064931832714, 39.37405461256243, 34.72357145329282, 29.573656493351322, 39.61888783037861], "x": ["2019-01", "2019-02", "2019-03", "2019-04", "2019-05", "2019-06", "2019-07", "2019-08", "2019-09", "2019-10", "2019-11", "2019-12", "2020-01", "2020-02", "2020-03", "2020-04", "2020-05", "2020-06", "2020-07", "2020-08", "2020-09", "2020-10", "2020-11", "2020-12"], "y": [51.71928024291992, 56.428924560546875, 46.87535858154297, 48.071712493896484, 45.44178009033203, 56.22285842895508, 56.22285842895508, 53.33085250854492, 48.1937141418457, 43.47892379760742, 37.73062515258789, 46.876747131347656, 52.51093673706055, 54.17469024658203, 53.54750061035156, 39.305625915527344, 37.056427001953125, 46.891143798828125, 47.62607192993164, 57.2835693359375, 50.66971206665039, 38.18942642211914, 47.08356857299805, 54.15808868408203]}, "spi_01": {"px": ["2021-01", "2021-02", "2021-03", "2021-04", "2021-05", "2021-06", "2021-07", "2021-08", "2021-09", "2021-10", "2021-11", "2021-12"], "py": [1.0998193200158934, 1.4160636969881373, 0.008529268097084763, -0.43445820233024524, 0.6256800494449997, -0.01920720745437654, -0.7315837732756396, 0.2228202988601078, -0.23059299583134374, -0.46780758432122527, 1.1758527365068274, 0.1656220112449458], "pt": [2.950457928006995, 3.2667023049792396, 1.8591678760881871, 1.4161804056608576, 2.476318657436102, 1.8314314005367267, 1.1190548347154632, 2.0734589068512115, 1.6200456121597595, 1.3828310236698784, 3.0264913444979307, 2.01626061923605], "pb": [-0.7508192879752082, -0.4345749110029651, -1.8421093398940174, -2.285096810321348, -1.224958558546103, -1.8698458154454796, -2.5822223812667424, -1.6278183091309957, -2.081231603822447, -2.318446192312329, -0.6747858714842763, -1.6850165967461583], "x": ["2019-01", "2019-02", "2019-03", "2019-04", "2019-05", "2019-06", "2019-07", "2019-08", "2019-09", "2019-10", "2019-11", "2019-12", "2020-01", "2020-02", "2020-03", "2020-04", "2020-05", "2020-06", "2020-07", "2020-08", "2020-09", "2020-10", "2020-11", "2020-12"], "y": [-1.5733880996704102, 0.4512850046157837, 0.07275952398777008, 0.9256898164749146, 0.25662434101104736, -0.29908889532089233, -0.8823555707931519, 0.14312094449996948, -0.2637467086315155, -0.5411006212234497, 0.9864917993545532, 0.04238983243703842, 1.092124104499817, 1.532397985458374, 0.061412543058395386, -0.40426358580589294, 0.5841653347015381, -0.16574765741825104, 1.0266698598861694, 0.45163431763648987, -1.0789787769317627, -0.07576753944158554, -1.2500941753387451, -0.6837857365608215]}, "spi_03": {"px": [], "py": [], "pt": [], "pb": [], "x": ["2019-01", "2019-02", "2019-03", "2019-04", "2019-05", "2019-06", "2019-07", "2019-08", "2019-09", "2019-10", "2019-11", "2019-12", "2020-01", "2020-02", "2020-03", "2020-04", "2020-05", "2020-06", "2020-07"], "y": [-1.1829180717468262, -0.8411686420440674, -0.8051287531852722, 0.41719022393226624, 0.34705650806427, 0.6077930331230164, -0.22971348464488983, -0.5788253545761108, -0.4650956392288208, -0.6566711068153381, 0.38913223147392273, 0.3106357157230377, 1.017790675163269, 1.2361079454421997, 1.404222011566162, 0.8718064427375793, -0.0554632730782032, -0.18323908746242523, 0.5333969593048096]}, "spi_06": {"px": [], "py": [], "pt": [], "pb": [], "x": ["2019-01", "2019-02", "2019-03", "2019-04", "2019-05", "2019-06", "2019-07", "2019-08", "2019-09", "2019-10", "2019-11", "2019-12", "2020-01", "2020-02", "2020-03", "2020-04", "2020-05", "2020-06", "2020-07"], "y": [-0.43399250507354736, -0.5827685594558716, -0.6010475754737854, -0.7353969216346741, -0.6710839867591858, -0.739106297492981, 0.2983798086643219, 0.160496324300766, 0.021523691713809967, -0.9143823981285095, 0.17669038474559784, 0.1212911605834961, 0.7714369297027588, 1.1792573928833008, 1.1625148057937622, 1.209048867225647, 1.1722917556762695, 1.4779161214828491, 0.9323716759681702]}, "spi_12": {"px": ["2021-01", "2021-02", "2021-03", "2021-04", "2021-05", "2021-06", "2021-07", "2021-08", "2021-09", "2021-10", "2021-11", "2021-12"], "py": [2.449796571714117, 2.950353065366876, 2.7422336040717115, 2.3543338424877334, 2.251050095766332, 2.1821559677182627, 2.198571959851895, 1.5041191411270796, 1.1074655295537763, 0.30868757910496925, 1.058598534508679, 1.2234720256716645], "pt": [3.792056242292311, 4.564761459087883, 4.589114190404514, 4.407531674804228, 4.491647064675581, 4.595644773480881, 4.773369360424923, 4.230698516911651, 3.9778119426039398, 3.315935817838529, 4.1967819911954045, 4.487342250769226], "pb": [1.1075369011359224, 1.3359446716458696, 0.8953530177389086, 0.3011360101712386, 0.01045312685708355, -0.23133283804435534, -0.3762254407211332, -1.2224602346574915, -1.7628808834963872, -2.6985606596285905, -2.079584922178047, -2.0403981994258973], "x": ["2019-01", "2019-02", "2019-03", "2019-04", "2019-05", "2019-06", "2019-07", "2019-08", "2019-09", "2019-10", "2019-11", "2019-12", "2020-01", "2020-02", "2020-03", "2020-04", "2020-05", "2020-06", "2020-07", "2020-08", "2020-09", "2020-10", "2020-11", "2020-12"], "y": [0.22805297374725342, 0.05333133414387703, -0.34518924355506897, -0.27962103486061096, -0.28589674830436707, -0.26897042989730835, -0.2905944585800171, -0.5297552943229675, -0.6304134130477905, -0.9238623380661011, -0.5313580632209778, -0.39579328894615173, 0.7560938596725464, 1.1774778366088867, 1.1654295921325684, 1.0304630994796753, 1.0601670742034912, 1.0624808073043823, 1.1072301864624023, 1.1230231523513794, 1.0465620756149292, 1.0567080974578857, 0.8342908620834351, 0.5534220933914185],