{"IIS3": {"px": [], "py": [], "pt": [], "pb": [], "x": ["2019-01", "2019-02", "2019-03", "2019-04", "2019-05", "2019-06", "2019-07", "2019-08", "2019-09", "2019-10", "2019-11", "2019-12", "2020-01", "2020-02", "2020-03", "2020-04", "2020-05", "2020-06", "2020-07", "2020-08", "2020-09", "2020-10", "2020-11", "2020-12"], "y": [NaN, NaN, NaN, NaN, NaN, NaN, NaN, NaN, NaN, NaN, NaN, NaN, NaN, NaN, NaN, NaN, NaN, NaN, NaN, NaN, NaN, NaN, NaN, NaN]}, "VHI": {"px": ["2021-01", "2021-02", "2021-03", "2021-04", "2021-05", "2021-06", "2021-07", "2021-08", "2021-09", "2021-10", "2021-11", "2021-12"], "py": [36.55277943289222, 48.58011303107844, 77.95501522977145, 69.57159609178615, 76.12689670579314, 51.14229494180401, 44.78712644050451, 34.52712839578635, 51.81615079224977, 59.94700020359895, 62.24472273508836, 45.751442991045664], "pt": [51.78657921089558, 67.07057797206713, 99.2088603358121, 93.26873874336346, 102.0379601325775, 79.09246213208175, 74.63742767888591, 66.16364403957606, 85.14328328422076, 94.8830331523329, 98.71875509034983, 83.7011949574327], "pb": [21.318979654888864, 30.089648090089753, 56.70117012373079, 45.87445344020884, 50.21583327900879, 23.19212775152627, 14.936825202123103, 2.8906127519966454, 18.489018300278794, 25.010967254865, 25.77069037982689, 7.8016910246586235], "x": ["2019-01", "2019-02", "2019-03", "2019-04", "2019-05", "2019-06", "2019-07", "2019-08", "2019-09", "2019-10", "2019-11", "2019-12", "2020-01", "2020-02", "2020-03", "2020-04", "2020-05", "2020-06", "2020-07", "2020-08", "2020-09", "2020-10", "2020-11", "2020-12"], "y": [26.44875144958496, 30.471664428710938, 40.59916305541992, 40.63533401489258, 37.170833587646484, 26.80208396911621, 26.80208396911621, 19.451332092285156, 32.95899963378906, 40.349998474121094, 43.5283317565918, 31.85066795349121, 27.174165725708008, 37.47999954223633, 62.4726676940918, 54.85333251953125, 59.710418701171875, 39.335330963134766, 31.630834579467773, 27.008331298828125, 37.38600158691406, 31.064666748046875, 47.29999923706055, 42.8961067199707]}, "spi_01": {"px": ["2021-01", "2021-02", "2021-03", "2021-04", "2021-05", "2021-06", "2021-07", "2021-08", "2021-09", "2021-10", "2021-11", "2021-12"], "py": [0.32356881928082837, 0.5635973378170607, 2.5994628722404354, 1.781346073642819, 1.5005129157336925, 2.146190130278831, 4.392094876116964, -0.3018972351741871, 0.6457141502569073, 0.9464791819843059, 0.4627762249005891, -0.29295825657987606], "pt": [2.2854491583576824, 2.5585845117203654, 4.62701636924639, 3.8409510217829848, 3.5916781176213473, 4.268446302555924, 6.544993066917124, 1.8812129267583213, 2.8586238497962633, 3.1887924289455203, 2.7341124080051777, 2.0070346599010644], "pb": [-1.638311519796026, -1.4313898360862445, 0.5719093752344806, -0.2782588744973471, -0.5906522861539627, 0.02393395800173792, 2.239196685316804, -2.485007397106695, -1.5671955492824483, -1.295834064976908, -1.808559958204, -2.592951173060816], "x": ["2019-01", "2019-02", "2019-03", "2019-04", "2019-05", "2019-06", "2019-07", "2019-08", "2019-09", "2019-10", "2019-11", "2019-12", "2020-01", "2020-02", "2020-03", "2020-04", "2020-05", "2020-06", "2020-07", "2020-08", "2020-09", "2020-10", "2020-11", "2020-12"], "y": [-0.813633143901825, -1.0573790073394775, 1.0986380577087402, -0.7815480828285217, -1.380968689918518, 0.5199347734451294, 1.6230108737945557, -1.1327567100524902, -0.5426717400550842, -0.3127215802669525, -0.5229477882385254, -0.9757278561592102, -0.3668826222419739, -0.20923373103141785, 1.374128818511963, 0.6964983344078064, 0.44100701808929443, 0.991352379322052, 0.1680680811405182, 0.41838595271110535, -0.1366322636604309, -1.2243587970733643, 0.04210655018687248, 0.5691134333610535]}, "spi_03": {"px": [], "py": [], "pt": [], "pb": [], "x": ["2019-01", "2019-02", "2019-03", "2019-04", "2019-05", "2019-06", "2019-07", "2019-08", "2019-09", "2019-10", "2019-11", "2019-12", "2020-01", "2020-02", "2020-03", "2020-04", "2020-05", "2020-06", "2020-07"], "y": [-0.45944175124168396, -1.1218773126602173, -0.08211111277341843, -0.36148715019226074, -0.9040282368659973, -0.9727557301521301, 0.030704956501722336, 0.7175639867782593, 0.3427218198776245, -1.003082275390625, -0.7793933153152466, -0.7349013090133667, -0.8207333087921143, -0.7469134330749512, 0.4845168888568878, 0.9415335059165955, 0.904927134513855, 0.7979128956794739, 0.671410322189331]}, "spi_06": {"px": [], "py": [], "pt": [], "pb": [], "x": ["2019-01", "2019-02", "2019-03", "2019-04", "2019-05", "2019-06", "2019-07", "2019-08", "2019-09", "2019-10", "2019-11", "2019-12", "2020-01", "2020-02", "2020-03", "2020-04", "2020-05", "2020-06", "2020-07"], "y": [-1.9473389387130737, -1.4318063259124756, -0.3815901279449463, -0.6171330809593201, -1.2771542072296143, -0.9004876017570496, -0.1855199635028839, -0.21380464732646942, -0.5160861015319824, -0.40942469239234924, 0.09660027176141739, -0.1642855852842331, -1.1617568731307983, -0.8461002111434937, -0.05794936418533325, 0.3484032154083252, 0.5611671209335327, 0.7981160283088684, 0.8810033798217773]}, "spi_12": {"px": ["2021-01", "2021-02", "2021-03", "2021-04", "2021-05", "2021-06", "2021-07", "2021-08", "2021-09", "2021-10", "2021-11", "2021-12"], "py": [0.5198095720730733, 0.5987266422570747, 0.6175675674525243, 1.0635574843645763, 1.707069707543682, 1.7940606662015055, 1.9053924925877856, 1.9516697644856595, 2.1402079272352923, 1.9574997581011209, 1.5574610671928442, 1.165912945414643], "pt": [1.1800616546798173, 1.4073669922470193, 1.5513050137816187, 2.1075076851512318, 2.8506598547414512, 3.029279200637066, 3.2258966504223805, 3.352275931080599, 3.616576457429935, 3.505928135519466, 3.174741761147894, 2.8492320613534616], "pb": [-0.14044251053367018, -0.20991370773287032, -0.3161698788765701, 0.019607283577920853, 0.5634795603459128, 0.5588421317659451, 0.5848883347531908, 0.5510635978907201, 0.6638393970406495, 0.40907138068277593, -0.05981962676220576, -0.5174061705241755], "x": ["2019-01", "2019-02", "2019-03", "2019-04", "2019-05", "2019-06", "2019-07", "2019-08", "2019-09", "2019-10", "2019-11", "2019-12", "2020-01", "2020-02", "2020-03", "2020-04", "2020-05", "2020-06", "2020-07", "2020-08", "2020-09", "2020-10", "2020-11", "2020-12"], "y": [-2.0298843383789062, -2.0563879013061523, -1.8263694047927856, -1.8950040340423584, -2.022933006286621, -1.7033469676971436, -1.0492998361587524, -0.9233428835868835, -0.7355432510375977, -0.7034271359443665, -0.7437025904655457, -0.7910121083259583, -0.7047951221466064, -0.5905341506004333, -0.519660472869873, -0.15873338282108307, 0.35364362597465515, 0.4852246940135956, 0.17948761582374573, 0.3903553783893585, 0.41960954666137695, 0.3594786524772644, 0.4153440296649933, 0.4831972122192383],