{"IIS3": {"px": [], "py": [], "pt": [], "pb": [], "x": ["2019-01", "2019-02", "2019-03", "2019-04", "2019-05", "2019-06", "2019-07", "2019-08", "2019-09", "2019-10", "2019-11", "2019-12", "2020-01", "2020-02", "2020-03", "2020-04", "2020-05", "2020-06", "2020-07", "2020-08", "2020-09", "2020-10", "2020-11", "2020-12"], "y": [NaN, NaN, NaN, NaN, NaN, NaN, NaN, NaN, NaN, NaN, NaN, NaN, NaN, NaN, NaN, NaN, NaN, NaN, NaN, NaN, NaN, NaN, NaN, NaN]}, "VHI": {"px": ["2021-01", "2021-02", "2021-03", "2021-04", "2021-05", "2021-06", "2021-07", "2021-08", "2021-09", "2021-10", "2021-11", "2021-12"], "py": [104.80577413004457, 155.73509970833481, 174.01790309710142, 169.1335331165053, 174.26494321339496, 167.59193159953742, 152.50997793556255, 129.5129956013113, 126.78624709780578, 118.52115948497487, 66.04838748112695, 56.06566996842295], "pt": [143.86067410714193, 201.7030982490543, 225.98739960667038, 226.4798516127838, 236.52545977642325, 234.40617858559295, 223.58680452434703, 204.6108448085333, 205.70049570456354, 201.07556767004803, 152.08908708547807, 145.45679741418627], "pb": [65.7508741529472, 109.76710116761532, 122.04840658753247, 111.78721462022682, 112.00442665036665, 100.77768461348187, 81.43315134677805, 54.415146394089305, 47.871998491048046, 35.9667512999017, -19.992312123224167, -33.32545747734035], "x": ["2019-01", "2019-02", "2019-03", "2019-04", "2019-05", "2019-06", "2019-07", "2019-08", "2019-09", "2019-10", "2019-11", "2019-12", "2020-01", "2020-02", "2020-03", "2020-04", "2020-05", "2020-06", "2020-07", "2020-08", "2020-09", "2020-10", "2020-11", "2020-12"], "y": [29.344995498657227, 47.3295783996582, 65.3637466430664, 70.27099609375, 65.99208068847656, 48.926666259765625, 48.926666259765625, 40.823665618896484, 40.40133285522461, 37.28999710083008, 16.95777702331543, 13.64266586303711, 40.12916564941406, 65.7691650390625, 76.33644104003906, 75.11972045898438, 80.24832916259766, 80.15966033935547, 78.75791931152344, 73.72916412353516, 59.83766555786133, 56.12199783325195, 64.84416198730469, 48.21055603027344]}, "spi_01": {"px": [], "py": [], "pt": [], "pb": [], "x": ["2019-01", "2019-02", "2019-03", "2019-04", "2019-05", "2019-06", "2019-07", "2019-08", "2019-09", "2019-10", "2019-11", "2019-12", "2020-01", "2020-02", "2020-03", "2020-04", "2020-05", "2020-06", "2020-07", "2020-08", "2020-09", "2020-10", "2020-11", "2020-12"], "y": [NaN, NaN, NaN, NaN, NaN, NaN, NaN, NaN, NaN, NaN, NaN, NaN, NaN, NaN, NaN, NaN, NaN, NaN, NaN, NaN, NaN, NaN, NaN, NaN]}, "spi_03": {"px": [], "py": [], "pt": [], "pb": [], "x": ["2019-01", "2019-02", "2019-03", "2019-04", "2019-05", "2019-06", "2019-07", "2019-08", "2019-09", "2019-10", "2019-11", "2019-12", "2020-01", "2020-02", "2020-03", "2020-04", "2020-05", "2020-06", "2020-07"], "y": [NaN, NaN, NaN, NaN, NaN, NaN, NaN, NaN, NaN, NaN, NaN, NaN, NaN, NaN, NaN, NaN, NaN, NaN, NaN]}, "spi_06": {"px": [], "py": [], "pt": [], "pb": [], "x": ["2019-01", "2019-02", "2019-03", "2019-04", "2019-05", "2019-06", "2019-07", "2019-08", "2019-09", "2019-10", "2019-11", "2019-12", "2020-01", "2020-02", "2020-03", "2020-04", "2020-05", "2020-06", "2020-07"], "y": [NaN, NaN, NaN, NaN, NaN, NaN, NaN, NaN, NaN, NaN, NaN, NaN, NaN, NaN, NaN, NaN, NaN, NaN, NaN]}, "spi_12": {"px": [], "py": [], "pt": [], "pb": [], "x": ["2019-01", "2019-02", "2019-03", "2019-04", "2019-05", "2019-06", "2019-07", "2019-08", "2019-09", "2019-10", "2019-11", "2019-12", "2020-01", "2020-02", "2020-03", "2020-04", "2020-05", "2020-06", "2020-07", "2020-08", "2020-09", "2020-10", "2020-11", "2020-12"], "y": [NaN, NaN, NaN, NaN, NaN, NaN, NaN, NaN, NaN, NaN, NaN, NaN, NaN, NaN, NaN, NaN, NaN, NaN, NaN, NaN, NaN, NaN, NaN, NaN], "geox": [-37.08618876614127, -37.084732754297605, -37.08688377444306, -37.08872879358852, -37.08820579153841, -37.08962080791327, -37.0884058025814, -37.0913188363728, -37.09044983317946, -37.094066868194425, -37.09405087100512, -37.09039084274677, -37.091230851257066, -37.0959528945685, -37.08597782433526, -37.09404390381991, -37.087402852632565, -37.08808486062507, -37.09188189842462, -37.09106189289879, -37.087116859694085, -37.08652885565915, -37.088479876158125, -37.0878928724372, -37.08579885554164, -37.08578585773327, -37.08705087050599, -37.0974729623437, -37.101299995367036, -37.10396201911852, -37.10825105605744, -37.11438611051804, -37.11542312092087, -37.1214231774073, -37.12697422778029, -37.1307682661301, -37.13282028988987, -37.1346673075538, -37.139749353883786, -37.142179376466444, -37.14831043183527, -37.15153746320449, -37.15268247544266, -37.1524394754385, -37.15080446341827, -37.15090846653088, -37.15503251124534, -37.158606545606084, -37.16103256796018, -37.16800062417773, -37.17405167243591, -37.17575068518549, -37.17668368749421, -37.17816069796098, -37.18267873282578, -37.18776577290711, -37.19273381466858, -37.19512483364874, -37.19731584785901, -37.197939845482885, -37.19666682977774, -37.19274679063308, -37.186093727597424, -37.18409770792631, -37.18055466598996, -37.1789756481112, -37.175880616914036, -37.163564494517125, -37.15507641382814, -37.141707289028375, -37.137096245331975, -37.12877016208831, -37.1215180928484, -37.11833706340546, -37.1060989525694, -37.09455484354485, -37.08618876614127], "geoy": [-7.517796141166552, -7.519165152902467, -7.520610162484069, -7.524291189654958, -7.527665216243414, -7.532696254214836, -7.539780310120252, -7.55022138891655, -7.556084435069778, -7.559984462559421, -7.563826492374981, -7.569214536971046, -7.570610547155796, -7.572571558747567, -7.596027748296767, -7.606475823093071, -7.616314904472356, -7.61883892350979, -7.624235962409018, -7.626473980384926, -7.62870000067948, -7.630211012842657, -7.634367043540873, -7.636270058739723, -7.638391076791962, -7.641362099821819, -7.643385114517569, -7.642816102049776, -7.641710090522363, -7.641947090299374, -7.640620076703242, -7.640815073468281, -7.642389084856674, -7.646731113838281, -7.6483251218822685, -7.65445216637974, -7.661636220401122, -7.663325232041254, -7.665060241524434, -7.666441250325281, -7.667867256597872, -7.671470281969635, -7.674166301939116, -7.676912323373705, -7.680043348869331, -7.682846370473337, -7.693347448488451, -7.696837472692773, -7.697969479554253, -7.69103442048882, -7.684297363671742, -7.681383339812059, -7.673783280305207, -7.670458253437725, -7.663929199421732, -7.657634146774031, -7.654842121317829, -7.652065097979672, -7.645438045013417, -7.6353009661012665, -7.629583922849597, -7.623822881299146, -7.618418844615037, -7.615818826030418, -7.602143722887699, -7.597088684959679, -7.592146649069149, -7.574717523518485, -7.56744647368598, -7.55896941822214, -7.555198392514854, -7.542731302200467, -7.536121256464371, -7.534433245796107, -7.531130229501013, -7.522178168817879, -7.517796141166552]}}