{"IIS3": {"px": [], "py": [], "pt": [], "pb": [], "x": ["2019-01", "2019-02", "2019-03", "2019-04", "2019-05", "2019-06", "2019-07", "2019-08", "2019-09", "2019-10", "2019-11", "2019-12", "2020-01", "2020-02", "2020-03", "2020-04", "2020-05", "2020-06", "2020-07", "2020-08", "2020-09", "2020-10", "2020-11", "2020-12"], "y": [NaN, NaN, NaN, NaN, NaN, NaN, NaN, NaN, NaN, NaN, NaN, NaN, NaN, NaN, NaN, NaN, NaN, NaN, NaN, NaN, NaN, NaN, NaN, NaN]}, "VHI": {"px": ["2021-01", "2021-02", "2021-03", "2021-04", "2021-05", "2021-06", "2021-07", "2021-08", "2021-09", "2021-10", "2021-11", "2021-12"], "py": [43.67776065095478, 55.092623550370206, 56.4153702373152, 55.85963640348015, 55.66487785027988, 53.30301479923919, 47.23362518669488, 58.6880528853394, 48.090305365282546, 39.958080243228224, 37.9096161025943, 38.765614981487914], "pt": [52.36852610413541, 64.04836971060517, 65.62847907260684, 65.32311142776665, 65.37226393818531, 63.24833177679328, 57.411312296662004, 69.09292193942925, 58.71750091053916, 50.803045447482575, 48.96806334467368, 50.033500343445525], "pb": [34.98699519777415, 46.13687739013524, 47.20226140202357, 46.39616137919366, 45.957491762374445, 43.35769782168511, 37.055938076727756, 48.28318383124956, 37.463109820025934, 29.11311503897388, 26.851168860514917, 27.497729619530304], "x": ["2019-01", "2019-02", "2019-03", "2019-04", "2019-05", "2019-06", "2019-07", "2019-08", "2019-09", "2019-10", "2019-11", "2019-12", "2020-01", "2020-02", "2020-03", "2020-04", "2020-05", "2020-06", "2020-07", "2020-08", "2020-09", "2020-10", "2020-11", "2020-12"], "y": [31.715055465698242, 43.20683288574219, 51.52949905395508, 52.426570892333984, 47.01900100708008, 38.310997009277344, 38.310997009277344, 48.792572021484375, 39.35042953491211, 31.800167083740234, 29.839805603027344, 30.907535552978516, 37.91172790527344, 48.777305603027344, 50.075843811035156, 49.61595916748047, 50.10599899291992, 48.48159408569336, 46.31910705566406, 52.8745002746582, 41.56199645996094, 35.512935638427734, 45.74333190917969, 33.16822052001953]}, "spi_01": {"px": [], "py": [], "pt": [], "pb": [], "x": ["2019-01", "2019-02", "2019-03", "2019-04", "2019-05", "2019-06", "2019-07", "2019-08", "2019-09", "2019-10", "2019-11", "2019-12", "2020-01", "2020-02", "2020-03", "2020-04", "2020-05", "2020-06", "2020-07", "2020-08", "2020-09", "2020-10", "2020-11", "2020-12"], "y": [NaN, NaN, NaN, NaN, NaN, NaN, NaN, NaN, NaN, NaN, NaN, NaN, NaN, NaN, NaN, NaN, NaN, NaN, NaN, NaN, NaN, NaN, NaN, NaN]}, "spi_03": {"px": [], "py": [], "pt": [], "pb": [], "x": ["2019-01", "2019-02", "2019-03", "2019-04", "2019-05", "2019-06", "2019-07", "2019-08", "2019-09", "2019-10", "2019-11", "2019-12", "2020-01", "2020-02", "2020-03", "2020-04", "2020-05", "2020-06", "2020-07"], "y": [NaN, NaN, NaN, NaN, NaN, NaN, NaN, NaN, NaN, NaN, NaN, NaN, NaN, NaN, NaN, NaN, NaN, NaN, NaN]}, "spi_06": {"px": [], "py": [], "pt": [], "pb": [], "x": ["2019-01", "2019-02", "2019-03", "2019-04", "2019-05", "2019-06", "2019-07", "2019-08", "2019-09", "2019-10", "2019-11", "2019-12", "2020-01", "2020-02", "2020-03", "2020-04", "2020-05", "2020-06", "2020-07"], "y": [NaN, NaN, NaN, NaN, NaN, NaN, NaN, NaN, NaN, NaN, NaN, NaN, NaN, NaN, NaN, NaN, NaN, NaN, NaN]}, "spi_12": {"px": [], "py": [], "pt": [], "pb": [], "x": ["2019-01", "2019-02", "2019-03", "2019-04", "2019-05", "2019-06", "2019-07", "2019-08", "2019-09", "2019-10", "2019-11", "2019-12", "2020-01", "2020-02", "2020-03", "2020-04", "2020-05", "2020-06", "2020-07", "2020-08", "2020-09", "2020-10", "2020-11", "2020-12"], "y": [NaN, NaN, NaN, NaN, NaN, NaN, NaN, NaN, NaN, NaN, NaN, NaN, NaN, NaN, NaN, NaN, NaN, NaN, NaN, NaN, NaN, NaN, NaN, NaN], "geox": [-35.27220877511116, -35.23604543640816, -35.22926937769303, -35.22692335809838, -35.22167731192016, -35.21202222520194, -35.20737418306391, -35.19866310549753, -35.19371706014896, -35.18828801133743, -35.186398993636836, -35.178051918374734, -35.16996384425024, -35.16738082014371, -35.16646381068394, -35.166106804955206, -35.16307777420184, -35.16282376816301, -35.1674358011817, -35.165083777930214, -35.155955692265515, -35.15179865521311, -35.147153615469236, -35.14547059994349, -35.146959604689336, -35.14524558710853, -35.1438065730692, -35.13964953420581, -35.13128345353576, -35.12350738223546, -35.1167573196562, -35.117889331388014, -35.11632232430969, -35.11684333060578, -35.118901351267716, -35.117432357202716, -35.0844630633318, -35.08262904584343, -35.07837300706379, -35.07342696102899, -35.070790937032996, -35.06527488426048, -35.061997853487775, -35.05548979387197, -35.06980691668896, -35.059458823778364, -35.06060182557311, -35.063403847764114, -35.05953981293555, -35.058076799085384, -35.055161773444205, -35.05386776128581, -35.050881734487334, -35.04951972143689, -35.04690469790636, -35.0462166903058, -35.04700269288153, -35.04428066664306, -35.034944583727686, -35.03382957362588, -35.03301756676953, -35.03398457795872, -35.032501566311666, -35.032650569719976, -35.030819559949755, -35.03164256865413, -35.03716462082773, -35.041718663855605, -35.048882733881165, -35.05291677445291, -35.067703915945586, -35.07070794570704, -35.07031594449322, -35.06280788120536, -35.06254187960736, -35.06724392446577, -35.07268697561164, -35.074466993609654, -35.07684901599701, -35.080651050316845, -35.08390807923313, -35.093636169935074, -35.093647171403575, -35.09569319123866, -35.09393317632185, -35.09359817418544, -35.09441818215105, -35.09753920975349, -35.09633720181054, -35.097763214921585, -35.10115324470875, -35.101159245732, -35.09980623449089, -35.10103424621967, -35.10314026554846, -35.103010265183016, -35.10098424851519, -35.10153625470974, -35.103033268543214, -35.10377127407162, -35.105667290292644, -35.107431306212455, -35.107304306116234, -35.10852731731485, -35.110559334924915, -35.11145234451935, -35.11498337638398, -35.114988377075136, -35.11282535925595, -35.11262935829703, -35.11480737884066, -35.115092383356, -35.11685639911179, -35.11752940437543, -35.118683414626204, -35.11977742571275, -35.12100043691172, -35.12113343738152, -35.122213446560345, -35.12303545486784, -35.124192465630536, -35.12568447876884, -35.12731849416021, -35.1297525148248, -35.12974851381481, -35.13183853235404, -35.110123359998205, -35.1137204244767, -35.11254341846347, -35.11222641730537, -35.11328542844552, -35.117579470839324, -35.11862448314454, -35.12188551536869, -35.123447532364786, -35.12989459257982, -35.132624618905, -35.13465063954869, -35.13597465192661, -35.13947668700356, -35.143286722691165, -35.1437327286203, -35.145800748508194, -35.14616573930053, -35.17239092233217, -35.171436903679485, -35.172685916498544, -35.174576933906366, -35.17752796073201, -35.18047398644867, -35.18027598183427, -35.18107698559369, -35.18412900939668, -35.185100017640416, -35.18797004318456, -35.19242008338149, -35.19656012158873, -35.19925714573645, -35.20792522614654, -35.21605029884337, -35.22219035569914, -35.229158417958075, -35.23062142996753, -35.23171143538528, -35.23164042967452, -35.23572646465664, -35.23746747875464, -35.24103250966712, -35.24603755434946, -35.24729156476967, -35.25093259724264, -35.252431609703876, -35.256700647454785, -35.25941166899513, -35.26265869670171, -35.265925722500235, -35.271205767296934, -35.27220877511116],