{"IIS3": {"px": [], "py": [], "pt": [], "pb": [], "x": ["2019-01", "2019-02", "2019-03", "2019-04", "2019-05", "2019-06", "2019-07", "2019-08", "2019-09", "2019-10", "2019-11", "2019-12", "2020-01", "2020-02", "2020-03", "2020-04", "2020-05", "2020-06", "2020-07", "2020-08", "2020-09", "2020-10", "2020-11", "2020-12"], "y": [NaN, NaN, NaN, NaN, NaN, NaN, NaN, NaN, NaN, NaN, NaN, NaN, NaN, NaN, NaN, NaN, NaN, NaN, NaN, NaN, NaN, NaN, NaN, NaN]}, "VHI": {"px": ["2021-01", "2021-02", "2021-03", "2021-04", "2021-05", "2021-06", "2021-07", "2021-08", "2021-09", "2021-10", "2021-11", "2021-12"], "py": [66.52411375094621, 63.270226696160975, 62.071091243593486, 62.36980753174359, 63.62744277813839, 62.16517495348208, 58.47974465487924, 59.28847380653748, 49.194873991828075, 56.8564031386276, 60.657843965763234, 55.91832101123785], "pt": [81.75396653583041, 81.92291074017237, 83.6093555246861, 86.45031903874155, 90.00632146232688, 90.65762038787058, 88.93945005444078, 91.5958701613128, 83.2498599031601, 92.57357368190405, 97.9632119148127, 94.74697903608387], "pb": [51.29426096606201, 44.61754265214958, 40.53282696250088, 38.289296024745624, 37.248564093949895, 33.67272951909358, 28.0200392553177, 26.981077451762154, 15.13988808049605, 21.139232595351146, 23.352476016713766, 17.08966298639183], "x": ["2019-01", "2019-02", "2019-03", "2019-04", "2019-05", "2019-06", "2019-07", "2019-08", "2019-09", "2019-10", "2019-11", "2019-12", "2020-01", "2020-02", "2020-03", "2020-04", "2020-05", "2020-06", "2020-07", "2020-08", "2020-09", "2020-10", "2020-11", "2020-12"], "y": [59.489845275878906, 49.45415115356445, 41.08674240112305, 42.43113708496094, 39.44688415527344, 39.70903778076172, 39.70903778076172, 39.43122863769531, 31.506685256958008, 37.213165283203125, 40.091766357421875, 36.688568115234375, 44.72561264038086, 42.23331832885742, 40.866886138916016, 40.37942123413086, 41.5148811340332, 41.773319244384766, 40.41984558105469, 37.81319046020508, 22.158092498779297, 29.74949073791504, 51.9461555480957, 56.076236724853516]}, "spi_01": {"px": ["2021-01", "2021-02", "2021-03", "2021-04", "2021-05", "2021-06", "2021-07", "2021-08", "2021-09", "2021-10", "2021-11", "2021-12"], "py": [1.071096400151938, 0.7496849955171143, 0.9323663706877898, 0.571509253445865, -0.6849567256318383, 0.5128775761278992, 0.22183878552221659, 0.14841951383082064, -0.4480250121322431, -0.4734845164249597, 1.1089410913302946, -0.2575012317149037], "pt": [2.142648040002542, 1.8212366353677183, 2.003918010538394, 1.643060893296469, 0.38659491421876613, 1.5844292159785036, 1.293390425372821, 1.219971153681425, 0.6235266277183618, 0.5980671234256452, 2.1804927311809, 0.8140504081357016], "pb": [-0.0004552396986658991, -0.32186664433348966, -0.13918526916281415, -0.5000423864047392, -1.7565083654824425, -0.5586740637227052, -0.8497128543283878, -0.923132126019784, -1.5195766519828477, -1.5450361562755646, 0.03738945147968975, -1.329052871565509], "x": ["2019-01", "2019-02", "2019-03", "2019-04", "2019-05", "2019-06", "2019-07", "2019-08", "2019-09", "2019-10", "2019-11", "2019-12", "2020-01", "2020-02", "2020-03", "2020-04", "2020-05", "2020-06", "2020-07", "2020-08", "2020-09", "2020-10", "2020-11", "2020-12"], "y": [0.48518240451812744, 2.0000522136688232, 1.6558287143707275, 1.367016315460205, -0.32081663608551025, 0.39989227056503296, 0.6025556921958923, 0.5005786418914795, -0.24281589686870575, -0.31215614080429077, 1.3698678016662598, -0.10519834607839584, 1.1433364152908325, 0.736565351486206, 0.89133620262146, 0.5479696989059448, -0.6549553275108337, 0.6168216466903687, -1.116060733795166, 0.47895291447639465, -0.894587516784668, 0.4494527578353882, 2.15010404586792, 0.009885246865451336]}, "spi_03": {"px": [], "py": [], "pt": [], "pb": [], "x": ["2019-01", "2019-02", "2019-03", "2019-04", "2019-05", "2019-06", "2019-07", "2019-08", "2019-09", "2019-10", "2019-11", "2019-12", "2020-01", "2020-02", "2020-03", "2020-04", "2020-05", "2020-06", "2020-07"], "y": [1.3726743459701538, 1.6397989988327026, 1.800668716430664, 2.2246367931365967, 1.2787131071090698, 0.6184644103050232, 0.09067277610301971, 0.5960268378257751, 0.43039798736572266, -0.05618166923522949, 0.56378173828125, 0.3859021067619324, 1.1690846681594849, 0.9883425831794739, 1.254049301147461, 0.9334239363670349, 0.37841230630874634, 0.10195662826299667, -0.6022037267684937]}, "spi_06": {"px": [], "py": [], "pt": [], "pb": [], "x": ["2019-01", "2019-02", "2019-03", "2019-04", "2019-05", "2019-06", "2019-07", "2019-08", "2019-09", "2019-10", "2019-11", "2019-12", "2020-01", "2020-02", "2020-03", "2020-04", "2020-05", "2020-06", "2020-07"], "y": [0.9784356355667114, 1.6131519079208374, 2.0113186836242676, 2.2053942680358887, 1.7884341478347778, 1.602602243423462, 1.7156366109848022, 1.3039801120758057, 0.6486025452613831, 0.015939898788928986, 0.6104742884635925, 0.41597047448158264, 0.97913658618927, 0.9803467988967896, 1.1524478197097778, 1.1871317625045776, 0.8180493712425232, 0.9487214088439941, 0.4304165244102478]}, "spi_12": {"px": ["2021-01", "2021-02", "2021-03", "2021-04", "2021-05", "2021-06", "2021-07", "2021-08", "2021-09", "2021-10", "2021-11", "2021-12"], "py": [1.282776874093063, 1.0136256832500523, 0.8248681878788262, 0.7114245528431891, 0.6558896375920611, 0.705105012821829, 0.8624797558152433, 0.8035172442567311, 0.8032097964358069, 0.7976714006343606, 0.8005601637182029, 0.7005040238187807], "pt": [2.035671151381461, 1.935729085769026, 1.8896214818866532, 1.9018549242904093, 1.9599407721061244, 2.113641222363801, 2.36826830197779, 2.400647181963042, 2.4867325702886625, 2.563364981708003, 2.644766961885944, 2.6200153175004726], "pb": [0.529882596804665, 0.09152228073107871, -0.2398851061290006, -0.47900581860403113, -0.6481614969220024, -0.703431196720143, -0.6433087903473031, -0.7936126934495797, -0.8803129774170488, -0.9680221804392817, -1.0436466344495383, -1.219007269862911], "x": ["2019-01", "2019-02", "2019-03", "2019-04", "2019-05", "2019-06", "2019-07", "2019-08", "2019-09", "2019-10", "2019-11", "2019-12", "2020-01", "2020-02", "2020-03", "2020-04", "2020-05", "2020-06", "2020-07", "2020-08", "2020-09", "2020-10", "2020-11", "2020-12"], "y": [0.6797637343406677, 1.1316453218460083, 1.8373161554336548, 1.9560201168060303, 1.6488816738128662, 1.7999613285064697, 1.728366732597351, 1.738540768623352, 1.7516454458236694, 1.7025772333145142, 1.65981125831604, 1.482581615447998, 1.8254408836364746, 1.4452807903289795, 1.165722131729126, 0.9793510437011719, 0.8721129298210144, 0.8972110748291016, 0.7414032220840454, 0.7257872819900513, 0.7095353007316589, 0.7217000722885132, 0.9174745082855225, 0.9673418998718262],