{"IIS3": {"px": [], "py": [], "pt": [], "pb": [], "x": ["2019-01", "2019-02", "2019-03", "2019-04", "2019-05", "2019-06", "2019-07", "2019-08", "2019-09", "2019-10", "2019-11", "2019-12", "2020-01", "2020-02", "2020-03", "2020-04", "2020-05", "2020-06", "2020-07", "2020-08", "2020-09", "2020-10", "2020-11", "2020-12"], "y": [NaN, NaN, NaN, NaN, NaN, NaN, NaN, NaN, NaN, NaN, NaN, NaN, NaN, NaN, NaN, NaN, NaN, NaN, NaN, NaN, NaN, NaN, NaN, NaN]}, "VHI": {"px": ["2021-01", "2021-02", "2021-03", "2021-04", "2021-05", "2021-06", "2021-07", "2021-08", "2021-09", "2021-10", "2021-11", "2021-12"], "py": [56.56105773520626, 56.68105297457596, 61.60218643095985, 79.06313636261756, 85.18241543856237, 81.60831482460782, 74.45320356128012, 85.09208096781134, 99.398343261583, 87.66139317949798, 65.88733965952345, 57.94535254495965], "pt": [73.45847497445236, 77.37607801990902, 85.49874295897774, 105.78029875248498, 114.4496004490197, 113.22048764942531, 108.24803782594137, 120.93691567583744, 137.1821165977058, 127.28934896560051, 107.27738957559734, 101.02548235354865], "pb": [39.663640495960166, 35.98602792924291, 37.70562990294195, 52.34597397275013, 55.91523042810505, 49.996141999790325, 40.658369296618886, 49.24724625978524, 61.61456992546019, 48.033437393395445, 24.497289743449564, 14.865222736370633], "x": ["2019-01", "2019-02", "2019-03", "2019-04", "2019-05", "2019-06", "2019-07", "2019-08", "2019-09", "2019-10", "2019-11", "2019-12", "2020-01", "2020-02", "2020-03", "2020-04", "2020-05", "2020-06", "2020-07", "2020-08", "2020-09", "2020-10", "2020-11", "2020-12"], "y": [46.578948974609375, 35.26789474487305, 35.288421630859375, 48.57568359375, 59.9932861328125, 50.471710205078125, 50.471710205078125, 58.516319274902344, 70.14800262451172, 61.537757873535156, 44.605133056640625, 38.6015739440918, 39.549869537353516, 39.7869758605957, 43.482421875, 56.9221076965332, 62.004207611083984, 60.30473327636719, 55.776180267333984, 61.073814392089844, 62.70484161376953, 55.0184211730957, 58.01157760620117, 55.71350860595703]}, "spi_01": {"px": ["2021-01", "2021-02", "2021-03", "2021-04", "2021-05", "2021-06", "2021-07", "2021-08", "2021-09", "2021-10", "2021-11", "2021-12"], "py": [0.9416240718315358, -1.6648156886779397, -0.7445081674051315, 0.6385884749191271, 1.2495145739648672, 1.8062787068421393, 0.4547759950211745, 2.3146372653582743, 1.9651816762457335, 1.2192619051409586, -0.31470940237380596, 0.27674610217522266], "pt": [2.840757015951918, 0.23431725544244264, 1.1546247767152509, 2.53772141903951, 3.14864751808525, 3.705411650962523, 2.353908939141558, 4.213770209478658, 3.864314620366117, 3.1183948492613425, 1.5844235417465784, 2.1758790462956075], "pb": [-0.9575088722888461, -3.563948632798322, -2.643641111525514, -1.2605444692012557, -0.6496183701555154, -0.09285423727824416, -1.4443569490992088, 0.41550432123789083, 0.06604873212535001, -0.6798710389794254, -2.2138423464941903, -1.622386841945162], "x": ["2019-01", "2019-02", "2019-03", "2019-04", "2019-05", "2019-06", "2019-07", "2019-08", "2019-09", "2019-10", "2019-11", "2019-12", "2020-01", "2020-02", "2020-03", "2020-04", "2020-05", "2020-06", "2020-07", "2020-08", "2020-09", "2020-10", "2020-11", "2020-12"], "y": [-1.0231127738952637, -1.0125738382339478, -0.07296447455883026, -1.3485134840011597, -1.3297878503799438, 0.8103845119476318, -0.26781490445137024, 1.2159055471420288, 0.8405095934867859, 0.31159546971321106, -0.7499709725379944, -0.1525341123342514, 0.6658509373664856, -1.7268978357315063, -0.8621221780776978, 0.45810189843177795, 1.1146153211593628, 1.6693141460418701, 1.206072449684143, 1.3362292051315308, 0.944883406162262, 0.9492115378379822, 0.4648650884628296, -0.7718104124069214]}, "spi_03": {"px": [], "py": [], "pt": [], "pb": [], "x": ["2019-01", "2019-02", "2019-03", "2019-04", "2019-05", "2019-06", "2019-07", "2019-08", "2019-09", "2019-10", "2019-11", "2019-12", "2020-01", "2020-02", "2020-03", "2020-04", "2020-05", "2020-06", "2020-07"], "y": [0.043287165462970734, -0.7771613001823425, -1.3559656143188477, -1.165851354598999, -1.2002166509628296, -1.2182356119155884, -0.42030635476112366, 1.0636391639709473, 0.9376260042190552, 1.128605842590332, -0.26167750358581543, -0.6911279559135437, -0.5676410794258118, -0.77630615234375, -0.9263949990272522, -1.0157525539398193, 0.07497233897447586, 1.5329209566116333, 1.949236512184143]}, "spi_06": {"px": [], "py": [], "pt": [], "pb": [], "x": ["2019-01", "2019-02", "2019-03", "2019-04", "2019-05", "2019-06", "2019-07", "2019-08", "2019-09", "2019-10", "2019-11", "2019-12", "2020-01", "2020-02", "2020-03", "2020-04", "2020-05", "2020-06", "2020-07"], "y": [-0.5020337104797363, -0.8729553818702698, -0.7347798347473145, -0.7895433902740479, -1.3494781255722046, -1.6715240478515625, -1.303873896598816, -0.39319583773612976, -0.021783728152513504, 0.6103240251541138, 0.49338117241859436, -0.10460304468870163, 0.21086028218269348, -0.8457126021385193, -1.243159532546997, -1.0893449783325195, -0.5188860893249512, 0.09535888582468033, 0.14017389714717865]}, "spi_12": {"px": ["2021-01", "2021-02", "2021-03", "2021-04", "2021-05", "2021-06", "2021-07", "2021-08", "2021-09", "2021-10", "2021-11", "2021-12"], "py": [1.591413825993366, 1.2352329358957839, 0.6243303726988647, 1.4551605011685114, 2.164286731703881, 2.2538747974463123, 1.0534220737749123, 2.051718132560718, 2.919320604034218, 3.706753288388973, 2.0213346983956306, 0.8885666734740809], "pt": [3.0179877843446956, 2.982422070708182, 2.6418106048118863, 3.7107719706213356, 4.635185296049945, 4.922750277765272, 3.9065699745343654, 5.077938474467167, 6.109236930825363, 7.052365756396739, 5.515712955002853, 4.525630876153166], "pb": [0.16483986764203618, -0.5119561989166146, -1.393149859414157, -0.8004509682843124, -0.3066118326421834, -0.41500068287264735, -1.7997258269845413, -0.9745022093457316, -0.270595722756926, 0.36114082038120676, -1.4730435582115922, -2.7484975292050042], "x": ["2019-01", "2019-02", "2019-03", "2019-04", "2019-05", "2019-06", "2019-07", "2019-08", "2019-09", "2019-10", "2019-11", "2019-12", "2020-01", "2020-02", "2020-03", "2020-04", "2020-05", "2020-06", "2020-07", "2020-08", "2020-09", "2020-10", "2020-11", "2020-12"], "y": [-0.16553394496440887, -0.5882198214530945, -0.29608455300331116, -0.7497141361236572, -1.060225248336792, -1.0767300128936768, -1.109628438949585, -0.82215416431427, -0.6019595265388489, -0.40483322739601135, -0.885977029800415, -1.1890861988067627, -0.7845815420150757, -0.8444415926933289, -1.0382694005966187, -0.6481875777244568, -0.24923469126224518, -0.06441119313240051, 0.17794208228588104, 0.22243382036685944, 0.23529034852981567, 0.40131521224975586, 0.8752845525741577, 0.6461079716682434],