{"IIS3": {"px": [], "py": [], "pt": [], "pb": [], "x": ["2019-01", "2019-02", "2019-03", "2019-04", "2019-05", "2019-06", "2019-07", "2019-08", "2019-09", "2019-10", "2019-11", "2019-12", "2020-01", "2020-02", "2020-03", "2020-04", "2020-05", "2020-06", "2020-07", "2020-08", "2020-09", "2020-10", "2020-11", "2020-12"], "y": [NaN, NaN, NaN, NaN, NaN, NaN, NaN, NaN, NaN, NaN, NaN, NaN, NaN, NaN, NaN, NaN, NaN, NaN, NaN, NaN, NaN, NaN, NaN, NaN]}, "VHI": {"px": ["2021-01", "2021-02", "2021-03", "2021-04", "2021-05", "2021-06", "2021-07", "2021-08", "2021-09", "2021-10", "2021-11", "2021-12"], "py": [39.68004537177167, 44.34453225754123, 64.72421068070709, 66.78496462250232, 59.626983202680435, 51.2924825827086, 47.04282144860487, 47.99421500417539, 55.59186301747822, 50.599650007595955, 32.12363475046512, 30.794278614637534], "pt": [55.854606311781495, 64.1311933921637, 87.55855972136656, 92.30560398292889, 87.57691290955522, 81.47681805449808, 79.30719258966101, 82.21241458250073, 91.6582007805003, 88.42393132120031, 71.62770788406701, 71.9095717717981], "pb": [23.505484431761843, 24.55787112291877, 41.88986164004761, 41.264325262075744, 31.67705349580565, 21.10814711091912, 14.778450307548724, 13.776015425850048, 19.52552525445615, 12.775368693991602, -7.380438383136763, -10.32101454252303], "x": ["2019-01", "2019-02", "2019-03", "2019-04", "2019-05", "2019-06", "2019-07", "2019-08", "2019-09", "2019-10", "2019-11", "2019-12", "2020-01", "2020-02", "2020-03", "2020-04", "2020-05", "2020-06", "2020-07", "2020-08", "2020-09", "2020-10", "2020-11", "2020-12"], "y": [55.07926559448242, 55.76028823852539, 62.09485626220703, 56.5616455078125, 44.67411422729492, 43.33161544799805, 43.33161544799805, 42.755882263183594, 48.921409606933594, 44.33940887451172, 27.79680633544922, 27.031442642211914, 34.62069320678711, 38.67222213745117, 57.56211471557617, 59.804443359375, 54.00602722167969, 47.05305862426758, 37.21543884277344, 40.51338195800781, 51.73764419555664, 46.602821350097656, 41.526912689208984, 31.445491790771484]}, "spi_01": {"px": ["2021-01", "2021-02", "2021-03", "2021-04", "2021-05", "2021-06", "2021-07", "2021-08", "2021-09", "2021-10", "2021-11", "2021-12"], "py": [-0.994148072771071, 1.4345076662491572, 2.492454728277095, 1.587575339831396, 1.5661038145345216, 1.2799704420080507, 1.833517150906781, 1.124837123918546, -0.23591199264696527, 0.10262772742033954, -1.0178497295380184, 0.665412585741425], "pt": [2.1834971971917962, 4.612152936212025, 5.670099998239962, 4.765220609794264, 4.74374908449739, 4.45761571197092, 5.01116242086965, 4.302482393881416, 2.9417332773159046, 3.28027299738321, 2.1597955404248523, 3.8430578557042967], "pb": [-4.171793342733938, -1.7431376037137105, -0.6851905416857726, -1.590069930131472, -1.6115414554283465, -1.8976748279548183, -1.344128119056088, -2.0528081460443235, -3.4135572626098347, -3.075017542542531, -4.195494999500889, -2.512232684221446], "x": ["2019-01", "2019-02", "2019-03", "2019-04", "2019-05", "2019-06", "2019-07", "2019-08", "2019-09", "2019-10", "2019-11", "2019-12", "2020-01", "2020-02", "2020-03", "2020-04", "2020-05", "2020-06", "2020-07", "2020-08", "2020-09", "2020-10", "2020-11", "2020-12"], "y": [0.8151553869247437, 0.451408714056015, 0.4966600239276886, -0.25779810547828674, -0.6681612133979797, 0.03690265491604805, 0.6049187183380127, -0.0018562085460871458, -0.9033938646316528, -0.6115766763687134, -1.3725395202636719, -0.042837999761104584, -1.268658995628357, 0.5998303890228271, 1.4588253498077393, 0.7454019784927368, 0.8001047372817993, 0.7128621935844421, -0.43351447582244873, -0.35142800211906433, 0.18131500482559204, -1.4076941013336182, 1.0289384126663208, 0.7232645153999329]}, "spi_03": {"px": [], "py": [], "pt": [], "pb": [], "x": ["2019-01", "2019-02", "2019-03", "2019-04", "2019-05", "2019-06", "2019-07", "2019-08", "2019-09", "2019-10", "2019-11", "2019-12", "2020-01", "2020-02", "2020-03", "2020-04", "2020-05", "2020-06", "2020-07"], "y": [1.029452919960022, 0.8099421858787537, 0.6223080158233643, 0.13956615328788757, -0.5802394151687622, -0.6320446133613586, -0.26917409896850586, 0.14650289714336395, -0.0595226064324379, -0.6801213622093201, -1.4503546953201294, -1.2304487228393555, -1.2229981422424316, -0.39788419008255005, 0.5893251299858093, 1.2369568347930908, 1.344609260559082, 1.0315908193588257, 0.6974141597747803]}, "spi_06": {"px": [], "py": [], "pt": [], "pb": [], "x": ["2019-01", "2019-02", "2019-03", "2019-04", "2019-05", "2019-06", "2019-07", "2019-08", "2019-09", "2019-10", "2019-11", "2019-12", "2020-01", "2020-02", "2020-03", "2020-04", "2020-05", "2020-06", "2020-07"], "y": [-0.6680870056152344, 0.18515737354755402, 0.5411183834075928, 0.5863419771194458, 0.0044443304650485516, -0.11961159110069275, -0.22538995742797852, -0.27995142340660095, -0.4909311830997467, -0.4811135232448578, -0.25098419189453125, -0.44221287965774536, -1.32271409034729, -1.080082893371582, 0.17715710401535034, 0.5174025893211365, 0.8564531803131104, 0.9806295037269592, 1.2065043449401855]}, "spi_12": {"px": ["2021-01", "2021-02", "2021-03", "2021-04", "2021-05", "2021-06", "2021-07", "2021-08", "2021-09", "2021-10", "2021-11", "2021-12"], "py": [0.04285706070569484, 0.038955044991082044, 0.44285947800947856, 0.7125676154160154, 1.2693706128765019, 1.574569912815328, 1.0755672674463774, 1.7588703529924068, 1.7956525293529229, 1.7643874973564877, 1.321673324966277, 0.9336013659778], "pt": [0.8908791843669324, 1.0775657891923691, 1.6421438620159519, 2.053408317913229, 2.738188009704528, 3.1610740259445986, 2.7716115052914665, 3.5577969252790487, 3.691887632980741, 3.753175651982776, 3.398894805630597, 3.0956420306010877], "pb": [-0.8051650629555427, -0.9996556992102048, -0.756424905996995, -0.6282730870811988, -0.19944678395152415, -0.011934200313942878, -0.6204769703987119, -0.040056219294235085, -0.10058257427489536, -0.22440065726980052, -0.7555481556980435, -1.2284392986454882], "x": ["2019-01", "2019-02", "2019-03", "2019-04", "2019-05", "2019-06", "2019-07", "2019-08", "2019-09", "2019-10", "2019-11", "2019-12", "2020-01", "2020-02", "2020-03", "2020-04", "2020-05", "2020-06", "2020-07", "2020-08", "2020-09", "2020-10", "2020-11", "2020-12"], "y": [-0.5043483376502991, -0.6340480446815491, -0.6191039681434631, -1.1775214672088623, -1.3985648155212402, -1.0216482877731323, -0.5108742117881775, -0.1663925051689148, -0.14952191710472107, -0.11396220326423645, -0.24502268433570862, -0.3470192551612854, -0.6900598406791687, -0.6590794920921326, -0.34345343708992004, -0.1169065609574318, 0.33650127053260803, 0.6324926614761353, 0.4316726326942444, 0.36088433861732483, 0.4820445775985718, 0.46187764406204224, 0.5695096850395203, 0.6360647678375244],