{"IIS3": {"px": [], "py": [], "pt": [], "pb": [], "x": ["2019-01", "2019-02", "2019-03", "2019-04", "2019-05", "2019-06", "2019-07", "2019-08", "2019-09", "2019-10", "2019-11", "2019-12", "2020-01", "2020-02", "2020-03", "2020-04", "2020-05", "2020-06", "2020-07", "2020-08", "2020-09", "2020-10", "2020-11", "2020-12"], "y": [NaN, NaN, NaN, NaN, NaN, NaN, NaN, NaN, NaN, NaN, NaN, NaN, NaN, NaN, NaN, NaN, NaN, NaN, NaN, NaN, NaN, NaN, NaN, NaN]}, "VHI": {"px": ["2021-01", "2021-02", "2021-03", "2021-04", "2021-05", "2021-06", "2021-07", "2021-08", "2021-09", "2021-10", "2021-11", "2021-12"], "py": [50.80867735596014, 50.79756878981273, 53.86409095399421, 59.981647029736806, 60.17654541621492, 59.644967955081114, 55.51413226493682, 57.7455691147525, 64.59386316108623, 59.666849862996315, 57.069697333402374, 53.94121649566921], "pt": [58.44772174613837, 58.71978850349208, 62.05970753778496, 68.44183007652735, 68.89326860683525, 68.61089396295083, 64.7225194839503, 67.190195161981, 74.26896146387794, 69.56705658636221, 67.19000657581564, 64.2769421672789], "pb": [43.169632965781915, 42.875349076133375, 45.668474370203455, 51.52146398294626, 51.45982222559459, 50.6790419472114, 46.305745045923345, 48.300943067524, 54.91876485829452, 49.76664313963042, 46.9493880909891, 43.605490824059515], "x": ["2019-01", "2019-02", "2019-03", "2019-04", "2019-05", "2019-06", "2019-07", "2019-08", "2019-09", "2019-10", "2019-11", "2019-12", "2020-01", "2020-02", "2020-03", "2020-04", "2020-05", "2020-06", "2020-07", "2020-08", "2020-09", "2020-10", "2020-11", "2020-12"], "y": [49.613311767578125, 47.185001373291016, 39.64109802246094, 50.04052734375, 51.85874938964844, 47.70014572143555, 47.70014572143555, 49.45647048950195, 56.017822265625, 52.016910552978516, 49.86598587036133, 47.31500244140625, 46.55035400390625, 46.94240951538086, 50.03207015991211, 55.63642501831055, 55.956024169921875, 55.976531982421875, 52.71409225463867, 58.48551559448242, 54.58417510986328, 51.17317581176758, 57.632057189941406, 55.73597717285156]}, "spi_01": {"px": [], "py": [], "pt": [], "pb": [], "x": ["2019-01", "2019-02", "2019-03", "2019-04", "2019-05", "2019-06", "2019-07", "2019-08", "2019-09", "2019-10", "2019-11", "2019-12", "2020-01", "2020-02", "2020-03", "2020-04", "2020-05", "2020-06", "2020-07", "2020-08", "2020-09", "2020-10", "2020-11", "2020-12"], "y": [NaN, NaN, NaN, NaN, NaN, NaN, NaN, NaN, NaN, NaN, NaN, NaN, NaN, NaN, NaN, NaN, NaN, NaN, NaN, NaN, NaN, NaN, NaN, NaN]}, "spi_03": {"px": [], "py": [], "pt": [], "pb": [], "x": ["2019-01", "2019-02", "2019-03", "2019-04", "2019-05", "2019-06", "2019-07", "2019-08", "2019-09", "2019-10", "2019-11", "2019-12", "2020-01", "2020-02", "2020-03", "2020-04", "2020-05", "2020-06", "2020-07"], "y": [NaN, NaN, NaN, NaN, NaN, NaN, NaN, NaN, NaN, NaN, NaN, NaN, NaN, NaN, NaN, NaN, NaN, NaN, NaN]}, "spi_06": {"px": [], "py": [], "pt": [], "pb": [], "x": ["2019-01", "2019-02", "2019-03", "2019-04", "2019-05", "2019-06", "2019-07", "2019-08", "2019-09", "2019-10", "2019-11", "2019-12", "2020-01", "2020-02", "2020-03", "2020-04", "2020-05", "2020-06", "2020-07"], "y": [NaN, NaN, NaN, NaN, NaN, NaN, NaN, NaN, NaN, NaN, NaN, NaN, NaN, NaN, NaN, NaN, NaN, NaN, NaN]}, "spi_12": {"px": [], "py": [], "pt": [], "pb": [], "x": ["2019-01", "2019-02", "2019-03", "2019-04", "2019-05", "2019-06", "2019-07", "2019-08", "2019-09", "2019-10", "2019-11", "2019-12", "2020-01", "2020-02", "2020-03", "2020-04", "2020-05", "2020-06", "2020-07", "2020-08", "2020-09", "2020-10", "2020-11", "2020-12"], "y": [NaN, NaN, NaN, NaN, NaN, NaN, NaN, NaN, NaN, NaN, NaN, NaN, NaN, NaN, NaN, NaN, NaN, NaN, NaN, NaN, NaN, NaN, NaN, NaN], "geox": [-39.486688196734555, -39.47904112644395, -39.47649110488549, -39.470985053793974, -39.468408031425106, -39.46277498778554, -39.46182698521103, -39.45673294496124, -39.452072906247906, -39.45021789501408, -39.4486108815973, -39.44669786563269, -39.44421984707962, -39.437524785474544, -39.43571076955019, -39.43482376313171, -39.43484876664508, -39.43185075015759, -39.426210704007545, -39.422847676301785, -39.42090965785807, -39.42051464795207, -39.417710617776066, -39.41721360712212, -39.41248255808318, -39.41139554830769, -39.40717651310287, -39.4043784926044, -39.40412149403739, -39.404875506058126, -39.40356950516217, -39.40111648777506, -39.396820452831626, -39.39479643491174, -39.38432533770484, -39.38243831700192, -39.37965929271089, -39.37779327340276, -39.37350623723986, -39.371433218213014, -39.37012820277504, -39.368791189572086, -39.36645717053695, -39.36320914165863, -39.36060512261531, -39.358353104542616, -39.353413058670874, -39.38171639846738, -39.38574743922267, -39.38493545106726, -39.391104519763594, -39.390883524625764, -39.39410155547937, -39.39591156817758, -39.39770758623277, -39.4032716304219, -39.40506564697998, -39.40595865744489, -39.402927635887416, -39.40342664304762, -39.40443265297134, -39.4039676588998, -39.405316677202414, -39.40496567758724, -39.40590568856743, -39.41054672810555, -39.41170673928625, -39.412019743728194, -39.40965372666642, -39.40415968255538, -39.404595694213235, -39.404127694304314, -39.404045695637095, -39.39665563288355, -39.39407560602357, -39.39310059709969, -39.39291360022443, -39.39137358969939, -39.38762355768342, -39.38554353791587, -39.38348952088482, -39.38199450823936, -39.38171250996151, -39.38352153559673, -39.38037550532716, -39.380044496310454, -39.37463744943344, -39.370934420906984, -39.37062941998096, -39.37196143618424, -39.37462646309121, -39.3730744556594, -39.3703404366886, -39.36715041186545, -39.3655113959054, -39.36534839704321, -39.36459639107365, -39.36258036687633, -39.35990234661771, -39.35732632084858, -39.35271628054654, -39.348765250515186, -39.34812024327827, -39.34657422983697, -39.3451562224301, -39.34548722676823, -39.348012250460144, -39.34868425779121, -39.34541423424942, -39.347360257631244, -39.346487254358905, -39.34418023262454, -39.34251121830759, -39.340629204464584, -39.34046320523205, -39.33890319164643, -39.3390971947048, -39.34068721024554, -39.34312723126692, -39.34262922847109, -39.33993320726344, -39.33846919782718, -39.33989522002551, -39.33415417252274, -39.332823165896286, -39.33022414694146, -39.328772138560005, -39.329022148327596, -39.33504722077514, -39.335927228730306, -39.33643323038715, -39.33915325437372, -39.33893124942866, -39.33987925782, -39.34065326552593, -39.340764269740895, -39.34188428239035, -39.34073727567708, -39.34143528575175, -39.34284529929439, -39.344497312246816, -39.34573932373753, -39.348293349776284, -39.3466613437308, -39.34562333675908, -39.34561033306866, -39.34482232505853, -39.34162930257255, -39.34440533493842, -39.347511382374606, -39.3493774017606, -39.347222383390616, -39.347407388665665, -39.34583637717179, -39.34448836759924, -39.385601795498, -39.44185730924221, -39.44389433138414, -39.444075336670785, -39.44343033336283, -39.44410234848311, -39.44662837631641, -39.44413436070917, -39.44401737134094, -39.44315636435377, -39.441734350853366, -39.44065434198009, -39.44035034110564, -39.44046835219369, -39.44257438060887, -39.44457639473389, -39.44873843116563, -39.45662549252844, -39.46117952324841, -39.46191952977814, -39.476575666501084, -39.48192971867868, -39.48381873938154, -39.491104804341894, -39.49426482936675, -39.49690584457164, -39.50175988059351, -39.506067913240614, -39.51141195152462, -39.515084980523426, -39.51526597830079, -39.5137689620887, -39.51466596550537, -39.515091961489006, -39.5142139496428, -39.50918389088323, -39.50700985479526, -39.50193179625356, -39.50157178951752, -39.500267775776244, -39.49418971672519, -39.493684698932746, -39.49046066031526, -39.49016164926693, -39.49177265835706, -39.490849645793276, -39.491266644331354, -39.48877361838395, -39.48882261141855, -39.48568556592073, -39.479320507548614, -39.4769894846397, -39.47503846436354, -39.47509745977653, -39.47432145159937, -39.471624427349234, -39.47001640964151, -39.47221742367133, 