{"IIS3": {"px": [], "py": [], "pt": [], "pb": [], "x": ["2019-01", "2019-02", "2019-03", "2019-04", "2019-05", "2019-06", "2019-07", "2019-08", "2019-09", "2019-10", "2019-11", "2019-12", "2020-01", "2020-02", "2020-03", "2020-04", "2020-05", "2020-06", "2020-07", "2020-08", "2020-09", "2020-10", "2020-11", "2020-12"], "y": [NaN, NaN, NaN, NaN, NaN, NaN, NaN, NaN, NaN, NaN, NaN, NaN, NaN, NaN, NaN, NaN, NaN, NaN, NaN, NaN, NaN, NaN, NaN, NaN]}, "VHI": {"px": ["2021-01", "2021-02", "2021-03", "2021-04", "2021-05", "2021-06", "2021-07", "2021-08", "2021-09", "2021-10", "2021-11", "2021-12"], "py": [30.374207187793516, 29.696911384979288, 54.52603426131748, 66.07303653949761, 67.41262662667359, 62.41534348666235, 43.25150726370143, 64.06507218500853, 80.410276249897, 68.6540641333869, 44.0364370655285, 35.996154236756915], "pt": [61.75811417072357, 63.017879371304815, 89.6774808542851, 102.964248062173, 105.96517229674967, 102.5605308405137, 84.92851960513914, 107.21956960695607, 124.99332165701784, 114.62128319007905, 91.34735037142917, 84.6136388268812], "pb": [-1.0096997951365445, -3.6240566013462328, 19.37458766834986, 29.181825016822202, 28.860080956597493, 22.270156132810996, 1.5744949222637175, 20.910574763061, 35.82723084277614, 22.686845076694723, -3.2744762403721595, -12.62133035336737], "x": ["2019-01", "2019-02", "2019-03", "2019-04", "2019-05", "2019-06", "2019-07", "2019-08", "2019-09", "2019-10", "2019-11", "2019-12", "2020-01", "2020-02", "2020-03", "2020-04", "2020-05", "2020-06", "2020-07", "2020-08", "2020-09", "2020-10", "2020-11", "2020-12"], "y": [31.21392822265625, 58.605712890625, 82.4671401977539, 71.6517105102539, 48.31285858154297, 42.22214126586914, 42.22214126586914, 61.1888542175293, 73.55885314941406, 60.378570556640625, 37.9466667175293, 31.556333541870117, 25.13541603088379, 25.04958152770996, 47.15533447265625, 56.52082824707031, 58.07143020629883, 55.218284606933594, 57.86392593383789, 57.90606689453125, 54.62285614013672, 49.19942855834961, 50.2071418762207, 49.09000015258789]}, "spi_01": {"px": ["2021-01", "2021-02", "2021-03", "2021-04", "2021-05", "2021-06", "2021-07", "2021-08", "2021-09", "2021-10", "2021-11", "2021-12"], "py": [-0.5296225589424943, 1.2227164627846143, 3.441391004462816, 1.2290975224955947, 2.4292731748263314, 1.0007003126604812, 2.4238545614316527, 1.2765753028658162, 1.5494396528665293, 2.7019170948397297, -1.5852366404428182, 0.189508000676208], "pt": [3.99418938498105, 5.746528406708158, 7.965202948386361, 5.7529094664191405, 6.953085118749877, 5.524512256584028, 6.947666505355199, 5.800387246789365, 6.073251596790078, 7.22572903876328, 2.9385753034807314, 4.713319944599759], "pb": [-5.053434502866038, -3.3010954811389306, -1.0824209394607287, -3.294714421427951, -2.0945387690972144, -3.5231116312630655, -2.099957382491894, -3.2472366410577322, -2.974372291057019, -1.8218948490838196, -6.109048584366367, -4.334303943247342], "x": ["2019-01", "2019-02", "2019-03", "2019-04", "2019-05", "2019-06", "2019-07", "2019-08", "2019-09", "2019-10", "2019-11", "2019-12", "2020-01", "2020-02", "2020-03", "2020-04", "2020-05", "2020-06", "2020-07", "2020-08", "2020-09", "2020-10", "2020-11", "2020-12"], "y": [0.18692341446876526, 1.2243317365646362, 1.2147389650344849, 0.18533802032470703, -0.29505032300949097, 0.8691498637199402, 1.1248745918273926, 0.1256057322025299, 0.2616102695465088, 1.0578083992004395, -1.9863111972808838, -0.7303491830825806, -1.1823089122772217, -0.011427819728851318, 1.4429212808609009, -0.15980428457260132, 0.7418047189712524, -0.11245431751012802, -0.005194752011448145, -1.0298184156417847, 0.07146355509757996, -0.2037574201822281, 1.4441553354263306, -0.5134803652763367]}, "spi_03": {"px": [], "py": [], "pt": [], "pb": [], "x": ["2019-01", "2019-02", "2019-03", "2019-04", "2019-05", "2019-06", "2019-07", "2019-08", "2019-09", "2019-10", "2019-11", "2019-12", "2020-01", "2020-02", "2020-03", "2020-04", "2020-05", "2020-06", "2020-07"], "y": [0.3600209355354309, 1.118449330329895, 1.2833181619644165, 1.3030099868774414, 0.30083903670310974, 0.2861381769180298, 0.7992461919784546, 0.9415006041526794, 0.7823792099952698, 0.28659555315971375, 0.21624168753623962, -0.5711014866828918, -2.028571605682373, -1.0704454183578491, 0.24324308335781097, 0.45333921909332275, 0.9048462510108948, 0.1644645780324936, 0.1982194483280182]}, "spi_06": {"px": [], "py": [], "pt": [], "pb": [], "x": ["2019-01", "2019-02", "2019-03", "2019-04", "2019-05", "2019-06", "2019-07", "2019-08", "2019-09", "2019-10", "2019-11", "2019-12", "2020-01", "2020-02", "2020-03", "2020-04", "2020-05", "2020-06", "2020-07"], "y": [-0.8186284303665161, 0.6717382669448853, 1.3295304775238037, 1.1679989099502563, 0.7907217741012573, 0.9203647971153259, 1.188392996788025, 0.8528324365615845, 0.587742030620575, 0.7022556662559509, 0.8658918738365173, 0.6472615003585815, -0.7336369156837463, -0.839523196220398, 0.053068917244672775, -0.24679423868656158, 0.1899341642856598, 0.17124274373054504, 0.31805893778800964]}, "spi_12": {"px": ["2021-01", "2021-02", "2021-03", "2021-04", "2021-05", "2021-06", "2021-07", "2021-08", "2021-09", "2021-10", "2021-11", "2021-12"], "py": [-0.12600990691799407, -0.33988218495856026, -0.22679654560704976, -0.20571522449533775, 0.17101664248820825, 0.013093040368429287, 0.07356704650468071, 0.07589570755829733, 0.0661028454623449, 0.06490014529313015, -0.03988114043781654, -0.18473810236133104], "pt": [0.8348357361613803, 0.8369085856792653, 1.1320443891208223, 1.3135151247031862, 1.8352501062665385, 1.810670629790752, 1.9952583219251423, 2.114157105431708, 2.2146190064661715, 2.3182829050852547, 2.313700392070059, 2.2649472240011947], "pb": [-1.0868555499973684, -1.5166729555963856, -1.585637480334922, -1.7249455736938615, -1.493216821290122, -1.7844845490538934, -1.8481242289157807, -1.9623656903151132, -2.0824133155414817, -2.1884826144989944, -2.3934626729456916, -2.6344234287238564], "x": ["2019-01", "2019-02", "2019-03", "2019-04", "2019-05", "2019-06", "2019-07", "2019-08", "2019-09", "2019-10", "2019-11", "2019-12", "2020-01", "2020-02", "2020-03", "2020-04", "2020-05", "2020-06", "2020-07", "2020-08", "2020-09", "2020-10", "2020-11", "2020-12"], "y": [-0.021254219114780426, 0.09503099322319031, 0.07937957346439362, -0.47738927602767944, -0.7041704654693604, 0.22889983654022217, 0.8902042508125305, 0.9661643505096436, 1.0028352737426758, 1.0829274654388428, 1.0499998331069946, 0.9060634970664978, 0.868748128414154, 0.45010966062545776, 0.5427935719490051, 0.4787949025630951, 0.9069877862930298, 0.5914562940597534, -0.056372158229351044, -0.17431640625, -0.1776011884212494, -0.2568006217479706, -0.12080522626638412, -0.1066962331533432],