{"IIS3": {"px": [], "py": [], "pt": [], "pb": [], "x": ["2019-01", "2019-02", "2019-03", "2019-04", "2019-05", "2019-06", "2019-07", "2019-08", "2019-09", "2019-10", "2019-11", "2019-12", "2020-01", "2020-02", "2020-03", "2020-04", "2020-05", "2020-06", "2020-07", "2020-08", "2020-09", "2020-10", "2020-11", "2020-12"], "y": [NaN, NaN, NaN, NaN, NaN, NaN, NaN, NaN, NaN, NaN, NaN, NaN, NaN, NaN, NaN, NaN, NaN, NaN, NaN, NaN, NaN, NaN, NaN, NaN]}, "VHI": {"px": ["2021-01", "2021-02", "2021-03", "2021-04", "2021-05", "2021-06", "2021-07", "2021-08", "2021-09", "2021-10", "2021-11", "2021-12"], "py": [45.974911453316125, 50.889164299079155, 65.63500918493048, 80.48731080702235, 93.57553566084395, 88.02265045658686, 58.940614137960395, 111.11843748415399, 104.21576316028433, 77.27928924989065, 57.92575975425163, 44.355915527831], "pt": [72.67489542768432, 81.59357575344659, 99.87873300823367, 117.93733563764474, 133.97821005675252, 131.17642012818538, 104.68030779015868, 159.30548256812358, 154.73173145202443, 130.02144308323028, 112.80386585775372, 101.28989719111189], "pb": [19.27492747894793, 20.184752844711724, 31.391285361627304, 43.03728597639997, 53.17286126493539, 44.868880784988335, 13.200920485762111, 62.93139240018438, 53.69979486854422, 24.537135416551017, 3.047653650749538, -12.578066135449895], "x": ["2019-01", "2019-02", "2019-03", "2019-04", "2019-05", "2019-06", "2019-07", "2019-08", "2019-09", "2019-10", "2019-11", "2019-12", "2020-01", "2020-02", "2020-03", "2020-04", "2020-05", "2020-06", "2020-07", "2020-08", "2020-09", "2020-10", "2020-11", "2020-12"], "y": [22.294008255004883, 24.385337829589844, 29.649229049682617, 39.62190628051758, 20.805898666381836, 27.796775817871094, 27.796775817871094, 60.512271881103516, 57.30805587768555, 41.5330924987793, 31.147092819213867, 24.321998596191406, 31.484554290771484, 35.814273834228516, 46.8011589050293, 57.95104217529297, 68.63703918457031, 65.4250259399414, 56.98688888549805, 57.17911911010742, 55.9660530090332, 44.59357833862305, 49.30098342895508, 41.04245376586914]}, "spi_01": {"px": ["2021-01", "2021-02", "2021-03", "2021-04", "2021-05", "2021-06", "2021-07", "2021-08", "2021-09", "2021-10", "2021-11", "2021-12"], "py": [0.5512800685601325, 0.38135485387714496, 2.2621538285738456, 1.2763657546988125, 0.8406243142226195, 1.1532443392900853, 3.3952081972457924, 0.4527317138256093, -0.17891659069138077, -0.2262184972740977, -0.33195998926765125, -0.3988140297615308], "pt": [2.0904710609806463, 1.9205458462976592, 3.80134482099436, 2.8155567471193272, 2.3798153066431347, 2.6924353317106, 4.9343991896663075, 1.9919227062461244, 1.3602744017291348, 1.3129724951464183, 1.2072310031528648, 1.1403769626589852], "pb": [-0.9879109238603816, -1.1578361385433695, 0.7229628361533313, -0.2628252377217022, -0.6985666781978952, -0.38594665313042986, 1.8560172048252772, -1.086459278594906, -1.7181075831118962, -1.7654094896946135, -1.871150981688167, -1.9380050221820468], "x": ["2019-01", "2019-02", "2019-03", "2019-04", "2019-05", "2019-06", "2019-07", "2019-08", "2019-09", "2019-10", "2019-11", "2019-12", "2020-01", "2020-02", "2020-03", "2020-04", "2020-05", "2020-06", "2020-07", "2020-08", "2020-09", "2020-10", "2020-11", "2020-12"], "y": [-0.43265408277511597, -0.36613547801971436, 1.3193585872650146, -0.5798906087875366, -1.378665804862976, 0.4059419631958008, 2.144425630569458, -0.13662782311439514, -0.6348122954368591, -0.6433137655258179, -0.6571894884109497, -0.671896755695343, 0.2397897094488144, -0.059797272086143494, 1.465783715248108, 0.6202751398086548, 0.31192779541015625, 0.6392102241516113, -0.6419865489006042, -0.5031248331069946, -0.6508026123046875, -0.7583658695220947, 0.9087174534797668, -0.5362505912780762]}, "spi_03": {"px": [], "py": [], "pt": [], "pb": [], "x": ["2019-01", "2019-02", "2019-03", "2019-04", "2019-05", "2019-06", "2019-07", "2019-08", "2019-09", "2019-10", "2019-11", "2019-12", "2020-01", "2020-02", "2020-03", "2020-04", "2020-05", "2020-06", "2020-07"], "y": [0.4374701976776123, -1.5422701835632324e-05, 0.2811867594718933, 0.18347761034965515, -0.3662700653076172, -0.8533929586410522, 0.5209850668907166, 1.2450344562530518, 1.2065916061401367, -0.8207152485847473, -1.052114486694336, -1.1138379573822021, -0.2715226411819458, -0.3327139616012573, 0.6391022205352783, 0.9980669021606445, 0.988379955291748, 0.6024653911590576, 0.1544083058834076]}, "spi_06": {"px": [], "py": [], "pt": [], "pb": [], "x": ["2019-01", "2019-02", "2019-03", "2019-04", "2019-05", "2019-06", "2019-07", "2019-08", "2019-09", "2019-10", "2019-11", "2019-12", "2020-01", "2020-02", "2020-03", "2020-04", "2020-05", "2020-06", "2020-07"], "y": [-0.7901806831359863, -0.4305473566055298, 0.34851938486099243, 0.25560539960861206, -0.44674521684646606, -0.6072528958320618, 0.3844476342201233, 0.47627007961273193, 0.025146648287773132, 0.032701194286346436, 0.5729939937591553, 0.3964322507381439, -0.8269290328025818, -0.8156915903091431, 0.11432986706495285, 0.4315459132194519, 0.589424192905426, 0.7691425085067749, 0.6534793376922607]}, "spi_12": {"px": ["2021-01", "2021-02", "2021-03", "2021-04", "2021-05", "2021-06", "2021-07", "2021-08", "2021-09", "2021-10", "2021-11", "2021-12"], "py": [0.47644950135134856, 0.5853969019910927, 0.7230114774035905, 1.0568149310033084, 1.6737860587994255, 1.777656913294103, 1.9102424944021097, 2.0221016051906844, 1.8580058403207076, 1.722070918420517, 1.3160306288141648, 0.6010498712809129], "pt": [1.430458506302858, 1.7538145351650503, 2.0721839458060174, 2.5652356062389536, 3.3261781180461485, 3.562444324008581, 3.8182604936432476, 4.045860303605942, 3.991234813824181, 3.959420340700806, 3.6528658864566905, 3.0333051221426466], "pb": [-0.477559503600161, -0.5830207311828648, -0.6261609909988364, -0.45160574423233735, 0.021393999552702603, -0.0071304974203751925, 0.0022244951609722285, -0.0016570932245736358, -0.2752231331827657, -0.5152785038597725, -1.020804628828361, -1.8312053795808207], "x": ["2019-01", "2019-02", "2019-03", "2019-04", "2019-05", "2019-06", "2019-07", "2019-08", "2019-09", "2019-10", "2019-11", "2019-12", "2020-01", "2020-02", "2020-03", "2020-04", "2020-05", "2020-06", "2020-07", "2020-08", "2020-09", "2020-10", "2020-11", "2020-12"], "y": [-1.707869052886963, -1.8375080823898315, -1.2067923545837402, -1.2645376920700073, -1.4795154333114624, -1.1465842723846436, -0.1970030665397644, 0.011531352996826172, 0.03648565709590912, 0.05616705119609833, -0.06768779456615448, -0.42040979862213135, -0.15739816427230835, -0.08713515102863312, -0.006303459405899048, 0.2254296988248825, 0.6856136322021484, 0.7742928266525269, 0.07607895880937576, 0.011322468519210815, 0.02239413559436798, 0.014201223850250244, 0.1819702386856079, 0.18360328674316406],