{"IIS3": {"px": [], "py": [], "pt": [], "pb": [], "x": ["2019-01", "2019-02", "2019-03", "2019-04", "2019-05", "2019-06", "2019-07", "2019-08", "2019-09", "2019-10", "2019-11", "2019-12", "2020-01", "2020-02", "2020-03", "2020-04", "2020-05", "2020-06", "2020-07", "2020-08", "2020-09", "2020-10", "2020-11", "2020-12"], "y": [NaN, NaN, NaN, NaN, NaN, NaN, NaN, NaN, NaN, NaN, NaN, NaN, NaN, NaN, NaN, NaN, NaN, NaN, NaN, NaN, NaN, NaN, NaN, NaN]}, "VHI": {"px": ["2021-01", "2021-02", "2021-03", "2021-04", "2021-05", "2021-06", "2021-07", "2021-08", "2021-09", "2021-10", "2021-11", "2021-12"], "py": [63.44350056432501, 96.30125194425321, 126.06947183823195, 132.2467611473139, 119.95924044354345, 136.29434640727456, 98.95563520284898, 170.00597412667315, 164.80827648977785, 146.25872642296426, 102.08067793798105, 74.12931624047287], "pt": [107.79162591021841, 150.6163908825744, 188.7871919345747, 202.36730385968355, 196.7724463815286, 219.2620913607526, 187.65188539900686, 264.08255407648585, 263.9736988468049, 250.26429880945528, 210.7109554099441, 187.19529379265143], "pb": [19.0953752184316, 41.986113005932026, 63.3517517418892, 62.12621843494425, 43.146034505558305, 53.32660145379653, 10.259385006691105, 75.92939417686046, 65.64285413275081, 42.25315403647325, -6.54959953398199, -38.93666131170568], "x": ["2019-01", "2019-02", "2019-03", "2019-04", "2019-05", "2019-06", "2019-07", "2019-08", "2019-09", "2019-10", "2019-11", "2019-12", "2020-01", "2020-02", "2020-03", "2020-04", "2020-05", "2020-06", "2020-07", "2020-08", "2020-09", "2020-10", "2020-11", "2020-12"], "y": [39.31615447998047, 35.038265228271484, 35.869998931884766, 37.164154052734375, 33.83019256591797, 35.35384750366211, 35.35384750366211, 71.05631256103516, 70.59368896484375, 63.971920013427734, 42.554996490478516, 29.08323097229004, 28.959808349609375, 50.832115173339844, 69.84938049316406, 73.52711486816406, 66.28583526611328, 79.23368835449219, 74.62577056884766, 75.67672729492188, 78.69353485107422, 63.47999954223633, 70.14749145507812, 66.24563598632812]}, "spi_01": {"px": [], "py": [], "pt": [], "pb": [], "x": ["2019-01", "2019-02", "2019-03", "2019-04", "2019-05", "2019-06", "2019-07", "2019-08", "2019-09", "2019-10", "2019-11", "2019-12", "2020-01", "2020-02", "2020-03", "2020-04", "2020-05", "2020-06", "2020-07", "2020-08", "2020-09", "2020-10", "2020-11", "2020-12"], "y": [NaN, NaN, NaN, NaN, NaN, NaN, NaN, NaN, NaN, NaN, NaN, NaN, NaN, NaN, NaN, NaN, NaN, NaN, NaN, NaN, NaN, NaN, NaN, NaN]}, "spi_03": {"px": [], "py": [], "pt": [], "pb": [], "x": ["2019-01", "2019-02", "2019-03", "2019-04", "2019-05", "2019-06", "2019-07", "2019-08", "2019-09", "2019-10", "2019-11", "2019-12", "2020-01", "2020-02", "2020-03", "2020-04", "2020-05", "2020-06", "2020-07"], "y": [NaN, NaN, NaN, NaN, NaN, NaN, NaN, NaN, NaN, NaN, NaN, NaN, NaN, NaN, NaN, NaN, NaN, NaN, NaN]}, "spi_06": {"px": [], "py": [], "pt": [], "pb": [], "x": ["2019-01", "2019-02", "2019-03", "2019-04", "2019-05", "2019-06", "2019-07", "2019-08", "2019-09", "2019-10", "2019-11", "2019-12", "2020-01", "2020-02", "2020-03", "2020-04", "2020-05", "2020-06", "2020-07"], "y": [NaN, NaN, NaN, NaN, NaN, NaN, NaN, NaN, NaN, NaN, NaN, NaN, NaN, NaN, NaN, NaN, NaN, NaN, NaN]}, "spi_12": {"px": [], "py": [], "pt": [], "pb": [], "x": ["2019-01", "2019-02", "2019-03", "2019-04", "2019-05", "2019-06", "2019-07", "2019-08", "2019-09", "2019-10", "2019-11", "2019-12", "2020-01", "2020-02", "2020-03", "2020-04", "2020-05", "2020-06", "2020-07", "2020-08", "2020-09", "2020-10", "2020-11", "2020-12"], "y": [NaN, NaN, NaN, NaN, NaN, NaN, NaN, NaN, NaN, NaN, NaN, NaN, NaN, NaN, NaN, NaN, NaN, NaN, NaN, NaN, NaN, NaN, NaN, NaN], "geox": [-38.73782322818875, -38.73763522638549, -38.664633555301016, -38.57765775518062, -38.57639774801189, -38.57308972079582, -38.570235697006545, -38.56906468836299, -38.56762168262241, -38.56514466168017, -38.56362464815648, -38.56014361546877, -38.557314590370304, -38.554230566131274, -38.55212355140446, -38.547098511816166, -38.55161355436668, -38.553891577815556, -38.55339558312842, -38.55450760006427, -38.561568678350426, -38.5617616838139, -38.560160672421134, -38.55794966308549, -38.55922168107578, -38.563693728202225, -38.56640675908943, -38.56651576485283, -38.564697759416326, -38.56497576969569, -38.56518479603854, -38.65292760548657, -38.656313631562654, -38.65551162353075, -38.65464560337219, -38.65376259227092, -38.6630406632631, -38.66595768058981, -38.669148706507805, -38.66986970721458, -38.67148671948046, -38.67381473882239, -38.680069792375505, -38.68601883922719, -38.691544884181674, -38.69714992803982, -38.70282396772958, -38.70563097965839, -38.70583997711949, -38.7049279634837, -38.70596496955887, -38.71262102332593, -38.71945307623508, -38.7244311176395, -38.7275831455971, -38.73117617459518, -38.736112218139404, -38.736959224822, -38.73782322818875], "geoy": [-10.601157660583441, -10.60101965980046, -10.573150540429081, -10.539859396698173, -10.543299422921658, -10.544892438076607, -10.545994449185905, -10.547436460889308, -10.553561506695475, -10.554257514458806, -10.554089514927378, -10.552185505033142, -10.551937506370807, -10.554432527792185, -10.55776055414679, -10.56174458846503, -10.56434160221501, -10.567403621793755, -10.575946683995793, -10.582287728518256, -10.59669782463653, -10.600020848388894, -10.602359867036325, -10.611223933416367, -10.617233975337312, -10.624170020365126, -10.630394062207456, -10.63461609251532, -10.643846161058303, -10.6507222102933, -10.67218736468522, -10.706932516299622, -10.703792489921153, -10.702921484561376, -10.691979406866947, -10.689051386804495, -10.680038311581702, -10.672849256611961, -10.671060240168686, -10.666161204127786, -10.66449719034816, -10.663571181079845, -10.662469166145966, -10.657860126335203, -10.65483409838413, -10.650248059127557, -10.641490989798795, -10.630413906987222, -10.626587879231625, -10.621640844661648, -10.61900482453871, -10.615033788537021, -10.608962737232686, -10.60704371787103, -10.607356716605048, -10.605196697056273, -10.605482693604783, -10.604839688034122, -10.601157660583441]}}