{"IIS3": {"px": [], "py": [], "pt": [], "pb": [], "x": ["2019-01", "2019-02", "2019-03", "2019-04", "2019-05", "2019-06", "2019-07", "2019-08", "2019-09", "2019-10", "2019-11", "2019-12", "2020-01", "2020-02", "2020-03", "2020-04", "2020-05", "2020-06", "2020-07", "2020-08", "2020-09", "2020-10", "2020-11", "2020-12"], "y": [NaN, NaN, NaN, NaN, NaN, NaN, NaN, NaN, NaN, NaN, NaN, NaN, NaN, NaN, NaN, NaN, NaN, NaN, NaN, NaN, NaN, NaN, NaN, NaN]}, "VHI": {"px": ["2021-01", "2021-02", "2021-03", "2021-04", "2021-05", "2021-06", "2021-07", "2021-08", "2021-09", "2021-10", "2021-11", "2021-12"], "py": [55.2465367999516, 74.93518173576072, 74.43502199561874, 76.57181096573751, 65.75916205873781, 50.622680194806705, 51.80014008872595, 54.5579734833526, 52.77520835863304, 36.868019832153664, 21.122339108511213, 20.19323215305915], "pt": [76.95757423091274, 101.52566340833046, 105.139065456211, 110.89997511823202, 103.36378176604612, 91.24031174296509, 95.22221468025856, 100.61403856802188, 101.32256359384604, 87.78491555041829, 74.30330223287842, 75.54573352459589], "pb": [33.53549936899046, 48.344700063190984, 43.73097853502649, 42.24364681324301, 28.154542351429512, 10.00504864664832, 8.37806549719334, 8.501908398683312, 4.227853123420026, -14.048875886110963, -32.058624015856005, -35.15926921847759], "x": ["2019-01", "2019-02", "2019-03", "2019-04", "2019-05", "2019-06", "2019-07", "2019-08", "2019-09", "2019-10", "2019-11", "2019-12", "2020-01", "2020-02", "2020-03", "2020-04", "2020-05", "2020-06", "2020-07", "2020-08", "2020-09", "2020-10", "2020-11", "2020-12"], "y": [41.16655349731445, 59.0504150390625, 62.34108352661133, 62.87512969970703, 57.92233657836914, 46.71232986450195, 46.71232986450195, 49.87733459472656, 48.4393310546875, 33.47458267211914, 18.587053298950195, 17.497392654418945, 49.06389236450195, 64.7429428100586, 61.812068939208984, 62.43624496459961, 53.670166015625, 41.314598083496094, 30.84699821472168, 23.564416885375977, 30.099132537841797, 30.25146484375, 30.27608299255371, 20.260889053344727]}, "spi_01": {"px": ["2021-01", "2021-02", "2021-03", "2021-04", "2021-05", "2021-06", "2021-07", "2021-08", "2021-09", "2021-10", "2021-11", "2021-12"], "py": [0.5097373437413131, 0.630747819695781, 1.6702281391296045, 0.7938582532033744, 1.0839893381171404, 0.8251828457522326, 2.3413993799539554, 2.119371256124648, 1.3244323517487993, 1.0779441726667764, 0.1808352676648579, -0.3501495295323602], "pt": [2.1885784081968715, 2.3095888841513394, 3.349069203585163, 2.4726993176589334, 2.762830402572699, 2.504023910207792, 4.020240444409515, 3.798212320580207, 3.003273416204359, 2.7567852371223367, 1.8596763321204177, 1.3286915349232], "pb": [-1.169103720714245, -1.0480932447597775, -0.008612925325953924, -0.8849828112521843, -0.5948517263384183, -0.8536582187033266, 0.662558315498396, 0.44053019166908847, -0.35440871270676033, -0.6008968917887836, -1.4980057967907021, -2.0289905939879205], "x": ["2019-01", "2019-02", "2019-03", "2019-04", "2019-05", "2019-06", "2019-07", "2019-08", "2019-09", "2019-10", "2019-11", "2019-12", "2020-01", "2020-02", "2020-03", "2020-04", "2020-05", "2020-06", "2020-07", "2020-08", "2020-09", "2020-10", "2020-11", "2020-12"], "y": [-0.07570362091064453, 0.8511489033699036, 0.3604915142059326, 0.24988649785518646, 0.20602835714817047, 0.0730452761054039, 1.6589332818984985, 1.4245672225952148, 0.738115131855011, 0.5378414392471313, -0.20305174589157104, -0.6322405934333801, 0.1607854813337326, 0.1141047552227974, 0.8085883855819702, 0.13908028602600098, 0.4507792592048645, 0.35090985894203186, 0.44877442717552185, -0.9282280206680298, 0.8909852504730225, 0.5870428681373596, 2.054226875305176, -0.046788666397333145]}, "spi_03": {"px": [], "py": [], "pt": [], "pb": [], "x": ["2019-01", "2019-02", "2019-03", "2019-04", "2019-05", "2019-06", "2019-07", "2019-08", "2019-09", "2019-10", "2019-11", "2019-12", "2020-01", "2020-02", "2020-03", "2020-04", "2020-05", "2020-06", "2020-07"], "y": [-0.03876602277159691, 0.374162882566452, 0.1773747354745865, 0.5025094747543335, 0.22243089973926544, 0.05817403271794319, 0.7571373581886292, 1.236559271812439, 1.7635023593902588, 1.0637727975845337, 0.433528870344162, -0.3203580379486084, -0.23169808089733124, -0.17040076851844788, 0.35339629650115967, 0.34871867299079895, 0.4630650281906128, 0.19306683540344238, 0.4088343381881714]}, "spi_06": {"px": [], "py": [], "pt": [], "pb": [], "x": ["2019-01", "2019-02", "2019-03", "2019-04", "2019-05", "2019-06", "2019-07", "2019-08", "2019-09", "2019-10", "2019-11", "2019-12", "2020-01", "2020-02", "2020-03", "2020-04", "2020-05", "2020-06", "2020-07"], "y": [-0.47674620151519775, 0.27799132466316223, 0.16758909821510315, 0.32147154211997986, 0.25774145126342773, 0.20302896201610565, 0.7012759447097778, 0.6168307662010193, 0.7261821627616882, 0.9642976522445679, 1.15058434009552, 1.2374048233032227, 0.17558375000953674, -0.16099140048027039, 0.20999225974082947, 0.125308558344841, 0.1873999536037445, 0.2769617438316345, 0.39722320437431335]}, "spi_12": {"px": ["2021-01", "2021-02", "2021-03", "2021-04", "2021-05", "2021-06", "2021-07", "2021-08", "2021-09", "2021-10", "2021-11", "2021-12"], "py": [0.4389061298924266, 0.21758665493613982, 0.41461980947772914, 0.39601927062662634, 0.45355335528061236, 0.5030323066117504, 0.3613842805216312, 0.4958635455936613, 0.5183573124785237, 0.5228715427328876, 0.4388082179776791, 0.3239861557811019], "pt": [0.9394384513560512, 0.8306110470919776, 1.1224794042606945, 1.187430356267062, 1.320500762579834, 1.4394425305900622, 1.3624489178549961, 1.5576529355706237, 1.637581601535869, 1.6967238800241624, 1.6648569977219672, 1.6000981848995206], "pb": [-0.061626191571197975, -0.3954377372196981, -0.2932397853052362, -0.3953918150138095, -0.41339405201860924, -0.4333779173665613, -0.6396803568117335, -0.5659258443833013, -0.6008669765788215, -0.6509807945583872, -0.787240561766609, -0.9521258733373168], "x": ["2019-01", "2019-02", "2019-03", "2019-04", "2019-05", "2019-06", "2019-07", "2019-08", "2019-09", "2019-10", "2019-11", "2019-12", "2020-01", "2020-02", "2020-03", "2020-04", "2020-05", "2020-06", "2020-07", "2020-08", "2020-09", "2020-10", "2020-11", "2020-12"], "y": [0.3978145718574524, 0.35519012808799744, 0.39945322275161743, -0.1194687932729721, -0.12024755775928497, 0.011756926774978638, 0.394053190946579, 0.5466655492782593, 0.5811822414398193, 0.625758945941925, 0.5960628390312195, 0.5216906070709229, 0.6872001886367798, 0.4127781093120575, 0.6028500199317932, 0.5437266230583191, 0.5712652206420898, 0.5989797115325928, 0.3337104320526123, 0.16698403656482697, 0.17611156404018402, 0.1772228330373764, 0.28035375475883484, 0.3133047819137573],