{"IIS3": {"px": [], "py": [], "pt": [], "pb": [], "x": ["2019-01", "2019-02", "2019-03", "2019-04", "2019-05", "2019-06", "2019-07", "2019-08", "2019-09", "2019-10", "2019-11", "2019-12", "2020-01", "2020-02", "2020-03", "2020-04", "2020-05", "2020-06", "2020-07", "2020-08", "2020-09", "2020-10", "2020-11", "2020-12"], "y": [NaN, NaN, NaN, NaN, NaN, NaN, NaN, NaN, NaN, NaN, NaN, NaN, NaN, NaN, NaN, NaN, NaN, NaN, NaN, NaN, NaN, NaN, NaN, NaN]}, "VHI": {"px": ["2021-01", "2021-02", "2021-03", "2021-04", "2021-05", "2021-06", "2021-07", "2021-08", "2021-09", "2021-10", "2021-11", "2021-12"], "py": [45.7451186476689, 47.61103994167206, 54.12148750649713, 45.537964391933954, 41.03256103624335, 40.23840837262571, 47.57512121188333, 55.30411986433498, 45.40868946594266, 41.347442319378374, 45.67284611048092, 49.14038765328742], "pt": [54.24175994560267, 56.97218201492892, 64.27378027639134, 56.424061766824195, 52.60602999008508, 52.46065248716886, 60.41339674894168, 68.73019100727836, 59.39788007531399, 55.877945458474045, 60.72520768749652, 64.69711149268117], "pb": [37.24847734973514, 38.249897868415204, 43.96919473660293, 34.65186701704371, 29.459092082401625, 28.01616425808257, 34.73684567482498, 41.87804872139159, 31.419498856571323, 26.816939180282702, 30.620484533465316, 33.583663813893665], "x": ["2019-01", "2019-02", "2019-03", "2019-04", "2019-05", "2019-06", "2019-07", "2019-08", "2019-09", "2019-10", "2019-11", "2019-12", "2020-01", "2020-02", "2020-03", "2020-04", "2020-05", "2020-06", "2020-07", "2020-08", "2020-09", "2020-10", "2020-11", "2020-12"], "y": [43.040496826171875, 43.42649459838867, 48.503746032714844, 46.39580154418945, 39.38299560546875, 47.6922492980957, 47.6922492980957, 55.94719696044922, 46.63079833984375, 42.9375, 47.58158874511719, 51.0423583984375, 48.839542388916016, 51.47249984741211, 58.86018371582031, 49.627498626708984, 44.468997955322266, 43.23619842529297, 53.79975128173828, 69.01849365234375, 49.15800094604492, 37.96099853515625, 44.08449935913086, 46.71799850463867]}, "spi_01": {"px": [], "py": [], "pt": [], "pb": [], "x": ["2019-01", "2019-02", "2019-03", "2019-04", "2019-05", "2019-06", "2019-07", "2019-08", "2019-09", "2019-10", "2019-11", "2019-12", "2020-01", "2020-02", "2020-03", "2020-04", "2020-05", "2020-06", "2020-07", "2020-08", "2020-09", "2020-10", "2020-11", "2020-12"], "y": [NaN, NaN, NaN, NaN, NaN, NaN, NaN, NaN, NaN, NaN, NaN, NaN, NaN, NaN, NaN, NaN, NaN, NaN, NaN, NaN, NaN, NaN, NaN, NaN]}, "spi_03": {"px": [], "py": [], "pt": [], "pb": [], "x": ["2019-01", "2019-02", "2019-03", "2019-04", "2019-05", "2019-06", "2019-07", "2019-08", "2019-09", "2019-10", "2019-11", "2019-12", "2020-01", "2020-02", "2020-03", "2020-04", "2020-05", "2020-06", "2020-07"], "y": [NaN, NaN, NaN, NaN, NaN, NaN, NaN, NaN, NaN, NaN, NaN, NaN, NaN, NaN, NaN, NaN, NaN, NaN, NaN]}, "spi_06": {"px": [], "py": [], "pt": [], "pb": [], "x": ["2019-01", "2019-02", "2019-03", "2019-04", "2019-05", "2019-06", "2019-07", "2019-08", "2019-09", "2019-10", "2019-11", "2019-12", "2020-01", "2020-02", "2020-03", "2020-04", "2020-05", "2020-06", "2020-07"], "y": [NaN, NaN, NaN, NaN, NaN, NaN, NaN, NaN, NaN, NaN, NaN, NaN, NaN, NaN, NaN, NaN, NaN, NaN, NaN]}, "spi_12": {"px": [], "py": [], "pt": [], "pb": [], "x": ["2019-01", "2019-02", "2019-03", "2019-04", "2019-05", "2019-06", "2019-07", "2019-08", "2019-09", "2019-10", "2019-11", "2019-12", "2020-01", "2020-02", "2020-03", "2020-04", "2020-05", "2020-06", "2020-07", "2020-08", "2020-09", "2020-10", "2020-11", "2020-12"], "y": [NaN, NaN, NaN, NaN, NaN, NaN, NaN, NaN, NaN, NaN, NaN, NaN, NaN, NaN, NaN, NaN, NaN, NaN, NaN, NaN, NaN, NaN, NaN, NaN], "geox": [-42.955424231358215, -42.95209018399779, -42.94873114997736, -42.941173087243435, -42.938264057791265, -42.93453302436877, -42.931597002429164, -42.92917397705395, -42.92748295491953, -42.92205990212849, -42.92016988761309, -42.919096888051705, -42.91758687713846, -42.91684286990984, -42.913869820743706, -42.909229778964736, -42.90409274354049, -42.902375733770114, -42.898727699998595, -42.89475766952798, -42.89312266864716, -42.89145465708751, -42.88681161543657, -42.88475260229909, -42.88356259236946, -42.881288566669916, -42.87965055260141, -42.87784653994301, -42.876372521306926, -42.87487150691372, -42.872392489654835, -42.869950460937424, -42.86906544713474, -42.87014544996461, -42.870013434435414, -42.87225444560644, -42.871753433156385, -42.87073242346063, -42.86661639211508, -42.86265235811154, -42.85552430699975, -42.84384420629808, -42.84253519715997, -42.8451652318565, -42.85092029919769, -42.85104131095511, -42.85303333767203, -42.853783356918285, -42.85017432410315, -42.84725330014214, -42.84351226545735, -42.84075924398904, -42.83795421557882, -42.834918189762845, -42.83350517475309, -42.83062613819952, -42.828168114894126, -42.825537086229694, -42.82064804098821, -42.817316016809194, -42.8144019875715, -42.813506984072305, -42.81423099289048, -42.81420600800349, -42.81714903974444, -42.81842405617292, -42.81848506529276, -42.816564059213846, -42.81645306951753, -42.81659808120507, -42.81827910543164, -42.82064313782287, -42.823400168202326, -42.8235611742494, -42.82520419644844, -42.825178202436845, -42.82861723222278, -42.83048026036243, -42.832820287294254, -42.83441630897516, -42.833484304725765, -42.82647925677344, -42.82276022237132, -42.818787195702974, -42.81853919583004, -42.819430206730566, -42.82247523667746, -42.82361725180827, -42.824618260363906, -42.82484226685204, -42.826440284131, -42.82620628611253, -42.82784530221072, -42.82645430095238, -42.82711731939726, -42.82867733214644, -42.82947934218055, -42.83178036303214, -42.83359938417034, -42.83492840435587, -42.83392240330265, -42.83339841021057, -42.8352054368382, -42.83839647260796, -42.83986749840238, -42.83600747524334, -42.83462246984446, -42.83508848257296, -42.833733494736215, -42.830429478958656, -42.84001058328319, -42.84108660348762, -42.84075960726111, -42.84205062263684, -42.84706167036351, -42.855922741153336, -42.859495779075274, -42.86137478167425, -42.86301478977806, -42.862058762523944, -42.86273376149359, -42.863704769080705, -42.86529778743641, -42.867733810027865, -42.86943082233364, -42.870531826159905, -42.87336883392949, -42.87317382212049, -42.87551283595036, -42.88462090393651, -42.887564927651525, -42.891657968945076, -42.8947650004658, -42.899137033610685, -42.909597110066024, -42.915307161472846, -42.919149201510194, -42.92431224797519, -42.92903029600625, -42.93441934186289, -42.938153368408145, -42.94331440049914, -42.944460399728065, -42.94423339007081, -42.942372368414546, -42.939866320082366, -42.9383973033646, -42.93503927040108, -42.93373725368432, -42.93267122375378, -42.92712114291036, -42.9265051276187, -42.92697812257685, -42.924902092480124, -42.9276741066676, -42.9265650890742, -42.92792909523111, -42.931208115310206, -42.93272713266114, -42.934619146433704, -42.934957143049836, -42.93581615235651, -42.936790157082314, -42.938783172235816, -42.939875175424746, -42.941207184251816, -42.94261418191271, -42.94100615570852, -42.943368160683086, -42.9422281461021, -42.9400881261964, -42.938785116208976, -42.93795710676316, -42.9385110999118, -42.93956610442552, -42.93889609555598, -42.94023210498269, -42.94228512516893, -42.94534815013087, -42.94620215501372, -42.94770817130423, -42.94701116035533, -42.949367175304936, -42.949538173735995, -42.94828216101893, -42.94892716323095, -42.9502891764957, -42.95153518629748, -42.95270919886849, -42.95323621070792, -42.95353521222148, -42.955424231358215],