{"IIS3": {"px": [], "py": [], "pt": [], "pb": [], "x": ["2019-01", "2019-02", "2019-03", "2019-04", "2019-05", "2019-06", "2019-07", "2019-08", "2019-09", "2019-10", "2019-11", "2019-12", "2020-01", "2020-02", "2020-03", "2020-04", "2020-05", "2020-06", "2020-07", "2020-08", "2020-09", "2020-10", "2020-11", "2020-12"], "y": [NaN, NaN, NaN, NaN, NaN, NaN, NaN, NaN, NaN, NaN, NaN, NaN, NaN, NaN, NaN, NaN, NaN, NaN, NaN, NaN, NaN, NaN, NaN, NaN]}, "VHI": {"px": ["2021-01", "2021-02", "2021-03", "2021-04", "2021-05", "2021-06", "2021-07", "2021-08", "2021-09", "2021-10", "2021-11", "2021-12"], "py": [44.695223514035206, 53.536772411313635, 84.26084023385204, 90.58638245286352, 93.63902730579463, 87.41514953116662, 81.62507169042772, 88.6655229804819, 84.66830519033923, 81.70976654009924, 66.20704012019239, 55.260701687107954], "pt": [63.8161778635573, 76.46792696244778, 110.45367900439183, 119.67747656551222, 125.36470634474472, 121.57280847164392, 118.05270705295794, 127.22974956311873, 125.25680757375375, 124.22627485792725, 110.56783850515649, 101.3921160071017], "pb": [25.57426916451312, 30.605617860179493, 58.06800146331224, 61.4952883402148, 61.91334826684454, 53.257490590689315, 45.19743632789749, 50.10129639784505, 44.07980280692469, 39.19325822227122, 21.846241735228304, 9.129287367114202], "x": ["2019-01", "2019-02", "2019-03", "2019-04", "2019-05", "2019-06", "2019-07", "2019-08", "2019-09", "2019-10", "2019-11", "2019-12", "2020-01", "2020-02", "2020-03", "2020-04", "2020-05", "2020-06", "2020-07", "2020-08", "2020-09", "2020-10", "2020-11", "2020-12"], "y": [20.735122680664062, 16.8820743560791, 27.79914665222168, 45.55800247192383, 42.52713394165039, 42.626094818115234, 42.626094818115234, 47.72209167480469, 47.0607795715332, 46.83024215698242, 37.8212776184082, 31.551198959350586, 28.27672004699707, 34.893611907958984, 57.60124206542969, 61.70849609375, 64.14036560058594, 60.85301971435547, 49.2685661315918, 54.39139938354492, 50.969268798828125, 42.15141296386719, 56.658233642578125, 49.91511917114258]}, "spi_01": {"px": ["2021-01", "2021-02", "2021-03", "2021-04", "2021-05", "2021-06", "2021-07", "2021-08", "2021-09", "2021-10", "2021-11", "2021-12"], "py": [0.6659683093956263, -0.09611736340496568, 1.8790062708587323, 0.9790589747194578, 1.3810089437995776, 0.5488425248163797, 2.0032654761033752, -0.32142264086591554, 0.40815551571961173, -0.11867281788011308, 0.5434677730788322, 0.10172799660902099], "pt": [2.116815541318342, 1.3949971836231363, 3.4093289474011126, 2.547610024676345, 2.9868785830610802, 2.191182988996351, 3.6812842788180227, 1.3915315337239695, 2.1553466633122067, 1.662097186417732, 2.3571950707142735, 1.9478243137520286], "pb": [-0.7848789225270896, -1.5872319104330677, 0.34868359431635154, -0.5894920752374295, -0.224860695461925, -1.0934979393635913, 0.3252466733887278, -2.0343768154558006, -1.3390356318729835, -1.8994428221779578, -1.270259524556609, -1.7443683205339866], "x": ["2019-01", "2019-02", "2019-03", "2019-04", "2019-05", "2019-06", "2019-07", "2019-08", "2019-09", "2019-10", "2019-11", "2019-12", "2020-01", "2020-02", "2020-03", "2020-04", "2020-05", "2020-06", "2020-07", "2020-08", "2020-09", "2020-10", "2020-11", "2020-12"], "y": [-0.46717751026153564, -1.7748608589172363, 1.6831555366516113, -0.7849868535995483, -0.9880306720733643, 1.5580917596817017, 1.246604323387146, -0.6339345574378967, 0.06427750736474991, -0.35197019577026367, 0.4031513035297394, 0.011152094230055809, 0.7621777057647705, -0.029586970806121826, 1.9966870546340942, 1.0523810386657715, 1.4437884092330933, 0.5525181293487549, 0.9769489169120789, -0.04134335368871689, 0.07111316174268723, -0.24815699458122253, 0.5091496109962463, -0.6554334759712219]}, "spi_03": {"px": [], "py": [], "pt": [], "pb": [], "x": ["2019-01", "2019-02", "2019-03", "2019-04", "2019-05", "2019-06", "2019-07", "2019-08", "2019-09", "2019-10", "2019-11", "2019-12", "2020-01", "2020-02", "2020-03", "2020-04", "2020-05", "2020-06", "2020-07"], "y": [-0.49365881085395813, -1.4208641052246094, 0.31137773394584656, 0.13197799026966095, -0.09245273470878601, -0.27495330572128296, 0.7934150099754333, 1.2527620792388916, 0.4139816164970398, -0.4625330865383148, -0.08571542799472809, -0.17105519771575928, 0.5037465691566467, 0.29502129554748535, 1.6228420734405518, 1.7579121589660645, 2.4565589427948, 1.7749648094177246, 1.606555700302124]}, "spi_06": {"px": [], "py": [], "pt": [], "pb": [], "x": ["2019-01", "2019-02", "2019-03", "2019-04", "2019-05", "2019-06", "2019-07", "2019-08", "2019-09", "2019-10", "2019-11", "2019-12", "2020-01", "2020-02", "2020-03", "2020-04", "2020-05", "2020-06", "2020-07"], "y": [-1.1769251823425293, -1.3399040699005127, -0.007931303232908249, -0.3441992700099945, -0.9327868819236755, -0.08304227143526077, 0.5758495926856995, 0.7662217617034912, 0.03699326515197754, 0.24637164175510406, 0.6915285587310791, 0.1511288583278656, -0.0034419402945786715, 0.08951728045940399, 1.1968047618865967, 1.665071964263916, 2.21014404296875, 2.2350263595581055, 2.118320941925049]}, "spi_12": {"px": ["2021-01", "2021-02", "2021-03", "2021-04", "2021-05", "2021-06", "2021-07", "2021-08", "2021-09", "2021-10", "2021-11", "2021-12"], "py": [2.341766107472833, 2.389096378966192, 2.5396318240453954, 2.956524892768141, 3.7355341815831213, 3.4518508043356473, 3.477131902700706, 3.4229087728282126, 3.96917934006862, 3.5423649364128886, 3.3361735561418353, 2.8575495096233903], "pt": [3.1114649806002985, 3.331781124003758, 3.628150405310498, 4.1735256631016036, 5.068691729746538, 4.8918255337868075, 5.016529640353582, 5.05568664134666, 5.69027833232807, 5.347468787826802, 5.221543039193419, 4.819904284085706], "pb": [1.5720672343453672, 1.446411633928626, 1.451113242780293, 1.7395241224346787, 2.4023766334197045, 2.011876074884487, 1.9377341650478304, 1.7901309043097653, 2.2480803478091698, 1.7372610849989751, 1.4508040730902518, 0.8951947351610743], "x": ["2019-01", "2019-02", "2019-03", "2019-04", "2019-05", "2019-06", "2019-07", "2019-08", "2019-09", "2019-10", "2019-11", "2019-12", "2020-01", "2020-02", "2020-03", "2020-04", "2020-05", "2020-06", "2020-07", "2020-08", "2020-09", "2020-10", "2020-11", "2020-12"], "y": [-1.0396921634674072, -1.0793533325195312, -0.7394917011260986, -1.0614879131317139, -1.4053622484207153, -1.0565472841262817, -0.4660986065864563, -0.3878471255302429, -0.09287469834089279, -0.12611651420593262, -0.021732071414589882, -0.03617219254374504, 0.30542483925819397, 0.4642370939254761, 0.6868361830711365, 1.0829511880874634, 1.7293133735656738, 1.6547406911849976, 1.7389816045761108, 1.9377241134643555, 2.133983612060547, 2.1091253757476807, 1.976944088935852, 1.9141651391983032],