{"IIS3": {"px": [], "py": [], "pt": [], "pb": [], "x": ["2019-01", "2019-02", "2019-03", "2019-04", "2019-05", "2019-06", "2019-07", "2019-08", "2019-09", "2019-10", "2019-11", "2019-12", "2020-01", "2020-02", "2020-03", "2020-04", "2020-05", "2020-06", "2020-07", "2020-08", "2020-09", "2020-10", "2020-11", "2020-12"], "y": [NaN, NaN, NaN, NaN, NaN, NaN, NaN, NaN, NaN, NaN, NaN, NaN, NaN, NaN, NaN, NaN, NaN, NaN, NaN, NaN, NaN, NaN, NaN, NaN]}, "VHI": {"px": ["2021-01", "2021-02", "2021-03", "2021-04", "2021-05", "2021-06", "2021-07", "2021-08", "2021-09", "2021-10", "2021-11", "2021-12"], "py": [62.1523404894085, 71.16801515821267, 120.04162264562197, 154.03369325561752, 148.98685554551795, 124.6484535023265, 74.5397077572013, 167.2959625691964, 152.87475964592812, 114.97746863434168, 90.08246419003983, 63.939766817514396], "pt": [115.41048252296218, 136.3956513116578, 195.36000913568336, 238.24220926656682, 241.23266300616274, 224.2853132449257, 181.05599122910255, 280.27354207046943, 271.96358487846834, 239.87888223949886, 220.53773601094628, 199.7219187048911], "pb": [8.894198455854813, 5.940379004767564, 44.723236155560585, 69.82517724466824, 56.7410480848732, 25.011593759727305, -31.976575714699948, 54.31838306792338, 33.78593441338792, -9.923944970815512, -40.3728076308666, -71.8423850698623], "x": ["2019-01", "2019-02", "2019-03", "2019-04", "2019-05", "2019-06", "2019-07", "2019-08", "2019-09", "2019-10", "2019-11", "2019-12", "2020-01", "2020-02", "2020-03", "2020-04", "2020-05", "2020-06", "2020-07", "2020-08", "2020-09", "2020-10", "2020-11", "2020-12"], "y": [49.01687240600586, 40.08245086669922, 47.43712615966797, 48.822227478027344, 34.994022369384766, 21.912548065185547, 21.912548065185547, 60.8062744140625, 53.999053955078125, 38.76325988769531, 29.74161720275879, 19.687942504882812, 22.81514549255371, 28.55404281616211, 54.551422119140625, 72.50858306884766, 71.49951934814453, 61.42164611816406, 60.23786926269531, 63.0186767578125, 54.41049575805664, 41.565330505371094, 64.85646057128906, 59.41360855102539]}, "spi_01": {"px": ["2021-01", "2021-02", "2021-03", "2021-04", "2021-05", "2021-06", "2021-07", "2021-08", "2021-09", "2021-10", "2021-11", "2021-12"], "py": [1.2427633931965807, 0.31910010455882887, 3.26676369805526, 1.6189272635062277, 0.6276411269926445, 2.153455904327215, 2.165390476985019, 2.0560163623252627, 0.10756380783918296, 0.9257895683159592, 0.11738981519814029, -0.9111071681487581], "pt": [2.755146177926301, 1.8314828892885497, 4.779146482784981, 3.1313100482359486, 2.1400239117223654, 3.6658386890569368, 3.6777732617147407, 3.5683991470549845, 1.6199465925689047, 2.4381723530456814, 1.629772599927862, 0.6012756165809643], "pb": [-0.2696193915331395, -1.1932826801708918, 1.754380913325539, 0.10654447877650686, -0.8847416577370764, 0.6410731195974937, 0.6530076922552976, 0.543633577595541, -1.4048189768905386, -0.5865932164137628, -1.3949929695315817, -2.42348995287848], "x": ["2019-01", "2019-02", "2019-03", "2019-04", "2019-05", "2019-06", "2019-07", "2019-08", "2019-09", "2019-10", "2019-11", "2019-12", "2020-01", "2020-02", "2020-03", "2020-04", "2020-05", "2020-06", "2020-07", "2020-08", "2020-09", "2020-10", "2020-11", "2020-12"], "y": [-0.4398045241832733, 0.9197291135787964, 2.1146693229675293, 0.8303596377372742, -0.8530184626579285, 0.809535562992096, 1.2887537479400635, 1.1926064491271973, -0.39794373512268066, 0.24312901496887207, -0.3638420104980469, -1.1558271646499634, 0.7733950614929199, -0.10208563506603241, 2.2983362674713135, 0.9888214468955994, 0.2389613687992096, 1.6308043003082275, 0.4025694727897644, 0.14966191351413727, 0.17260847985744476, 0.9973658323287964, 1.4044545888900757, -1.2276922464370728]}, "spi_03": {"px": [], "py": [], "pt": [], "pb": [], "x": ["2019-01", "2019-02", "2019-03", "2019-04", "2019-05", "2019-06", "2019-07", "2019-08", "2019-09", "2019-10", "2019-11", "2019-12", "2020-01", "2020-02", "2020-03", "2020-04", "2020-05", "2020-06", "2020-07"], "y": [0.7029532790184021, 0.792263925075531, 1.317471981048584, 1.7122844457626343, 0.9990004897117615, 0.2678571045398712, 0.5429167151451111, 1.2283331155776978, 1.1133064031600952, 0.6381248235702515, -0.6407111883163452, -1.2141002416610718, 0.10960841923952103, 0.07515178620815277, 1.5697749853134155, 1.7588887214660645, 1.5496364831924438, 1.0952903032302856, 0.895355761051178]}, "spi_06": {"px": [], "py": [], "pt": [], "pb": [], "x": ["2019-01", "2019-02", "2019-03", "2019-04", "2019-05", "2019-06", "2019-07", "2019-08", "2019-09", "2019-10", "2019-11", "2019-12", "2020-01", "2020-02", "2020-03", "2020-04", "2020-05", "2020-06", "2020-07"], "y": [-0.15271033346652985, 0.5516535043716431, 1.5323395729064941, 1.5860053300857544, 1.047140121459961, 0.8545808792114258, 1.1805684566497803, 1.1759616136550903, 0.6754869222640991, 0.5808451175689697, 0.9904894828796387, 0.700646698474884, 0.3367103040218353, -0.2388259470462799, 1.3045624494552612, 1.4561491012573242, 1.2383396625518799, 1.5230560302734375, 1.408559799194336]}, "spi_12": {"px": ["2021-01", "2021-02", "2021-03", "2021-04", "2021-05", "2021-06", "2021-07", "2021-08", "2021-09", "2021-10", "2021-11", "2021-12"], "py": [1.6083660750086488, 1.446491812835717, 1.7048556955919705, 1.8474715454433204, 2.104032217073995, 2.2888325059290247, 2.27114774949545, 2.399648965529233, 2.2704449942434786, 2.2590038277668008, 2.1025199947861437, 1.645920720155908], "pt": [2.1496425249837947, 2.1094173673014294, 2.470336189288347, 2.7033047544832733, 3.041550524714758, 3.3014680142080772, 3.3537006433965058, 3.547869703697433, 3.4807759237935345, 3.5284096157209435, 3.4283710987783884, 3.025910301791737], "pb": [1.067089625033503, 0.7835662583700045, 0.9393752018955941, 0.9916383364033674, 1.1665139094332324, 1.276196997649972, 1.1885948555943942, 1.2514282273610329, 1.0601140646934226, 0.989598039812658, 0.776668890793899, 0.2659311385200793], "x": ["2019-01", "2019-02", "2019-03", "2019-04", "2019-05", "2019-06", "2019-07", "2019-08", "2019-09", "2019-10", "2019-11", "2019-12", "2020-01", "2020-02", "2020-03", "2020-04", "2020-05", "2020-06", "2020-07", "2020-08", "2020-09", "2020-10", "2020-11", "2020-12"], "y": [-0.07159189134836197, -0.048037927597761154, 0.4856613278388977, 0.5319655537605286, 0.3536897301673889, 0.649372398853302, 1.0090086460113525, 1.1784179210662842, 1.156000018119812, 1.1950678825378418, 1.150882601737976, 0.8924037218093872, 1.1036217212677002, 0.9688812494277954, 1.1599868535995483, 1.257446050643921, 1.4527623653411865, 1.6104049682617188, 1.3837121725082397, 1.1855591535568237, 1.171919345855713, 1.2421842813491821, 1.3627361059188843, 1.3660283088684082],