{"IIS3": {"px": [], "py": [], "pt": [], "pb": [], "x": ["2019-01", "2019-02", "2019-03", "2019-04", "2019-05", "2019-06", "2019-07", "2019-08", "2019-09", "2019-10", "2019-11", "2019-12", "2020-01", "2020-02", "2020-03", "2020-04", "2020-05", "2020-06", "2020-07", "2020-08", "2020-09", "2020-10", "2020-11", "2020-12"], "y": [NaN, NaN, NaN, NaN, NaN, NaN, NaN, NaN, NaN, NaN, NaN, NaN, NaN, NaN, NaN, NaN, NaN, NaN, NaN, NaN, NaN, NaN, NaN, NaN]}, "VHI": {"px": ["2021-01", "2021-02", "2021-03", "2021-04", "2021-05", "2021-06", "2021-07", "2021-08", "2021-09", "2021-10", "2021-11", "2021-12"], "py": [85.4883667186343, 111.95831593300656, 124.12467239767938, 115.92212770583248, 106.1584877486149, 90.71281774611154, 87.65545328489486, 69.82553219477006, 58.61562336871178, 62.06895977641162, 63.23565071232039, 56.46648899196718], "pt": [112.74388360356545, 141.75526071437298, 156.2626971649676, 150.24190849740896, 142.52938368507614, 129.02517592020365, 127.81552682191611, 111.7519704424675, 102.23695922373824, 107.32175703156534, 110.06310395350232, 104.81734311776428], "pb": [58.23284983370314, 82.16137115164014, 91.98664763039116, 81.602346914256, 69.78759181215366, 52.400459572019415, 47.49537974787361, 27.89909394707263, 14.994287513685315, 16.816162521257894, 16.40819747113847, 8.115634866170083], "x": ["2019-01", "2019-02", "2019-03", "2019-04", "2019-05", "2019-06", "2019-07", "2019-08", "2019-09", "2019-10", "2019-11", "2019-12", "2020-01", "2020-02", "2020-03", "2020-04", "2020-05", "2020-06", "2020-07", "2020-08", "2020-09", "2020-10", "2020-11", "2020-12"], "y": [35.308895111083984, 37.507713317871094, 62.75775909423828, 55.48788070678711, 40.90406036376953, 35.28261947631836, 35.28261947631836, 26.658172607421875, 21.26576805114746, 23.287137985229492, 24.451438903808594, 21.441904067993164, 43.66323471069336, 60.24318313598633, 69.40576934814453, 64.92162322998047, 59.37526321411133, 51.83478546142578, 38.195770263671875, 43.37401580810547, 46.39925003051758, 22.978403091430664, 49.928504943847656, 61.63563919067383]}, "spi_01": {"px": ["2021-01", "2021-02", "2021-03", "2021-04", "2021-05", "2021-06", "2021-07", "2021-08", "2021-09", "2021-10", "2021-11", "2021-12"], "py": [1.4905430704886964, 1.527373985231944, 1.4034611966969308, 1.3807036696516146, 0.5037291246546474, 0.7816070214318769, 1.254384831841989, 0.3006295805462815, -0.49320253877763465, 0.7959332295909114, -0.20764022935044713, -0.2048642951445454], "pt": [3.4289518412446, 3.4657827559878474, 3.3418699674528343, 3.319112440407519, 2.4421378954105517, 2.7200157921877812, 3.1927936025978934, 2.2390383513021863, 1.4452062319782701, 2.7343420003468166, 1.7307685414054585, 1.7335444756113603], "pb": [-0.44786570026720707, -0.41103478552395956, -0.5349475740589726, -0.5577051011042897, -1.4346796461012568, -1.1568017493240277, -0.6840239389139153, -1.6377791902096235, -2.4316113095335394, -1.142475541164994, -2.146049000106353, -2.143273065900451], "x": ["2019-01", "2019-02", "2019-03", "2019-04", "2019-05", "2019-06", "2019-07", "2019-08", "2019-09", "2019-10", "2019-11", "2019-12", "2020-01", "2020-02", "2020-03", "2020-04", "2020-05", "2020-06", "2020-07", "2020-08", "2020-09", "2020-10", "2020-11", "2020-12"], "y": [-0.9356203079223633, 0.6440232992172241, 0.6326086521148682, 0.5315784215927124, 0.8310573101043701, 1.2827556133270264, 0.7192828059196472, -0.031821850687265396, -0.7309317588806152, 0.45041632652282715, -0.4774870276451111, -0.5263796448707581, 1.1010173559188843, 1.1082947254180908, 0.9404981136322021, 0.8896341919898987, 0.1997208297252655, 0.49385595321655273, 1.133293628692627, -0.685741662979126, -0.9223310947418213, 0.29006320238113403, 2.196409225463867, -1.96035635471344]}, "spi_03": {"px": [], "py": [], "pt": [], "pb": [], "x": ["2019-01", "2019-02", "2019-03", "2019-04", "2019-05", "2019-06", "2019-07", "2019-08", "2019-09", "2019-10", "2019-11", "2019-12", "2020-01", "2020-02", "2020-03", "2020-04", "2020-05", "2020-06", "2020-07"], "y": [0.12901584804058075, 0.49527567625045776, -0.05329142138361931, 0.7331140637397766, 0.6788004040718079, 0.727820873260498, 0.9721015095710754, 1.1505430936813354, -0.15406841039657593, 0.2339668571949005, -0.46385759115219116, -0.6509723663330078, 0.6585133671760559, 1.2787567377090454, 1.7461532354354858, 1.3610594272613525, 0.9239885807037354, 0.7468626499176025, 0.27123409509658813]}, "spi_06": {"px": [], "py": [], "pt": [], "pb": [], "x": ["2019-01", "2019-02", "2019-03", "2019-04", "2019-05", "2019-06", "2019-07", "2019-08", "2019-09", "2019-10", "2019-11", "2019-12", "2020-01", "2020-02", "2020-03", "2020-04", "2020-05", "2020-06", "2020-07"], "y": [0.41234657168388367, 0.5886529684066772, 0.7459683418273926, 0.5687789916992188, 0.7413548827171326, 0.19844788312911987, 0.8258501291275024, 0.7376754879951477, 0.7089388370513916, 0.654674768447876, -0.21619658172130585, -0.6957808136940002, 0.5955840945243835, 1.0518426895141602, 1.2726850509643555, 1.473470687866211, 1.521303653717041, 1.750669002532959, 1.262993335723877]}, "spi_12": {"px": ["2021-01", "2021-02", "2021-03", "2021-04", "2021-05", "2021-06", "2021-07", "2021-08", "2021-09", "2021-10", "2021-11", "2021-12"], "py": [5.05178016165181, 5.523299838835016, 6.178119687810573, 6.701361800930859, 5.853981655827983, 5.433197392652139, 6.052635081588087, 5.9728535647861, 5.850341918124124, 4.907413655177963, 4.815090818702618, 2.076737412373399], "pt": [6.749991639166831, 7.603175631294437, 8.579753382143172, 9.386469897721117, 8.795370202270556, 8.61026013531847, 9.449058017639109, 9.575304098829337, 9.647658199384265, 8.890072569724662, 8.974842388125154, 6.406344116106221], "pb": [3.353568684136789, 3.443424046375596, 3.776485993477973, 4.016253704140601, 2.9125931093854103, 2.2561346499858095, 2.6562121455370646, 2.370403030742864, 2.0530256368639823, 0.9247547406312631, 0.6553392492800825, -2.2528692913594233], "x": ["2019-01", "2019-02", "2019-03", "2019-04", "2019-05", "2019-06", "2019-07", "2019-08", "2019-09", "2019-10", "2019-11", "2019-12", "2020-01", "2020-02", "2020-03", "2020-04", "2020-05", "2020-06", "2020-07", "2020-08", "2020-09", "2020-10", "2020-11", "2020-12"], "y": [0.5763269662857056, 0.578250527381897, 0.859390914440155, 0.621840238571167, 0.7566957473754883, 0.8207294940948486, 0.8360168933868408, 0.8387774229049683, 0.8351871967315674, 0.6070082187652588, 0.6249914169311523, -0.18622669577598572, 0.9106870889663696, 1.0963659286499023, 1.3483760356903076, 1.5689034461975098, 1.3445711135864258, 1.3150668144226074, 1.3246839046478271, 1.3248604536056519, 1.319983720779419, 1.2814213037490845, 1.9116697311401367, 1.8050100803375244],