{"IIS3": {"px": [], "py": [], "pt": [], "pb": [], "x": ["2019-01", "2019-02", "2019-03", "2019-04", "2019-05", "2019-06", "2019-07", "2019-08", "2019-09", "2019-10", "2019-11", "2019-12", "2020-01", "2020-02", "2020-03", "2020-04", "2020-05", "2020-06", "2020-07", "2020-08", "2020-09", "2020-10", "2020-11", "2020-12"], "y": [NaN, NaN, NaN, NaN, NaN, NaN, NaN, NaN, NaN, NaN, NaN, NaN, NaN, NaN, NaN, NaN, NaN, NaN, NaN, NaN, NaN, NaN, NaN, NaN]}, "VHI": {"px": ["2021-01", "2021-02", "2021-03", "2021-04", "2021-05", "2021-06", "2021-07", "2021-08", "2021-09", "2021-10", "2021-11", "2021-12"], "py": [72.87826333154784, 79.36626313315092, 75.13145763022271, 71.95780626447005, 71.52628732515798, 57.3356835744045, 66.23108184066187, 68.1002508806342, 79.72503108889502, 76.85171137306031, 60.15051961021206, 62.855448219627135], "pt": [91.03275897914384, 100.16410242645372, 98.27264442609635, 97.2259469434552, 98.75574454384764, 86.39437844316828, 97.01049305217444, 100.50914721449374, 113.68531625598865, 112.29554547268597, 97.01825323642313, 101.09409607470593], "pb": [54.72376768395185, 58.56842383984814, 51.990270834349076, 46.6896655854849, 44.296830106468306, 28.276988705640726, 35.451670629149305, 35.69135454677469, 45.76474592180139, 41.40787727343465, 23.282785984000988, 24.616800364548347], "x": ["2019-01", "2019-02", "2019-03", "2019-04", "2019-05", "2019-06", "2019-07", "2019-08", "2019-09", "2019-10", "2019-11", "2019-12", "2020-01", "2020-02", "2020-03", "2020-04", "2020-05", "2020-06", "2020-07", "2020-08", "2020-09", "2020-10", "2020-11", "2020-12"], "y": [40.62270736694336, 33.00145721435547, 34.20000076293945, 50.32194137573242, 51.28499984741211, 44.90617752075195, 44.90617752075195, 48.07466506958008, 59.636165618896484, 58.3174934387207, 44.51250076293945, 46.62933349609375, 59.22666549682617, 64.34375, 60.3348274230957, 56.90999221801758, 56.62187576293945, 45.1055793762207, 39.94083023071289, 51.0533332824707, 58.72216796875, 53.0291633605957, 61.13396072387695, 57.5091667175293]}, "spi_01": {"px": [], "py": [], "pt": [], "pb": [], "x": ["2019-01", "2019-02", "2019-03", "2019-04", "2019-05", "2019-06", "2019-07", "2019-08", "2019-09", "2019-10", "2019-11", "2019-12", "2020-01", "2020-02", "2020-03", "2020-04", "2020-05", "2020-06", "2020-07", "2020-08", "2020-09", "2020-10", "2020-11", "2020-12"], "y": [NaN, NaN, NaN, NaN, NaN, NaN, NaN, NaN, NaN, NaN, NaN, NaN, NaN, NaN, NaN, NaN, NaN, NaN, NaN, NaN, NaN, NaN, NaN, NaN]}, "spi_03": {"px": [], "py": [], "pt": [], "pb": [], "x": ["2019-01", "2019-02", "2019-03", "2019-04", "2019-05", "2019-06", "2019-07", "2019-08", "2019-09", "2019-10", "2019-11", "2019-12", "2020-01", "2020-02", "2020-03", "2020-04", "2020-05", "2020-06", "2020-07"], "y": [NaN, NaN, NaN, NaN, NaN, NaN, NaN, NaN, NaN, NaN, NaN, NaN, NaN, NaN, NaN, NaN, NaN, NaN, NaN]}, "spi_06": {"px": [], "py": [], "pt": [], "pb": [], "x": ["2019-01", "2019-02", "2019-03", "2019-04", "2019-05", "2019-06", "2019-07", "2019-08", "2019-09", "2019-10", "2019-11", "2019-12", "2020-01", "2020-02", "2020-03", "2020-04", "2020-05", "2020-06", "2020-07"], "y": [NaN, NaN, NaN, NaN, NaN, NaN, NaN, NaN, NaN, NaN, NaN, NaN, NaN, NaN, NaN, NaN, NaN, NaN, NaN]}, "spi_12": {"px": [], "py": [], "pt": [], "pb": [], "x": ["2019-01", "2019-02", "2019-03", "2019-04", "2019-05", "2019-06", "2019-07", "2019-08", "2019-09", "2019-10", "2019-11", "2019-12", "2020-01", "2020-02", "2020-03", "2020-04", "2020-05", "2020-06", "2020-07", "2020-08", "2020-09", "2020-10", "2020-11", "2020-12"], "y": [NaN, NaN, NaN, NaN, NaN, NaN, NaN, NaN, NaN, NaN, NaN, NaN, NaN, NaN, NaN, NaN, NaN, NaN, NaN, NaN, NaN, NaN, NaN, NaN], "geox": [-38.65004766896415, -38.64592862946753, -38.64521261914445, -38.64100557465463, -38.641223571708146, -38.64266658208795, -38.64454259709773, -38.64548060266146, -38.646196605621576, -38.64585960029903, -38.643729573962595, -38.642793559131036, -38.64108554159798, -38.639830526074974, -38.63554048345113, -38.63304945417427, -38.63262344467079, -38.62981741719263, -38.629183412024084, -38.629436411707175, -38.63189842973475, -38.62297730311061, -38.57018085973482, -38.5707528745493, -38.57013887958216, -38.5677578633077, -38.566677859986925, -38.56356483759786, -38.560491814625095, -38.55700678615446, -38.5454356847711, -38.54289166463241, -38.53909663089976, -38.53948163533458, -38.53681161382406, -38.53631661033749, -38.53347458600896, -38.5328095814399, -38.533973600091564, -38.53343760275988, -38.53401061115716, -38.536931641169055, -38.5386006582111, -38.53770565272283, -38.53789765698413, -38.54120069195916, -38.5406936909228, -38.54202770846493, -38.54084770302416, -38.542723732536174, -38.53681670362528, -38.52947464907468, -38.53757472711269, -38.54064275345309, -38.54287676991129, -38.54578879605544, -38.54758680983439, -38.5490258223916, -38.551628849011955, -38.55569088622342, -38.55875191668292, -38.563731962438496, -38.565432976942496, -38.57087801664358, -38.57475704680731, -38.579823091363856, -38.5824581164585, -38.585920146488434, -38.592369196390756, -38.61626152283509, -38.62088755406842, -38.62092655226773, -38.62225156078768, -38.62656259510405, -38.63084963192056, -38.63611167562247, -38.64478673580556, -38.655017817261324, -38.65440380980593, -38.655494815184746, -38.66324486992503, -38.66613789369042, -38.66887591080687, -38.674317955599385, -38.680082006285744, -38.68539804660418, -38.69016408622511, -38.69614013430062, -38.70113817743051, -38.688948024529985, -38.65004766896415], "geoy": [-12.38378538476426, -12.38142637368379, -12.378440353820523, -12.37293732095235, -12.369306295380532, -12.367555281314814, -12.366409270902054, -12.36438825561012, -12.361885237248169, -12.360131225466793, -12.354494188955357, -12.349582155943725, -12.34773714529784, -12.34440812372357, -12.34082910432818, -12.335364069456295, -12.331064040031924, -12.329021029413134, -12.329338032441893, -12.327430018812848, -12.324668996384398, -12.288702757018736, -12.305550942557065, -12.312885993023118, -12.320731048568447, -12.32428807646079, -12.328947110365899, -12.33276314100854, -12.335877166701241, -12.337597183198467, -12.33817820217622, -12.339920217614702, -12.339753221343077, -12.34052922626273, -12.342078240517294, -12.342741245783104, -12.343317253468697, -12.344294261145501, -12.35056730342402, -12.356110342796617, -12.358608359487233, -12.361763377727836, -12.363486387592518, -12.36529340135511, -12.367212414494187, -12.371553440505553, -12.374125459100519, -12.378430487399934, -12.382150514869185, -12.39181357981969, -12.409158708389825, -12.416834771414473, -12.421664794566524, -12.421099786647416, -12.41866276676615, -12.418978765188921, -12.417414751957347, -12.417301749302457, -12.420004764757405, -12.421000766422997, -12.423550780212523, -12.424873782959692, -12.424489778075284, -12.418258727601353, -12.415219701395927, -12.415093693940104, -12.416456700011203, -12.416060692756687, -12.41083464798547, -12.496461212573072, -12.489374157265026, -12.487790146203938, -12.485445128171627, -12.482688103372483, -12.481936092541948, -12.47991607162383, -12.467821976225798, -12.461308917591927, -12.459800907911244, -12.45665988465241, -12.446576804442989, -12.445279791652085, -12.440071751873367, -12.437699728285823, -12.437592720025313, -12.432734679321605, -12.430954660733601, -12.427536629182322, -12.4268456178632, -12.393124399238083, -12.38378538476426]}}