{"IIS3": {"px": [], "py": [], "pt": [], "pb": [], "x": ["2019-01", "2019-02", "2019-03", "2019-04", "2019-05", "2019-06", "2019-07", "2019-08", "2019-09", "2019-10", "2019-11", "2019-12", "2020-01", "2020-02", "2020-03", "2020-04", "2020-05", "2020-06", "2020-07", "2020-08", "2020-09", "2020-10", "2020-11", "2020-12"], "y": [NaN, NaN, NaN, NaN, NaN, NaN, NaN, NaN, NaN, NaN, NaN, NaN, NaN, NaN, NaN, NaN, NaN, NaN, NaN, NaN, NaN, NaN, NaN, NaN]}, "VHI": {"px": ["2021-01", "2021-02", "2021-03", "2021-04", "2021-05", "2021-06", "2021-07", "2021-08", "2021-09", "2021-10", "2021-11", "2021-12"], "py": [82.38717269381641, 97.5344951941645, 98.51986546807387, 102.34342708607326, 110.90729188699234, 116.1281137576457, 120.20539115806133, 115.21941021400838, 89.15483557329067, 76.38510454897165, 62.1743753303673, 54.14256169768109], "pt": [106.86032329960503, 126.833969599179, 131.9561227383873, 139.45821389784243, 151.36753780714912, 159.67757528997754, 166.63899644122387, 164.3682026653904, 140.87647417132345, 130.5575329521917, 118.69141788337504, 112.9107520626649], "pb": [57.91402208802778, 68.23502078915001, 65.08360819776044, 65.22864027430408, 70.44704596683556, 72.57865222531387, 73.77178587489881, 66.07061776262634, 37.43319697525789, 22.212676145751615, 5.657332777359542, -4.625628667302728], "x": ["2019-01", "2019-02", "2019-03", "2019-04", "2019-05", "2019-06", "2019-07", "2019-08", "2019-09", "2019-10", "2019-11", "2019-12", "2020-01", "2020-02", "2020-03", "2020-04", "2020-05", "2020-06", "2020-07", "2020-08", "2020-09", "2020-10", "2020-11", "2020-12"], "y": [61.96882247924805, 63.17990493774414, 57.753482818603516, 57.558170318603516, 62.120094299316406, 67.23379516601562, 67.23379516601562, 62.36103820800781, 45.372615814208984, 37.167747497558594, 28.314918518066406, 23.32126808166504, 41.78316879272461, 51.251827239990234, 52.69123840332031, 55.52170944213867, 61.559165954589844, 67.17430114746094, 65.99588012695312, 68.97669219970703, 61.47844314575195, 34.312744140625, 48.216922760009766, 54.10859680175781]}, "spi_01": {"px": ["2021-01", "2021-02", "2021-03", "2021-04", "2021-05", "2021-06", "2021-07", "2021-08", "2021-09", "2021-10", "2021-11", "2021-12"], "py": [2.4820251300206975, 2.516690295395682, 5.802283073815156, 5.675023824755256, 1.5870985145228786, 2.4940973824134183, 6.141496049712309, 3.4281966371418546, 3.7487251031082165, 3.017850637776678, -1.5005814154689499, 1.5034401867372518], "pt": [7.81756416869959, 7.968248730884682, 11.367442722723359, 11.351511687872808, 7.372772805597833, 8.386935369723986, 12.13958341878049, 9.529718138313513, 9.951956291089594, 9.321150544478694, 4.901223193866954, 8.002256601931578], "pb": [-2.8535139086581953, -2.934868140093319, 0.2371234249069527, -0.0014640383622968045, -4.198575776552075, -3.3987406048971494, 0.1434086806441286, -2.6733248640298033, -2.4545060848731612, -3.2854492689253387, -7.902386024804855, -4.995376228457074], "x": ["2019-01", "2019-02", "2019-03", "2019-04", "2019-05", "2019-06", "2019-07", "2019-08", "2019-09", "2019-10", "2019-11", "2019-12", "2020-01", "2020-02", "2020-03", "2020-04", "2020-05", "2020-06", "2020-07", "2020-08", "2020-09", "2020-10", "2020-11", "2020-12"], "y": [-1.774059534072876, -0.5765984654426575, -1.065609335899353, -0.06094793975353241, -0.6017831563949585, -1.1836159229278564, 0.7497760057449341, -0.42616546154022217, -0.20802344381809235, -0.4409295320510864, -2.5976595878601074, -1.172600507736206, -0.31130996346473694, -0.40601837635040283, 1.2063273191452026, 1.0735841989517212, -0.8818981647491455, -0.23715369403362274, -0.7835816144943237, -0.5621983408927917, -0.6891568899154663, -0.07806558907032013, 1.0204626321792603, 0.4614907503128052]}, "spi_03": {"px": [], "py": [], "pt": [], "pb": [], "x": ["2019-01", "2019-02", "2019-03", "2019-04", "2019-05", "2019-06", "2019-07", "2019-08", "2019-09", "2019-10", "2019-11", "2019-12", "2020-01", "2020-02", "2020-03", "2020-04", "2020-05", "2020-06", "2020-07"], "y": [-1.0664087533950806, -1.430159330368042, -1.9132179021835327, -0.66644287109375, -0.6213939189910889, -0.3873046636581421, -0.7471573352813721, -0.45639893412590027, -0.07565490901470184, -0.7628329992294312, -2.0810184478759766, -1.9308462142944336, -1.5832178592681885, -1.1127076148986816, 0.15436318516731262, 0.8494729995727539, 0.9074156284332275, 0.6400495767593384, -1.0609934329986572]}, "spi_06": {"px": [], "py": [], "pt": [], "pb": [], "x": ["2019-01", "2019-02", "2019-03", "2019-04", "2019-05", "2019-06", "2019-07", "2019-08", "2019-09", "2019-10", "2019-11", "2019-12", "2020-01", "2020-02", "2020-03", "2020-04", "2020-05", "2020-06", "2020-07"], "y": [-1.2705105543136597, -1.311030626296997, -1.5041687488555908, -1.0720057487487793, -1.1504346132278442, -1.4047863483428955, -0.7526646852493286, -0.6631102561950684, -0.4427804946899414, -0.9466904401779175, -2.0312135219573975, -1.8815815448760986, -1.9857510328292847, -1.739809274673462, -0.7835365533828735, 0.04744717851281166, 0.17914219200611115, 0.39514970779418945, 0.5982275009155273]}, "spi_12": {"px": ["2021-01", "2021-02", "2021-03", "2021-04", "2021-05", "2021-06", "2021-07", "2021-08", "2021-09", "2021-10", "2021-11", "2021-12"], "py": [1.499726126236669, 1.3340986499725354, 3.0389307201464844, 4.450102521118592, 4.117761715514761, 3.7280950674327853, 4.142490711680966, 4.118765526837388, 3.7202063851137224, 3.6054164186800657, 2.2227399538736616, 0.8036465355728111], "pt": [2.8374063255144204, 2.9724156095312315, 4.930696193035641, 6.565160616976343, 6.434691773434357, 6.230665553498898, 6.817851095286709, 6.956413730298303, 6.711350225025612, 6.742554543704326, 5.499373860784626, 4.2140752336042615], "pb": [0.16204592695891717, -0.3042183095861608, 1.1471652472573277, 2.3350444252608407, 1.8008316575951646, 1.2255245813666713, 1.467130328075223, 1.2811173233764723, 0.7290625452018329, 0.4682782936558061, -1.0538939530373028, -2.6067821624586394], "x": ["2019-01", "2019-02", "2019-03", "2019-04", "2019-05", "2019-06", "2019-07", "2019-08", "2019-09", "2019-10", "2019-11", "2019-12", "2020-01", "2020-02", "2020-03", "2020-04", "2020-05", "2020-06", "2020-07", "2020-08", "2020-09", "2020-10", "2020-11", "2020-12"], "y": [-1.5387494564056396, -1.8311687707901, -1.8429887294769287, -1.3702301979064941, -1.2057082653045654, -1.2325630187988281, -1.173992395401001, -1.169753909111023, -1.2147259712219238, -1.161820888519287, -1.462262511253357, -1.8098585605621338, -1.4313369989395142, -1.4419233798980713, -0.8091119527816772, -0.24391081929206848, -0.255327969789505, -0.24256274104118347, -0.26275330781936646, -0.26160189509391785, -0.2765062749385834, -0.19722765684127808, 0.1771186888217926, 0.418499231338501],