{"IIS3": {"px": [], "py": [], "pt": [], "pb": [], "x": ["2019-01", "2019-02", "2019-03", "2019-04", "2019-05", "2019-06", "2019-07", "2019-08", "2019-09", "2019-10", "2019-11", "2019-12", "2020-01", "2020-02", "2020-03", "2020-04", "2020-05", "2020-06", "2020-07", "2020-08", "2020-09", "2020-10", "2020-11", "2020-12"], "y": [NaN, NaN, NaN, NaN, NaN, NaN, NaN, NaN, NaN, NaN, NaN, NaN, NaN, NaN, NaN, NaN, NaN, NaN, NaN, NaN, NaN, NaN, NaN, NaN]}, "VHI": {"px": ["2021-01", "2021-02", "2021-03", "2021-04", "2021-05", "2021-06", "2021-07", "2021-08", "2021-09", "2021-10", "2021-11", "2021-12"], "py": [22.128073580793526, 38.760752597113836, 50.057511387438794, 58.92489430058903, 59.28838452821887, 60.039366744678645, 35.3265583757174, 74.4391399094862, 85.9784953474727, 62.43605033393881, 44.43646744251065, 31.470651585263496], "pt": [49.96569861989508, 66.59837763621577, 77.89513642654111, 86.76251933969172, 87.12600956732194, 87.8769917837821, 63.16418341482124, 102.27676494859041, 113.8161203865773, 90.27367537304379, 72.274092481616, 59.30827662436923], "pb": [-5.709551458308031, 10.923127558011899, 22.219886348336473, 31.08726926148634, 31.450759489115796, 32.20174170557519, 7.488933336613556, 46.60151487038199, 58.14087030836811, 34.59842529483383, 16.5988424034053, 3.6330265461577618], "x": ["2019-01", "2019-02", "2019-03", "2019-04", "2019-05", "2019-06", "2019-07", "2019-08", "2019-09", "2019-10", "2019-11", "2019-12", "2020-01", "2020-02", "2020-03", "2020-04", "2020-05", "2020-06", "2020-07", "2020-08", "2020-09", "2020-10", "2020-11", "2020-12"], "y": [24.64324951171875, 57.23775100708008, 72.23774719238281, 72.50520324707031, 47.665245056152344, 37.55999755859375, 37.55999755859375, 77.37539672851562, 87.25639343261719, 61.96574783325195, 44.09700012207031, 32.360198974609375, 23.627750396728516, 41.79750061035156, 52.179595947265625, 59.21075439453125, 59.38349533081055, 61.0723991394043, 71.55875396728516, 69.9437484741211, 56.29039764404297, 44.54319763183594, 54.84625244140625, 39.38166427612305]}, "spi_01": {"px": [], "py": [], "pt": [], "pb": [], "x": ["2019-01", "2019-02", "2019-03", "2019-04", "2019-05", "2019-06", "2019-07", "2019-08", "2019-09", "2019-10", "2019-11", "2019-12", "2020-01", "2020-02", "2020-03", "2020-04", "2020-05", "2020-06", "2020-07", "2020-08", "2020-09", "2020-10", "2020-11", "2020-12"], "y": [NaN, NaN, NaN, NaN, NaN, NaN, NaN, NaN, NaN, NaN, NaN, NaN, NaN, NaN, NaN, NaN, NaN, NaN, NaN, NaN, NaN, NaN, NaN, NaN]}, "spi_03": {"px": [], "py": [], "pt": [], "pb": [], "x": ["2019-01", "2019-02", "2019-03", "2019-04", "2019-05", "2019-06", "2019-07", "2019-08", "2019-09", "2019-10", "2019-11", "2019-12", "2020-01", "2020-02", "2020-03", "2020-04", "2020-05", "2020-06", "2020-07"], "y": [NaN, NaN, NaN, NaN, NaN, NaN, NaN, NaN, NaN, NaN, NaN, NaN, NaN, NaN, NaN, NaN, NaN, NaN, NaN]}, "spi_06": {"px": [], "py": [], "pt": [], "pb": [], "x": ["2019-01", "2019-02", "2019-03", "2019-04", "2019-05", "2019-06", "2019-07", "2019-08", "2019-09", "2019-10", "2019-11", "2019-12", "2020-01", "2020-02", "2020-03", "2020-04", "2020-05", "2020-06", "2020-07"], "y": [NaN, NaN, NaN, NaN, NaN, NaN, NaN, NaN, NaN, NaN, NaN, NaN, NaN, NaN, NaN, NaN, NaN, NaN, NaN]}, "spi_12": {"px": [], "py": [], "pt": [], "pb": [], "x": ["2019-01", "2019-02", "2019-03", "2019-04", "2019-05", "2019-06", "2019-07", "2019-08", "2019-09", "2019-10", "2019-11", "2019-12", "2020-01", "2020-02", "2020-03", "2020-04", "2020-05", "2020-06", "2020-07", "2020-08", "2020-09", "2020-10", "2020-11", "2020-12"], "y": [NaN, NaN, NaN, NaN, NaN, NaN, NaN, NaN, NaN, NaN, NaN, NaN, NaN, NaN, NaN, NaN, NaN, NaN, NaN, NaN, NaN, NaN, NaN, NaN], "geox": [-35.94120515218453, -35.93519009604689, -35.93098105752481, -35.919113950524896, -35.908413856884664, -35.905211829681946, -35.901054795954536, -35.898713776098845, -35.88528066038224, -35.8813486265444, -35.87089253271059, -35.865538485587706, -35.859450435260925, -35.85199037259835, -35.84610932188411, -35.84484031009278, -35.837446245601996, -35.83305920814014, -35.81485305176716, -35.81612806349044, -35.81768007916097, -35.81809009128679, -35.81358905321483, -35.81117603641135, -35.807996008752816, -35.806127993540954, -35.80554398916019, -35.80608099582144, -35.80454198376238, -35.80163695754086, -35.79707491344808, -35.79425588731931, -35.792028867692494, -35.790502855366746, -35.783246791033896, -35.78240178406875, -35.77986076213763, -35.778797753509544, -35.779889765674376, -35.779511764186395, -35.784658810038586, -35.78870184799153, -35.78966085514773, -35.79241587905749, -35.7945658967444, -35.79598190919579, -35.7991219379985, -35.803090975131006, -35.80655100934432, -35.80956003689701, -35.810810048080235, -35.81318606798753, -35.81520008579523, -35.81587609230498, -35.82295615518035, -35.824085165999165, -35.82531717706666, -35.827290194181785, -35.82967921574718, -35.8313902304863, -35.832362239498785, -35.834313258182405, -35.83748829108281, -35.841017325161616, -35.84737638390545, -35.85088941688705, -35.85255743388934, -35.855736463726764, -35.86079151058354, -35.862452527471056, -35.864252544602984, -35.86574655819178, -35.869322589634834, -35.8718696135595, -35.874392634462616, -35.878270668908755, -35.88124169402427, -35.89649285235897, -35.9006878890923, -35.90995397310046, -35.91562002304358, -35.92227508071163, -35.91555801651883, -35.912399985635766, -35.908003943172254, -35.90318789267335, -35.90297288387242, -35.90403488873848, -35.911235948927555, -35.91513698170139, -35.91508198063895, -35.9167839947025, -35.919472018403376, -35.921190031192374, -35.923722053706285, -35.92624107478126, -35.92631107429587, -35.927341082686695, -35.928163089967796, -35.9330291333899, -35.93588816004647, -35.94713526153366, -35.94903227830256, -35.953199312481445, -35.95719234946125, -35.96919544579794, -35.977955513371754, -35.97920052434619, -35.974803481591145, -35.96703340856778, -35.96615139976176, -35.96700140471367, -35.96661840029066, -35.96498338441667, -35.96048134288048, -35.95809231967646, -35.9555912966304, -35.93941514298702, -35.938278131322114, -35.94120515218453],