{"IIS3": {"px": [], "py": [], "pt": [], "pb": [], "x": ["2019-01", "2019-02", "2019-03", "2019-04", "2019-05", "2019-06", "2019-07", "2019-08", "2019-09", "2019-10", "2019-11", "2019-12", "2020-01", "2020-02", "2020-03", "2020-04", "2020-05", "2020-06", "2020-07", "2020-08", "2020-09", "2020-10", "2020-11", "2020-12"], "y": [NaN, NaN, NaN, NaN, NaN, NaN, NaN, NaN, NaN, NaN, NaN, NaN, NaN, NaN, NaN, NaN, NaN, NaN, NaN, NaN, NaN, NaN, NaN, NaN]}, "VHI": {"px": ["2021-01", "2021-02", "2021-03", "2021-04", "2021-05", "2021-06", "2021-07", "2021-08", "2021-09", "2021-10", "2021-11", "2021-12"], "py": [65.49688927317243, 102.39447541618873, 120.65113243928775, 123.99633645106024, 126.62629217556994, 108.11366008136392, 91.60922414308348, 129.40351183152117, 162.08873232854813, 130.34225454071716, 78.88415886001947, 72.68968547792822], "pt": [101.25748509472416, 146.19208163776918, 171.2242518602693, 180.5388028386976, 188.56546073977768, 175.01560848089542, 163.13041538653113, 205.26319080599387, 242.05185502481538, 214.2082851405168, 166.47937097686275, 163.8616728590477], "pb": [29.73629345162069, 58.596869194608274, 70.0780130183062, 67.4538700634229, 64.68712361136222, 41.2117116818324, 20.08803289963582, 53.54383285704847, 82.12560963228087, 46.47622394091752, -8.711053256823817, -18.482301903191257], "x": ["2019-01", "2019-02", "2019-03", "2019-04", "2019-05", "2019-06", "2019-07", "2019-08", "2019-09", "2019-10", "2019-11", "2019-12", "2020-01", "2020-02", "2020-03", "2020-04", "2020-05", "2020-06", "2020-07", "2020-08", "2020-09", "2020-10", "2020-11", "2020-12"], "y": [24.834999084472656, 52.727500915527344, 83.31749725341797, 92.48999786376953, 61.744998931884766, 43.79750061035156, 43.79750061035156, 65.9020004272461, 83.39599609375, 62.18000030517578, 32.20916748046875, 29.16533088684082, 28.133331298828125, 50.302494049072266, 60.616668701171875, 62.87166213989258, 67.05999755859375, 58.82999801635742, 58.32499694824219, 68.09500122070312, 76.8499984741211, 82.27399444580078, 76.55999755859375, 67.97000122070312]}, "spi_01": {"px": [], "py": [], "pt": [], "pb": [], "x": ["2019-01", "2019-02", "2019-03", "2019-04", "2019-05", "2019-06", "2019-07", "2019-08", "2019-09", "2019-10", "2019-11", "2019-12", "2020-01", "2020-02", "2020-03", "2020-04", "2020-05", "2020-06", "2020-07", "2020-08", "2020-09", "2020-10", "2020-11", "2020-12"], "y": [NaN, NaN, NaN, NaN, NaN, NaN, NaN, NaN, NaN, NaN, NaN, NaN, NaN, NaN, NaN, NaN, NaN, NaN, NaN, NaN, NaN, NaN, NaN, NaN]}, "spi_03": {"px": [], "py": [], "pt": [], "pb": [], "x": ["2019-01", "2019-02", "2019-03", "2019-04", "2019-05", "2019-06", "2019-07", "2019-08", "2019-09", "2019-10", "2019-11", "2019-12", "2020-01", "2020-02", "2020-03", "2020-04", "2020-05", "2020-06", "2020-07"], "y": [NaN, NaN, NaN, NaN, NaN, NaN, NaN, NaN, NaN, NaN, NaN, NaN, NaN, NaN, NaN, NaN, NaN, NaN, NaN]}, "spi_06": {"px": [], "py": [], "pt": [], "pb": [], "x": ["2019-01", "2019-02", "2019-03", "2019-04", "2019-05", "2019-06", "2019-07", "2019-08", "2019-09", "2019-10", "2019-11", "2019-12", "2020-01", "2020-02", "2020-03", "2020-04", "2020-05", "2020-06", "2020-07"], "y": [NaN, NaN, NaN, NaN, NaN, NaN, NaN, NaN, NaN, NaN, NaN, NaN, NaN, NaN, NaN, NaN, NaN, NaN, NaN]}, "spi_12": {"px": [], "py": [], "pt": [], "pb": [], "x": ["2019-01", "2019-02", "2019-03", "2019-04", "2019-05", "2019-06", "2019-07", "2019-08", "2019-09", "2019-10", "2019-11", "2019-12", "2020-01", "2020-02", "2020-03", "2020-04", "2020-05", "2020-06", "2020-07", "2020-08", "2020-09", "2020-10", "2020-11", "2020-12"], "y": [NaN, NaN, NaN, NaN, NaN, NaN, NaN, NaN, NaN, NaN, NaN, NaN, NaN, NaN, NaN, NaN, NaN, NaN, NaN, NaN, NaN, NaN, NaN, NaN], "geox": [-35.45416056505335, -35.45323655623545, -35.45127753559779, -35.448415507985544, -35.447843501030775, -35.44876850756143, -35.44592747833227, -35.446112475521524, -35.44376944867647, -35.44398844971901, -35.448894492853455, -35.44953949717863, -35.44309443507154, -35.43765138469879, -35.43566336556266, -35.43668637123339, -35.435372355323445, -35.43122531229079, -35.4310783101053, -35.4325303218544, -35.434713340289655, -35.43491534100171, -35.42986529365348, -35.429647288368024, -35.42728126386861, -35.425945248744995, -35.42764626110764, -35.42942327547838, -35.436180335053166, -35.440618372313295, -35.440285366876076, -35.441550376657744, -35.441462373602896, -35.44260738282229, -35.44209437682384, -35.44161637323857, -35.43965235548833, -35.43481831282226, -35.423965215012544, -35.41682615025534, -35.412388110582164, -35.407752069699676, -35.40461606453996, -35.40658208481319, -35.423594259614106, -35.42546628780278, -35.429520346319755, -35.444212486998794, -35.44574650123688, -35.447967519750186, -35.45416056505335], "geoy": [-6.6122851282312425, -6.611497122488434, -6.606790085902578, -6.603879064329258, -6.601050041949156, -6.598245018804511, -6.5925009744299965, -6.585483917880741, -6.576434846590509, -6.574976834723045, -6.573395818883469, -6.571072799787184, -6.564590751739131, -6.56238873747999, -6.560422722923083, -6.554852677452387, -6.548405626401938, -6.539373556330003, -6.538009545443093, -6.535928527772682, -6.534019511024677, -6.532270496817281, -6.529248475679598, -6.523983433426458, -6.518894393941714, -6.5139723551471205, -6.509299316441014, -6.5067282946155105, -6.504789274745322, -6.500549237804952, -6.496666206741111, -6.494122185455759, -6.490519156490391, -6.488797141900646, -6.486593124469409, -6.487732133944429, -6.487602134130566, -6.488914147734932, -6.488657152478765, -6.487830150296371, -6.488250156465614, -6.489586170140424, -6.526251467488625, -6.530337499154403, -6.5646067642551085, -6.582443906582561, -6.616951181517376, -6.630156278250244, -6.630833282706762, -6.628540262852789, -6.6122851282312425]}}