{"IIS3": {"px": [], "py": [], "pt": [], "pb": [], "x": ["2019-01", "2019-02", "2019-03", "2019-04", "2019-05", "2019-06", "2019-07", "2019-08", "2019-09", "2019-10", "2019-11", "2019-12", "2020-01", "2020-02", "2020-03", "2020-04", "2020-05", "2020-06", "2020-07", "2020-08", "2020-09", "2020-10", "2020-11", "2020-12"], "y": [NaN, NaN, NaN, NaN, NaN, NaN, NaN, NaN, NaN, NaN, NaN, NaN, NaN, NaN, NaN, NaN, NaN, NaN, NaN, NaN, NaN, NaN, NaN, NaN]}, "VHI": {"px": ["2021-01", "2021-02", "2021-03", "2021-04", "2021-05", "2021-06", "2021-07", "2021-08", "2021-09", "2021-10", "2021-11", "2021-12"], "py": [26.533465613496936, 38.302937145467226, 52.77089218727829, 56.352755671636515, 65.29670004491913, 61.46375486056641, 41.450293204150356, 66.94427079880451, 67.75013283103394, 39.26946847373995, 31.011446186552682, 27.27938906425561], "pt": [47.81675495838576, 59.58622649035604, 74.0541815321671, 77.63604501652534, 86.57998938980796, 82.74704420545524, 62.733582549039184, 88.22756014369334, 89.03342217592277, 60.55275781862879, 52.29473553144152, 48.56267840914445], "pb": [5.250176268608122, 17.01964780057841, 31.487602842389478, 35.06946632674769, 44.013410700030306, 40.18046551567758, 20.167003859261527, 45.66098145391568, 46.46684348614511, 17.986179128851106, 9.728156841663846, 5.996099719366768], "x": ["2019-01", "2019-02", "2019-03", "2019-04", "2019-05", "2019-06", "2019-07", "2019-08", "2019-09", "2019-10", "2019-11", "2019-12", "2020-01", "2020-02", "2020-03", "2020-04", "2020-05", "2020-06", "2020-07", "2020-08", "2020-09", "2020-10", "2020-11", "2020-12"], "y": [23.77916717529297, 63.657833099365234, 77.8597183227539, 73.78333282470703, 62.80982971191406, 43.82966613769531, 43.82966613769531, 69.13546752929688, 67.38279724121094, 37.47132873535156, 28.974559783935547, 26.032703399658203, 25.568971633911133, 37.916473388671875, 51.78855895996094, 54.80220413208008, 64.4366683959961, 61.78466796875, 62.81949996948242, 70.19949340820312, 52.10559844970703, 38.74040222167969, 42.14750289916992, 33.820220947265625]}, "spi_01": {"px": ["2021-01", "2021-02", "2021-03", "2021-04", "2021-05", "2021-06", "2021-07", "2021-08", "2021-09", "2021-10", "2021-11", "2021-12"], "py": [1.539431575296902, 1.6166454528403351, 3.87953678825136, 2.3915905243619857, 4.044159858587465, 2.45790162122327, 2.9328789116900644, 2.5089929972842766, 2.322137425231433, 4.134965191069433, -0.6718971359947481, 0.3780929725374351], "pt": [5.387431713285819, 5.464645590829253, 7.727536926240278, 6.2395906623509045, 7.892159996576384, 6.30590175921219, 6.780879049678983, 6.356993135273196, 6.170137563220354, 7.982965329058356, 3.176103001994173, 4.2260931105263575], "pb": [-2.308568562692015, -2.231354685148583, 0.03153665026244212, -1.456409613626933, 0.19615972059854592, -1.3900985167656499, -0.9151212262988553, -1.339007140704644, -1.5258627127574877, 0.2869650530805119, -4.51989727398367, -3.4699071654514873], "x": ["2019-01", "2019-02", "2019-03", "2019-04", "2019-05", "2019-06", "2019-07", "2019-08", "2019-09", "2019-10", "2019-11", "2019-12", "2020-01", "2020-02", "2020-03", "2020-04", "2020-05", "2020-06", "2020-07", "2020-08", "2020-09", "2020-10", "2020-11", "2020-12"], "y": [-0.8658116459846497, 0.5089879035949707, 0.527967631816864, 0.9911839365959167, -0.16516263782978058, 1.114728569984436, 0.5946933627128601, 0.3502367436885834, 0.2372879683971405, 1.2402843236923218, -1.4434528350830078, -0.8350270390510559, 0.11997124552726746, 0.11163292080163956, 1.4429259300231934, 0.4768468141555786, 1.5786714553833008, 0.7400603294372559, 0.9754831194877625, -0.7640848755836487, 0.5413112044334412, 0.5304779410362244, 1.7915830612182617, 0.017555128782987595]}, "spi_03": {"px": [], "py": [], "pt": [], "pb": [], "x": ["2019-01", "2019-02", "2019-03", "2019-04", "2019-05", "2019-06", "2019-07", "2019-08", "2019-09", "2019-10", "2019-11", "2019-12", "2020-01", "2020-02", "2020-03", "2020-04", "2020-05", "2020-06", "2020-07"], "y": [-0.6890982985496521, -0.18377237021923065, 0.009078227914869785, 1.0174044370651245, 0.6996610760688782, 1.0695117712020874, 0.7105159163475037, 0.9040259718894958, 0.4440525472164154, 0.45131242275238037, 0.3185364603996277, -0.03534441813826561, -0.28012269735336304, -0.1937125027179718, 0.8078453540802002, 1.0283926725387573, 1.6555354595184326, 1.4287397861480713, 1.533562421798706]}, "spi_06": {"px": [], "py": [], "pt": [], "pb": [], "x": ["2019-01", "2019-02", "2019-03", "2019-04", "2019-05", "2019-06", "2019-07", "2019-08", "2019-09", "2019-10", "2019-11", "2019-12", "2020-01", "2020-02", "2020-03", "2020-04", "2020-05", "2020-06", "2020-07"], "y": [-1.3132973909378052, -0.47738200426101685, -0.053676214069128036, 0.5157738924026489, 0.3685459494590759, 0.6771750450134277, 1.0501223802566528, 1.0316540002822876, 0.8847535252571106, 0.6673065423965454, 0.8115022778511047, 0.3518545925617218, -0.00394776277244091, -0.12711818516254425, 0.7257347106933594, 0.6820463538169861, 1.2151615619659424, 1.3623062372207642, 1.6171280145645142]}, "spi_12": {"px": ["2021-01", "2021-02", "2021-03", "2021-04", "2021-05", "2021-06", "2021-07", "2021-08", "2021-09", "2021-10", "2021-11", "2021-12"], "py": [1.599332751072696, 1.4712424320984194, 1.8538139600214998, 1.7579359457191748, 2.3666845238159895, 2.370079870373142, 2.3330168199519714, 2.4849494490401027, 2.366132441690509, 2.3142979371981545, 2.07064563408161, 1.8000682371908114], "pt": [2.2069769218075583, 2.2154515119886744, 2.713152584170409, 2.718705734647397, 3.419155095224151, 3.5068780143033926, 3.548305154630744, 3.7739573825957287, 3.7248661054864662, 3.739349825900957, 3.5590637883173297, 3.34926296937315], "pb": [0.9916885803378337, 0.7270333522081645, 0.9944753358725906, 0.7971661567909525, 1.3142139524078278, 1.2332817264428915, 1.117728485273199, 1.1959415154844772, 1.0073987778945521, 0.8892460484953517, 0.5822274798458906, 0.25087350500847294], "x": ["2019-01", "2019-02", "2019-03", "2019-04", "2019-05", "2019-06", "2019-07", "2019-08", "2019-09", "2019-10", "2019-11", "2019-12", "2020-01", "2020-02", "2020-03", "2020-04", "2020-05", "2020-06", "2020-07", "2020-08", "2020-09", "2020-10", "2020-11", "2020-12"], "y": [0.28823691606521606, -0.07326904684305191, -0.29817721247673035, -0.427325963973999, -0.41961991786956787, 0.2172689586877823, 0.47928404808044434, 0.6034978032112122, 0.6257237195968628, 0.7064332962036133, 0.6903825998306274, 0.6332979202270508, 0.8508387207984924, 0.7943419218063354, 1.1142417192459106, 1.0579965114593506, 1.554472804069519, 1.589003562927246, 1.5106852054595947, 1.2857146263122559, 1.2464998960494995, 1.2104119062423706, 1.3217698335647583, 1.364505648612976],