{"IIS3": {"px": [], "py": [], "pt": [], "pb": [], "x": ["2019-01", "2019-02", "2019-03", "2019-04", "2019-05", "2019-06", "2019-07", "2019-08", "2019-09", "2019-10", "2019-11", "2019-12", "2020-01", "2020-02", "2020-03", "2020-04", "2020-05", "2020-06", "2020-07", "2020-08", "2020-09", "2020-10", "2020-11", "2020-12"], "y": [NaN, NaN, NaN, NaN, NaN, NaN, NaN, NaN, NaN, NaN, NaN, NaN, NaN, NaN, NaN, NaN, NaN, NaN, NaN, NaN, NaN, NaN, NaN, NaN]}, "VHI": {"px": ["2021-01", "2021-02", "2021-03", "2021-04", "2021-05", "2021-06", "2021-07", "2021-08", "2021-09", "2021-10", "2021-11", "2021-12"], "py": [62.8564013151901, 52.05668161854166, 59.13284460827113, 63.85878251092073, 61.54980844269811, 62.817672525396276, 68.57121229325583, 70.55415319668752, 57.69183059265352, 54.05885215733615, 42.782533772877656, 46.76521532643166], "pt": [71.31594651475018, 60.78409163640339, 68.12013932116146, 73.09865517740374, 71.03553601254181, 72.54304183281933, 78.53045869056118, 80.74190905549729, 68.10308172184956, 64.68890063848896, 53.626966047004885, 57.819874614921986], "pb": [54.396856115630015, 43.32927160067993, 50.145549895380796, 54.618909844437724, 52.064080872854404, 53.092303217973225, 58.611965895950476, 60.36639733787776, 47.28057946345747, 43.428803676183335, 31.938101498750427, 35.71055603794133], "x": ["2019-01", "2019-02", "2019-03", "2019-04", "2019-05", "2019-06", "2019-07", "2019-08", "2019-09", "2019-10", "2019-11", "2019-12", "2020-01", "2020-02", "2020-03", "2020-04", "2020-05", "2020-06", "2020-07", "2020-08", "2020-09", "2020-10", "2020-11", "2020-12"], "y": [51.55249786376953, 43.878929138183594, 46.5860710144043, 46.32857131958008, 62.07714080810547, 59.6628532409668, 59.6628532409668, 61.790000915527344, 50.330570220947266, 47.681427001953125, 37.33399963378906, 40.694400787353516, 58.20299530029297, 48.448001861572266, 55.57999801635742, 59.884498596191406, 57.53107452392578, 59.010284423828125, 67.91642761230469, 72.30428314208984, 52.639427185058594, 44.51085662841797, 42.164283752441406, 46.691429138183594]}, "spi_01": {"px": [], "py": [], "pt": [], "pb": [], "x": ["2019-01", "2019-02", "2019-03", "2019-04", "2019-05", "2019-06", "2019-07", "2019-08", "2019-09", "2019-10", "2019-11", "2019-12", "2020-01", "2020-02", "2020-03", "2020-04", "2020-05", "2020-06", "2020-07", "2020-08", "2020-09", "2020-10", "2020-11", "2020-12"], "y": [NaN, NaN, NaN, NaN, NaN, NaN, NaN, NaN, NaN, NaN, NaN, NaN, NaN, NaN, NaN, NaN, NaN, NaN, NaN, NaN, NaN, NaN, NaN, NaN]}, "spi_03": {"px": [], "py": [], "pt": [], "pb": [], "x": ["2019-01", "2019-02", "2019-03", "2019-04", "2019-05", "2019-06", "2019-07", "2019-08", "2019-09", "2019-10", "2019-11", "2019-12", "2020-01", "2020-02", "2020-03", "2020-04", "2020-05", "2020-06", "2020-07"], "y": [NaN, NaN, NaN, NaN, NaN, NaN, NaN, NaN, NaN, NaN, NaN, NaN, NaN, NaN, NaN, NaN, NaN, NaN, NaN]}, "spi_06": {"px": [], "py": [], "pt": [], "pb": [], "x": ["2019-01", "2019-02", "2019-03", "2019-04", "2019-05", "2019-06", "2019-07", "2019-08", "2019-09", "2019-10", "2019-11", "2019-12", "2020-01", "2020-02", "2020-03", "2020-04", "2020-05", "2020-06", "2020-07"], "y": [NaN, NaN, NaN, NaN, NaN, NaN, NaN, NaN, NaN, NaN, NaN, NaN, NaN, NaN, NaN, NaN, NaN, NaN, NaN]}, "spi_12": {"px": [], "py": [], "pt": [], "pb": [], "x": ["2019-01", "2019-02", "2019-03", "2019-04", "2019-05", "2019-06", "2019-07", "2019-08", "2019-09", "2019-10", "2019-11", "2019-12", "2020-01", "2020-02", "2020-03", "2020-04", "2020-05", "2020-06", "2020-07", "2020-08", "2020-09", "2020-10", "2020-11", "2020-12"], "y": [NaN, NaN, NaN, NaN, NaN, NaN, NaN, NaN, NaN, NaN, NaN, NaN, NaN, NaN, NaN, NaN, NaN, NaN, NaN, NaN, NaN, NaN, NaN, NaN], "geox": [-43.13368329727513, -43.13212529200789, -43.13232030988414, -43.1298023007768, -43.126517274138244, -43.12442726247743, -43.11801720457001, -43.11651619492858, -43.11431917439956, -43.11396216894634, -43.11320916398551, -43.11009715311788, -43.10298908835206, -43.09850603998061, -43.095847016360096, -43.08791895908813, -43.082454914249716, -43.07751687758363, -43.07596487280629, -43.07287985512354, -43.072403858953145, -43.0707628510625, -43.067324827695664, -43.065318822275266, -43.06142779392843, -43.061427804860465, -43.05546076213717, -43.05522776331615, -43.056643783905514, -43.05392976598712, -43.05348276502835, -43.04612370882892, -43.04387369431058, -43.04051066420487, -43.036908647162704, -43.034817631242795, -43.02898757862306, -43.02460053430023, -43.02393353677819, -43.025930558964, -43.024840564109866, -43.02523657022896, -43.027431591624115, -43.030098621778826, -43.029460627060494, -43.0316226530698, -43.03120865458373, -43.033898685827296, -43.032957685154386, -43.034162703428485, -43.03354770384159, -43.03698674410412, -43.04290980131326, -43.044425821214254, -43.047456852410505, -43.05173589008241, -43.05298589960104, -43.053348898551654, -43.052046882971176, -43.05229688227744, -43.05771292327321, -43.058292925930665, -43.0562899024682, -43.05660190047309, -43.0632129470321, -43.0668999677388, -43.071127001263264, -43.07785205402817, -43.07919106931835, -43.08580812894512, -43.090361175520684, -43.097150237010354, -43.09906426307749, -43.10439231246668, -43.108931359743835, -43.11281039522781, -43.116537432121426, -43.12545551035058, -43.12629351213456, -43.125932500962584, -43.1235944620851, -43.121433438138915, -43.12308444849792, -43.124094455735104, -43.12301944203553, -43.123353442671906, -43.13865056088066, -43.13840854830291, -43.14251857285005, -43.1421235587441, -43.14307156213703, -43.145041576155165, -43.150402622455196, -43.152158634210586, -43.15384964195331, -43.15818267909483, -43.16248070846842, -43.16910376094622, -43.168658748823056, -43.16951675089029, -43.16876873970586, -43.16640471406013, -43.16598770227891, -43.16187466435491, -43.15949163782332, -43.15856761699922, -43.156290590933544, -43.15335256095978, -43.15712858463326, -43.159179604490454, -43.16124062078562, -43.16423463828387, -43.1636246223969, -43.1646826241858, -43.162071598084694, -43.15915456397675, -43.16058956654763, -43.15523951191965, -43.15837453206739, -43.15901252904754, -43.15724851316978, -43.145789412357495, -43.14270338118532, -43.13368329727513],