{"IIS3": {"px": [], "py": [], "pt": [], "pb": [], "x": ["2019-01", "2019-02", "2019-03", "2019-04", "2019-05", "2019-06", "2019-07", "2019-08", "2019-09", "2019-10", "2019-11", "2019-12", "2020-01", "2020-02", "2020-03", "2020-04", "2020-05", "2020-06", "2020-07", "2020-08", "2020-09", "2020-10", "2020-11", "2020-12"], "y": [NaN, NaN, NaN, NaN, NaN, NaN, NaN, NaN, NaN, NaN, NaN, NaN, NaN, NaN, NaN, NaN, NaN, NaN, NaN, NaN, NaN, NaN, NaN, NaN]}, "VHI": {"px": ["2021-01", "2021-02", "2021-03", "2021-04", "2021-05", "2021-06", "2021-07", "2021-08", "2021-09", "2021-10", "2021-11", "2021-12"], "py": [67.65266790343367, 72.5693852976407, 76.50955147291603, 75.83881286459872, 87.13001023996775, 97.4793288748154, 78.60210578754649, 75.65816171427453, 73.6525779097967, 72.48547866061337, 63.75242812320599, 60.04313942077758], "pt": [89.68993739499535, 99.55941801510193, 107.67495674118646, 110.68279519988079, 125.29968045634976, 138.70728472849885, 122.67664450684771, 122.40626951304102, 122.92941021678459, 124.16745638647942, 117.7324933427185, 116.22737262324051], "pb": [45.615398411871965, 45.579352580179474, 45.3441462046456, 40.99483052931666, 48.96034002358573, 56.25137302113194, 34.527567068245276, 28.91005391550803, 24.375745602808827, 20.803500934747312, 9.772362903693462, 3.858906218314651], "x": ["2019-01", "2019-02", "2019-03", "2019-04", "2019-05", "2019-06", "2019-07", "2019-08", "2019-09", "2019-10", "2019-11", "2019-12", "2020-01", "2020-02", "2020-03", "2020-04", "2020-05", "2020-06", "2020-07", "2020-08", "2020-09", "2020-10", "2020-11", "2020-12"], "y": [45.367313385009766, 41.38111114501953, 43.05888748168945, 39.70703887939453, 48.016056060791016, 46.245460510253906, 46.245460510253906, 44.64207077026367, 44.245849609375, 44.66083526611328, 39.40686798095703, 38.26092529296875, 52.27851104736328, 58.59675979614258, 63.51642608642578, 62.74303436279297, 72.27433013916016, 81.87812805175781, 76.74424743652344, 77.8125, 58.856590270996094, 39.75162887573242, 47.96036911010742, 52.89814758300781]}, "spi_01": {"px": [], "py": [], "pt": [], "pb": [], "x": ["2019-01", "2019-02", "2019-03", "2019-04", "2019-05", "2019-06", "2019-07", "2019-08", "2019-09", "2019-10", "2019-11", "2019-12", "2020-01", "2020-02", "2020-03", "2020-04", "2020-05", "2020-06", "2020-07", "2020-08", "2020-09", "2020-10", "2020-11", "2020-12"], "y": [NaN, NaN, NaN, NaN, NaN, NaN, NaN, NaN, NaN, NaN, NaN, NaN, NaN, NaN, NaN, NaN, NaN, NaN, NaN, NaN, NaN, NaN, NaN, NaN]}, "spi_03": {"px": [], "py": [], "pt": [], "pb": [], "x": ["2019-01", "2019-02", "2019-03", "2019-04", "2019-05", "2019-06", "2019-07", "2019-08", "2019-09", "2019-10", "2019-11", "2019-12", "2020-01", "2020-02", "2020-03", "2020-04", "2020-05", "2020-06", "2020-07"], "y": [NaN, NaN, NaN, NaN, NaN, NaN, NaN, NaN, NaN, NaN, NaN, NaN, NaN, NaN, NaN, NaN, NaN, NaN, NaN]}, "spi_06": {"px": [], "py": [], "pt": [], "pb": [], "x": ["2019-01", "2019-02", "2019-03", "2019-04", "2019-05", "2019-06", "2019-07", "2019-08", "2019-09", "2019-10", "2019-11", "2019-12", "2020-01", "2020-02", "2020-03", "2020-04", "2020-05", "2020-06", "2020-07"], "y": [NaN, NaN, NaN, NaN, NaN, NaN, NaN, NaN, NaN, NaN, NaN, NaN, NaN, NaN, NaN, NaN, NaN, NaN, NaN]}, "spi_12": {"px": [], "py": [], "pt": [], "pb": [], "x": ["2019-01", "2019-02", "2019-03", "2019-04", "2019-05", "2019-06", "2019-07", "2019-08", "2019-09", "2019-10", "2019-11", "2019-12", "2020-01", "2020-02", "2020-03", "2020-04", "2020-05", "2020-06", "2020-07", "2020-08", "2020-09", "2020-10", "2020-11", "2020-12"], "y": [NaN, NaN, NaN, NaN, NaN, NaN, NaN, NaN, NaN, NaN, NaN, NaN, NaN, NaN, NaN, NaN, NaN, NaN, NaN, NaN, NaN, NaN, NaN, NaN], "geox": [-43.66822533207378, -43.66429829368283, -43.65955025120822, -43.65769723050337, -43.65572021222658, -43.653917197415126, -43.64466511504223, -43.64340909856891, -43.640112072436665, -43.63930106827346, -43.63827905932408, -43.63871405911683, -43.63810505253605, -43.63629504076254, -43.63468902399594, -43.63082798981255, -43.62966597790471, -43.6279409644911, -43.62490993748279, -43.62307792299557, -43.62022190702305, -43.6120888401147, -43.604714786730405, -43.60508179477547, -43.601829776155334, -43.5997457592551, -43.59766273850828, -43.595993727221305, -43.59240669869954, -43.59077068181985, -43.58582464051512, -43.58471762756484, -43.58355561702448, -43.58277761441201, -43.581079602444625, -43.57377254570052, -43.571854534186976, -43.56601948515672, -43.56488147388574, -43.56108344500911, -43.55983443732914, -43.55843943472696, -43.55647341938595, -43.55380440341228, -43.55058538050065, -43.54675035645034, -43.54297032771657, -43.536662290895286, -43.534107281166946, -43.53716431916811, -43.53713632575002, -43.53591231982508, -43.52832625936346, -43.521141219836096, -43.51963420940729, -43.51716620022772, -43.50913415747303, -43.50036410218457, -43.49154703532211, -43.48961101941734, -43.48754599949022, -43.48544198883945, -43.483134973805505, -43.47443890989166, -43.47331690531679, -43.46523085031359, -43.46314683820563, -43.46233684437086, -43.46275886313613, -43.459973847550934, -43.45895584812073, -43.45869686538936, -43.45633685337218, -43.44268876150002, -43.441944759914435, -43.44637781010527, -43.46068694505669, -43.46335297322431, -43.465102992889676, -43.46766204246274, -43.46960606853666, -43.46804805856195, -43.462404015860024, -43.454109946434755, -43.451052923785724, -43.446155883765215, -43.44193284678764, -43.43977383062462, -43.43919484082291, -43.43696583478287, -43.43801485363963, -43.438381858778996, -43.4373028546608, -43.43483283965944, -43.434669842327395, -43.435688854587504, -43.438237877770824, -43.44286091742562, -43.44698895007566, -43.44924896560277, -43.452301990339876, -43.47913422225095, -43.48349326455117, -43.492350346773634, -43.50026541190572, -43.50938148226816, -43.51743855418852, -43.52390761695173, -43.52527364096192, -43.52740866208354, -43.52985568303708, -43.533246708691976, -43.54282776406153, -43.54469176898373, -43.545998780260256, -43.55899090527543, -43.56678098568263, -43.569772013583346, -43.57066202593294, -43.56866202338682, -43.56943503300708, -43.57638508872627, -43.58135213650271, -43.58360615282511, -43.590242213180346, -43.59685228325176, -43.60129732371726, -43.60699837822144, -43.610543415994485, -43.61388743983833, -43.617773472036234, -43.61966348584428, -43.62084349236787, -43.61277042219558, -43.60643735923585, -43.60374133505224, -43.60207730620871, -43.60010227948601, -43.59578722963102, -43.59057517972553, -43.58818215938894, -43.58433111970239, -43.58336411369035, -43.57666205955663, -43.575659047387134, -43.573029021937835, -43.56629793498321, -43.572028940414484, -43.58008200295014, -43.58260802005644, -43.586051038170865, -43.6016131403416, -43.60246914282118, -43.604275154312646, -43.608915186306376, -43.61232721456368, -43.615936250076594, -43.61749626223479, -43.62496530392736, -43.62316827517769, -43.62447826979659, -43.62513026426098, -43.624971238720676, -43.6257502398717, -43.63425330140941, -43.635886301850164, -43.632416248795906, -43.63271924048911, -43.635587268332074, -43.64426634814255, -43.65042339450116, -43.65316541780042, -43.653848414884294, -43.65633542850457, -43.65843944465899, -43.66183247608145, -43.6624384834957, -43.66395949650054, -43.67511256731951, -43.6818046203384, -43.682392623172206, -43.679715592592224, -43.6738315435287, -43.672218527075024, -43.673858537431954, -43.67788557124063, -43.67998258462281, -43.68355760472789, -43.68319259645, -43.684192601405584, -43.68505460904688, -43.68554861665801, -43.68766763429099, -43.6893356423038, -43.69163866221396, -43.69733370748932, -43.69691370098088, -43.69302566539203, -43.69411466905764, -43.69654868900716, -43.69882970581314, -43.69797369543077, -43.698333693186356, -43.69680166823337, -43.693938633265965, -43.692444607598894, -43.6924996026941, -43.69349760991828, -43.69569062878835, -43.697136635493706, -43.69355860260978, -43.6938025981377, -43.6947456044339, 