{"IIS3": {"px": [], "py": [], "pt": [], "pb": [], "x": ["2019-01", "2019-02", "2019-03", "2019-04", "2019-05", "2019-06", "2019-07", "2019-08", "2019-09", "2019-10", "2019-11", "2019-12", "2020-01", "2020-02", "2020-03", "2020-04", "2020-05", "2020-06", "2020-07", "2020-08", "2020-09", "2020-10", "2020-11", "2020-12"], "y": [NaN, NaN, NaN, NaN, NaN, NaN, NaN, NaN, NaN, NaN, NaN, NaN, NaN, NaN, NaN, NaN, NaN, NaN, NaN, NaN, NaN, NaN, NaN, NaN]}, "VHI": {"px": ["2021-01", "2021-02", "2021-03", "2021-04", "2021-05", "2021-06", "2021-07", "2021-08", "2021-09", "2021-10", "2021-11", "2021-12"], "py": [32.69419409967033, 43.69362376075679, 61.70613223450077, 78.39453866989193, 79.52831051808818, 71.52096258450054, 45.18505176055092, 86.86241023860835, 76.57300025526776, 51.51346392194752, 43.220510067210384, 37.006344327449995], "pt": [56.39393732391697, 67.39336698500344, 85.40587545874742, 102.09428189413859, 103.22805374233482, 95.2207058087472, 68.88479498479758, 110.56215346285501, 100.27274347951442, 75.2132071461942, 66.92025329145706, 60.70608755169667], "pb": [8.99445087542368, 19.993880536510147, 38.006389010254125, 54.69479544564527, 55.82856729384153, 47.82121936025388, 21.48530853630426, 63.16266701436169, 52.8732570310211, 27.813720697700845, 19.52076684296371, 13.30660110320332], "x": ["2019-01", "2019-02", "2019-03", "2019-04", "2019-05", "2019-06", "2019-07", "2019-08", "2019-09", "2019-10", "2019-11", "2019-12", "2020-01", "2020-02", "2020-03", "2020-04", "2020-05", "2020-06", "2020-07", "2020-08", "2020-09", "2020-10", "2020-11", "2020-12"], "y": [34.68711471557617, 43.49019241333008, 40.84019088745117, 54.53938674926758, 53.289615631103516, 33.54922866821289, 33.54922866821289, 68.28800201416016, 60.179847717285156, 40.15922546386719, 34.24522399902344, 30.385272979736328, 30.72272491455078, 42.287723541259766, 58.96308898925781, 74.12576293945312, 75.44942474365234, 68.11861419677734, 69.36140441894531, 64.25145721435547, 48.32107925415039, 38.76123046875, 46.62173080444336, 32.41487121582031]}, "spi_01": {"px": [], "py": [], "pt": [], "pb": [], "x": ["2019-01", "2019-02", "2019-03", "2019-04", "2019-05", "2019-06", "2019-07", "2019-08", "2019-09", "2019-10", "2019-11", "2019-12", "2020-01", "2020-02", "2020-03", "2020-04", "2020-05", "2020-06", "2020-07", "2020-08", "2020-09", "2020-10", "2020-11", "2020-12"], "y": [NaN, NaN, NaN, NaN, NaN, NaN, NaN, NaN, NaN, NaN, NaN, NaN, NaN, NaN, NaN, NaN, NaN, NaN, NaN, NaN, NaN, NaN, NaN, NaN]}, "spi_03": {"px": [], "py": [], "pt": [], "pb": [], "x": ["2019-01", "2019-02", "2019-03", "2019-04", "2019-05", "2019-06", "2019-07", "2019-08", "2019-09", "2019-10", "2019-11", "2019-12", "2020-01", "2020-02", "2020-03", "2020-04", "2020-05", "2020-06", "2020-07"], "y": [NaN, NaN, NaN, NaN, NaN, NaN, NaN, NaN, NaN, NaN, NaN, NaN, NaN, NaN, NaN, NaN, NaN, NaN, NaN]}, "spi_06": {"px": [], "py": [], "pt": [], "pb": [], "x": ["2019-01", "2019-02", "2019-03", "2019-04", "2019-05", "2019-06", "2019-07", "2019-08", "2019-09", "2019-10", "2019-11", "2019-12", "2020-01", "2020-02", "2020-03", "2020-04", "2020-05", "2020-06", "2020-07"], "y": [NaN, NaN, NaN, NaN, NaN, NaN, NaN, NaN, NaN, NaN, NaN, NaN, NaN, NaN, NaN, NaN, NaN, NaN, NaN]}, "spi_12": {"px": [], "py": [], "pt": [], "pb": [], "x": ["2019-01", "2019-02", "2019-03", "2019-04", "2019-05", "2019-06", "2019-07", "2019-08", "2019-09", "2019-10", "2019-11", "2019-12", "2020-01", "2020-02", "2020-03", "2020-04", "2020-05", "2020-06", "2020-07", "2020-08", "2020-09", "2020-10", "2020-11", "2020-12"], "y": [NaN, NaN, NaN, NaN, NaN, NaN, NaN, NaN, NaN, NaN, NaN, NaN, NaN, NaN, NaN, NaN, NaN, NaN, NaN, NaN, NaN, NaN, NaN, NaN], "geox": [-36.27378837765093, -36.27331637196285, -36.26708931768951, -36.2296559913426, -36.16812841707348, -36.0949827990711, -36.09512280219517, -36.097355823926826, -36.0982098336525, -36.1008728586186, -36.100909860669006, -36.10608690927469, -36.10709891786623, -36.10729491764808, -36.10811392462291, -36.116180002202675, -36.121970055912875, -36.12552709048613, -36.127083104303956, -36.12846111515113, -36.1296451261444, -36.132865158968926, -36.13610019047781, -36.13762220645622, -36.14134524026261, -36.14618528682506, -36.14693129507759, -36.14981232153406, -36.151371338018755, -36.1551193726968, -36.15724739528422, -36.16368845820434, -36.16439046528737, -36.16466647067914, -36.16785150099487, -36.170418527077324, -36.17207354276568, -36.17750359693007, -36.18173864064492, -36.186882727552344, -36.19480879905383, -36.24830522922603, -36.26832138190019, -36.29278560695245, -36.27378837765093], "geoy": [-8.562355876590019, -8.560646863812169, -8.562406882655315, -8.57298399592328, -8.546337842240797, -8.591178250309067, -8.593366267091072, -8.595345280487726, -8.597758298401544, -8.599005305778423, -8.601016321277159, -8.603523336252735, -8.602949330963495, -8.600636312937226, -8.60019730885394, -8.606273348934886, -8.608323359853062, -8.61142638078913, -8.611258378172696, -8.609486363326702, -8.60991836565703, -8.614511398374162, -8.617410418000519, -8.62012043762018, -8.62059243810014, -8.624254462241929, -8.626072475633421, -8.626784478676907, -8.62969549980676, -8.630925506106232, -8.634997535702253, -8.640980576357201, -8.641894582806989, -8.6452836087033, -8.647313621639743, -8.650864646827037, -8.651844652969988, -8.658182697189815, -8.664827744784143, -8.711932103214961, -8.712410100082664, -8.655339614779397, -8.624403359416792, -8.631260391348512, -8.562355876590019]}}