{"IIS3": {"px": [], "py": [], "pt": [], "pb": [], "x": ["2019-01", "2019-02", "2019-03", "2019-04", "2019-05", "2019-06", "2019-07", "2019-08", "2019-09", "2019-10", "2019-11", "2019-12", "2020-01", "2020-02", "2020-03", "2020-04", "2020-05", "2020-06", "2020-07", "2020-08", "2020-09", "2020-10", "2020-11", "2020-12"], "y": [NaN, NaN, NaN, NaN, NaN, NaN, NaN, NaN, NaN, NaN, NaN, NaN, NaN, NaN, NaN, NaN, NaN, NaN, NaN, NaN, NaN, NaN, NaN, NaN]}, "VHI": {"px": ["2021-01", "2021-02", "2021-03", "2021-04", "2021-05", "2021-06", "2021-07", "2021-08", "2021-09", "2021-10", "2021-11", "2021-12"], "py": [170.86193379343138, 330.52459939053983, 389.481674932517, 401.0662474107658, 423.37338478127384, 416.2292833597183, 327.7075799599924, 380.18424133986565, 482.26296503541516, 264.8502528081375, 120.15326961768058, 62.2577560871823], "pt": [271.0521683536664, 453.23207502695675, 531.1720629370984, 559.4809169610185, 596.9079605998775, 603.6680479746444, 528.088047960735, 592.7198229068672, 706.2951388583965, 499.8171789566435, 365.5682199762608, 317.6937350238453], "pb": [70.67169923319639, 207.81712375412292, 247.7912869279357, 242.65157786051313, 249.83880896267016, 228.7905187447922, 127.32711195924983, 167.6486597728641, 258.23079121243387, 29.883326659631535, -125.26168074089968, -193.17822284948073], "x": ["2019-01", "2019-02", "2019-03", "2019-04", "2019-05", "2019-06", "2019-07", "2019-08", "2019-09", "2019-10", "2019-11", "2019-12", "2020-01", "2020-02", "2020-03", "2020-04", "2020-05", "2020-06", "2020-07", "2020-08", "2020-09", "2020-10", "2020-11", "2020-12"], "y": [37.76708221435547, 34.40842056274414, 41.19277572631836, 47.63738250732422, 47.79812240600586, 33.03786087036133, 33.03786087036133, 38.827823638916016, 52.452980041503906, 28.013418197631836, 10.916175842285156, 4.066546440124512, 22.83867645263672, 51.45000076293945, 64.39865112304688, 68.7363052368164, 76.15103912353516, 79.34639739990234, 76.29718780517578, 81.12071990966797, 80.09369659423828, 55.44053268432617, 56.628265380859375, 56.10769271850586]}, "spi_01": {"px": [], "py": [], "pt": [], "pb": [], "x": ["2019-01", "2019-02", "2019-03", "2019-04", "2019-05", "2019-06", "2019-07", "2019-08", "2019-09", "2019-10", "2019-11", "2019-12", "2020-01", "2020-02", "2020-03", "2020-04", "2020-05", "2020-06", "2020-07", "2020-08", "2020-09", "2020-10", "2020-11", "2020-12"], "y": [NaN, NaN, NaN, NaN, NaN, NaN, NaN, NaN, NaN, NaN, NaN, NaN, NaN, NaN, NaN, NaN, NaN, NaN, NaN, NaN, NaN, NaN, NaN, NaN]}, "spi_03": {"px": [], "py": [], "pt": [], "pb": [], "x": ["2019-01", "2019-02", "2019-03", "2019-04", "2019-05", "2019-06", "2019-07", "2019-08", "2019-09", "2019-10", "2019-11", "2019-12", "2020-01", "2020-02", "2020-03", "2020-04", "2020-05", "2020-06", "2020-07"], "y": [NaN, NaN, NaN, NaN, NaN, NaN, NaN, NaN, NaN, NaN, NaN, NaN, NaN, NaN, NaN, NaN, NaN, NaN, NaN]}, "spi_06": {"px": [], "py": [], "pt": [], "pb": [], "x": ["2019-01", "2019-02", "2019-03", "2019-04", "2019-05", "2019-06", "2019-07", "2019-08", "2019-09", "2019-10", "2019-11", "2019-12", "2020-01", "2020-02", "2020-03", "2020-04", "2020-05", "2020-06", "2020-07"], "y": [NaN, NaN, NaN, NaN, NaN, NaN, NaN, NaN, NaN, NaN, NaN, NaN, NaN, NaN, NaN, NaN, NaN, NaN, NaN]}, "spi_12": {"px": [], "py": [], "pt": [], "pb": [], "x": ["2019-01", "2019-02", "2019-03", "2019-04", "2019-05", "2019-06", "2019-07", "2019-08", "2019-09", "2019-10", "2019-11", "2019-12", "2020-01", "2020-02", "2020-03", "2020-04", "2020-05", "2020-06", "2020-07", "2020-08", "2020-09", "2020-10", "2020-11", "2020-12"], "y": [NaN, NaN, NaN, NaN, NaN, NaN, NaN, NaN, NaN, NaN, NaN, NaN, NaN, NaN, NaN, NaN, NaN, NaN, NaN, NaN, NaN, NaN, NaN, NaN], "geox": [-41.158105424454384, -41.061397479795545, -41.07575154004886, -40.97938375574957, -40.83260656077595, -40.685339481579625, -40.71153170769683, -40.974559971104654, -41.04935563668957, -41.179974798678636, -41.20660003354933, -41.20778303992978, -41.20619802267736, -41.20551001172427, -41.2035859922488, -41.20191098074643, -41.20078197187645, -41.20000196431527, -41.19717793919384, -41.19616992683819, -41.19717193284808, -41.19945295108532, -41.200508957351815, -41.19959394320011, -41.20089695251011, -41.19961794000789, -41.199556937982884, -41.20336396855676, -41.2049209770427, -41.20209195050412, -41.19813690919822, -41.197805902428236, -41.195338879367384, -41.194697872267696, -41.193508861238, -41.18889582456633, -41.18811781749742, -41.182306759322294, -41.181892750112276, -41.179559729511254, -41.176389703729065, -41.17458968324849, -41.1726956656244, -41.170724645542286, -41.169780636659034, -41.16780662077926, -41.16556160040537, -41.165418596642844, -41.16875762239785, -41.16681660384225, -41.16761560741871, -41.164228566999036, -41.16425856523769, -41.16639858146006, -41.16675457825268, -41.16633757274845, -41.165722567337475, -41.16183553774991, -41.16055252683645, -41.15983051995275, -41.160253520252404, -41.15948251242526, -41.16148252625517, -41.16173152478225, -41.16261053147175, -41.16473254894952, -41.16664357090382, -41.16789557990329, -41.16780357683297, -41.164668540806346, -41.163397530961255, -41.16158251953978, -41.160087505646125, -41.15808248856199, -41.157003477005446, -41.15822448515958, -41.158389484041074, -41.157061471164404, -41.15197542813946, -41.148204392515815, -41.14967339926871, -41.151946418171015, -41.15358243449384, -41.154646443725056, -41.15539444713492, -41.15493844122902, -41.15240941871863, -41.1504164012023, -41.14803138259466, -41.147557377491474, -41.148223381324584, -41.14550235688684, -41.14494834899859, -41.14830837375616, -41.15161540236802, -41.15191740113061, -41.15275740760483, -41.1563114390978, -41.15913746171032, -41.158948449935224, -41.1610614627496, -41.16091746041369, -41.15903544373566, -41.15927744273497, -41.1573154213395, -41.158105424454384],