{"IIS3": {"px": [], "py": [], "pt": [], "pb": [], "x": ["2019-01", "2019-02", "2019-03", "2019-04", "2019-05", "2019-06", "2019-07", "2019-08", "2019-09", "2019-10", "2019-11", "2019-12", "2020-01", "2020-02", "2020-03", "2020-04", "2020-05", "2020-06", "2020-07", "2020-08", "2020-09", "2020-10", "2020-11", "2020-12"], "y": [NaN, NaN, NaN, NaN, NaN, NaN, NaN, NaN, NaN, NaN, NaN, NaN, NaN, NaN, NaN, NaN, NaN, NaN, NaN, NaN, NaN, NaN, NaN, NaN]}, "VHI": {"px": ["2021-01", "2021-02", "2021-03", "2021-04", "2021-05", "2021-06", "2021-07", "2021-08", "2021-09", "2021-10", "2021-11", "2021-12"], "py": [48.999199360636865, 51.92132524990454, 81.54616248063776, 97.65461911681119, 110.68236724182267, 86.23827286236242, 53.59951178971582, 103.96697107427336, 121.34185377029738, 94.67864746601221, 65.85658149569643, 56.52117350179891], "pt": [84.29379798560552, 95.14820379231338, 131.46026234172604, 153.4602792362401, 171.81440497808453, 152.26842032706423, 124.18870863054121, 178.83812070519144, 200.26297504640348, 177.45181775627213, 152.31033824647562, 146.50509646999043], "pb": [13.704600735668201, 8.6944467074957, 31.632062619549494, 41.84895899738228, 49.550329505560825, 20.208125397660595, -16.989685051109575, 29.09582144335529, 42.420732494191284, 11.905477175752267, -20.597175255082746, -33.46274946639261], "x": ["2019-01", "2019-02", "2019-03", "2019-04", "2019-05", "2019-06", "2019-07", "2019-08", "2019-09", "2019-10", "2019-11", "2019-12", "2020-01", "2020-02", "2020-03", "2020-04", "2020-05", "2020-06", "2020-07", "2020-08", "2020-09", "2020-10", "2020-11", "2020-12"], "y": [40.87350082397461, 33.0364990234375, 34.359500885009766, 43.610198974609375, 30.217748641967773, 21.463998794555664, 21.463998794555664, 49.08199691772461, 58.8345947265625, 44.557498931884766, 29.565000534057617, 26.005165100097656, 24.811668395996094, 26.658124923706055, 44.924163818359375, 55.126590728759766, 65.74449920654297, 51.963600158691406, 37.39350128173828, 36.87200164794922, 47.97899627685547, 57.110595703125, 62.79474639892578, 52.4329948425293]}, "spi_01": {"px": [], "py": [], "pt": [], "pb": [], "x": ["2019-01", "2019-02", "2019-03", "2019-04", "2019-05", "2019-06", "2019-07", "2019-08", "2019-09", "2019-10", "2019-11", "2019-12", "2020-01", "2020-02", "2020-03", "2020-04", "2020-05", "2020-06", "2020-07", "2020-08", "2020-09", "2020-10", "2020-11", "2020-12"], "y": [NaN, NaN, NaN, NaN, NaN, NaN, NaN, NaN, NaN, NaN, NaN, NaN, NaN, NaN, NaN, NaN, NaN, NaN, NaN, NaN, NaN, NaN, NaN, NaN]}, "spi_03": {"px": [], "py": [], "pt": [], "pb": [], "x": ["2019-01", "2019-02", "2019-03", "2019-04", "2019-05", "2019-06", "2019-07", "2019-08", "2019-09", "2019-10", "2019-11", "2019-12", "2020-01", "2020-02", "2020-03", "2020-04", "2020-05", "2020-06", "2020-07"], "y": [NaN, NaN, NaN, NaN, NaN, NaN, NaN, NaN, NaN, NaN, NaN, NaN, NaN, NaN, NaN, NaN, NaN, NaN, NaN]}, "spi_06": {"px": [], "py": [], "pt": [], "pb": [], "x": ["2019-01", "2019-02", "2019-03", "2019-04", "2019-05", "2019-06", "2019-07", "2019-08", "2019-09", "2019-10", "2019-11", "2019-12", "2020-01", "2020-02", "2020-03", "2020-04", "2020-05", "2020-06", "2020-07"], "y": [NaN, NaN, NaN, NaN, NaN, NaN, NaN, NaN, NaN, NaN, NaN, NaN, NaN, NaN, NaN, NaN, NaN, NaN, NaN]}, "spi_12": {"px": [], "py": [], "pt": [], "pb": [], "x": ["2019-01", "2019-02", "2019-03", "2019-04", "2019-05", "2019-06", "2019-07", "2019-08", "2019-09", "2019-10", "2019-11", "2019-12", "2020-01", "2020-02", "2020-03", "2020-04", "2020-05", "2020-06", "2020-07", "2020-08", "2020-09", "2020-10", "2020-11", "2020-12"], "y": [NaN, NaN, NaN, NaN, NaN, NaN, NaN, NaN, NaN, NaN, NaN, NaN, NaN, NaN, NaN, NaN, NaN, NaN, NaN, NaN, NaN, NaN, NaN, NaN], "geox": [-36.75179588318194, -36.68543426468282, -36.688913244812476, -36.69082425880645, -36.66566604197116, -36.641626841669755, -36.63117075482898, -36.62182769740188, -36.614654638429826, -36.60421755195479, -36.6035465761489, -36.604884590017434, -36.606378604181145, -36.61185165296605, -36.61268666426886, -36.614747686488144, -36.611936663459936, -36.61185566458418, -36.61393368885458, -36.61309068413606, -36.61352071409009, -36.626351828679944, -36.63082387030436, -36.630049866027, -36.62724684413267, -36.62491083046505, -36.628188862700185, -36.63091188807489, -36.63104589288587, -36.62769086866386, -36.62829687588619, -36.630734898986766, -36.6340219288952, -36.635070939484194, -36.63813196703701, -36.64182399887736, -36.64210200279381, -36.64085499462748, -36.64660104588652, -36.649184067344905, -36.65382310737819, -36.66557720414619, -36.6712742529719, -36.67660529650627, -36.68137933835633, -36.68546937268388, -36.68568037196651, -36.68477335796319, -36.68374234686028, -36.67846729515205, -36.67660327594685, -36.67315623445843, -36.675489254068566, -36.67649726099044, -36.67893928192064, -36.67935628369891, -36.680546293099454, -36.681799306806475, -36.682600313887086, -36.689212367919275, -36.690185374805814, -36.68852435653756, -36.693103395053235, -36.69235238073372, -36.70058345294906, -36.70557749849197, -36.70615550189483, -36.71446457285188, -36.714551571136965, -36.71729659453086, -36.71923660960006, -36.72357965293436, -36.72760468794355, -36.73005270760624, -36.73121771382542, -36.732748727070636, -36.73526674074296, -36.73643675136125, -36.73702075860936, -36.74260280816729, -36.74465682140246, -36.745911831336606, -36.74796385090386, -36.75179588318194], "geoy": [-9.883104476778884, -9.85830235635594, -9.807226969691191, -9.804110944427652, -9.812416031421531, -9.8273301669634, -9.83411722817959, -9.860388434589119, -9.865652481156276, -9.872651543960899, -9.902792770817792, -9.904668783571815, -9.90544678793371, -9.905209780752637, -9.909016808485116, -9.912757834508595, -9.914896853329319, -9.91673686720952, -9.92236190733951, -9.925176929282694, -9.951079123043645, -9.950740107774305, -9.952296114996875, -9.954925135464867, -9.958104162068075, -9.965284218185209, -9.968126236219632, -9.96910024080947, -9.972669267411264, -9.978428313885976, -9.980200326555405, -9.981447333468727, -9.981908333649457, -9.9830863414272, -9.983221339390484, -9.982011326653364, -9.98341933692, -9.986381360341449, -9.986182353127525, -9.984531338192854, -9.983042322423485, -9.97467524807446, -9.972523226291042, -9.968385190004518, -9.96751017870228, -9.96525515775004, -9.96268113827001, -9.956866095635135, -9.955013082785637, -9.950572054772417, -9.948079037953644, -9.937550962517724, -9.936288950749356, -9.934206934152812, -9.933286924838743, -9.931349909914609, -9.930109899445243, -9.932579916705835, -9.932491915252138, -9.927390870483805, -9.925584855990383, -9.922209832353442, -9.919765809506341, -9.912223753745005, -9.91079373488086, -9.911644736310594, -9.909888722583151, -9.90652868918442, -9.904052670549731, -9.90289665917235, -9.900625640239104, -9.905077669289424, -9.904088657895649, -9.901869638850837, -9.897696606439835, -9.897250601583723, -9.888455533208768, -9.88860853319788, -9.890621547700068, -9.890258539458925, -9.885154499194405, -9.88387248834994, -9.885082495384792, -9.883104476778884]}}