{"IIS3": {"px": [], "py": [], "pt": [], "pb": [], "x": ["2019-01", "2019-02", "2019-03", "2019-04", "2019-05", "2019-06", "2019-07", "2019-08", "2019-09", "2019-10", "2019-11", "2019-12", "2020-01", "2020-02", "2020-03", "2020-04", "2020-05", "2020-06", "2020-07", "2020-08", "2020-09", "2020-10", "2020-11", "2020-12"], "y": [NaN, NaN, NaN, NaN, NaN, NaN, NaN, NaN, NaN, NaN, NaN, NaN, NaN, NaN, NaN, NaN, NaN, NaN, NaN, NaN, NaN, NaN, NaN, NaN]}, "VHI": {"px": ["2021-01", "2021-02", "2021-03", "2021-04", "2021-05", "2021-06", "2021-07", "2021-08", "2021-09", "2021-10", "2021-11", "2021-12"], "py": [38.212663597274684, 39.10548727343165, 32.09480185352129, 32.22967629979315, 22.925699105736477, 26.4281631827307, 27.65896466096786, 31.390630918378484, 24.339449072878224, 29.814883685588832, 30.380302364456398, 25.604429754955135], "pt": [55.10584308992475, 58.12873382947393, 53.03252631662987, 54.920923551853505, 47.24435651142437, 52.27195342673902, 54.942767371319306, 60.04216292800167, 54.29632946219019, 61.022560286396924, 62.7905395586163, 59.17417612192651], "pb": [21.319484104624614, 20.082240717389375, 11.15707739041271, 9.53842904773279, -1.3929582999514096, 0.5843729387223853, 0.3751619506164161, 2.739098908755299, -5.617431316433734, -1.3927929152192604, -2.0299348297035067, -7.965316612016238], "x": ["2019-01", "2019-02", "2019-03", "2019-04", "2019-05", "2019-06", "2019-07", "2019-08", "2019-09", "2019-10", "2019-11", "2019-12", "2020-01", "2020-02", "2020-03", "2020-04", "2020-05", "2020-06", "2020-07", "2020-08", "2020-09", "2020-10", "2020-11", "2020-12"], "y": [59.35329055786133, 63.45038986206055, 53.13881301879883, 47.17915344238281, 48.99604797363281, 53.0353889465332, 53.0353889465332, 59.504207611083984, 49.304840087890625, 58.6588134765625, 59.939605712890625, 52.10536575317383, 59.96487045288086, 60.975921630859375, 50.8339958190918, 49.30513000488281, 34.96947479248047, 38.1055793762207, 40.67487335205078, 49.39012908935547, 27.24799919128418, 23.05168342590332, 20.448026657104492, 41.150352478027344]}, "spi_01": {"px": ["2021-01", "2021-02", "2021-03", "2021-04", "2021-05", "2021-06", "2021-07", "2021-08", "2021-09", "2021-10", "2021-11", "2021-12"], "py": [-0.9337293956729791, 1.2307833192472297, -1.0272369717443086, 0.24684790730490347, -1.3790254063408682, 0.0010076230961679755, -0.30702219188043234, -0.5304162189358688, -0.28623437203643176, -1.3139993402819001, -1.077933211721054, -0.8503797429195532], "pt": [1.0682300577673471, 3.2327427726875566, 0.974722481696018, 2.2488073607452304, 0.6229340470994593, 2.002967076536496, 1.694937261559895, 1.471543234504459, 1.715725081403896, 0.6879601131584288, 0.9240262417192744, 1.151579710520776], "pb": [-2.9356888491133057, -0.7711761341930972, -3.0291964251846357, -1.7551115461354239, -3.3809848597811953, -2.00095183034416, -2.30898164532076, -2.532375672376197, -2.28819382547676, -3.3159587937222286, -3.079892665161383, -2.8523391963598823], "x": ["2019-01", "2019-02", "2019-03", "2019-04", "2019-05", "2019-06", "2019-07", "2019-08", "2019-09", "2019-10", "2019-11", "2019-12", "2020-01", "2020-02", "2020-03", "2020-04", "2020-05", "2020-06", "2020-07", "2020-08", "2020-09", "2020-10", "2020-11", "2020-12"], "y": [-1.137322187423706, 0.4526863992214203, 0.38007858395576477, 2.035670042037964, 0.7029417753219604, -0.5748156905174255, 0.60714191198349, 0.4109245836734772, 0.7988491058349609, -0.7365688681602478, -0.5007626414299011, -0.21513505280017853, -0.5822056531906128, 1.8547011613845825, -0.7913822531700134, 0.5819265246391296, -1.257616400718689, 0.29111146926879883, -1.5949640274047852, 0.15528102219104767, -0.534687340259552, -1.198956847190857, -1.7629905939102173, 1.4825069904327393]}, "spi_03": {"px": [], "py": [], "pt": [], "pb": [], "x": ["2019-01", "2019-02", "2019-03", "2019-04", "2019-05", "2019-06", "2019-07", "2019-08", "2019-09", "2019-10", "2019-11", "2019-12", "2020-01", "2020-02", "2020-03", "2020-04", "2020-05", "2020-06", "2020-07"], "y": [-0.5851762890815735, -0.46914035081863403, -0.3776867985725403, 1.1140350103378296, 1.5786024332046509, 1.4237011671066284, 0.2790020704269409, -0.3199779987335205, 0.6894321441650391, -0.049947138875722885, -0.3771611154079437, -0.7445046305656433, -0.662790834903717, 0.5908965468406677, 0.5655224919319153, 1.2312966585159302, -0.7833642959594727, -0.18468797206878662, -1.4732732772827148]}, "spi_06": {"px": [], "py": [], "pt": [], "pb": [], "x": ["2019-01", "2019-02", "2019-03", "2019-04", "2019-05", "2019-06", "2019-07", "2019-08", "2019-09", "2019-10", "2019-11", "2019-12", "2020-01", "2020-02", "2020-03", "2020-04", "2020-05", "2020-06", "2020-07"], "y": [0.251352995634079, 0.12810266017913818, 0.11072074621915817, 0.21569202840328217, 0.2478831708431244, 0.236656054854393, 1.1767445802688599, 1.435762882232666, 1.6303414106369019, 0.02166108414530754, -0.4687255918979645, -0.30799660086631775, -0.6435831785202026, 0.3253316581249237, 0.01194546464830637, 0.28420311212539673, 0.24260728061199188, 0.4132576286792755, 0.8987560272216797]}, "spi_12": {"px": ["2021-01", "2021-02", "2021-03", "2021-04", "2021-05", "2021-06", "2021-07", "2021-08", "2021-09", "2021-10", "2021-11", "2021-12"], "py": [0.26979818555228685, 1.0585920987409416, 0.9160554669100089, 0.572462833262843, 0.35285940461730614, 0.45364063040263947, 0.7933784931359114, 0.5612743008717893, 0.5758586802836709, 0.07965538099663405, -0.051185540402234775, -0.061458806054734305], "pt": [1.0655431037377112, 2.0331766038040526, 2.0414087182050373, 1.8306460166234668, 1.7311300259332558, 1.9423430480381576, 2.3848683206136174, 2.2493041743207756, 2.3551983994905967, 1.945842622148648, 1.8979834624627672, 1.9673006139901679], "pb": [-0.5259467326331375, 0.08400759367783062, -0.20929778438501945, -0.6857203500977807, -1.0254112166986438, -1.0350617872328787, -0.7981113343417945, -1.126755572577197, -1.203481038923255, -1.7865318601553797, -2.0003545432672367, -2.090218226099637], "x": ["2019-01", "2019-02", "2019-03", "2019-04", "2019-05", "2019-06", "2019-07", "2019-08", "2019-09", "2019-10", "2019-11", "2019-12", "2020-01", "2020-02", "2020-03", "2020-04", "2020-05", "2020-06", "2020-07", "2020-08", "2020-09", "2020-10", "2020-11", "2020-12"], "y": [-0.22321763634681702, 0.006125223822891712, 0.1907598078250885, 0.6862823963165283, 0.7801351547241211, 0.7013230323791504, 0.7621462345123291, 0.5934333801269531, 0.6711336970329285, 0.15789003670215607, -0.013097306713461876, -0.06321081519126892, 0.11453699320554733, 0.7673251628875732, 0.5619336366653442, 0.20486022531986237, -0.01500832848250866, 0.05440262705087662, -0.059069227427244186, -0.09410522133111954, -0.3709942698478699, -0.38581743836402893, -0.592758297920227, 0.038549330085515976],