{"IIS3": {"px": [], "py": [], "pt": [], "pb": [], "x": ["2019-01", "2019-02", "2019-03", "2019-04", "2019-05", "2019-06", "2019-07", "2019-08", "2019-09", "2019-10", "2019-11", "2019-12", "2020-01", "2020-02", "2020-03", "2020-04", "2020-05", "2020-06", "2020-07", "2020-08", "2020-09", "2020-10", "2020-11", "2020-12"], "y": [NaN, NaN, NaN, NaN, NaN, NaN, NaN, NaN, NaN, NaN, NaN, NaN, NaN, NaN, NaN, NaN, NaN, NaN, NaN, NaN, NaN, NaN, NaN, NaN]}, "VHI": {"px": ["2021-01", "2021-02", "2021-03", "2021-04", "2021-05", "2021-06", "2021-07", "2021-08", "2021-09", "2021-10", "2021-11", "2021-12"], "py": [34.4149213676888, 34.67893699149826, 31.325853086673227, 28.002297417614713, 13.693488925328687, 18.059206378001583, 26.527075238491236, 24.00845629784539, 21.567380251057315, 27.109588392019873, 29.319077816190976, 22.466005140069456], "pt": [58.86653965949303, 63.41642373308346, 63.78821053892054, 63.80405936437043, 52.5487030622609, 59.74480548322671, 70.86273447455355, 70.84447008030693, 70.77686809807335, 78.58322437492191, 82.96138116378222, 78.19264343424337], "pb": [9.963303075884571, 5.941450249913057, -1.1365043655740763, -7.799464529141005, -25.161725211603517, -23.626392727223553, -17.808583997571077, -22.82755748461615, -27.64210759595872, -24.364047590882173, -24.32322553140026, -33.26063315410445], "x": ["2019-01", "2019-02", "2019-03", "2019-04", "2019-05", "2019-06", "2019-07", "2019-08", "2019-09", "2019-10", "2019-11", "2019-12", "2020-01", "2020-02", "2020-03", "2020-04", "2020-05", "2020-06", "2020-07", "2020-08", "2020-09", "2020-10", "2020-11", "2020-12"], "y": [49.817996978759766, 53.96957015991211, 53.08964157104492, 51.99708557128906, 54.22914505004883, 55.88864517211914, 55.88864517211914, 53.06348419189453, 49.92799758911133, 59.66843032836914, 62.691001892089844, 49.962459564208984, 51.76599884033203, 51.50156784057617, 46.315486907958984, 40.359928131103516, 20.857643127441406, 25.011314392089844, 32.872642517089844, 38.12200164794922, 21.355426788330078, 23.483369827270508, 20.917783737182617, 37.4600944519043]}, "spi_01": {"px": ["2021-01", "2021-02", "2021-03", "2021-04", "2021-05", "2021-06", "2021-07", "2021-08", "2021-09", "2021-10", "2021-11", "2021-12"], "py": [-1.5825899554312628, -0.23089949771435725, -2.7016563593384353, -2.836165584191167, -2.4291280232789902, -1.5350637592756151, -1.7566022507993395, -2.142012774565083, -2.0375672722164526, -2.5416928761978665, -2.334902799477021, -2.1294997285093498], "pt": [3.4992900313850903, 4.850980489101996, 2.3802236274779185, 2.2457144026251887, 2.6527519635373658, 3.5468162275407416, 3.325277736017017, 2.939867212251274, 3.0443127145999043, 2.5401871106184917, 2.746977187339337, 2.9523802583070102], "pb": [-6.6644699422476155, -5.3127794845307115, -7.783536346154789, -7.918045571007522, -7.511008010095345, -6.616943746091971, -6.838482237615696, -7.223892761381441, -7.11944725903281, -7.623572863014225, -7.416782786293379, -7.21137971532571], "x": ["2019-01", "2019-02", "2019-03", "2019-04", "2019-05", "2019-06", "2019-07", "2019-08", "2019-09", "2019-10", "2019-11", "2019-12", "2020-01", "2020-02", "2020-03", "2020-04", "2020-05", "2020-06", "2020-07", "2020-08", "2020-09", "2020-10", "2020-11", "2020-12"], "y": [-1.1503994464874268, 0.1646469533443451, -0.10016519576311111, 1.7677803039550781, -0.020240766927599907, -0.5192468762397766, 0.7272430658340454, 0.03435683250427246, 0.5201683640480042, -0.9660206437110901, -0.41877031326293945, 0.35093674063682556, -0.4332822263240814, 1.8902477025985718, -2.190397262573242, -2.4049320220947266, -1.6726670265197754, 0.04803885892033577, -0.7988157868385315, 0.29739099740982056, -0.2902238667011261, -1.9624056816101074, -1.8585054874420166, 1.195537805557251]}, "spi_03": {"px": [], "py": [], "pt": [], "pb": [], "x": ["2019-01", "2019-02", "2019-03", "2019-04", "2019-05", "2019-06", "2019-07", "2019-08", "2019-09", "2019-10", "2019-11", "2019-12", "2020-01", "2020-02", "2020-03", "2020-04", "2020-05", "2020-06", "2020-07"], "y": [-1.2176669836044312, -1.0495984554290771, -0.8149389028549194, 1.016941785812378, 1.1359834671020508, 1.003241777420044, -0.06503359228372574, -0.2656002342700958, 0.4392646253108978, -0.5214041471481323, -0.5798753499984741, -0.6714780330657959, -0.44173887372016907, 0.775330662727356, 0.22263891994953156, 0.2086551934480667, -2.7621145248413086, -1.7894576787948608, -1.428244948387146]}, "spi_06": {"px": [], "py": [], "pt": [], "pb": [], "x": ["2019-01", "2019-02", "2019-03", "2019-04", "2019-05", "2019-06", "2019-07", "2019-08", "2019-09", "2019-10", "2019-11", "2019-12", "2020-01", "2020-02", "2020-03", "2020-04", "2020-05", "2020-06", "2020-07"], "y": [-0.40711674094200134, -0.6748925447463989, -0.7679194211959839, -0.305612713098526, -0.3911443054676056, -0.20989356935024261, 0.7311297059059143, 0.8293750286102295, 1.0807794332504272, -0.5465359091758728, -0.6561488509178162, -0.2529059946537018, -0.694280207157135, 0.43081751465797424, -0.20720456540584564, -0.2732980251312256, -0.39029979705810547, -0.4905252456665039, -0.40598005056381226]}, "spi_12": {"px": ["2021-01", "2021-02", "2021-03", "2021-04", "2021-05", "2021-06", "2021-07", "2021-08", "2021-09", "2021-10", "2021-11", "2021-12"], "py": [-0.8819533562487827, -0.26865618676833636, -0.488003936825393, -1.115980136331857, -1.2186735951187992, -1.1025894672036027, -0.7062527562108718, -1.0156976687622579, -1.0676246388729749, -1.3323651840931732, -1.3896876081819687, -1.1800886715089136], "pt": [0.1522111593000215, 0.9979314966796244, 0.9745255413403808, 0.5191775285878375, 0.5725518802994709, 0.8321551718713289, 1.362076263329048, 1.178096543946114, 1.2448375040289412, 1.0929655721123188, 1.1434877492771394, 1.4565238343932823], "pb": [-1.916117871797587, -1.5352438702162972, -1.9505334149911668, -2.751137801251552, -3.0098990705370694, -3.037334106278534, -2.7745817757507916, -3.2094918814706297, -3.380086781774891, -3.7576959402986647, -3.9228629656410767, -3.81670117741111], "x": ["2019-01", "2019-02", "2019-03", "2019-04", "2019-05", "2019-06", "2019-07", "2019-08", "2019-09", "2019-10", "2019-11", "2019-12", "2020-01", "2020-02", "2020-03", "2020-04", "2020-05", "2020-06", "2020-07", "2020-08", "2020-09", "2020-10", "2020-11", "2020-12"], "y": [-1.2627313137054443, -1.1734718084335327, -0.9244927763938904, -0.1677369773387909, -0.05247741937637329, -0.052364494651556015, 0.11530118435621262, -0.20300018787384033, -0.14007064700126648, -0.5589308738708496, -0.6873707175254822, -0.36432942748069763, -0.08927256613969803, 0.7655887603759766, 0.35192757844924927, -0.6148714423179626, -0.7961448431015015, -0.6813409328460693, -0.8839994668960571, -0.88502436876297, -1.187145471572876, -1.183552861213684, -1.3443163633346558, -1.086912751197815],