{"IIS3": {"px": [], "py": [], "pt": [], "pb": [], "x": ["2019-01", "2019-02", "2019-03", "2019-04", "2019-05", "2019-06", "2019-07", "2019-08", "2019-09", "2019-10", "2019-11", "2019-12", "2020-01", "2020-02", "2020-03", "2020-04", "2020-05", "2020-06", "2020-07", "2020-08", "2020-09", "2020-10", "2020-11", "2020-12"], "y": [NaN, NaN, NaN, NaN, NaN, NaN, NaN, NaN, NaN, NaN, NaN, NaN, NaN, NaN, NaN, NaN, NaN, NaN, NaN, NaN, NaN, NaN, NaN, NaN]}, "VHI": {"px": ["2021-01", "2021-02", "2021-03", "2021-04", "2021-05", "2021-06", "2021-07", "2021-08", "2021-09", "2021-10", "2021-11", "2021-12"], "py": [73.53921958631832, 87.22545078925818, 99.27755993599934, 92.05975469378787, 81.77802012480706, 78.62604103843648, 66.36814698980213, 74.57216516105086, 52.36042483079399, 54.66487684542524, 51.39184104686343, 62.64457307682456], "pt": [91.17407117449575, 106.35704673894574, 119.79701257555965, 113.87896434199041, 104.8237981051069, 102.83632512934153, 91.68943899489909, 100.95772564121584, 79.76895953984952, 83.0595550077598, 80.73954489209835, 92.91531297582064], "pb": [55.9043679981409, 68.09385483957062, 78.75810729643904, 70.2405450455853, 58.732242144507225, 54.415756947531435, 41.04685498470516, 48.18660468088588, 24.951890121738458, 26.270198683090683, 22.044137201628516, 32.37383317782847], "x": ["2019-01", "2019-02", "2019-03", "2019-04", "2019-05", "2019-06", "2019-07", "2019-08", "2019-09", "2019-10", "2019-11", "2019-12", "2020-01", "2020-02", "2020-03", "2020-04", "2020-05", "2020-06", "2020-07", "2020-08", "2020-09", "2020-10", "2020-11", "2020-12"], "y": [34.57087707519531, 32.211334228515625, 54.22733688354492, 57.87336349487305, 41.29650115966797, 31.49070930480957, 31.49070930480957, 37.76026153564453, 24.653532028198242, 26.41197967529297, 24.581817626953125, 32.908050537109375, 47.830421447753906, 58.79814910888672, 68.69364166259766, 63.6688232421875, 56.80198669433594, 56.025352478027344, 49.44261932373047, 50.47029113769531, 42.14262390136719, 31.33893394470215, 54.18701171875, 54.935279846191406]}, "spi_01": {"px": ["2021-01", "2021-02", "2021-03", "2021-04", "2021-05", "2021-06", "2021-07", "2021-08", "2021-09", "2021-10", "2021-11", "2021-12"], "py": [0.779979466313093, 0.46254886392274197, 2.259899645130411, 1.2696129429041498, 0.9813434817841702, 1.638547795753801, 1.3754167517166724, 1.3621454059303764, 2.598356431968649, 0.0496358195322002, 1.7195008631948459, -0.3807595299623563], "pt": [1.8506591133386667, 1.533228510948316, 3.330579292155985, 2.3402925899297236, 2.0520231288097444, 2.709227442779375, 2.4460963987422466, 2.432825052955951, 3.669036078994224, 1.1203154665577748, 2.79018051022042, 0.6899201170632185], "pb": [-0.2907001807124805, -0.6081307831028318, 1.1892199981048375, 0.1989332958785759, -0.08933616524140375, 0.5678681487282269, 0.30473710469109827, 0.291465758904802, 1.5276767849430746, -1.0210438274933744, 0.6488212161692712, -1.4514391769879313], "x": ["2019-01", "2019-02", "2019-03", "2019-04", "2019-05", "2019-06", "2019-07", "2019-08", "2019-09", "2019-10", "2019-11", "2019-12", "2020-01", "2020-02", "2020-03", "2020-04", "2020-05", "2020-06", "2020-07", "2020-08", "2020-09", "2020-10", "2020-11", "2020-12"], "y": [-0.032389335334300995, 0.6157097816467285, 1.216351866722107, 0.4490407407283783, 0.08755741268396378, 0.8217306733131409, 1.0425443649291992, 1.0486239194869995, 2.1672236919403076, -0.08428338915109634, 1.4839237928390503, -0.4441958963871002, 0.7745530605316162, 0.4133777320384979, 1.9509170055389404, 0.9648459553718567, 0.7215816378593445, 1.3226858377456665, 1.1680132150650024, -0.1712343990802765, 0.2866511940956116, 0.3453868627548218, 1.589168667793274, -0.04570816084742546]}, "spi_03": {"px": [], "py": [], "pt": [], "pb": [], "x": ["2019-01", "2019-02", "2019-03", "2019-04", "2019-05", "2019-06", "2019-07", "2019-08", "2019-09", "2019-10", "2019-11", "2019-12", "2020-01", "2020-02", "2020-03", "2020-04", "2020-05", "2020-06", "2020-07"], "y": [0.29326045513153076, 0.3767319619655609, 0.8852123022079468, 0.9061185121536255, 0.7225083708763123, 0.33630868792533875, 0.4204827845096588, 0.9889578819274902, 1.258400797843933, 0.8023910522460938, 1.3490556478500366, 0.7857564091682434, 1.0486754179000854, 0.44346731901168823, 1.7417885065078735, 1.526565670967102, 1.5258989334106445, 0.9728001952171326, 1.0179001092910767]}, "spi_06": {"px": [], "py": [], "pt": [], "pb": [], "x": ["2019-01", "2019-02", "2019-03", "2019-04", "2019-05", "2019-06", "2019-07", "2019-08", "2019-09", "2019-10", "2019-11", "2019-12", "2020-01", "2020-02", "2020-03", "2020-04", "2020-05", "2020-06", "2020-07"], "y": [0.09670699387788773, 0.408278226852417, 0.9686700105667114, 0.9196974635124207, 0.6674653887748718, 0.6445790529251099, 0.7690460085868835, 0.7938615679740906, 0.5313220024108887, 0.5088747143745422, 1.352541446685791, 1.0564128160476685, 1.0779428482055664, 0.8304017186164856, 1.8008192777633667, 1.8429433107376099, 1.4550955295562744, 1.5657299757003784, 1.4185097217559814]}, "spi_12": {"px": ["2021-01", "2021-02", "2021-03", "2021-04", "2021-05", "2021-06", "2021-07", "2021-08", "2021-09", "2021-10", "2021-11", "2021-12"], "py": [1.9988665994839359, 1.7647090075172516, 2.4105166679805223, 2.6647033006300984, 2.5455985585480905, 2.555802989132693, 2.4548078315031368, 2.4683114889318865, 2.4316975997108616, 2.2606174220425475, 2.33927156766356, 2.0901858448984862], "pt": [2.336621912405772, 2.1783730937761856, 2.888174810498736, 3.1987413385707137, 3.1306079181492628, 3.18768531652798, 3.130318453572099, 3.184798701226361, 3.186941434664196, 3.052723838560259, 3.16659973709939, 2.951296305173795], "pb": [1.6611112865620998, 1.3510449212583175, 1.9328585254623083, 2.130665262689483, 1.9605891989469186, 1.923920661737406, 1.7792972094341746, 1.7518242766374117, 1.6764537647575275, 1.4685110055248356, 1.5119433982277295, 1.2290753846231777], "x": ["2019-01", "2019-02", "2019-03", "2019-04", "2019-05", "2019-06", "2019-07", "2019-08", "2019-09", "2019-10", "2019-11", "2019-12", "2020-01", "2020-02", "2020-03", "2020-04", "2020-05", "2020-06", "2020-07", "2020-08", "2020-09", "2020-10", "2020-11", "2020-12"], "y": [0.4927899241447449, 0.13822847604751587, 0.37084442377090454, 0.44039031863212585, 0.5313426852226257, 0.6138054132461548, 0.7172074913978577, 0.7671998739242554, 0.8113229274749756, 0.7948354482650757, 0.9175055623054504, 0.8345142006874084, 1.102908730506897, 0.9810210466384888, 1.4969627857208252, 1.7298609018325806, 1.6777901649475098, 1.7238397598266602, 1.714110255241394, 1.6254178285598755, 1.589478611946106, 1.6008895635604858, 1.6058123111724854, 1.6672248840332031],