{"IIS3": {"px": [], "py": [], "pt": [], "pb": [], "x": ["2019-01", "2019-02", "2019-03", "2019-04", "2019-05", "2019-06", "2019-07", "2019-08", "2019-09", "2019-10", "2019-11", "2019-12", "2020-01", "2020-02", "2020-03", "2020-04", "2020-05", "2020-06", "2020-07", "2020-08", "2020-09", "2020-10", "2020-11", "2020-12"], "y": [NaN, NaN, NaN, NaN, NaN, NaN, NaN, NaN, NaN, NaN, NaN, NaN, NaN, NaN, NaN, NaN, NaN, NaN, NaN, NaN, NaN, NaN, NaN, NaN]}, "VHI": {"px": ["2021-01", "2021-02", "2021-03", "2021-04", "2021-05", "2021-06", "2021-07", "2021-08", "2021-09", "2021-10", "2021-11", "2021-12"], "py": [51.59977752440906, 48.40244374047758, 47.981436626089575, 62.950928254870846, 70.04939117470825, 65.48842038767069, 59.78850484417181, 56.55723860951697, 69.7290039760989, 68.99293266100162, 64.07530458611456, 50.9800070447793], "pt": [62.539798622522625, 59.34246483859114, 58.92145772420314, 73.8909493529844, 80.98941227282182, 76.42844148578425, 70.72852594228537, 67.49725970763055, 80.66902507421247, 79.93295375911518, 75.01532568422813, 61.920028142892875], "pb": [40.6597564262955, 37.46242264236402, 37.041415527976014, 52.010907156757284, 59.109370076594686, 54.548399289557125, 48.84848374605825, 45.617217511403396, 58.78898287798532, 58.05291156288804, 53.13528348800098, 40.03998594666572], "x": ["2019-01", "2019-02", "2019-03", "2019-04", "2019-05", "2019-06", "2019-07", "2019-08", "2019-09", "2019-10", "2019-11", "2019-12", "2020-01", "2020-02", "2020-03", "2020-04", "2020-05", "2020-06", "2020-07", "2020-08", "2020-09", "2020-10", "2020-11", "2020-12"], "y": [48.44000244140625, 51.79249954223633, 50.74583053588867, 53.28099822998047, 58.77499771118164, 58.65250015258789, 58.65250015258789, 55.4813346862793, 68.27999114990234, 67.86833190917969, 63.852500915527344, 51.42499923706055, 52.582496643066406, 49.46500015258789, 49.02799987792969, 63.07749938964844, 69.70833587646484, 65.50800323486328, 52.45750045776367, 65.79916381835938, 58.85066604614258, 53.59599685668945, 68.99666595458984, 55.2933349609375]}, "spi_01": {"px": [], "py": [], "pt": [], "pb": [], "x": ["2019-01", "2019-02", "2019-03", "2019-04", "2019-05", "2019-06", "2019-07", "2019-08", "2019-09", "2019-10", "2019-11", "2019-12", "2020-01", "2020-02", "2020-03", "2020-04", "2020-05", "2020-06", "2020-07", "2020-08", "2020-09", "2020-10", "2020-11", "2020-12"], "y": [NaN, NaN, NaN, NaN, NaN, NaN, NaN, NaN, NaN, NaN, NaN, NaN, NaN, NaN, NaN, NaN, NaN, NaN, NaN, NaN, NaN, NaN, NaN, NaN]}, "spi_03": {"px": [], "py": [], "pt": [], "pb": [], "x": ["2019-01", "2019-02", "2019-03", "2019-04", "2019-05", "2019-06", "2019-07", "2019-08", "2019-09", "2019-10", "2019-11", "2019-12", "2020-01", "2020-02", "2020-03", "2020-04", "2020-05", "2020-06", "2020-07"], "y": [NaN, NaN, NaN, NaN, NaN, NaN, NaN, NaN, NaN, NaN, NaN, NaN, NaN, NaN, NaN, NaN, NaN, NaN, NaN]}, "spi_06": {"px": [], "py": [], "pt": [], "pb": [], "x": ["2019-01", "2019-02", "2019-03", "2019-04", "2019-05", "2019-06", "2019-07", "2019-08", "2019-09", "2019-10", "2019-11", "2019-12", "2020-01", "2020-02", "2020-03", "2020-04", "2020-05", "2020-06", "2020-07"], "y": [NaN, NaN, NaN, NaN, NaN, NaN, NaN, NaN, NaN, NaN, NaN, NaN, NaN, NaN, NaN, NaN, NaN, NaN, NaN]}, "spi_12": {"px": [], "py": [], "pt": [], "pb": [], "x": ["2019-01", "2019-02", "2019-03", "2019-04", "2019-05", "2019-06", "2019-07", "2019-08", "2019-09", "2019-10", "2019-11", "2019-12", "2020-01", "2020-02", "2020-03", "2020-04", "2020-05", "2020-06", "2020-07", "2020-08", "2020-09", "2020-10", "2020-11", "2020-12"], "y": [NaN, NaN, NaN, NaN, NaN, NaN, NaN, NaN, NaN, NaN, NaN, NaN, NaN, NaN, NaN, NaN, NaN, NaN, NaN, NaN, NaN, NaN, NaN, NaN], "geox": [-38.38105988775421, -38.37998987521955, -38.38140187336454, -38.37518981936151, -38.37153079079447, -38.36949577012018, -38.366798738908415, -38.365105721721996, -38.36311870361975, -38.360541678177924, -38.35547563416267, -38.35175960931386, -38.34687456566088, -38.34454254688639, -38.34310653300329, -38.34231752928542, -38.340617514025524, -38.3400785102867, -38.3364204762312, -38.33414645663865, -38.335116470084, -38.33459047041184, -38.333061455382065, -38.32850141335746, -38.32709240391606, -38.32692740790074, -38.329422435450745, -38.32777942254283, -38.32797542558883, -38.3303924503933, -38.32814043691173, -38.326022417854055, -38.32373339819285, -38.32088537779545, -38.31334131106896, -38.31278431145463, -38.31548934350669, -38.31399933202431, -38.311746311864134, -38.309758295204716, -38.30803228345824, -38.307146279923295, -38.30531526383385, -38.30447925857597, -38.29980121713876, -38.29725619332158, -38.29381915945976, -38.291426136965725, -38.289619122534084, -38.291749148989986, -38.29089614518267, -38.29252716600903, -38.29198316355889, -38.287788126394815, -38.28609710968335, -38.28124806902951, -38.27916404986053, -38.27907805210977, -38.27725803945477, -38.27864905559137, -38.28055507403083, -38.28622613655613, -38.295582232895356, -38.316056420004195, -38.32114246299729, -38.32755852014787, -38.3319955572429, -38.338167618295266, -38.34227865246492, -38.343749667507836, -38.347475697290406, -38.358005780712766, -38.35753277253927, -38.35823175802069, -38.357474733310305, -38.35668972264893, -38.354780699148534, -38.35519468681031, -38.35552968052924, -38.35611267931069, -38.35683668467604, -38.372418814164604, -38.38105988775421], "geoy": [-12.821563779441222, -12.819360765601626, -12.808977691758052, -12.809741705330174, -12.812536729579774, -12.810631719085318, -12.805349686058022, -12.803773677384852, -12.803420677582405, -12.801541667983106, -12.80219067922593, -12.808049724802661, -12.807803729599602, -12.809180742253389, -12.808348738394741, -12.810720755895371, -12.81058675722911, -12.811339763168892, -12.810169759923555, -12.81058476582857, -12.81408878883992, -12.817699814583131, -12.816636809247186, -12.815491807377189, -12.817701824581134, -12.821641852126447, -12.825560875980258, -12.826763886511376, -12.82770889280313, -12.830141906452344, -12.834831941972125, -12.834635943436867, -12.835099949705556, -12.838613977867087, -12.83875598890973, -12.842603016327317, -12.848417053028777, -12.849670063703359, -12.849546065849701, -12.850252073396694, -12.852826093544909, -12.855947116364025, -12.856060119591143, -12.857618131507873, -12.857670138111997, -12.856780135337825, -12.854354123102489, -12.853446119998422, -12.854604130438858, -12.860054165386867, -12.86276818534238, -12.867348214916952, -12.869062227525347, -12.869110233460232, -12.86788222720472, -12.869601245596998, -12.869117245023666, -12.871289260197717, -12.873812280120374, -12.876543297195902, -12.877639302247527, -12.886417355510822, -12.895985409294147, -12.899878408847322, -12.898344391411348, -12.898506383938372, -12.89687636670738, -12.901400389759312, -12.89975037282633, -12.901182380767798, -12.898836359533128, -12.891676295856293, -12.888818276705392, -12.873925172653728, -12.860972083957755, -12.858307066547036, -12.853572036296365, -12.842029955772476, -12.83535490906823, -12.830743876333312, -12.829982870093243, -12.82373380600305, -12.821563779441222]}}