{"IIS3": {"px": [], "py": [], "pt": [], "pb": [], "x": ["2019-01", "2019-02", "2019-03", "2019-04", "2019-05", "2019-06", "2019-07", "2019-08", "2019-09", "2019-10", "2019-11", "2019-12", "2020-01", "2020-02", "2020-03", "2020-04", "2020-05", "2020-06", "2020-07", "2020-08", "2020-09", "2020-10", "2020-11", "2020-12"], "y": [NaN, NaN, NaN, NaN, NaN, NaN, NaN, NaN, NaN, NaN, NaN, NaN, NaN, NaN, NaN, NaN, NaN, NaN, NaN, NaN, NaN, NaN, NaN, NaN]}, "VHI": {"px": ["2021-01", "2021-02", "2021-03", "2021-04", "2021-05", "2021-06", "2021-07", "2021-08", "2021-09", "2021-10", "2021-11", "2021-12"], "py": [45.57006617455717, 55.05039447191142, 62.457517721384065, 58.908786719021094, 61.929277811144914, 70.56675514620255, 69.68403744253527, 74.09837932637907, 49.114711100714516, 45.97363535084044, 43.88544838842891, 31.1006045699583], "pt": [59.175776641562564, 68.65610493891681, 76.06322818838946, 72.51449718602649, 75.53498827815031, 84.17246561320796, 83.28974790954068, 87.70408979338448, 62.720421567719924, 59.57934581784585, 57.49115885543432, 44.706315036963716], "pb": [31.964355707551775, 41.44468400490602, 48.85180725437867, 45.3030762520157, 48.32356734413952, 56.961044679197144, 56.07832697552986, 60.492668859373666, 35.50900063370911, 32.36792488383503, 30.279737921423504, 17.494894102952884], "x": ["2019-01", "2019-02", "2019-03", "2019-04", "2019-05", "2019-06", "2019-07", "2019-08", "2019-09", "2019-10", "2019-11", "2019-12", "2020-01", "2020-02", "2020-03", "2020-04", "2020-05", "2020-06", "2020-07", "2020-08", "2020-09", "2020-10", "2020-11", "2020-12"], "y": [40.34071731567383, 44.65464401245117, 49.35124969482422, 43.21819305419922, 54.86422348022461, 62.1517219543457, 62.1517219543457, 66.64618682861328, 44.11719512939453, 41.89202117919922, 40.32255554199219, 28.281999588012695, 44.02046585083008, 53.19186019897461, 60.06093215942383, 55.61174392700195, 57.665828704833984, 66.50228118896484, 66.33523559570312, 64.18803405761719, 42.75423812866211, 24.818429946899414, 42.88053512573242, 42.14277648925781]}, "spi_01": {"px": ["2021-01", "2021-02", "2021-03", "2021-04", "2021-05", "2021-06", "2021-07", "2021-08", "2021-09", "2021-10", "2021-11", "2021-12"], "py": [-0.7584250437348683, 0.353606344255041, 0.8378153592369721, 0.9306461136739173, -0.5237549300560995, -0.34769689308838414, 1.3409814222158505, -0.31154118296605127, -0.3393153965847413, 0.5501861356055651, -1.3563659432808555, -0.676644455962901], "pt": [0.23906433570869545, 1.351095723698605, 1.8353047386805361, 1.9281354931174812, 0.47373444938746445, 0.6497924863551798, 2.3384708016594145, 0.6859481964775132, 0.6581739828588229, 1.5476755150491295, -0.35887656383729105, 0.3208449234806636], "pb": [-1.7559144231784318, -0.6438830351885227, -0.15967402020659183, -0.06684326576964672, -1.5212443094996635, -1.3451862725319481, 0.3434920427722865, -1.3090305624096157, -1.3368047760283055, -0.44730324383799935, -2.35385532272442, -1.6741338354064657], "x": ["2019-01", "2019-02", "2019-03", "2019-04", "2019-05", "2019-06", "2019-07", "2019-08", "2019-09", "2019-10", "2019-11", "2019-12", "2020-01", "2020-02", "2020-03", "2020-04", "2020-05", "2020-06", "2020-07", "2020-08", "2020-09", "2020-10", "2020-11", "2020-12"], "y": [-0.5203621983528137, -0.007466412149369717, -0.25468456745147705, 0.07403378933668137, -0.34939929842948914, -1.3292514085769653, 1.2223949432373047, -0.3632678985595703, -0.32488906383514404, 0.6905494332313538, -1.293565034866333, -0.5428164005279541, -0.6177771687507629, 0.5182682275772095, 0.9987492561340332, 1.054031491279602, -0.44313135743141174, -0.2821776866912842, -0.38358986377716064, -0.09421791881322861, -1.0444366931915283, 0.8329965472221375, -1.0048860311508179, -1.338569164276123]}, "spi_03": {"px": [], "py": [], "pt": [], "pb": [], "x": ["2019-01", "2019-02", "2019-03", "2019-04", "2019-05", "2019-06", "2019-07", "2019-08", "2019-09", "2019-10", "2019-11", "2019-12", "2020-01", "2020-02", "2020-03", "2020-04", "2020-05", "2020-06", "2020-07"], "y": [-0.36300158500671387, -0.3098117411136627, -0.4026026725769043, -0.15361584722995758, -0.24759909510612488, -0.1729728877544403, -0.15933647751808167, 0.3253500163555145, 0.15260910987854004, 0.41128990054130554, -0.42755210399627686, -0.5779322981834412, -1.177565336227417, -0.286178320646286, 0.2985783517360687, 0.9422620534896851, 0.8920676708221436, 0.6741443276405334, -0.5822800397872925]}, "spi_06": {"px": [], "py": [], "pt": [], "pb": [], "x": ["2019-01", "2019-02", "2019-03", "2019-04", "2019-05", "2019-06", "2019-07", "2019-08", "2019-09", "2019-10", "2019-11", "2019-12", "2020-01", "2020-02", "2020-03", "2020-04", "2020-05", "2020-06", "2020-07"], "y": [-0.2843762934207916, -0.23715369403362274, -0.2999097406864166, -0.2984926700592041, -0.3482467830181122, -0.4117438495159149, -0.2030605524778366, -0.23249250650405884, -0.1711491197347641, 0.11134374886751175, -0.39006897807121277, -0.5549694895744324, -0.8697590827941895, -0.3997766971588135, 0.007682529743760824, 0.19151951372623444, 0.3084900379180908, 0.426074355840683, 0.7712300419807434]}, "spi_12": {"px": ["2021-01", "2021-02", "2021-03", "2021-04", "2021-05", "2021-06", "2021-07", "2021-08", "2021-09", "2021-10", "2021-11", "2021-12"], "py": [-0.06786309205126506, 0.19300061732395868, 0.7022324323128486, 1.0360890328348038, 0.970356278983266, 0.9091128988598332, 0.8470003544766587, 0.8918050200515379, 0.8101720035705458, 0.8555696521898564, 0.4576274227569521, 0.25792943081595965], "pt": [0.517860193596464, 0.9103622056940583, 1.5305702435877984, 1.9621988593168878, 1.9848587638622224, 2.0049008222028855, 2.0184469192261485, 2.1343117343924636, 2.119889078476872, 2.22921250876506, 1.8923505941523913, 1.7512366529433718], "pb": [-0.653586377698994, -0.524360971046141, -0.12610537896210117, 0.10997920635271985, -0.044146205895690516, -0.18667502448321915, -0.32444621027283116, -0.3507016942893877, -0.4995450713357805, -0.5180732043853473, -0.977095748638487, -1.2353777913114528], "x": ["2019-01", "2019-02", "2019-03", "2019-04", "2019-05", "2019-06", "2019-07", "2019-08", "2019-09", "2019-10", "2019-11", "2019-12", "2020-01", "2020-02", "2020-03", "2020-04", "2020-05", "2020-06", "2020-07", "2020-08", "2020-09", "2020-10", "2020-11", "2020-12"], "y": [-0.10700157284736633, -0.5957654714584351, -0.4718022644519806, -0.41554319858551025, -0.33615759015083313, -0.33407309651374817, -0.29488298296928406, -0.2961437702178955, -0.3239181339740753, -0.26482751965522766, -0.4509180784225464, -0.5370967984199524, -0.637457013130188, -0.4491221010684967, -0.08971266448497772, 0.1628536880016327, 0.1585635244846344, 0.1660679131746292, 0.1334579885005951, 0.13376086950302124, 0.12436674535274506, 0.14847742021083832, 0.19470825791358948, 0.11634805798530579],