{"IIS3": {"px": [], "py": [], "pt": [], "pb": [], "x": ["2019-01", "2019-02", "2019-03", "2019-04", "2019-05", "2019-06", "2019-07", "2019-08", "2019-09", "2019-10", "2019-11", "2019-12", "2020-01", "2020-02", "2020-03", "2020-04", "2020-05", "2020-06", "2020-07", "2020-08", "2020-09", "2020-10", "2020-11", "2020-12"], "y": [NaN, NaN, NaN, NaN, NaN, NaN, NaN, NaN, NaN, NaN, NaN, NaN, NaN, NaN, NaN, NaN, NaN, NaN, NaN, NaN, NaN, NaN, NaN, NaN]}, "VHI": {"px": ["2021-01", "2021-02", "2021-03", "2021-04", "2021-05", "2021-06", "2021-07", "2021-08", "2021-09", "2021-10", "2021-11", "2021-12"], "py": [43.872538762019786, 43.763583285299745, 52.45113741057145, 54.40647243038828, 52.50507484680128, 49.81994213248184, 43.768265044947356, 57.14798404873295, 71.18517881156235, 61.16046038864714, 51.76699893278325, 53.05555428856674], "pt": [59.61192464124771, 59.50296916452767, 68.19052328979937, 70.14585830961622, 68.24446072602922, 65.55932801170978, 59.507650924175294, 72.88736992796089, 86.92456469079029, 76.89984626787508, 67.50638481201119, 68.79494016779469], "pb": [28.13315288279186, 28.02419740607182, 36.71175153134352, 38.66708655116034, 36.76568896757335, 34.0805562532539, 28.028879165719417, 41.40859816950501, 55.44579293233441, 45.4210745094192, 36.027613053555314, 37.31616840933879], "x": ["2019-01", "2019-02", "2019-03", "2019-04", "2019-05", "2019-06", "2019-07", "2019-08", "2019-09", "2019-10", "2019-11", "2019-12", "2020-01", "2020-02", "2020-03", "2020-04", "2020-05", "2020-06", "2020-07", "2020-08", "2020-09", "2020-10", "2020-11", "2020-12"], "y": [47.43642807006836, 30.21785545349121, 25.564285278320312, 41.61199951171875, 48.7210693359375, 37.48749542236328, 37.48749542236328, 49.90742874145508, 64.56800079345703, 56.7210693359375, 48.08606719970703, 49.57257080078125, 43.350711822509766, 43.6346435546875, 51.63943099975586, 51.96821212768555, 49.432498931884766, 47.17856979370117, 48.18071746826172, 53.96392822265625, 49.27313995361328, 39.46999740600586, 53.324642181396484, 56.61809539794922]}, "spi_01": {"px": [], "py": [], "pt": [], "pb": [], "x": ["2019-01", "2019-02", "2019-03", "2019-04", "2019-05", "2019-06", "2019-07", "2019-08", "2019-09", "2019-10", "2019-11", "2019-12", "2020-01", "2020-02", "2020-03", "2020-04", "2020-05", "2020-06", "2020-07", "2020-08", "2020-09", "2020-10", "2020-11", "2020-12"], "y": [NaN, NaN, NaN, NaN, NaN, NaN, NaN, NaN, NaN, NaN, NaN, NaN, NaN, NaN, NaN, NaN, NaN, NaN, NaN, NaN, NaN, NaN, NaN, NaN]}, "spi_03": {"px": [], "py": [], "pt": [], "pb": [], "x": ["2019-01", "2019-02", "2019-03", "2019-04", "2019-05", "2019-06", "2019-07", "2019-08", "2019-09", "2019-10", "2019-11", "2019-12", "2020-01", "2020-02", "2020-03", "2020-04", "2020-05", "2020-06", "2020-07"], "y": [NaN, NaN, NaN, NaN, NaN, NaN, NaN, NaN, NaN, NaN, NaN, NaN, NaN, NaN, NaN, NaN, NaN, NaN, NaN]}, "spi_06": {"px": [], "py": [], "pt": [], "pb": [], "x": ["2019-01", "2019-02", "2019-03", "2019-04", "2019-05", "2019-06", "2019-07", "2019-08", "2019-09", "2019-10", "2019-11", "2019-12", "2020-01", "2020-02", "2020-03", "2020-04", "2020-05", "2020-06", "2020-07"], "y": [NaN, NaN, NaN, NaN, NaN, NaN, NaN, NaN, NaN, NaN, NaN, NaN, NaN, NaN, NaN, NaN, NaN, NaN, NaN]}, "spi_12": {"px": [], "py": [], "pt": [], "pb": [], "x": ["2019-01", "2019-02", "2019-03", "2019-04", "2019-05", "2019-06", "2019-07", "2019-08", "2019-09", "2019-10", "2019-11", "2019-12", "2020-01", "2020-02", "2020-03", "2020-04", "2020-05", "2020-06", "2020-07", "2020-08", "2020-09", "2020-10", "2020-11", "2020-12"], "y": [NaN, NaN, NaN, NaN, NaN, NaN, NaN, NaN, NaN, NaN, NaN, NaN, NaN, NaN, NaN, NaN, NaN, NaN, NaN, NaN, NaN, NaN, NaN, NaN], "geox": [-39.11832260458702, -39.115204576350344, -39.11383756088629, -39.11495257037397, -39.114038557990256, -39.115816563153025, -39.12029159234428, -39.11992658640893, -39.11490053228028, -39.11033848703663, -39.10846046657523, -39.10517343614042, -39.099280388294034, -39.041915903385856, -39.03787687849246, -39.03677886980523, -39.0366918710763, -39.037641880943845, -39.03654488549326, -39.03138684953764, -39.027046816146715, -39.046604044346445, -39.061567217107324, -39.06466424640525, -39.069848292870965, -39.07217831317606, -39.07657134630701, -39.095312501713806, -39.0976525255088, -39.10958862628228, -39.11170564622474, -39.11456167135274, -39.118869712663795, -39.11978372487454, -39.11994873467998, -39.117982726148924, -39.11842073471838, -39.121870764093075, -39.12319277670341, -39.12628580790561, -39.12782282534231, -39.130341847444804, -39.131592857011064, -39.132012857437275, -39.13547888517621, -39.139207911962075, -39.13609787457944, -39.13642487641523, -39.14054591122984, -39.14086691116597, -39.142997928761304, -39.14228992196469, -39.153195941238394, -39.15106292812602, -39.14892591147616, -39.14523787810687, -39.13676979828582, -39.133029758908485, -39.13134474379959, -39.126517704449924, -39.12106965838703, -39.119228645308866, -39.117915634906744, -39.11666962369654, -39.11309659359045, -39.110820576643796, -39.10935656403841, -39.10798254427681, -39.10880554493244, -39.107336528471066, -39.104726503848006, -39.10375949341153, -39.104708491462276, -39.10848252165295, -39.11029453185418, -39.11323955859019, -39.114143569418275, -39.1186736095019, -39.11832260458702], "geoy": [-12.970433805838297, -12.969851806144774, -12.967436791518875, -12.96721778849088, -12.964170768922278, -12.956837716361617, -12.94972966163468, -12.947816649058216, -12.940829608180634, -12.937214589712907, -12.934436573287467, -12.933351570368915, -12.936127597427141, -12.949842769818222, -12.95731582649175, -12.95799883266978, -12.959428842574763, -12.96048884852681, -12.97045491822026, -12.977066970529343, -12.980430999496562, -13.019698241109957, -13.048371416352584, -13.049799421828594, -13.050397418755296, -13.050263414623739, -13.04642438235061, -13.039859311666, -13.042099323725209, -13.039186287364318, -13.040111290753696, -13.040123286891607, -13.042514297256487, -13.045419315814229, -13.051230355230162, -13.057316399464034, -13.060595421224097, -13.059929411909307, -13.060615414759235, -13.063400429472956, -13.066125445928135, -13.066095442236799, -13.06510143372739, -13.06283341768098, -13.0609373999557, -13.056774366408511, -13.0497933231018, -13.049071317725351, -13.048092305350279, -13.046086291225075, -13.045297282897755, -13.04489828115524, -12.99154690206721, -12.995476931833114, -12.996961944914124, -12.996289945407181, -12.992513931288228, -12.987965905379502, -12.987755906264175, -12.98990392757657, -12.991176943768153, -12.993345961115867, -12.994141968359546, -12.993961968845014, -12.994871979977823, -12.997010997720265, -12.997196000998873, -12.99182696621493, -12.987226933657839, -12.984745918727603, -12.983571914294686, -12.982217906372293, -12.97501485584668, -12.972924836379018, -12.968914806485715, -12.969509806506899, -12.971527819055254, -12.971714814109145, -12.970433805838297]}}