{"IIS3": {"px": [], "py": [], "pt": [], "pb": [], "x": ["2019-01", "2019-02", "2019-03", "2019-04", "2019-05", "2019-06", "2019-07", "2019-08", "2019-09", "2019-10", "2019-11", "2019-12", "2020-01", "2020-02", "2020-03", "2020-04", "2020-05", "2020-06", "2020-07", "2020-08", "2020-09", "2020-10", "2020-11", "2020-12"], "y": [NaN, NaN, NaN, NaN, NaN, NaN, NaN, NaN, NaN, NaN, NaN, NaN, NaN, NaN, NaN, NaN, NaN, NaN, NaN, NaN, NaN, NaN, NaN, NaN]}, "VHI": {"px": ["2021-01", "2021-02", "2021-03", "2021-04", "2021-05", "2021-06", "2021-07", "2021-08", "2021-09", "2021-10", "2021-11", "2021-12"], "py": [40.939817289117045, 47.9407760223004, 55.30368751710263, 61.99156223453596, 56.41472037305644, 52.10305751073709, 44.78877669040995, 63.53380689282878, 71.76372812145881, 55.39137810748079, 45.64360506563136, 46.19038071881195], "pt": [52.39747110358583, 59.39842983676918, 66.76134133157142, 73.44921604900475, 67.87237418752522, 63.56071132520587, 56.24643050487873, 74.99146070729756, 83.22138193592761, 66.84903192194959, 57.10125888010016, 57.64803453328075], "pb": [29.48216347464826, 36.48312220783161, 43.84603370263385, 50.53390842006718, 44.957066558587655, 40.6454036962683, 33.33112287594116, 52.076153078359994, 60.30607430699001, 43.93372429301199, 34.185951251162564, 34.73272690434315], "x": ["2019-01", "2019-02", "2019-03", "2019-04", "2019-05", "2019-06", "2019-07", "2019-08", "2019-09", "2019-10", "2019-11", "2019-12", "2020-01", "2020-02", "2020-03", "2020-04", "2020-05", "2020-06", "2020-07", "2020-08", "2020-09", "2020-10", "2020-11", "2020-12"], "y": [50.56312561035156, 45.0625, 49.8131217956543, 53.51649856567383, 47.92531204223633, 39.65968704223633, 39.65968704223633, 56.59175109863281, 64.28099822998047, 49.215309143066406, 40.40027618408203, 41.42510986328125, 38.2438850402832, 45.38555145263672, 52.25444030761719, 58.31777572631836, 53.38718795776367, 50.05924987792969, 50.730316162109375, 57.595314025878906, 59.331748962402344, 47.777748107910156, 54.662498474121094, 50.295833587646484]}, "spi_01": {"px": [], "py": [], "pt": [], "pb": [], "x": ["2019-01", "2019-02", "2019-03", "2019-04", "2019-05", "2019-06", "2019-07", "2019-08", "2019-09", "2019-10", "2019-11", "2019-12", "2020-01", "2020-02", "2020-03", "2020-04", "2020-05", "2020-06", "2020-07", "2020-08", "2020-09", "2020-10", "2020-11", "2020-12"], "y": [NaN, NaN, NaN, NaN, NaN, NaN, NaN, NaN, NaN, NaN, NaN, NaN, NaN, NaN, NaN, NaN, NaN, NaN, NaN, NaN, NaN, NaN, NaN, NaN]}, "spi_03": {"px": [], "py": [], "pt": [], "pb": [], "x": ["2019-01", "2019-02", "2019-03", "2019-04", "2019-05", "2019-06", "2019-07", "2019-08", "2019-09", "2019-10", "2019-11", "2019-12", "2020-01", "2020-02", "2020-03", "2020-04", "2020-05", "2020-06", "2020-07"], "y": [NaN, NaN, NaN, NaN, NaN, NaN, NaN, NaN, NaN, NaN, NaN, NaN, NaN, NaN, NaN, NaN, NaN, NaN, NaN]}, "spi_06": {"px": [], "py": [], "pt": [], "pb": [], "x": ["2019-01", "2019-02", "2019-03", "2019-04", "2019-05", "2019-06", "2019-07", "2019-08", "2019-09", "2019-10", "2019-11", "2019-12", "2020-01", "2020-02", "2020-03", "2020-04", "2020-05", "2020-06", "2020-07"], "y": [NaN, NaN, NaN, NaN, NaN, NaN, NaN, NaN, NaN, NaN, NaN, NaN, NaN, NaN, NaN, NaN, NaN, NaN, NaN]}, "spi_12": {"px": [], "py": [], "pt": [], "pb": [], "x": ["2019-01", "2019-02", "2019-03", "2019-04", "2019-05", "2019-06", "2019-07", "2019-08", "2019-09", "2019-10", "2019-11", "2019-12", "2020-01", "2020-02", "2020-03", "2020-04", "2020-05", "2020-06", "2020-07", "2020-08", "2020-09", "2020-10", "2020-11", "2020-12"], "y": [NaN, NaN, NaN, NaN, NaN, NaN, NaN, NaN, NaN, NaN, NaN, NaN, NaN, NaN, NaN, NaN, NaN, NaN, NaN, NaN, NaN, NaN, NaN, NaN], "geox": [-39.700714892973, -39.69543383294829, -39.69238179237932, -39.6917487693226, -39.6880117195668, -39.68362767199084, -39.675479588529974, -39.67243655694268, -39.66666050005389, -39.6656914890339, -39.66366147076674, -39.66204545465519, -39.662014449762594, -39.66141444368581, -39.64928134220626, -39.55668256784396, -39.64646447839261, -39.67921485010604, -39.68235587769798, -39.68606690817199, -39.691748953800975, -39.69424497192083, -39.697295997716196, -39.699041008871994, -39.69935300886235, -39.6996570058505, -39.70204601794733, -39.70154001077532, -39.695992949012364, -39.69406993145669, -39.691164901267854, -39.69046489583501, -39.6890478809383, -39.68964587864933, -39.68879286693663, -39.68929886184875, -39.69097087343792, -39.69168887636328, -39.6974299249994, -39.69991094088769, -39.699625934422656, -39.69974093405477, -39.69868391655736, -39.69965091623408, -39.69923790859589, -39.69504686096251, -39.6908838192587, -39.691494819525396, -39.69415583687192, -39.700714892973], "geoy": [-13.764062331043469, -13.755135279357923, -13.746164224069712, -13.734810149311048, -13.7237520810773, -13.717779047690843, -13.70989700709142, -13.706680990105227, -13.70257097116446, -13.700920961575017, -13.700599962414653, -13.69932295626421, -13.696314936229466, -13.69577893353228, -13.698879972052115, -13.723009269167031, -13.803178671841552, -13.857795986874143, -13.857845982538615, -13.856540968343475, -13.8538829422208, -13.851479922529611, -13.850885914045227, -13.848234893821214, -13.846472881638741, -13.84282585693001, -13.837152815646798, -13.835389804670234, -13.826902756436214, -13.826441756221225, -13.823383740179596, -13.823832744205795, -13.822230735645206, -13.817382702491413, -13.814648685557232, -13.808512643960396, -13.806544628381989, -13.804376612884962, -13.803323597372216, -13.799560568646449, -13.796999552018086, -13.796112545942247, -13.790792512083897, -13.785117472862323, -13.782519456171189, -13.77544941527671, -13.772051398791861, -13.768764375989656, -13.764915346414131, -13.764062331043469]}}