{"IIS3": {"px": [], "py": [], "pt": [], "pb": [], "x": ["2019-01", "2019-02", "2019-03", "2019-04", "2019-05", "2019-06", "2019-07", "2019-08", "2019-09", "2019-10", "2019-11", "2019-12", "2020-01", "2020-02", "2020-03", "2020-04", "2020-05", "2020-06", "2020-07", "2020-08", "2020-09", "2020-10", "2020-11", "2020-12"], "y": [NaN, NaN, NaN, NaN, NaN, NaN, NaN, NaN, NaN, NaN, NaN, NaN, NaN, NaN, NaN, NaN, NaN, NaN, NaN, NaN, NaN, NaN, NaN, NaN]}, "VHI": {"px": ["2021-01", "2021-02", "2021-03", "2021-04", "2021-05", "2021-06", "2021-07", "2021-08", "2021-09", "2021-10", "2021-11", "2021-12"], "py": [44.035632879580874, 47.74712387976167, 43.223553655299284, 38.9471840434082, 29.755537179411313, 34.72052423222577, 38.4207298105481, 43.38959371624502, 27.088688290499036, 29.20789314625727, 49.27974615327301, 44.85491168295265], "pt": [55.80848789289665, 59.80940729043684, 55.56848164189945, 51.568428550557215, 42.64717706051775, 47.8770034245868, 51.836821292567876, 57.060368257902056, 41.00948720736129, 43.37430442076882, 63.68758340643154, 59.50019557328396], "pb": [32.2627778662651, 35.68484046908651, 30.878625668699115, 26.32593953625919, 16.863897298304877, 21.564045039864745, 25.00463832852833, 29.71881917458797, 13.167889373636783, 15.041481871745717, 34.87190890011448, 30.209627792621333], "x": ["2019-01", "2019-02", "2019-03", "2019-04", "2019-05", "2019-06", "2019-07", "2019-08", "2019-09", "2019-10", "2019-11", "2019-12", "2020-01", "2020-02", "2020-03", "2020-04", "2020-05", "2020-06", "2020-07", "2020-08", "2020-09", "2020-10", "2020-11", "2020-12"], "y": [37.64875030517578, 32.772499084472656, 35.88999938964844, 38.85399627685547, 23.06624984741211, 33.97374725341797, 33.97374725341797, 39.37799835205078, 24.740999221801758, 26.99374771118164, 46.461875915527344, 42.384498596191406, 43.68562316894531, 48.27312469482422, 44.75299835205078, 40.394996643066406, 30.207500457763672, 34.54499816894531, 38.053749084472656, 57.93000030517578, 33.361000061035156, 22.753000259399414, 32.59874725341797, 42.86499786376953]}, "spi_01": {"px": [], "py": [], "pt": [], "pb": [], "x": ["2019-01", "2019-02", "2019-03", "2019-04", "2019-05", "2019-06", "2019-07", "2019-08", "2019-09", "2019-10", "2019-11", "2019-12", "2020-01", "2020-02", "2020-03", "2020-04", "2020-05", "2020-06", "2020-07", "2020-08", "2020-09", "2020-10", "2020-11", "2020-12"], "y": [NaN, NaN, NaN, NaN, NaN, NaN, NaN, NaN, NaN, NaN, NaN, NaN, NaN, NaN, NaN, NaN, NaN, NaN, NaN, NaN, NaN, NaN, NaN, NaN]}, "spi_03": {"px": [], "py": [], "pt": [], "pb": [], "x": ["2019-01", "2019-02", "2019-03", "2019-04", "2019-05", "2019-06", "2019-07", "2019-08", "2019-09", "2019-10", "2019-11", "2019-12", "2020-01", "2020-02", "2020-03", "2020-04", "2020-05", "2020-06", "2020-07"], "y": [NaN, NaN, NaN, NaN, NaN, NaN, NaN, NaN, NaN, NaN, NaN, NaN, NaN, NaN, NaN, NaN, NaN, NaN, NaN]}, "spi_06": {"px": [], "py": [], "pt": [], "pb": [], "x": ["2019-01", "2019-02", "2019-03", "2019-04", "2019-05", "2019-06", "2019-07", "2019-08", "2019-09", "2019-10", "2019-11", "2019-12", "2020-01", "2020-02", "2020-03", "2020-04", "2020-05", "2020-06", "2020-07"], "y": [NaN, NaN, NaN, NaN, NaN, NaN, NaN, NaN, NaN, NaN, NaN, NaN, NaN, NaN, NaN, NaN, NaN, NaN, NaN]}, "spi_12": {"px": [], "py": [], "pt": [], "pb": [], "x": ["2019-01", "2019-02", "2019-03", "2019-04", "2019-05", "2019-06", "2019-07", "2019-08", "2019-09", "2019-10", "2019-11", "2019-12", "2020-01", "2020-02", "2020-03", "2020-04", "2020-05", "2020-06", "2020-07", "2020-08", "2020-09", "2020-10", "2020-11", "2020-12"], "y": [NaN, NaN, NaN, NaN, NaN, NaN, NaN, NaN, NaN, NaN, NaN, NaN, NaN, NaN, NaN, NaN, NaN, NaN, NaN, NaN, NaN, NaN, NaN, NaN], "geox": [-44.19664065793282, -44.19491964477685, -44.192757620065215, -44.190776602256896, -44.189974590926475, -44.19044359274317, -44.189723584781426, -44.18376654099309, -44.18291153185575, -44.18308253047211, -44.18210952158052, -44.18019650581137, -44.17902649821832, -44.17764248558965, -44.170829437673326, -44.16513839311243, -44.1647793933638, -44.163023378115746, -44.161221357404315, -44.16053135197072, -44.16066535619929, -44.15859034483782, -44.15845134392038, -44.152756299409916, -44.14888727727269, -44.148151283443035, -44.1490823038936, -44.14882131456533, -44.147225323689554, -44.14526031484627, -44.14127229019098, -44.1290561988966, -44.12305815740313, -44.12727719353499, -44.13122423628558, -44.13463826587651, -44.1448843507556, -44.148584376789074, -44.15380742227688, -44.16161547891334, -44.16482650522156, -44.17298958002459, -44.18683670022936, -44.1934417510208, -44.19549177206039, -44.206023865078954, -44.21026390456197, -44.21169290447289, -44.21088887981605, -44.20886085644689, -44.20796884293014, -44.208941840105005, -44.20831081902865, -44.21005682072109, -44.21239083636736, -44.21427084726859, -44.21435984389861, -44.213223829327454, -44.20917279207327, -44.20448074766355, -44.2019187212294, -44.19819168808945, -44.19811167982057, -44.1963866581042, -44.19664065793282], "geoy": [-20.05141332318501, -20.05197733020334, -20.049576322626763, -20.049213325368285, -20.047500318220784, -20.046674312763397, -20.045976310774552, -20.048596338586638, -20.04788833686184, -20.046809330769833, -20.0465763318269, -20.046769337338798, -20.047667344823434, -20.04734334636586, -20.051167382539777, -20.052639403673126, -20.053896411146887, -20.05378141466544, -20.051738408121082, -20.05190541062277, -20.05307941650133, -20.055474434009746, -20.055575434869073, -20.057083456202236, -20.06118848694705, -20.065914513606508, -20.07067253651426, -20.075569562952897, -20.084192612172753, -20.087186632578955, -20.090717660574548, -20.09555471481091, -20.09919674812262, -20.099269738582752, -20.102732747552427, -20.10292674054128, -20.10202271166329, -20.099946692014704, -20.100330681744516, -20.096598643701668, -20.096208634088484, -20.09822262548001, -20.099111597552557, -20.097058571185308, -20.098420573527235, -20.099709555498954, -20.101000552301866, -20.09636252452487, -20.089612490888616, -20.087294483461807, -20.08504747373177, -20.080838449278065, -20.07488141939223, -20.06988938899015, -20.068293375091283, -20.06636236049636, -20.064796352038123, -20.06293334489697, -20.06187134883171, -20.06016335086814, -20.058401347608083, -20.057856353499528, -20.054974338497725, -20.052299328452552, -20.05141332318501]}}