{"IIS3": {"px": [], "py": [], "pt": [], "pb": [], "x": ["2019-01", "2019-02", "2019-03", "2019-04", "2019-05", "2019-06", "2019-07", "2019-08", "2019-09", "2019-10", "2019-11", "2019-12", "2020-01", "2020-02", "2020-03", "2020-04", "2020-05", "2020-06", "2020-07", "2020-08", "2020-09", "2020-10", "2020-11", "2020-12"], "y": [NaN, NaN, NaN, NaN, NaN, NaN, NaN, NaN, NaN, NaN, NaN, NaN, NaN, NaN, NaN, NaN, NaN, NaN, NaN, NaN, NaN, NaN, NaN, NaN]}, "VHI": {"px": ["2021-01", "2021-02", "2021-03", "2021-04", "2021-05", "2021-06", "2021-07", "2021-08", "2021-09", "2021-10", "2021-11", "2021-12"], "py": [182.10801567413884, 232.9299462999173, 241.65332810395165, 222.82580750231335, 200.1460869399456, 185.59837218843154, 203.0752720716127, 128.37282069232663, 93.88949312029784, 92.29414426838807, 83.5138892157119, 71.91705252476176], "pt": [220.45609576033496, 279.89656059655704, 295.88570285078845, 283.4594457147228, 266.56690969204175, 257.34106036818537, 279.7714318154317, 209.7213826442224, 179.638406488535, 182.22836331778802, 177.44711745906287, 169.68585624256065], "pb": [143.75993558794272, 185.96333200327754, 187.42095335711485, 162.19216928990392, 133.72526418784946, 113.8556840086777, 126.37911232779368, 47.02425874043087, 8.140579752060702, 2.35992521898811, -10.419339027639069, -25.851751193037146], "x": ["2019-01", "2019-02", "2019-03", "2019-04", "2019-05", "2019-06", "2019-07", "2019-08", "2019-09", "2019-10", "2019-11", "2019-12", "2020-01", "2020-02", "2020-03", "2020-04", "2020-05", "2020-06", "2020-07", "2020-08", "2020-09", "2020-10", "2020-11", "2020-12"], "y": [54.10256576538086, 54.20486068725586, 57.12125015258789, 59.97405242919922, 54.96152877807617, 47.930763244628906, 47.930763244628906, 26.963830947875977, 17.833499908447266, 17.985137939453125, 15.752095222473145, 12.655729293823242, 54.48073959350586, 73.84979248046875, 80.15048217773438, 75.77891540527344, 70.01145935058594, 67.91110229492188, 57.84445571899414, 60.36507034301758, 52.869110107421875, 44.70833206176758, 62.041419982910156, 61.99323272705078]}, "spi_01": {"px": [], "py": [], "pt": [], "pb": [], "x": ["2019-01", "2019-02", "2019-03", "2019-04", "2019-05", "2019-06", "2019-07", "2019-08", "2019-09", "2019-10", "2019-11", "2019-12", "2020-01", "2020-02", "2020-03", "2020-04", "2020-05", "2020-06", "2020-07", "2020-08", "2020-09", "2020-10", "2020-11", "2020-12"], "y": [NaN, NaN, NaN, NaN, NaN, NaN, NaN, NaN, NaN, NaN, NaN, NaN, NaN, NaN, NaN, NaN, NaN, NaN, NaN, NaN, NaN, NaN, NaN, NaN]}, "spi_03": {"px": [], "py": [], "pt": [], "pb": [], "x": ["2019-01", "2019-02", "2019-03", "2019-04", "2019-05", "2019-06", "2019-07", "2019-08", "2019-09", "2019-10", "2019-11", "2019-12", "2020-01", "2020-02", "2020-03", "2020-04", "2020-05", "2020-06", "2020-07"], "y": [NaN, NaN, NaN, NaN, NaN, NaN, NaN, NaN, NaN, NaN, NaN, NaN, NaN, NaN, NaN, NaN, NaN, NaN, NaN]}, "spi_06": {"px": [], "py": [], "pt": [], "pb": [], "x": ["2019-01", "2019-02", "2019-03", "2019-04", "2019-05", "2019-06", "2019-07", "2019-08", "2019-09", "2019-10", "2019-11", "2019-12", "2020-01", "2020-02", "2020-03", "2020-04", "2020-05", "2020-06", "2020-07"], "y": [NaN, NaN, NaN, NaN, NaN, NaN, NaN, NaN, NaN, NaN, NaN, NaN, NaN, NaN, NaN, NaN, NaN, NaN, NaN]}, "spi_12": {"px": [], "py": [], "pt": [], "pb": [], "x": ["2019-01", "2019-02", "2019-03", "2019-04", "2019-05", "2019-06", "2019-07", "2019-08", "2019-09", "2019-10", "2019-11", "2019-12", "2020-01", "2020-02", "2020-03", "2020-04", "2020-05", "2020-06", "2020-07", "2020-08", "2020-09", "2020-10", "2020-11", "2020-12"], "y": [NaN, NaN, NaN, NaN, NaN, NaN, NaN, NaN, NaN, NaN, NaN, NaN, NaN, NaN, NaN, NaN, NaN, NaN, NaN, NaN, NaN, NaN, NaN, NaN], "geox": [-38.648904987058955, -38.646319963078525, -38.647316970478975, -38.647196968287666, -38.64629395885158, -38.64490494659167, -38.64529794834233, -38.64312792729422, -38.64348992957498, -38.64544994582789, -38.64563594690857, -38.64139890562986, -38.63860487988849, -38.635554853314645, -38.63410683866223, -38.628643789666675, -38.62767778050457, -38.62897878994119, -38.62873778686741, -38.62759077613569, -38.62475175234925, -38.618983701320026, -38.6163276787112, -38.61551767120446, -38.61738668580235, -38.618748695075475, -38.61850869050486, -38.61401264851945, -38.61286563831708, -38.612443633839234, -38.613169639368984, -38.612296630180985, -38.609578605932995, -38.60795059045714, -38.608223590852575, -38.60695857734984, -38.606053569492474, -38.6058135663529, -38.603831549896235, -38.6002255184646, -38.59832550126301, -38.59740849130097, -38.59441046433795, -38.59230744299637, -38.58720139925877, -38.58622239033, -38.587434398840216, -38.586979394276966, -38.57393628180991, -38.572495268550654, -38.57252326788323, -38.57065225113366, -38.567794220634404, -38.56253717922569, -38.559282152187876, -38.54751205229123, -38.54246900867546, -38.532219921278035, -38.51953281178215, -38.50255566347274, -38.4950615992802, -38.46612035082484, -38.452013228748854, -38.439392120746376, -38.43029404212123, -38.42820902377719, -38.42486899333316, -38.423179976909225, -38.41827396262259, -38.41778396256799, -38.41899097497701, -38.417911967350854, -38.41960098322155, -38.4185829765579, -38.41907998267397, -38.42228501788044, -38.42595506076329, -38.42791908002216, -38.43283112506085, -38.43101111889713, -38.427307104664244, -38.42340709173534, -38.422832087144585, -38.4142140116771, -38.40496293286041, -38.40311691758747, -38.40039489683544, -38.39842088314658, -38.38771179647358, -38.415659038315674, -38.43316319182575, -38.44716431434044, -38.4545503763054, -38.46208344424231, -38.47218753314469, -38.48002560077711, -38.49263271192057, -38.50366280749072, -38.50480081775066, -38.50534682372981, -38.503150806522505, -38.50319580790102, -38.50404381581784, -38.5144499081807, -38.51594192194653, -38.52169297853835, -38.530856060697296, -38.533906090411726, -38.53659411864859, -38.54130216344135, -38.54658221212762, -38.551314252410656, -38.55784630596845, -38.56163333780665, -38.564279360641606, -38.56717838647503, -38.573042441946356, -38.57645447290846, -38.58301153953007, -38.585877567716885, -38.58904859776531, -38.58994760593617, -38.61221179903789, -38.61540182640302, -38.62578791187093, -38.633290974681856, -38.63421898288886, -38.63726201054791, -38.64013203535288, -38.663648231505356, -38.66508524424876, -38.66985329403423, -38.67302032042277, -38.674241327098954, -38.673869322502306, -38.6712682953769, -38.66388122397098, -38.66253820884011, -38.670393272650095, -38.67007326593239, -38.668428247210514, -38.67176527433661, -38.67240427856844, -38.67111626617529, -38.66885424613647, -38.667896236380486, -38.66625222137291, -38.66477120880372, -38.66237418677725, -38.66237318633239, -38.664897207460676, -38.66518720813067, -38.66173417766742, -38.65917615305085, -38.659417151827164, -38.65747713370492, -38.65996615433886, -38.66070015960825, -38.65892314286286, -38.65855013836886, -38.66306817554328, -38.663069174803965, -38.66185716342927, -38.659201140615394, -38.6584001332455, -38.658071129252264, -38.65910913650419, -38.66019014608104, -38.66043414620387, -38.661347152909364, -38.66093814636462, -38.65902712903345, -38.657599117326065, -38.65585610204151, -38.65512909523166, -38.65539209657582, -38.654960091291464, -38.65163506199205, -38.65103605592964, -38.65120905586254, -38.647742023760614, -38.65119705308198, -38.65231206034892, -38.650617044180116, -38.64987603612306, -38.64686400867805, -38.6457709949968, -38.64725600677255, -38.647142005118326, -38.64860001654077, -38.649616023126235, -38.64861801300063, -38.648106003804045, -38.649677015870104, -38.650074017438946, -38.652912041462415, -38.653335044433135, -38.65279403776235, -38.652525031941245, -38.64990000835647, -38.64893399787348, -38.65090001261055, -38.65210702378489, -38.65404003981764, -38.648904987058955],