{"IIS3": {"px": [], "py": [], "pt": [], "pb": [], "x": ["2019-01", "2019-02", "2019-03", "2019-04", "2019-05", "2019-06", "2019-07", "2019-08", "2019-09", "2019-10", "2019-11", "2019-12", "2020-01", "2020-02", "2020-03", "2020-04", "2020-05", "2020-06", "2020-07", "2020-08", "2020-09", "2020-10", "2020-11", "2020-12"], "y": [NaN, NaN, NaN, NaN, NaN, NaN, NaN, NaN, NaN, NaN, NaN, NaN, NaN, NaN, NaN, NaN, NaN, NaN, NaN, NaN, NaN, NaN, NaN, NaN]}, "VHI": {"px": ["2021-01", "2021-02", "2021-03", "2021-04", "2021-05", "2021-06", "2021-07", "2021-08", "2021-09", "2021-10", "2021-11", "2021-12"], "py": [47.88325611994193, 92.33923015029595, 112.39709146491603, 111.51591783163474, 93.37689354282277, 112.35568228411722, 113.0939792033268, 131.77875041017032, 116.69265263328879, 73.74034490053864, 57.12505007829681, 45.2799230348722], "pt": [65.40579246506877, 113.7998666194647, 137.17769991905493, 139.22148032462277, 123.72681661930503, 145.1373458850377, 148.1390516977509, 168.94966301444953, 155.8742348056627, 114.83433496266346, 100.0463228567401, 89.95380012895328], "pb": [30.360719774815095, 70.8785936811272, 87.61648301077713, 83.8103553386467, 63.026970466340515, 79.57401868319674, 78.0489067089027, 94.6078378058911, 77.51107046091488, 32.64635483841383, 14.203777299853513, 0.6060459407911125], "x": ["2019-01", "2019-02", "2019-03", "2019-04", "2019-05", "2019-06", "2019-07", "2019-08", "2019-09", "2019-10", "2019-11", "2019-12", "2020-01", "2020-02", "2020-03", "2020-04", "2020-05", "2020-06", "2020-07", "2020-08", "2020-09", "2020-10", "2020-11", "2020-12"], "y": [21.854000091552734, 53.782493591308594, 75.5790023803711, 85.42759704589844, 56.118499755859375, 71.12750244140625, 71.12750244140625, 84.25959777832031, 73.5667953491211, 43.08649826049805, 31.283750534057617, 23.292333602905273, 27.042083740234375, 58.39249801635742, 71.97466278076172, 71.46916198730469, 59.59299850463867, 74.52799987792969, 81.39799499511719, 79.81849670410156, 72.47440338134766, 52.47159957885742, 48.385501861572266, 42.62333297729492]}, "spi_01": {"px": [], "py": [], "pt": [], "pb": [], "x": ["2019-01", "2019-02", "2019-03", "2019-04", "2019-05", "2019-06", "2019-07", "2019-08", "2019-09", "2019-10", "2019-11", "2019-12", "2020-01", "2020-02", "2020-03", "2020-04", "2020-05", "2020-06", "2020-07", "2020-08", "2020-09", "2020-10", "2020-11", "2020-12"], "y": [NaN, NaN, NaN, NaN, NaN, NaN, NaN, NaN, NaN, NaN, NaN, NaN, NaN, NaN, NaN, NaN, NaN, NaN, NaN, NaN, NaN, NaN, NaN, NaN]}, "spi_03": {"px": [], "py": [], "pt": [], "pb": [], "x": ["2019-01", "2019-02", "2019-03", "2019-04", "2019-05", "2019-06", "2019-07", "2019-08", "2019-09", "2019-10", "2019-11", "2019-12", "2020-01", "2020-02", "2020-03", "2020-04", "2020-05", "2020-06", "2020-07"], "y": [NaN, NaN, NaN, NaN, NaN, NaN, NaN, NaN, NaN, NaN, NaN, NaN, NaN, NaN, NaN, NaN, NaN, NaN, NaN]}, "spi_06": {"px": [], "py": [], "pt": [], "pb": [], "x": ["2019-01", "2019-02", "2019-03", "2019-04", "2019-05", "2019-06", "2019-07", "2019-08", "2019-09", "2019-10", "2019-11", "2019-12", "2020-01", "2020-02", "2020-03", "2020-04", "2020-05", "2020-06", "2020-07"], "y": [NaN, NaN, NaN, NaN, NaN, NaN, NaN, NaN, NaN, NaN, NaN, NaN, NaN, NaN, NaN, NaN, NaN, NaN, NaN]}, "spi_12": {"px": [], "py": [], "pt": [], "pb": [], "x": ["2019-01", "2019-02", "2019-03", "2019-04", "2019-05", "2019-06", "2019-07", "2019-08", "2019-09", "2019-10", "2019-11", "2019-12", "2020-01", "2020-02", "2020-03", "2020-04", "2020-05", "2020-06", "2020-07", "2020-08", "2020-09", "2020-10", "2020-11", "2020-12"], "y": [NaN, NaN, NaN, NaN, NaN, NaN, NaN, NaN, NaN, NaN, NaN, NaN, NaN, NaN, NaN, NaN, NaN, NaN, NaN, NaN, NaN, NaN, NaN, NaN], "geox": [-35.55051617546079, -35.53554500644044, -35.53660201316017, -35.534862993856834, -35.534363987946776, -35.53504999241556, -35.536562003909744, -35.5399520326328, -35.539683029215595, -35.5410070376049, -35.54170903485078, -35.536213983443474, -35.53171394188597, -35.5311139366988, -35.5265148945437, -35.522854863265174, -35.520883847058634, -35.517679819182725, -35.51432679093728, -35.51307778106393, -35.51192077076317, -35.508207738337354, -35.500214671067575, -35.48986557889953, -35.485480542572745, -35.483225519777335, -35.47715646619073, -35.47722746779912, -35.472707428798536, -35.47261642846618, -35.46659737434951, -35.450302235979635, -35.44373518032103, -35.445470196771424, -35.44705621279932, -35.443813185364895, -35.443626184486575, -35.445485204110746, -35.45511229232021, -35.45765031591308, -35.46628039780559, -35.472090451207656, -35.478629513169146, -35.48441756710114, -35.49373365170173, -35.49978270759082, -35.50486175536224, -35.507516781454804, -35.51074781221677, -35.51835588239045, -35.52720596707457, -35.532350013229646, -35.54768915063552, -35.55051617546079], "geoy": [-6.200305748087586, -6.142516289851793, -6.137855251517801, -6.131655202395787, -6.129250183234882, -6.1264001597677415, -6.122887130444406, -6.119986104956743, -6.118297091450038, -6.112390042865052, -6.097077918527112, -6.09358589351291, -6.091644880461327, -6.091985883576744, -6.09054187460514, -6.093241898629041, -6.095776920318768, -6.0973049345852575, -6.100474962234626, -6.102752981417089, -6.102908983365111, -6.104478998274755, -6.112150065116725, -6.113524082375717, -6.118718127031017, -6.114438093712213, -6.11604311030631, -6.117683123544639, -6.120418148372398, -6.121238155066539, -6.121199158320733, -6.134862278639642, -6.1405533286291965, -6.141990339234232, -6.144971362429408, -6.147866387800929, -6.149217398851464, -6.1541144373934795, -6.1569154543305755, -6.158223463404859, -6.165475516949069, -6.167457529516908, -6.172806568887825, -6.176013591369434, -6.177494597771074, -6.180062614917527, -6.183632640744313, -6.187369669370745, -6.190261690815298, -6.193302710831467, -6.201933775276956, -6.2018477714855615, -6.201242757361261, -6.200305748087586]}}