{"IIS3": {"px": [], "py": [], "pt": [], "pb": [], "x": ["2019-01", "2019-02", "2019-03", "2019-04", "2019-05", "2019-06", "2019-07", "2019-08", "2019-09", "2019-10", "2019-11", "2019-12", "2020-01", "2020-02", "2020-03", "2020-04", "2020-05", "2020-06", "2020-07", "2020-08", "2020-09", "2020-10", "2020-11", "2020-12"], "y": [NaN, NaN, NaN, NaN, NaN, NaN, NaN, NaN, NaN, NaN, NaN, NaN, NaN, NaN, NaN, NaN, NaN, NaN, NaN, NaN, NaN, NaN, NaN, NaN]}, "VHI": {"px": ["2021-01", "2021-02", "2021-03", "2021-04", "2021-05", "2021-06", "2021-07", "2021-08", "2021-09", "2021-10", "2021-11", "2021-12"], "py": [97.72785566824322, 116.67787538358033, 113.3871490336787, 107.67455928529364, 99.47468328298031, 83.39596245607169, 85.69703964824635, 52.330132368276196, 49.69734010685994, 53.577441950402985, 54.95358593651889, 51.58742836275961], "pt": [124.78846807787045, 145.65110930852504, 144.1543364929682, 140.1367120826754, 133.54758900477128, 119.00683782317759, 122.78215774832859, 90.83308711960072, 89.56774347412022, 94.76992433194363, 97.42701462833787, 95.30428649465799], "pb": [70.66724325861601, 87.70464145863562, 82.61996157438917, 75.2124064879119, 65.40177756118935, 47.78508708896577, 48.611921548164105, 13.827177616951666, 9.82693673959966, 12.384959568862342, 12.480157244699903, 7.87057023086124], "x": ["2019-01", "2019-02", "2019-03", "2019-04", "2019-05", "2019-06", "2019-07", "2019-08", "2019-09", "2019-10", "2019-11", "2019-12", "2020-01", "2020-02", "2020-03", "2020-04", "2020-05", "2020-06", "2020-07", "2020-08", "2020-09", "2020-10", "2020-11", "2020-12"], "y": [54.36189270019531, 44.450897216796875, 60.719547271728516, 58.205604553222656, 51.724552154541016, 40.109046936035156, 40.109046936035156, 21.3508243560791, 20.36164665222168, 22.684900283813477, 23.5639705657959, 21.778026580810547, 55.06514358520508, 67.42881774902344, 66.98078155517578, 63.73686599731445, 58.826602935791016, 50.22163391113281, 36.70549011230469, 39.49985122680664, 43.478878021240234, 20.514280319213867, 47.3879508972168, 58.379730224609375]}, "spi_01": {"px": [], "py": [], "pt": [], "pb": [], "x": ["2019-01", "2019-02", "2019-03", "2019-04", "2019-05", "2019-06", "2019-07", "2019-08", "2019-09", "2019-10", "2019-11", "2019-12", "2020-01", "2020-02", "2020-03", "2020-04", "2020-05", "2020-06", "2020-07", "2020-08", "2020-09", "2020-10", "2020-11", "2020-12"], "y": [NaN, NaN, NaN, NaN, NaN, NaN, NaN, NaN, NaN, NaN, NaN, NaN, NaN, NaN, NaN, NaN, NaN, NaN, NaN, NaN, NaN, NaN, NaN, NaN]}, "spi_03": {"px": [], "py": [], "pt": [], "pb": [], "x": ["2019-01", "2019-02", "2019-03", "2019-04", "2019-05", "2019-06", "2019-07", "2019-08", "2019-09", "2019-10", "2019-11", "2019-12", "2020-01", "2020-02", "2020-03", "2020-04", "2020-05", "2020-06", "2020-07"], "y": [NaN, NaN, NaN, NaN, NaN, NaN, NaN, NaN, NaN, NaN, NaN, NaN, NaN, NaN, NaN, NaN, NaN, NaN, NaN]}, "spi_06": {"px": [], "py": [], "pt": [], "pb": [], "x": ["2019-01", "2019-02", "2019-03", "2019-04", "2019-05", "2019-06", "2019-07", "2019-08", "2019-09", "2019-10", "2019-11", "2019-12", "2020-01", "2020-02", "2020-03", "2020-04", "2020-05", "2020-06", "2020-07"], "y": [NaN, NaN, NaN, NaN, NaN, NaN, NaN, NaN, NaN, NaN, NaN, NaN, NaN, NaN, NaN, NaN, NaN, NaN, NaN]}, "spi_12": {"px": [], "py": [], "pt": [], "pb": [], "x": ["2019-01", "2019-02", "2019-03", "2019-04", "2019-05", "2019-06", "2019-07", "2019-08", "2019-09", "2019-10", "2019-11", "2019-12", "2020-01", "2020-02", "2020-03", "2020-04", "2020-05", "2020-06", "2020-07", "2020-08", "2020-09", "2020-10", "2020-11", "2020-12"], "y": [NaN, NaN, NaN, NaN, NaN, NaN, NaN, NaN, NaN, NaN, NaN, NaN, NaN, NaN, NaN, NaN, NaN, NaN, NaN, NaN, NaN, NaN, NaN, NaN], "geox": [-41.506676056672084, -41.48440282609937, -41.44218140134413, -41.39723400128364, -41.40101302918718, -41.391753933074476, -41.39897099093451, -41.39382194156212, -41.37518876253932, -41.368274706822994, -41.36015664377585, -41.35250758003716, -41.345275520994605, -41.339379471002225, -41.33644545088998, -41.333089425436185, -41.32935439527896, -41.32348734972538, -41.30866522523971, -41.3062262056775, -41.3026261745685, -41.30091415909653, -41.2989911435593, -41.29444410953972, -41.29134408904713, -41.296224134332384, -41.29661514085366, -41.29586313866588, -41.29718915448309, -41.29355312930719, -41.28737007814754, -41.284413054598744, -41.28204303493858, -41.27732499338025, -41.275029974409094, -41.27255196082303, -41.27293496575885, -41.27236896373543, -41.27284896930047, -41.27590999845044, -41.27470699169317, -41.27137396618967, -41.26817794185256, -41.26578792481821, -41.265499923812484, -41.26677793744183, -41.26601293319865, -41.26328991346098, -41.262580909326644, -41.263198916177586, -41.24536575930557, -41.23671063311317, -41.15741399067988, -41.17993820976615, -41.059154217848764, -41.03305400230121, -41.095103579918636, -41.16013816132213, -41.2068885170451, -41.2481078812425, -41.308086378643075, -41.3536758258977, -41.382702059599374, -41.506676056672084], "geoy": [-7.738608192699735, -7.688371846836413, -7.60658428761714, -7.5797411302245425, -7.575296094564889, -7.553723944965137, -7.55056591577826, -7.543322867257946, -7.516647688152136, -7.51936871388027, -7.525365764573057, -7.525917775074565, -7.527885795574854, -7.52730779633371, -7.532634837759483, -7.535843864058511, -7.537263877600264, -7.541636914536853, -7.541642927126834, -7.5427319371546115, -7.541710932734653, -7.540427924800002, -7.54115493174403, -7.546074971575679, -7.552605021957668, -7.5576390546333885, -7.5614390820864585, -7.566286118162101, -7.571770157127209, -7.578067206247623, -7.578997218301948, -7.580519231942161, -7.580819236150237, -7.5785832238129345, -7.5789542284758795, -7.587433292575364, -7.589442306936805, -7.59264033079733, -7.59443034347379, -7.598431370112143, -7.602349399773888, -7.6052814240448186, -7.608231448331329, -7.611797476433064, -7.613448488745177, -7.616814512253345, -7.619364531541379, -7.62303856071559, -7.625165576864271, -7.627093590424081, -7.61900754656323, -7.55644509631912, -7.585452375887905, -7.6199956096066845, -7.649678929974627, -7.6549459908477235, -7.718220400895305, -7.756830626833943, -7.713362268963784, -7.733423379731129, -7.7255762705275615, -7.798909764841428, -7.787478656275614, -7.738608192699735]}}