{"IIS3": {"px": [], "py": [], "pt": [], "pb": [], "x": ["2019-01", "2019-02", "2019-03", "2019-04", "2019-05", "2019-06", "2019-07", "2019-08", "2019-09", "2019-10", "2019-11", "2019-12", "2020-01", "2020-02", "2020-03", "2020-04", "2020-05", "2020-06", "2020-07", "2020-08", "2020-09", "2020-10", "2020-11", "2020-12"], "y": [NaN, NaN, NaN, NaN, NaN, NaN, NaN, NaN, NaN, NaN, NaN, NaN, NaN, NaN, NaN, NaN, NaN, NaN, NaN, NaN, NaN, NaN, NaN, NaN]}, "VHI": {"px": ["2021-01", "2021-02", "2021-03", "2021-04", "2021-05", "2021-06", "2021-07", "2021-08", "2021-09", "2021-10", "2021-11", "2021-12"], "py": [100.02964220646757, 197.99935041602285, 286.57713436731177, 308.6965233100714, 302.072647612535, 286.221813877661, 272.9809478613528, 204.36187989036605, 205.10238987346233, 153.2584334971247, 89.03143421431626, 50.34922780711409], "pt": [164.2808354730273, 276.6906696545997, 377.4420429450373, 410.2865794089299, 413.3589782443786, 406.4247891853913, 401.4833336764092, 340.6592424748725, 348.7724247966265, 303.94083732104184, 246.41407210517394, 214.15827089331134], "pb": [35.77844893990782, 119.30803117744601, 195.71222578958626, 207.10646721121293, 190.78631698069137, 166.01883856993072, 144.47856204629633, 68.0645173058596, 61.432354950298134, 2.5760296732076142, -68.3512036765414, -113.45981527908316], "x": ["2019-01", "2019-02", "2019-03", "2019-04", "2019-05", "2019-06", "2019-07", "2019-08", "2019-09", "2019-10", "2019-11", "2019-12", "2020-01", "2020-02", "2020-03", "2020-04", "2020-05", "2020-06", "2020-07", "2020-08", "2020-09", "2020-10", "2020-11", "2020-12"], "y": [30.398822784423828, 27.254047393798828, 43.594051361083984, 56.056095123291016, 57.79475402832031, 44.039451599121094, 44.039451599121094, 31.65597915649414, 33.380760192871094, 24.927648544311523, 12.94612979888916, 5.562788963317871, 19.58995246887207, 46.390071868896484, 72.70523071289062, 80.24071502685547, 80.5197982788086, 79.54627990722656, 78.40953826904297, 76.89395141601562, 58.685020446777344, 36.43437957763672, 48.59214782714844, 44.940303802490234]}, "spi_01": {"px": ["2021-01", "2021-02", "2021-03", "2021-04", "2021-05", "2021-06", "2021-07", "2021-08", "2021-09", "2021-10", "2021-11", "2021-12"], "py": [1.8842458162743032, 0.9263876673550491, 2.4767936015182865, 1.8841822412422058, 2.9549283031727693, 0.41941217336757974, 1.877546587555467, 1.47294401467222, 1.3055576903308026, 0.21244420682798593, -1.2207057008876454, -0.07464156671479971], "pt": [4.348174139663659, 3.390315990744405, 4.940721924907642, 4.348110564631563, 5.4188566265621265, 2.8833404967569365, 4.341474910944823, 3.936872338061577, 3.76948601372016, 2.6763725302173436, 1.2432226225017118, 2.389286756674559], "pb": [-0.5796825071150522, -1.5375406560343068, 0.01286527812893068, -0.579746082147151, 0.4909999797834126, -2.044516150021777, -0.5863817358338896, -0.9909843087171373, -1.1583706330585546, -2.2514841165613717, -3.684634024277003, -2.5385698901041582], "x": ["2019-01", "2019-02", "2019-03", "2019-04", "2019-05", "2019-06", "2019-07", "2019-08", "2019-09", "2019-10", "2019-11", "2019-12", "2020-01", "2020-02", "2020-03", "2020-04", "2020-05", "2020-06", "2020-07", "2020-08", "2020-09", "2020-10", "2020-11", "2020-12"], "y": [-1.800072193145752, 0.19852104783058167, 1.3699078559875488, 0.2625601291656494, 0.6958101391792297, -0.1325390338897705, 0.6237021088600159, 0.43539273738861084, 0.28601527214050293, -0.5329866409301758, -1.5915107727050781, -0.699394702911377, 1.07713782787323, 0.20642215013504028, 1.369600772857666, 0.8731306791305542, 1.829126238822937, -0.19303485751152039, -0.17437784373760223, -0.06506948173046112, -0.15322308242321014, -0.09004096686840057, 0.3729017972946167, -1.6016857624053955]}, "spi_03": {"px": [], "py": [], "pt": [], "pb": [], "x": ["2019-01", "2019-02", "2019-03", "2019-04", "2019-05", "2019-06", "2019-07", "2019-08", "2019-09", "2019-10", "2019-11", "2019-12", "2020-01", "2020-02", "2020-03", "2020-04", "2020-05", "2020-06", "2020-07"], "y": [-1.3322358131408691, -0.7858629822731018, 0.0012241806834936142, 0.8665018081665039, 1.1045182943344116, 0.2486690878868103, 0.4568370580673218, -0.114448182284832, 0.18768687546253204, -0.5880767107009888, -1.972814679145813, -1.967517375946045, -0.26502975821495056, 0.4861423969268799, 1.2987953424453735, 1.158402919769287, 1.5887646675109863, 1.198491096496582, 1.6453235149383545]}, "spi_06": {"px": [], "py": [], "pt": [], "pb": [], "x": ["2019-01", "2019-02", "2019-03", "2019-04", "2019-05", "2019-06", "2019-07", "2019-08", "2019-09", "2019-10", "2019-11", "2019-12", "2020-01", "2020-02", "2020-03", "2020-04", "2020-05", "2020-06", "2020-07"], "y": [-1.3997859954833984, -1.150471568107605, -0.2891198396682739, -0.33247408270835876, -0.02385557070374489, -0.04982435330748558, 0.8997737169265747, 1.090375304222107, 0.14632569253444672, -0.4983918368816376, -1.9806588888168335, -1.9210855960845947, -0.5856239199638367, -0.4806331694126129, 0.22104081511497498, 0.6274001598358154, 1.3154199123382568, 1.667588710784912, 1.3801560401916504]}, "spi_12": {"px": ["2021-01", "2021-02", "2021-03", "2021-04", "2021-05", "2021-06", "2021-07", "2021-08", "2021-09", "2021-10", "2021-11", "2021-12"], "py": [4.318198751086971, 4.130323995599423, 3.9975900102528756, 4.420666360525208, 4.583570002785939, 4.217442363276803, 4.389925141185552, 4.177876738363904, 4.183113859076646, 3.563315993500982, 2.2779531430531312, 1.2505855691461027], "pt": [5.516538166699197, 5.597984045411917, 5.692297857824656, 6.315407333699941, 6.65915474502917, 6.459330114489754, 6.786603959017516, 6.719938504460506, 6.862682236531482, 6.373671016671846, 5.213273231743198, 4.305763581942284], "pb": [3.119859335474745, 2.662663945786929, 2.3028821626810956, 2.5259253873504743, 2.507985260542709, 1.9755546120638527, 1.9932463233535884, 1.6358149722673008, 1.50354548162181, 0.7529609703301188, -0.657366945636936, -1.8045924436500789], "x": ["2019-01", "2019-02", "2019-03", "2019-04", "2019-05", "2019-06", "2019-07", "2019-08", "2019-09", "2019-10", "2019-11", "2019-12", "2020-01", "2020-02", "2020-03", "2020-04", "2020-05", "2020-06", "2020-07", "2020-08", "2020-09", "2020-10", "2020-11", "2020-12"], "y": [-0.40661442279815674, -0.8345772624015808, -0.35285109281539917, -0.47219160199165344, -0.3790978789329529, -0.3789823055267334, -0.377960741519928, -0.37836942076683044, -0.3252376616001129, -0.45542338490486145, -0.7763272523880005, -1.0435359477996826, 0.19258785247802734, 0.19263780117034912, 0.20415203273296356, 0.4263971447944641, 0.6017933487892151, 0.5992765426635742, 0.5967733263969421, 0.5949251055717468, 0.5622976422309875, 0.5679398775100708, 1.1337885856628418, 0.8632001876831055],