{"IIS3": {"px": [], "py": [], "pt": [], "pb": [], "x": ["2019-01", "2019-02", "2019-03", "2019-04", "2019-05", "2019-06", "2019-07", "2019-08", "2019-09", "2019-10", "2019-11", "2019-12", "2020-01", "2020-02", "2020-03", "2020-04", "2020-05", "2020-06", "2020-07", "2020-08", "2020-09", "2020-10", "2020-11", "2020-12"], "y": [NaN, NaN, NaN, NaN, NaN, NaN, NaN, NaN, NaN, NaN, NaN, NaN, NaN, NaN, NaN, NaN, NaN, NaN, NaN, NaN, NaN, NaN, NaN, NaN]}, "VHI": {"px": ["2021-01", "2021-02", "2021-03", "2021-04", "2021-05", "2021-06", "2021-07", "2021-08", "2021-09", "2021-10", "2021-11", "2021-12"], "py": [46.940257741406896, 45.600855812050796, 48.480083456293954, 54.050265796323146, 54.40246824655708, 57.49977236373378, 52.81177109996533, 57.3236621375668, 44.86819385359968, 46.94738406857705, 46.73340684302944, 41.163902885376146], "pt": [57.09098328963509, 55.94399532852847, 59.01212224084044, 64.76787499152431, 65.30248901547904, 68.57920189168328, 64.0677501585221, 68.75346399361565, 56.46921434191911, 58.71713267558971, 58.669498673027476, 53.26405140000253], "pb": [36.7895321931787, 35.25771629557312, 37.94804467174747, 43.33265660112198, 43.502447477635116, 46.42034283578428, 41.55579204140855, 45.893860281517945, 33.26717336528024, 35.17763546156439, 34.79731501303141, 29.063754370749763], "x": ["2019-01", "2019-02", "2019-03", "2019-04", "2019-05", "2019-06", "2019-07", "2019-08", "2019-09", "2019-10", "2019-11", "2019-12", "2020-01", "2020-02", "2020-03", "2020-04", "2020-05", "2020-06", "2020-07", "2020-08", "2020-09", "2020-10", "2020-11", "2020-12"], "y": [50.80545425415039, 55.7928352355957, 62.45602035522461, 59.720542907714844, 62.793296813964844, 60.1823844909668, 60.1823844909668, 65.05982208251953, 51.226905822753906, 53.26170349121094, 53.0080451965332, 47.075042724609375, 51.47075653076172, 50.517173767089844, 53.6042594909668, 58.94402313232422, 58.34908676147461, 61.18899917602539, 64.80086517333984, 67.50886535644531, 45.19454574584961, 41.89181900024414, 37.73908996582031, 49.25833511352539]}, "spi_01": {"px": ["2021-01", "2021-02", "2021-03", "2021-04", "2021-05", "2021-06", "2021-07", "2021-08", "2021-09", "2021-10", "2021-11", "2021-12"], "py": [4.874105786370713, 17.466633078553624, 9.974542440189603, 11.174780600791944, 11.84097588719754, 8.553052400267186, 9.542412393732084, 11.143353977484413, 11.936842426534666, 9.871015672964312, 6.957210674048463, 0.1413482127443606], "pt": [10.168751815484118, 23.951223632437937, 17.46230263462993, 19.54635099154686, 21.011571772159634, 18.458428060140115, 20.131704392781046, 22.374994245897646, 23.77603079385787, 22.288061186083784, 19.926391733498583, 13.640099837643572], "pb": [-0.4205402427426925, 10.98204252466931, 2.4867822457492776, 2.8032102100370313, 2.6703800022354454, -1.3523232596057433, -1.0468796053168798, -0.08828629092882245, 0.09765405921146098, -2.5460298401551604, -6.011970385401657, -13.357403412154849], "x": ["2019-01", "2019-02", "2019-03", "2019-04", "2019-05", "2019-06", "2019-07", "2019-08", "2019-09", "2019-10", "2019-11", "2019-12", "2020-01", "2020-02", "2020-03", "2020-04", "2020-05", "2020-06", "2020-07", "2020-08", "2020-09", "2020-10", "2020-11", "2020-12"], "y": [-1.479989767074585, 0.39097046852111816, -0.14307808876037598, 0.9274682402610779, 0.5605220198631287, 0.045025523751974106, -0.37489551305770874, 0.07042775303125381, 0.30143070220947266, -0.3199426829814911, -1.1453090906143188, -2.891767740249634, -1.6886190176010132, 1.4292887449264526, -0.4661486744880676, -0.2512171268463135, -0.09876269847154617, -0.7610635161399841, -1.210303783416748, 0.45240384340286255, -0.5014232397079468, -1.0141021013259888, -0.3849506974220276, -0.017193671315908432]}, "spi_03": {"px": [], "py": [], "pt": [], "pb": [], "x": ["2019-01", "2019-02", "2019-03", "2019-04", "2019-05", "2019-06", "2019-07", "2019-08", "2019-09", "2019-10", "2019-11", "2019-12", "2020-01", "2020-02", "2020-03", "2020-04", "2020-05", "2020-06", "2020-07"], "y": [-1.4541895389556885, -1.0228111743927002, -0.8905161023139954, 0.3599388897418976, 0.3953973650932312, 0.770050585269928, -0.10113860666751862, -1.253436803817749, -0.18421246111392975, -0.29817232489585876, -1.0984503030776978, -2.6683900356292725, -2.7993624210357666, -1.2209556102752686, -0.27550208568573, 0.7369195222854614, -0.8226487636566162, -0.9103876948356628, -1.2130446434020996]}, "spi_06": {"px": [], "py": [], "pt": [], "pb": [], "x": ["2019-01", "2019-02", "2019-03", "2019-04", "2019-05", "2019-06", "2019-07", "2019-08", "2019-09", "2019-10", "2019-11", "2019-12", "2020-01", "2020-02", "2020-03", "2020-04", "2020-05", "2020-06", "2020-07"], "y": [-0.7960881590843201, -0.8009746670722961, -0.8277654647827148, -0.8157967925071716, -0.72255939245224, -0.6270862817764282, 0.27672064304351807, 0.09630690515041351, 0.4748404026031494, -0.5719946622848511, -1.3838766813278198, -2.407952070236206, -2.5991995334625244, -1.5063544511795044, -1.528173804283142, -1.5259143114089966, -1.341691017150879, -0.530204713344574, 0.49561718106269836]}, "spi_12": {"px": ["2021-01", "2021-02", "2021-03", "2021-04", "2021-05", "2021-06", "2021-07", "2021-08", "2021-09", "2021-10", "2021-11", "2021-12"], "py": [-0.29595796998368096, 0.5909374018575901, 0.5090293504167658, 0.19932512285399184, 0.1315872709166266, 0.06546906178465406, 0.9117629755281986, 0.5692566776778261, 0.5495532605952005, 0.23379514052809824, -0.04767826391903762, -0.8885752681018513], "pt": [0.9636869526788567, 2.1336810568315423, 2.290436277184277, 2.1909986132906516, 2.3133562656273465, 2.4220489140395927, 3.4310528067756447, 3.2413670622988775, 3.3662049183925475, 3.1879243210389, 3.037809034534531, 2.3229017320790906], "pb": [-1.5556028926462184, -0.9518062531163622, -1.2723775763507452, -1.792348367582668, -2.050181723794094, -2.291110790470284, -1.607526855719247, -2.1028537069432254, -2.2670983972021466, -2.7203340399827036, -3.133165562372606, -4.100052268282793], "x": ["2019-01", "2019-02", "2019-03", "2019-04", "2019-05", "2019-06", "2019-07", "2019-08", "2019-09", "2019-10", "2019-11", "2019-12", "2020-01", "2020-02", "2020-03", "2020-04", "2020-05", "2020-06", "2020-07", "2020-08", "2020-09", "2020-10", "2020-11", "2020-12"], "y": [-1.4074400663375854, -1.1588093042373657, -0.962981641292572, -0.6069494485855103, -0.4969278872013092, -0.47833552956581116, -0.47354063391685486, -0.6931352019309998, -0.7174547910690308, -0.9661008715629578, -1.2143802642822266, -1.770222544670105, -1.6008198261260986, -1.250389814376831, -1.375378966331482, -1.5898240804672241, -1.667980670928955, -1.6664046049118042, -1.6769580841064453, -1.7095540761947632, -1.8171584606170654, -1.9005481004714966, -1.6792500019073486, -0.7462007403373718],