{"IIS3": {"px": [], "py": [], "pt": [], "pb": [], "x": ["2019-01", "2019-02", "2019-03", "2019-04", "2019-05", "2019-06", "2019-07", "2019-08", "2019-09", "2019-10", "2019-11", "2019-12", "2020-01", "2020-02", "2020-03", "2020-04", "2020-05", "2020-06", "2020-07", "2020-08", "2020-09", "2020-10", "2020-11", "2020-12"], "y": [NaN, NaN, NaN, NaN, NaN, NaN, NaN, NaN, NaN, NaN, NaN, NaN, NaN, NaN, NaN, NaN, NaN, NaN, NaN, NaN, NaN, NaN, NaN, NaN]}, "VHI": {"px": ["2021-01", "2021-02", "2021-03", "2021-04", "2021-05", "2021-06", "2021-07", "2021-08", "2021-09", "2021-10", "2021-11", "2021-12"], "py": [53.526300405783175, 51.405999870776256, 52.83006146590286, 46.506154971479376, 39.780898875800844, 41.22924017757131, 45.73975269150145, 60.55509990397961, 52.599598334774015, 46.122392641947485, 53.10917639903293, 53.753253074456254], "pt": [58.11890925995472, 55.9986087249478, 57.4226703200744, 51.09876382565092, 44.37350772997239, 45.82184903174286, 50.332361545672995, 65.14770875815115, 57.19220718894556, 50.71500149611903, 57.70178525320448, 58.3458619286278], "pb": [48.93369155161163, 46.81339101660471, 48.237452611731314, 41.91354611730783, 35.1882900216293, 36.63663132339977, 41.14714383732991, 55.962491049808065, 48.00698948060247, 41.52978378777594, 48.51656754486139, 49.16064422028471], "x": ["2019-01", "2019-02", "2019-03", "2019-04", "2019-05", "2019-06", "2019-07", "2019-08", "2019-09", "2019-10", "2019-11", "2019-12", "2020-01", "2020-02", "2020-03", "2020-04", "2020-05", "2020-06", "2020-07", "2020-08", "2020-09", "2020-10", "2020-11", "2020-12"], "y": [50.393863677978516, 47.59477233886719, 49.905677795410156, 42.98654556274414, 34.24068069458008, 43.946815490722656, 43.946815490722656, 58.6983642578125, 51.14654541015625, 44.98681640625, 52.19350051879883, 52.86119842529297, 53.240745544433594, 51.44525146484375, 52.92620086669922, 46.321998596191406, 39.326358795166016, 40.63908767700195, 49.18977355957031, 62.0099983215332, 50.22818374633789, 40.18927001953125, 50.3272705078125, 52.4327278137207]}, "spi_01": {"px": [], "py": [], "pt": [], "pb": [], "x": ["2019-01", "2019-02", "2019-03", "2019-04", "2019-05", "2019-06", "2019-07", "2019-08", "2019-09", "2019-10", "2019-11", "2019-12", "2020-01", "2020-02", "2020-03", "2020-04", "2020-05", "2020-06", "2020-07", "2020-08", "2020-09", "2020-10", "2020-11", "2020-12"], "y": [NaN, NaN, NaN, NaN, NaN, NaN, NaN, NaN, NaN, NaN, NaN, NaN, NaN, NaN, NaN, NaN, NaN, NaN, NaN, NaN, NaN, NaN, NaN, NaN]}, "spi_03": {"px": [], "py": [], "pt": [], "pb": [], "x": ["2019-01", "2019-02", "2019-03", "2019-04", "2019-05", "2019-06", "2019-07", "2019-08", "2019-09", "2019-10", "2019-11", "2019-12", "2020-01", "2020-02", "2020-03", "2020-04", "2020-05", "2020-06", "2020-07"], "y": [NaN, NaN, NaN, NaN, NaN, NaN, NaN, NaN, NaN, NaN, NaN, NaN, NaN, NaN, NaN, NaN, NaN, NaN, NaN]}, "spi_06": {"px": [], "py": [], "pt": [], "pb": [], "x": ["2019-01", "2019-02", "2019-03", "2019-04", "2019-05", "2019-06", "2019-07", "2019-08", "2019-09", "2019-10", "2019-11", "2019-12", "2020-01", "2020-02", "2020-03", "2020-04", "2020-05", "2020-06", "2020-07"], "y": [NaN, NaN, NaN, NaN, NaN, NaN, NaN, NaN, NaN, NaN, NaN, NaN, NaN, NaN, NaN, NaN, NaN, NaN, NaN]}, "spi_12": {"px": [], "py": [], "pt": [], "pb": [], "x": ["2019-01", "2019-02", "2019-03", "2019-04", "2019-05", "2019-06", "2019-07", "2019-08", "2019-09", "2019-10", "2019-11", "2019-12", "2020-01", "2020-02", "2020-03", "2020-04", "2020-05", "2020-06", "2020-07", "2020-08", "2020-09", "2020-10", "2020-11", "2020-12"], "y": [NaN, NaN, NaN, NaN, NaN, NaN, NaN, NaN, NaN, NaN, NaN, NaN, NaN, NaN, NaN, NaN, NaN, NaN, NaN, NaN, NaN, NaN, NaN, NaN], "geox": [-42.013579702295985, -42.0102236710081, -42.008221655351385, -42.002503603980536, -42.00258559937849, -42.00191659125689, -41.99738254691657, -41.99669753567314, -41.993279493614146, -41.9859934249373, -41.981024387593834, -41.979085367388635, -41.9757583396873, -41.97191130270885, -41.96978028450363, -41.968004272872655, -41.96617327415349, -41.96471426352062, -41.96352724812529, -41.959271198652004, -41.957856178586695, -41.95339613359188, -41.953279124157206, -41.95166510276709, -41.94730205565633, -41.94308501904662, -41.94144901499551, -41.93875499388142, -41.936645983806905, -41.931860944213405, -41.92957992706311, -41.92813990655952, -41.92314185349712, -41.92244383858002, -41.921465827482415, -41.9151107661426, -41.9121677379553, -41.91113872986892, -41.90711070737226, -41.901941658794215, -41.89752661953655, -41.88182746333126, -41.877697415600835, -41.87669239910032, -41.87541338516656, -41.87160335180767, -41.86608130922485, -41.859875253656185, -41.85828324091909, -41.857193233760384, -41.854301206518166, -41.848371156327154, -41.84505213308332, -41.844795135484716, -41.84567515036937, -41.84537415856265, -41.84291714660293, -41.84092613036949, -41.84003912538718, -41.841018153944404, -41.83877513704984, -41.838920148444366, -41.837605138950266, -41.83780414511074, -41.83651913947661, -41.84738623380412, -41.84874124332642, -41.84986424765198, -41.85183625725603, -41.85447228289425, -41.863441363290626, -41.86647438284294, -41.87300243689704, -41.87508345059515, -41.87847549852683, -41.877998497882736, -41.874893477229726, -41.87428147581834, -41.87466849202743, -41.87356048920819, -41.87582651799243, -41.879744559861614, -41.8821735913164, -41.887443643701985, -41.88370061627463, -41.886700649598644, -41.88837366587522, -41.8930827070832, -41.895445724907766, -41.89968776453018, -41.90300079151133, -41.90400280135157, -41.903579801356656, -41.89886876697108, -41.90043478898006, -41.904199830033484, -41.90542585062367, -41.91020490289921, -41.912101926137574, -41.91258193334483, -41.911470930858876, -41.91282994817978, -41.9141049614971, -41.9188290050294, -41.92822010925037, -41.93238619758627, -41.9331632062668, -41.93500922260242, -41.93822624904703, -41.940913281610065, -41.9439713085505, -41.947660346373375, -41.95341339572871, -41.95638842607368, -41.95923545912778, -41.96175548444904, -41.96327450475208, -41.963776510752716, -41.970249569144016, -41.9728875913082, -41.97664361713603, -41.97877863429265, -41.976165598677476, -41.97888761540984, -41.98002961275746, -41.98164361895265, -41.98564064302752, -41.99097368916686, -41.9951987340529, -41.998677764871076, -42.00044777767578, -42.00788384280159, -42.01587391977619, -42.01725193573779, -42.01769694995194, -42.02119499096705, -42.022398008522536, -42.02349401915228, -42.02992307330718, -42.03319110297731, -42.03742413545877, -42.04085816395733, -42.053556284181894, -42.05905533248226, -42.059114329835985, -42.05760931014833, -42.05502328170659, -42.054642272324465, -42.055476275312245, -42.059918309812346, -42.06011030341434, -42.063643330097456, -42.06321732389554, -42.0611083054777, -42.05909428371338, -42.05611025901766, -42.05407523909404, -42.051539219674055, -42.04614217420181, -42.04339414440641, -42.041866123897535, -42.037188083321425, -42.03422705316106, -42.029032006979634, -42.02469196504694, -42.023495936309835, -42.02020290146114, -42.01903388653977, -42.02044188925694, -42.01922787419648, -42.01939486372859, -42.01838685045187, -42.011090774961524, -42.00919075155009, -42.007107731313916, -42.00653272267078, -42.00652871940762, -42.00864373175893, -42.01001973416966, -42.00808271591731, -42.0081177138857, -42.01015773055029, -42.010805734094966, -42.011141731604056, -42.00897970526895, -42.01213871796137, -42.012189702396356, -42.013579702295985],