{"IIS3": {"px": [], "py": [], "pt": [], "pb": [], "x": ["2019-01", "2019-02", "2019-03", "2019-04", "2019-05", "2019-06", "2019-07", "2019-08", "2019-09", "2019-10", "2019-11", "2019-12", "2020-01", "2020-02", "2020-03", "2020-04", "2020-05", "2020-06", "2020-07", "2020-08", "2020-09", "2020-10", "2020-11", "2020-12"], "y": [NaN, NaN, NaN, NaN, NaN, NaN, NaN, NaN, NaN, NaN, NaN, NaN, NaN, NaN, NaN, NaN, NaN, NaN, NaN, NaN, NaN, NaN, NaN, NaN]}, "VHI": {"px": ["2021-01", "2021-02", "2021-03", "2021-04", "2021-05", "2021-06", "2021-07", "2021-08", "2021-09", "2021-10", "2021-11", "2021-12"], "py": [25.36856808726943, 36.53219428713548, 56.89076417367747, 52.61091156862423, 56.31529783584489, 61.53814080713076, 33.826669818345394, 73.4677392355966, 75.502160260237, 50.94469230429816, 39.93234201429814, 30.446321791196468], "pt": [53.77811620853342, 64.94174240839948, 85.30031229494146, 81.02045968988824, 84.7248459571089, 89.94768892839477, 62.2362179396094, 101.87728735686062, 103.91170838150103, 79.35424042556218, 68.34189013556217, 58.85586991246049], "pb": [-3.0409800339945576, 8.122646165871487, 28.481216052413473, 24.20136344736023, 27.905749714580885, 33.12859268586675, 5.4171216970813845, 45.05819111433259, 47.092612138972996, 22.535144183034134, 11.52279389303412, 2.036773669932444], "x": ["2019-01", "2019-02", "2019-03", "2019-04", "2019-05", "2019-06", "2019-07", "2019-08", "2019-09", "2019-10", "2019-11", "2019-12", "2020-01", "2020-02", "2020-03", "2020-04", "2020-05", "2020-06", "2020-07", "2020-08", "2020-09", "2020-10", "2020-11", "2020-12"], "y": [37.098819732666016, 64.81940460205078, 79.10911560058594, 60.281349182128906, 38.024559020996094, 38.21955871582031, 38.21955871582031, 79.16588592529297, 79.40247344970703, 53.29750061035156, 42.87486267089844, 34.82810974121094, 29.72263526916504, 42.5816650390625, 63.16410827636719, 57.10791778564453, 61.050437927246094, 67.03705596923828, 69.263671875, 67.26705932617188, 51.818115234375, 42.8961181640625, 49.7851448059082, 33.44705581665039]}, "spi_01": {"px": [], "py": [], "pt": [], "pb": [], "x": ["2019-01", "2019-02", "2019-03", "2019-04", "2019-05", "2019-06", "2019-07", "2019-08", "2019-09", "2019-10", "2019-11", "2019-12", "2020-01", "2020-02", "2020-03", "2020-04", "2020-05", "2020-06", "2020-07", "2020-08", "2020-09", "2020-10", "2020-11", "2020-12"], "y": [NaN, NaN, NaN, NaN, NaN, NaN, NaN, NaN, NaN, NaN, NaN, NaN, NaN, NaN, NaN, NaN, NaN, NaN, NaN, NaN, NaN, NaN, NaN, NaN]}, "spi_03": {"px": [], "py": [], "pt": [], "pb": [], "x": ["2019-01", "2019-02", "2019-03", "2019-04", "2019-05", "2019-06", "2019-07", "2019-08", "2019-09", "2019-10", "2019-11", "2019-12", "2020-01", "2020-02", "2020-03", "2020-04", "2020-05", "2020-06", "2020-07"], "y": [NaN, NaN, NaN, NaN, NaN, NaN, NaN, NaN, NaN, NaN, NaN, NaN, NaN, NaN, NaN, NaN, NaN, NaN, NaN]}, "spi_06": {"px": [], "py": [], "pt": [], "pb": [], "x": ["2019-01", "2019-02", "2019-03", "2019-04", "2019-05", "2019-06", "2019-07", "2019-08", "2019-09", "2019-10", "2019-11", "2019-12", "2020-01", "2020-02", "2020-03", "2020-04", "2020-05", "2020-06", "2020-07"], "y": [NaN, NaN, NaN, NaN, NaN, NaN, NaN, NaN, NaN, NaN, NaN, NaN, NaN, NaN, NaN, NaN, NaN, NaN, NaN]}, "spi_12": {"px": [], "py": [], "pt": [], "pb": [], "x": ["2019-01", "2019-02", "2019-03", "2019-04", "2019-05", "2019-06", "2019-07", "2019-08", "2019-09", "2019-10", "2019-11", "2019-12", "2020-01", "2020-02", "2020-03", "2020-04", "2020-05", "2020-06", "2020-07", "2020-08", "2020-09", "2020-10", "2020-11", "2020-12"], "y": [NaN, NaN, NaN, NaN, NaN, NaN, NaN, NaN, NaN, NaN, NaN, NaN, NaN, NaN, NaN, NaN, NaN, NaN, NaN, NaN, NaN, NaN, NaN, NaN], "geox": [-35.73605558209999, -35.704133249772994, -35.68044404311287, -35.67853302608577, -35.67127695873741, -35.66494989649704, -35.663032878616825, -35.65483180413204, -35.646751728947386, -35.64496471150839, -35.64386870097825, -35.6425026886557, -35.64114367756591, -35.63978166551308, -35.63908965826473, -35.63581162866352, -35.63363761062136, -35.632546600815445, -35.631736594706275, -35.630916587335584, -35.63158159106597, -35.63239559772777, -35.63058857769708, -35.63230759168187, -35.633159597952144, -35.62943255955285, -35.62737453993439, -35.62369750800537, -35.62246749690369, -35.621776489665166, -35.62244349388659, -35.62569852029957, -35.62706353247435, -35.63021856250945, -35.63143457346301, -35.63600461096366, -35.64088265464036, -35.64528469310754, -35.650516737077716, -35.65145374543322, -35.65267975712172, -35.67167192100836, -35.67000990493451, -35.66190982137564, -35.6229814630151, -35.60791432042552, -35.61659640542302, -35.61576039876836, -35.61503339522686, -35.613536382472454, -35.61119036148087, -35.60848233898684, -35.608397339115555, -35.60662232433815, -35.60477131082364, -35.60250129106641, -35.59925126359265, -35.59606423529181, -35.590619185976855, -35.588547166846176, -35.58684515001178, -35.58175710193629, -35.5785430701692, -35.57590904587937, -35.57329602422866, -35.571326006608246, -35.56812697694903, -35.56597395831936, -35.56457394447626, -35.563533936566, -35.55698187983525, -35.554260855521676, -35.553044845476926, -35.54967881628001, -35.545379780317454, -35.541993749094054, -35.539820727794776, -35.535973693377926, -35.529709640174424, -35.52877063169445, -35.52754161955451, -35.52481459450819, -35.5220055700299, -35.5206995593615, -35.5180725360416, -35.51570651410594, -35.515709516893864, -35.51408450633914, -35.51456351166931, -35.51728853663809, -35.519366556836715, -35.52369159664692, -35.52783963642927, -35.5273906346896, -35.52271959556799, -35.522350593207626, -35.523014600141124, -35.52162358944853, -35.52172259110639, -35.52257259939571, -35.52652263583511, -35.52672063899342, -35.528608657261856, -35.53003967299032, -35.53192169043742, -35.532036694228545, -35.53298970444028, -35.53572073023321, -35.53694674190601, -35.537716751177435, -35.53483572898213, -35.53788676569971, -35.56549503336934, -35.5438148807502, -35.536498833023906, -35.54475690373396, -35.54859193876477, -35.550717957598216, -35.55431098692902, -35.55852501895661, -35.605129426763085, -35.60880645425001, -35.617679526506286, -35.618951537463595, -35.62791161864676, -35.64088073695889, -35.64429676906611, -35.648557808139905, -35.67867308061466, -35.68186110888736, -35.69013818099537, -35.698211253775995, -35.700539274175064, -35.70267529222901, -35.71516940150592, -35.723260473720174, -35.72765851509866, -35.73176955259792, -35.73580259009361, -35.742782655796525, -35.745035675664084, -35.73605558209999],