{"IIS3": {"px": [], "py": [], "pt": [], "pb": [], "x": ["2019-01", "2019-02", "2019-03", "2019-04", "2019-05", "2019-06", "2019-07", "2019-08", "2019-09", "2019-10", "2019-11", "2019-12", "2020-01", "2020-02", "2020-03", "2020-04", "2020-05", "2020-06", "2020-07", "2020-08", "2020-09", "2020-10", "2020-11", "2020-12"], "y": [NaN, NaN, NaN, NaN, NaN, NaN, NaN, NaN, NaN, NaN, NaN, NaN, NaN, NaN, NaN, NaN, NaN, NaN, NaN, NaN, NaN, NaN, NaN, NaN]}, "VHI": {"px": ["2021-01", "2021-02", "2021-03", "2021-04", "2021-05", "2021-06", "2021-07", "2021-08", "2021-09", "2021-10", "2021-11", "2021-12"], "py": [48.70768264076591, 46.711711446359146, 69.31454870366854, 90.52891653071791, 104.32808418364812, 95.00699524242857, 55.105856704276036, 116.93416816310014, 98.32845859738295, 67.56028247154289, 53.01360110683005, 49.35529319109834], "pt": [83.75802215280787, 85.87788570832731, 112.2033830633047, 136.84214378965285, 153.82937634402717, 147.50309825928736, 110.43490638313912, 174.95801364731076, 158.92738227746986, 130.62923249922645, 118.45942117200985, 117.09463383162529], "pb": [13.657343128723952, 7.545537184390973, 26.42571434403238, 44.21568927178296, 54.826792023269064, 42.510892225569776, -0.22319297458705734, 58.910322678889514, 37.72953491729605, 4.491332443859342, -12.432218958349765, -18.384047449428593], "x": ["2019-01", "2019-02", "2019-03", "2019-04", "2019-05", "2019-06", "2019-07", "2019-08", "2019-09", "2019-10", "2019-11", "2019-12", "2020-01", "2020-02", "2020-03", "2020-04", "2020-05", "2020-06", "2020-07", "2020-08", "2020-09", "2020-10", "2020-11", "2020-12"], "y": [50.85472106933594, 39.239166259765625, 52.53342819213867, 61.46199417114258, 39.50138854980469, 26.657777786254883, 26.657777786254883, 63.99599838256836, 51.0642204284668, 31.60277557373047, 23.631071090698242, 23.49228286743164, 27.980712890625, 27.862499237060547, 44.87323760986328, 61.349761962890625, 74.10277557373047, 69.45555114746094, 67.24749755859375, 74.2186050415039, 58.30421829223633, 48.30710983276367, 60.09249496459961, 44.80000305175781]}, "spi_01": {"px": [], "py": [], "pt": [], "pb": [], "x": ["2019-01", "2019-02", "2019-03", "2019-04", "2019-05", "2019-06", "2019-07", "2019-08", "2019-09", "2019-10", "2019-11", "2019-12", "2020-01", "2020-02", "2020-03", "2020-04", "2020-05", "2020-06", "2020-07", "2020-08", "2020-09", "2020-10", "2020-11", "2020-12"], "y": [NaN, NaN, NaN, NaN, NaN, NaN, NaN, NaN, NaN, NaN, NaN, NaN, NaN, NaN, NaN, NaN, NaN, NaN, NaN, NaN, NaN, NaN, NaN, NaN]}, "spi_03": {"px": [], "py": [], "pt": [], "pb": [], "x": ["2019-01", "2019-02", "2019-03", "2019-04", "2019-05", "2019-06", "2019-07", "2019-08", "2019-09", "2019-10", "2019-11", "2019-12", "2020-01", "2020-02", "2020-03", "2020-04", "2020-05", "2020-06", "2020-07"], "y": [NaN, NaN, NaN, NaN, NaN, NaN, NaN, NaN, NaN, NaN, NaN, NaN, NaN, NaN, NaN, NaN, NaN, NaN, NaN]}, "spi_06": {"px": [], "py": [], "pt": [], "pb": [], "x": ["2019-01", "2019-02", "2019-03", "2019-04", "2019-05", "2019-06", "2019-07", "2019-08", "2019-09", "2019-10", "2019-11", "2019-12", "2020-01", "2020-02", "2020-03", "2020-04", "2020-05", "2020-06", "2020-07"], "y": [NaN, NaN, NaN, NaN, NaN, NaN, NaN, NaN, NaN, NaN, NaN, NaN, NaN, NaN, NaN, NaN, NaN, NaN, NaN]}, "spi_12": {"px": [], "py": [], "pt": [], "pb": [], "x": ["2019-01", "2019-02", "2019-03", "2019-04", "2019-05", "2019-06", "2019-07", "2019-08", "2019-09", "2019-10", "2019-11", "2019-12", "2020-01", "2020-02", "2020-03", "2020-04", "2020-05", "2020-06", "2020-07", "2020-08", "2020-09", "2020-10", "2020-11", "2020-12"], "y": [NaN, NaN, NaN, NaN, NaN, NaN, NaN, NaN, NaN, NaN, NaN, NaN, NaN, NaN, NaN, NaN, NaN, NaN, NaN, NaN, NaN, NaN, NaN, NaN], "geox": [-37.303051548264854, -37.29035943383587, -37.28771941118332, -37.285772395406745, -37.27944233916241, -37.27354828559118, -37.264635205728965, -37.257997144374414, -37.253643105667344, -37.2498030716451, -37.235747926980785, -37.25535507051056, -37.163446279975936, -37.158243234134005, -37.157298226704775, -37.15656022386999, -37.15558021575343, -37.153555197048995, -37.152805191133744, -37.1909696064371, -37.2124388002955, -37.21538382935302, -37.21610783841721, -37.215077834199924, -37.21894386739489, -37.22013887856134, -37.21902087225891, -37.21944287899037, -37.220146890936725, -37.219829893396685, -37.22144391009917, -37.22352892906404, -37.22916197801231, -37.23002698768185, -37.22966199030294, -37.23063199996467, -37.235362041605875, -37.236725054178194, -37.23757906717498, -37.23966508578879, -37.288392468415516, -37.303051548264854], "geoy": [-9.636030086496925, -9.634294085948161, -9.63509209449124, -9.636617107787224, -9.636592113792084, -9.635363110374263, -9.634668113895033, -9.632264102417809, -9.632238106477402, -9.632333110938744, -9.612362975355765, -9.581326724153154, -9.608010013161001, -9.608445021475587, -9.609433029790745, -9.613210058783274, -9.613817064280317, -9.613114060986987, -9.613879067443277, -9.690393602427541, -9.69337560363216, -9.696258622273788, -9.698891641227881, -9.703838679186205, -9.702663666610563, -9.70320766949813, -9.706847697779134, -9.709829719630807, -9.715518761414542, -9.720794801115717, -9.723146817083745, -9.723575818231794, -9.722450804283804, -9.72442881819523, -9.730284862261321, -9.731321869043816, -9.73091886137095, -9.731374863429295, -9.736766902821069, -9.736838901299283, -9.686553478060299, -9.636030086496925]}}