{"IIS3": {"px": [], "py": [], "pt": [], "pb": [], "x": ["2019-01", "2019-02", "2019-03", "2019-04", "2019-05", "2019-06", "2019-07", "2019-08", "2019-09", "2019-10", "2019-11", "2019-12", "2020-01", "2020-02", "2020-03", "2020-04", "2020-05", "2020-06", "2020-07", "2020-08", "2020-09", "2020-10", "2020-11", "2020-12"], "y": [NaN, NaN, NaN, NaN, NaN, NaN, NaN, NaN, NaN, NaN, NaN, NaN, NaN, NaN, NaN, NaN, NaN, NaN, NaN, NaN, NaN, NaN, NaN, NaN]}, "VHI": {"px": ["2021-01", "2021-02", "2021-03", "2021-04", "2021-05", "2021-06", "2021-07", "2021-08", "2021-09", "2021-10", "2021-11", "2021-12"], "py": [93.83618697394223, 99.23815785608664, 92.71843816959552, 87.81690349455988, 83.28060660580398, 104.88050822865264, 102.67118709118822, 110.97243451093729, 90.99225633510245, 89.04759958832241, 83.91476138183963, 69.1122777185578], "pt": [110.08373422147068, 119.13725797076967, 115.69593975675002, 113.50653122641302, 111.42218379711838, 135.2768856547246, 135.1662814046646, 145.4386868203375, 127.32287623166826, 127.15147519018544, 123.71296146294583, 110.5355576889956], "pb": [77.58863972641379, 79.33905774140362, 69.74093658244101, 62.12727576270676, 55.139029414489585, 74.48413080258071, 70.17609277771183, 76.50618220153709, 54.66163643853665, 50.94372398645939, 44.11656130073342, 27.688997748120023], "x": ["2019-01", "2019-02", "2019-03", "2019-04", "2019-05", "2019-06", "2019-07", "2019-08", "2019-09", "2019-10", "2019-11", "2019-12", "2020-01", "2020-02", "2020-03", "2020-04", "2020-05", "2020-06", "2020-07", "2020-08", "2020-09", "2020-10", "2020-11", "2020-12"], "y": [55.064117431640625, 56.22417068481445, 59.3599967956543, 52.91847610473633, 48.060001373291016, 58.69462203979492, 58.69462203979492, 64.28942108154297, 50.41420364379883, 48.693748474121094, 45.0399284362793, 35.169559478759766, 55.599891662597656, 60.02281188964844, 55.7518310546875, 52.51301956176758, 49.786495208740234, 67.09700012207031, 71.96136474609375, 71.06211853027344, 58.493194580078125, 53.268699645996094, 60.19049835205078, 65.3324966430664]}, "spi_01": {"px": ["2021-01", "2021-02", "2021-03", "2021-04", "2021-05", "2021-06", "2021-07", "2021-08", "2021-09", "2021-10", "2021-11", "2021-12"], "py": [1.839613463738683, 1.6744870306149622, 2.449468308424266, 1.4762194367190542, 0.6988709042149583, 0.3264288453782882, 1.4116736805551406, 1.6476659277884256, 1.7672877093196346, 1.777706733565731, 2.969279594706167, 0.8771239928581505], "pt": [3.563836685169261, 3.564456579922722, 4.491776825103544, 3.660266885217105, 3.0160032779219463, 2.7694068676435553, 3.974324807271622, 4.324645564851693, 4.553909168585591, 4.669816402515313, 5.963162945343228, 3.969433275127945], "pb": [0.1153902423081048, -0.21548251869279778, 0.40715979174498784, -0.7078280117789966, -1.6182614694920296, -2.1165491768869793, -1.150977446161341, -1.0293137092748426, -1.0193337499463206, -1.1144029353838505, -0.024603755930893367, -2.215185289411644], "x": ["2019-01", "2019-02", "2019-03", "2019-04", "2019-05", "2019-06", "2019-07", "2019-08", "2019-09", "2019-10", "2019-11", "2019-12", "2020-01", "2020-02", "2020-03", "2020-04", "2020-05", "2020-06", "2020-07", "2020-08", "2020-09", "2020-10", "2020-11", "2020-12"], "y": [0.3735028803348541, 0.5341012477874756, 0.6894944906234741, 0.6662194728851318, -1.194034218788147, -2.746432065963745, -0.06344962865114212, 0.09090318530797958, 0.16363273561000824, 0.14498181641101837, 0.9870864748954773, -0.38678789138793945, 0.5773748159408569, 0.3852674961090088, 0.9381327629089355, 0.20433582365512848, -0.3041350245475769, -0.49538835883140564, -0.8596625328063965, -0.1392512172460556, 0.057210516184568405, 0.7041401863098145, 3.0355656147003174, 0.9275171160697937]}, "spi_03": {"px": [], "py": [], "pt": [], "pb": [], "x": ["2019-01", "2019-02", "2019-03", "2019-04", "2019-05", "2019-06", "2019-07", "2019-08", "2019-09", "2019-10", "2019-11", "2019-12", "2020-01", "2020-02", "2020-03", "2020-04", "2020-05", "2020-06", "2020-07"], "y": [1.0666828155517578, 0.9785265326499939, 0.6983033418655396, 0.8144407272338867, 0.20495110750198364, -0.4166383147239685, -1.796769142150879, -1.6459358930587769, -0.2000800371170044, -0.09418004751205444, 0.4660603404045105, -0.22348837554454803, 0.3373928964138031, 0.3188183307647705, 0.8420496582984924, 0.6304321885108948, 0.35434213280677795, -0.18121260404586792, -0.7423413395881653]}, "spi_06": {"px": [], "py": [], "pt": [], "pb": [], "x": ["2019-01", "2019-02", "2019-03", "2019-04", "2019-05", "2019-06", "2019-07", "2019-08", "2019-09", "2019-10", "2019-11", "2019-12", "2020-01", "2020-02", "2020-03", "2020-04", "2020-05", "2020-06", "2020-07"], "y": [0.9140812158584595, 0.9213200211524963, 0.9822558164596558, 1.0037291049957275, 0.5850563645362854, 0.1501319259405136, 0.05113453418016434, -0.10603199899196625, -0.4659680128097534, -1.6990551948547363, -1.2535464763641357, -0.41608646512031555, 0.26201677322387695, 0.3534286618232727, 0.6671296954154968, 0.5742831230163574, 0.36166271567344666, 0.3963283896446228, 0.20023706555366516]}, "spi_12": {"px": ["2021-01", "2021-02", "2021-03", "2021-04", "2021-05", "2021-06", "2021-07", "2021-08", "2021-09", "2021-10", "2021-11", "2021-12"], "py": [1.0127692378583837, 0.9345931421053497, 1.1440095616473758, 0.7798374714214134, 1.0905292023868336, 1.2237817684821723, 1.2523002454049026, 1.2164473831861198, 1.2333039378589818, 1.3162860120812812, 1.39965245494979, 0.8474727203206927], "pt": [1.7067945873006196, 1.784597127339476, 2.1255096198029397, 1.8771878955817427, 2.2926163633906995, 2.5221842992467316, 2.640350936533037, 2.6886974673724886, 2.785191788069895, 2.9439197205297543, 3.099660419085019, 2.6168971090326503], "pb": [0.31874388841614776, 0.08458915687122337, 0.1625095034918118, -0.317512952738916, -0.1115579586170321, -0.0746207622823869, -0.13575044572323192, -0.25580270100024904, -0.31858391235193095, -0.3113476963671915, -0.3003555091854393, -0.9219516683912652], "x": ["2019-01", "2019-02", "2019-03", "2019-04", "2019-05", "2019-06", "2019-07", "2019-08", "2019-09", "2019-10", "2019-11", "2019-12", "2020-01", "2020-02", "2020-03", "2020-04", "2020-05", "2020-06", "2020-07", "2020-08", "2020-09", "2020-10", "2020-11", "2020-12"], "y": [-0.06166105344891548, -0.18474815785884857, 0.4631754457950592, 0.6100350618362427, 0.3203737139701843, 0.30260565876960754, 0.34673961997032166, 0.34288954734802246, 0.35208725929260254, 0.36275485157966614, 0.37560707330703735, 0.03397342190146446, 0.14154666662216187, 0.08317646384239197, 0.1956559121608734, -0.03085612691938877, 0.15411686897277832, 0.27452513575553894, 0.21736320853233337, 0.21232318878173828, 0.20982344448566437, 0.2361174076795578, 0.596394956111908, 0.8210387229919434],