{"IIS3": {"px": [], "py": [], "pt": [], "pb": [], "x": ["2019-01", "2019-02", "2019-03", "2019-04", "2019-05", "2019-06", "2019-07", "2019-08", "2019-09", "2019-10", "2019-11", "2019-12", "2020-01", "2020-02", "2020-03", "2020-04", "2020-05", "2020-06", "2020-07", "2020-08", "2020-09", "2020-10", "2020-11", "2020-12"], "y": [NaN, NaN, NaN, NaN, NaN, NaN, NaN, NaN, NaN, NaN, NaN, NaN, NaN, NaN, NaN, NaN, NaN, NaN, NaN, NaN, NaN, NaN, NaN, NaN]}, "VHI": {"px": ["2021-01", "2021-02", "2021-03", "2021-04", "2021-05", "2021-06", "2021-07", "2021-08", "2021-09", "2021-10", "2021-11", "2021-12"], "py": [105.46267252283099, 142.5144727436325, 159.6626280822804, 153.27245483694378, 158.63034339139747, 139.48273928353217, 120.21639853844826, 91.56448014711886, 81.74019200342873, 75.2389577241899, 73.90459984417137, 60.22069220325059], "pt": [139.88883631367997, 183.4596380209991, 206.22282960490458, 204.83986869554133, 214.76005012767382, 199.83081120415687, 184.50664344989184, 159.56875499076307, 153.2659020890085, 150.12068453042025, 151.9982539763697, 141.3992892714183], "pb": [71.036508731982, 101.56930746626588, 113.10242655965624, 101.70504097834622, 102.50063665512113, 79.13466736290748, 55.92615362700468, 23.560205303474632, 10.214481917848957, 0.3572309179595692, -4.189054288026966, -20.95790486491711], "x": ["2019-01", "2019-02", "2019-03", "2019-04", "2019-05", "2019-06", "2019-07", "2019-08", "2019-09", "2019-10", "2019-11", "2019-12", "2020-01", "2020-02", "2020-03", "2020-04", "2020-05", "2020-06", "2020-07", "2020-08", "2020-09", "2020-10", "2020-11", "2020-12"], "y": [33.21064758300781, 33.161590576171875, 49.7082633972168, 55.65986633300781, 52.275306701660156, 35.14016342163086, 35.14016342163086, 25.139392852783203, 22.484519958496094, 20.519758224487305, 20.548934936523438, 15.802849769592285, 41.38557815551758, 60.23021697998047, 70.27867126464844, 67.5472412109375, 71.45919036865234, 64.76969909667969, 46.00862121582031, 49.72035598754883, 41.012725830078125, 22.343103408813477, 53.86128234863281, 54.958133697509766]}, "spi_01": {"px": ["2021-01", "2021-02", "2021-03", "2021-04", "2021-05", "2021-06", "2021-07", "2021-08", "2021-09", "2021-10", "2021-11", "2021-12"], "py": [2.3190817066821046, 1.2335117789234231, 2.452594637948473, 2.6078404884253477, 1.6809345845079395, 3.6911101735984193, 3.6084491812859367, 2.9032395470327623, 2.307353598719641, 2.2678064453388247, -0.8183704515240473, -0.1965132039480193], "pt": [5.848582235765004, 4.802397397388651, 6.060435423041323, 6.2542202963267215, 5.3654503296720595, 7.413371159780578, 7.368076479588954, 6.6998654168066984, 6.140620947591639, 6.137368325037819, 3.08714868345802, 3.7446351422326387], "pb": [-1.2104188224007952, -2.335373839541804, -1.1552461471443767, -1.0385393194760253, -2.003581160656181, -0.031150812583739196, -0.1511781170170794, -0.8933863227411729, -1.5259137501523568, -1.601755434360169, -4.723889586506115, -4.137661550128676], "x": ["2019-01", "2019-02", "2019-03", "2019-04", "2019-05", "2019-06", "2019-07", "2019-08", "2019-09", "2019-10", "2019-11", "2019-12", "2020-01", "2020-02", "2020-03", "2020-04", "2020-05", "2020-06", "2020-07", "2020-08", "2020-09", "2020-10", "2020-11", "2020-12"], "y": [-0.8979688882827759, -0.15557199716567993, -0.18419043719768524, 0.31278344988822937, 0.29542016983032227, -0.046969443559646606, 0.5659504532814026, 0.23078599572181702, -0.0785641223192215, -0.07946795225143433, -1.7194952964782715, -1.3727866411209106, 0.4746699929237366, -0.16611461341381073, 0.6262273788452148, 0.704487681388855, 0.22401869297027588, 1.7048914432525635, 1.5643194913864136, 1.4161392450332642, -0.27100712060928345, 0.5356153249740601, 1.523449420928955, -1.2538301944732666]}, "spi_03": {"px": [], "py": [], "pt": [], "pb": [], "x": ["2019-01", "2019-02", "2019-03", "2019-04", "2019-05", "2019-06", "2019-07", "2019-08", "2019-09", "2019-10", "2019-11", "2019-12", "2020-01", "2020-02", "2020-03", "2020-04", "2020-05", "2020-06", "2020-07"], "y": [-1.4192605018615723, -1.1368165016174316, -0.945754885673523, -0.31706660985946655, -0.06779186427593231, 0.21206581592559814, 0.20583023130893707, -0.06286726891994476, -0.33312714099884033, -0.270005464553833, -2.167232036590576, -2.1723499298095703, -0.7492330074310303, -0.49265554547309875, 0.2517012655735016, 0.35999614000320435, 0.6440420150756836, 0.6959797143936157, 0.6699283123016357]}, "spi_06": {"px": [], "py": [], "pt": [], "pb": [], "x": ["2019-01", "2019-02", "2019-03", "2019-04", "2019-05", "2019-06", "2019-07", "2019-08", "2019-09", "2019-10", "2019-11", "2019-12", "2020-01", "2020-02", "2020-03", "2020-04", "2020-05", "2020-06", "2020-07"], "y": [-1.1823532581329346, -1.1480984687805176, -1.2500635385513306, -1.2691575288772583, -1.0403096675872803, -0.8033685684204102, -0.3031187355518341, -0.07516023516654968, 0.13243257999420166, -0.2725974917411804, -2.168761968612671, -2.16243314743042, -0.8923754692077637, -0.932561993598938, -0.5704824924468994, -0.3060038387775421, -0.01899665966629982, 0.37899261713027954, 0.38646095991134644]}, "spi_12": {"px": ["2021-01", "2021-02", "2021-03", "2021-04", "2021-05", "2021-06", "2021-07", "2021-08", "2021-09", "2021-10", "2021-11", "2021-12"], "py": [1.7660595536791774, 1.773605796536235, 2.1941047920761934, 2.208421097440681, 1.9270984727131593, 1.744797521020364, 1.4846303982967548, 1.6956564593844936, 1.596677804191438, 1.1549529185344012, 0.8331161141549979, 0.7397884874391973], "pt": [2.6911597904482267, 2.906617564228408, 3.5023940885957874, 3.6711329969774713, 3.5294190769323386, 3.4755015790164467, 3.3348308614960533, 3.65809040010242, 3.6652648072784437, 3.324505270287931, 3.0991396410977483, 3.098340552227434], "pb": [0.8409593169101277, 0.6405940288440624, 0.8858154955565993, 0.7457091979038903, 0.32477786849397994, 0.01409346302428105, -0.3655700649025435, -0.26677748133343293, -0.47190919889556815, -1.0145994332191286, -1.4329074127877526, -1.6187635773490396], "x": ["2019-01", "2019-02", "2019-03", "2019-04", "2019-05", "2019-06", "2019-07", "2019-08", "2019-09", "2019-10", "2019-11", "2019-12", "2020-01", "2020-02", "2020-03", "2020-04", "2020-05", "2020-06", "2020-07", "2020-08", "2020-09", "2020-10", "2020-11", "2020-12"], "y": [0.10266746580600739, -0.3830881416797638, -1.2828553915023804, -1.2432973384857178, -1.1712253093719482, -1.1796340942382812, -1.1755894422531128, -1.1715264320373535, -1.191847562789917, -1.2726294994354248, -1.3296279907226562, -1.3213000297546387, -0.7749794721603394, -0.7164413332939148, -0.48979100584983826, -0.41298365592956543, -0.4265279173851013, -0.38016611337661743, -0.3729107081890106, -0.36556926369667053, -0.36645275354385376, -0.2431686520576477, 0.402203232049942, 0.40057656168937683],