{"IIS3": {"px": [], "py": [], "pt": [], "pb": [], "x": ["2019-01", "2019-02", "2019-03", "2019-04", "2019-05", "2019-06", "2019-07", "2019-08", "2019-09", "2019-10", "2019-11", "2019-12", "2020-01", "2020-02", "2020-03", "2020-04", "2020-05", "2020-06", "2020-07", "2020-08", "2020-09", "2020-10", "2020-11", "2020-12"], "y": [NaN, NaN, NaN, NaN, NaN, NaN, NaN, NaN, NaN, NaN, NaN, NaN, NaN, NaN, NaN, NaN, NaN, NaN, NaN, NaN, NaN, NaN, NaN, NaN]}, "VHI": {"px": ["2021-01", "2021-02", "2021-03", "2021-04", "2021-05", "2021-06", "2021-07", "2021-08", "2021-09", "2021-10", "2021-11", "2021-12"], "py": [40.54490308587589, 39.54847726086179, 41.27463204234854, 46.941606874330446, 47.38368527008963, 50.056258950385, 40.65828562011643, 51.022313992860575, 36.92484630043528, 41.179262613542804, 43.28330833906307, 35.76786130353737], "pt": [54.905177486590404, 55.409861859637545, 58.506856562611304, 65.44337982838027, 67.07331815061012, 70.86605672682045, 62.530956330905326, 73.90854925664011, 60.781623221795186, 65.96861205240455, 68.9713967484496, 62.32429040563849], "pb": [26.18462868516137, 23.68709266208603, 24.04240752208578, 28.439833920280627, 27.694052389569137, 29.246461173949555, 18.785614909327542, 28.136078729081035, 13.068069379075368, 16.389913174681062, 17.59521992967653, 9.211432201436253], "x": ["2019-01", "2019-02", "2019-03", "2019-04", "2019-05", "2019-06", "2019-07", "2019-08", "2019-09", "2019-10", "2019-11", "2019-12", "2020-01", "2020-02", "2020-03", "2020-04", "2020-05", "2020-06", "2020-07", "2020-08", "2020-09", "2020-10", "2020-11", "2020-12"], "y": [57.20827102661133, 42.079410552978516, 39.14797592163086, 40.81214904785156, 41.55907440185547, 39.02027893066406, 39.02027893066406, 48.312808990478516, 34.742366790771484, 39.25907516479492, 41.84596252441406, 35.14484405517578, 40.69224166870117, 40.23714828491211, 41.968807220458984, 47.28807830810547, 47.385372161865234, 50.321922302246094, 53.38984680175781, 47.05018615722656, 35.210960388183594, 29.160518646240234, 43.63203811645508, 38.59148025512695]}, "spi_01": {"px": ["2021-01", "2021-02", "2021-03", "2021-04", "2021-05", "2021-06", "2021-07", "2021-08", "2021-09", "2021-10", "2021-11", "2021-12"], "py": [1.3256466403673501, 0.8934114075011439, 1.0745846115182056, 0.20232384760297384, -0.3222323950911159, 0.9845414773583592, -0.34264848227235434, 0.2603595828265979, 0.0842994422769543, 0.26789790544520065, 1.9111262369827537, 0.47012083033233987], "pt": [2.150002284963917, 1.7177670520977113, 1.898940256114773, 1.0266794921995412, 0.502123249505452, 1.808897121954927, 0.48170716232421373, 1.0847152274231657, 0.9086550868735221, 1.092253550041769, 2.7354818815793216, 1.2944764749289082], "pb": [0.5012909957707827, 0.06905576290457649, 0.2502289669216382, -0.6220317969935938, -1.1465880396876835, 0.16018583276179132, -1.1670041268689222, -0.5639960617699702, -0.7400562023196138, -0.5564577391513676, 1.0867705923861855, -0.3542348142642284], "x": ["2019-01", "2019-02", "2019-03", "2019-04", "2019-05", "2019-06", "2019-07", "2019-08", "2019-09", "2019-10", "2019-11", "2019-12", "2020-01", "2020-02", "2020-03", "2020-04", "2020-05", "2020-06", "2020-07", "2020-08", "2020-09", "2020-10", "2020-11", "2020-12"], "y": [0.4343450367450714, 1.250826120376587, 0.7991369366645813, 0.42803314328193665, -0.5069066286087036, 0.14991748332977295, -0.5251946449279785, -0.004431933630257845, -0.19260627031326294, -0.0609360970556736, 1.3030651807785034, 0.11402541399002075, 0.9470055103302002, 0.5276379585266113, 0.6735782027244568, -0.0362963043153286, -0.43669360876083374, 0.8400089144706726, -0.9365131855010986, -0.22433458268642426, -0.05688435956835747, 1.2436459064483643, 2.587769031524658, 0.27663737535476685]}, "spi_03": {"px": [], "py": [], "pt": [], "pb": [], "x": ["2019-01", "2019-02", "2019-03", "2019-04", "2019-05", "2019-06", "2019-07", "2019-08", "2019-09", "2019-10", "2019-11", "2019-12", "2020-01", "2020-02", "2020-03", "2020-04", "2020-05", "2020-06", "2020-07"], "y": [1.255125641822815, 1.189288854598999, 0.9853624105453491, 1.089582085609436, 0.3240862786769867, -0.06886841356754303, -0.4559911787509918, -0.1764182299375534, -0.42347827553749084, -0.16267842054367065, 0.6168628334999084, 0.5129446983337402, 0.9865312576293945, 0.7313863039016724, 0.8485131859779358, 0.5185247659683228, 0.1100776419043541, 0.0340765006840229, -0.18983450531959534]}, "spi_06": {"px": [], "py": [], "pt": [], "pb": [], "x": ["2019-01", "2019-02", "2019-03", "2019-04", "2019-05", "2019-06", "2019-07", "2019-08", "2019-09", "2019-10", "2019-11", "2019-12", "2020-01", "2020-02", "2020-03", "2020-04", "2020-05", "2020-06", "2020-07"], "y": [0.9241757988929749, 1.2463878393173218, 1.2608968019485474, 1.2457811832427979, 0.8861163258552551, 0.6362179517745972, 0.5464569330215454, 0.15239737927913666, -0.21300271153450012, -0.45814257860183716, -0.0039031733758747578, -0.053699661046266556, 0.8132355809211731, 0.7668769955635071, 0.841543972492218, 0.7431252002716064, 0.47883784770965576, 0.5884926319122314, 0.25081387162208557]}, "spi_12": {"px": ["2021-01", "2021-02", "2021-03", "2021-04", "2021-05", "2021-06", "2021-07", "2021-08", "2021-09", "2021-10", "2021-11", "2021-12"], "py": [1.1286784600229791, 0.8575496418687141, 0.8485199877167309, 0.748080595427457, 0.7517629080874937, 0.8628223624935973, 0.9744621971755567, 0.9515092283923638, 0.9564938019280782, 0.9970419411402234, 0.99256352022402, 0.8238891470485423], "pt": [1.6875840019377182, 1.542066336221112, 1.6389317822335254, 1.6317878461476178, 1.7198156985072681, 1.9084388816360778, 2.0922732747587784, 2.137126917713795, 2.206244579201697, 2.3077916141747585, 2.3615969038287687, 2.2488242703044725], "pb": [0.56977291810824, 0.17303294751631615, 0.0581081931999361, -0.13562665529270412, -0.21628988233228075, -0.1827941566488831, -0.14334888040766502, -0.23410846092906712, -0.29325697534554096, -0.3137077318943118, -0.37646986338072863, -0.6010459762073879], "x": ["2019-01", "2019-02", "2019-03", "2019-04", "2019-05", "2019-06", "2019-07", "2019-08", "2019-09", "2019-10", "2019-11", "2019-12", "2020-01", "2020-02", "2020-03", "2020-04", "2020-05", "2020-06", "2020-07", "2020-08", "2020-09", "2020-10", "2020-11", "2020-12"], "y": [-0.14130960404872894, 0.23802703619003296, 0.8492555022239685, 0.8813280463218689, 0.6764254570007324, 0.8339457511901855, 0.7130364179611206, 0.7430226802825928, 0.7438073754310608, 0.7428508400917053, 0.7045121788978577, 0.5328846573829651, 0.7586644887924194, 0.5095784068107605, 0.4785027801990509, 0.37634196877479553, 0.37377673387527466, 0.4788993299007416, 0.45381098985671997, 0.4425191581249237, 0.44592931866645813, 0.49574705958366394, 0.7966241836547852, 0.8307738900184631],