{"IIS3": {"px": [], "py": [], "pt": [], "pb": [], "x": ["2019-01", "2019-02", "2019-03", "2019-04", "2019-05", "2019-06", "2019-07", "2019-08", "2019-09", "2019-10", "2019-11", "2019-12", "2020-01", "2020-02", "2020-03", "2020-04", "2020-05", "2020-06", "2020-07", "2020-08", "2020-09", "2020-10", "2020-11", "2020-12"], "y": [NaN, NaN, NaN, NaN, NaN, NaN, NaN, NaN, NaN, NaN, NaN, NaN, NaN, NaN, NaN, NaN, NaN, NaN, NaN, NaN, NaN, NaN, NaN, NaN]}, "VHI": {"px": ["2021-01", "2021-02", "2021-03", "2021-04", "2021-05", "2021-06", "2021-07", "2021-08", "2021-09", "2021-10", "2021-11", "2021-12"], "py": [49.06460928368769, 53.430633910954214, 62.894047401714545, 59.36816338742511, 47.10640184510699, 51.39365673832879, 55.047862574193644, 46.823123347060104, 33.318623221309544, 31.575664165948197, 38.9964036145294, 48.671735092188214], "pt": [60.86347282804249, 67.39282979070073, 78.72669236806544, 76.87251654532908, 66.13617095360456, 71.8353260725303, 76.81002188835501, 69.83010730543775, 57.50645164196675, 56.88931219528719, 65.38788916194343, 76.09873351063477], "pb": [37.265745739332885, 39.4684380312077, 47.06140243536365, 41.86381022952115, 28.07663273660942, 30.95198740412728, 33.28570326003228, 23.81613938868246, 9.130794800652346, 6.262016136609205, 12.604918067115364, 21.244736673741656], "x": ["2019-01", "2019-02", "2019-03", "2019-04", "2019-05", "2019-06", "2019-07", "2019-08", "2019-09", "2019-10", "2019-11", "2019-12", "2020-01", "2020-02", "2020-03", "2020-04", "2020-05", "2020-06", "2020-07", "2020-08", "2020-09", "2020-10", "2020-11", "2020-12"], "y": [43.614166259765625, 48.64332962036133, 52.97895812988281, 48.092830657958984, 42.00833511352539, 47.15958786010742, 47.15958786010742, 39.78249740600586, 27.83683204650879, 26.78645896911621, 34.039424896240234, 43.19015121459961, 47.51596450805664, 53.06153869628906, 63.96323013305664, 60.77423095703125, 48.27729415893555, 52.53932571411133, 59.00312423706055, 63.49833297729492, 41.23783493041992, 28.831335067749023, 38.62312316894531, 44.000274658203125]}, "spi_01": {"px": [], "py": [], "pt": [], "pb": [], "x": ["2019-01", "2019-02", "2019-03", "2019-04", "2019-05", "2019-06", "2019-07", "2019-08", "2019-09", "2019-10", "2019-11", "2019-12", "2020-01", "2020-02", "2020-03", "2020-04", "2020-05", "2020-06", "2020-07", "2020-08", "2020-09", "2020-10", "2020-11", "2020-12"], "y": [NaN, NaN, NaN, NaN, NaN, NaN, NaN, NaN, NaN, NaN, NaN, NaN, NaN, NaN, NaN, NaN, NaN, NaN, NaN, NaN, NaN, NaN, NaN, NaN]}, "spi_03": {"px": [], "py": [], "pt": [], "pb": [], "x": ["2019-01", "2019-02", "2019-03", "2019-04", "2019-05", "2019-06", "2019-07", "2019-08", "2019-09", "2019-10", "2019-11", "2019-12", "2020-01", "2020-02", "2020-03", "2020-04", "2020-05", "2020-06", "2020-07"], "y": [NaN, NaN, NaN, NaN, NaN, NaN, NaN, NaN, NaN, NaN, NaN, NaN, NaN, NaN, NaN, NaN, NaN, NaN, NaN]}, "spi_06": {"px": [], "py": [], "pt": [], "pb": [], "x": ["2019-01", "2019-02", "2019-03", "2019-04", "2019-05", "2019-06", "2019-07", "2019-08", "2019-09", "2019-10", "2019-11", "2019-12", "2020-01", "2020-02", "2020-03", "2020-04", "2020-05", "2020-06", "2020-07"], "y": [NaN, NaN, NaN, NaN, NaN, NaN, NaN, NaN, NaN, NaN, NaN, NaN, NaN, NaN, NaN, NaN, NaN, NaN, NaN]}, "spi_12": {"px": [], "py": [], "pt": [], "pb": [], "x": ["2019-01", "2019-02", "2019-03", "2019-04", "2019-05", "2019-06", "2019-07", "2019-08", "2019-09", "2019-10", "2019-11", "2019-12", "2020-01", "2020-02", "2020-03", "2020-04", "2020-05", "2020-06", "2020-07", "2020-08", "2020-09", "2020-10", "2020-11", "2020-12"], "y": [NaN, NaN, NaN, NaN, NaN, NaN, NaN, NaN, NaN, NaN, NaN, NaN, NaN, NaN, NaN, NaN, NaN, NaN, NaN, NaN, NaN, NaN, NaN, NaN], "geox": [-42.5033394003378, -42.501927381628015, -42.50270938326852, -42.5007043575971, -42.49423129152636, -42.49036325654541, -42.48848023678698, -42.487699226153005, -42.48678919793932, -42.485254175459914, -42.47678608929196, -42.47600207766078, -42.474077051075916, -42.46673897652147, -42.4634199352947, -42.46041890717074, -42.45730488154425, -42.45316684188991, -42.4512508117982, -42.44847377893759, -42.44742875599991, -42.44611374238723, -42.4390586806459, -42.43403063957858, -42.42875258902957, -42.42431956092561, -42.42131353257896, -42.41919851629726, -42.4185035122046, -42.41889553435037, -42.408862457515816, -42.40614644426594, -42.4047314406222, -42.40506245041665, -42.398448422165835, -42.39905445276024, -42.40103047720945, -42.40050247983276, -42.401807494872, -42.409919572077, -42.41408762742954, -42.41420364006142, -42.41500465142788, -42.41486766396199, -42.418575695790686, -42.42236073235149, -42.426500765729976, -42.4303858015399, -42.43280583770921, -42.42740779634727, -42.42550378526693, -42.4246377896564, -42.4254188111077, -42.424029804773035, -42.41908376231413, -42.41772674766088, -42.4167487399994, -42.41306471927626, -42.41302572830861, -42.411898723246544, -42.409908707627864, -42.4056196694276, -42.40351265711331, -42.40223065036729, -42.397775617631325, -42.39642361009554, -42.3931655827357, -42.38972356431935, -42.38870356252674, -42.38655854817266, -42.38447853826092, -42.38524556264354, -42.39106563242709, -42.38486059367138, -42.38414459782846, -42.381417583926854, -42.38425262811174, -42.38266061989983, -42.379549596716025, -42.377838594886256, -42.37998061919585, -42.38025662823437, -42.384863675068424, -42.386698706678274, -42.38822572450595, -42.389124742648775, -42.392450783120466, -42.3925067912866, -42.395092824111686, -42.39769484774865, -42.40149487617186, -42.407166930829355, -42.412807975866805, -42.42138705101372, -42.426554090628414, -42.430288124962615, -42.43234813406425, -42.44009119950453, -42.44277721168346, -42.445086227857516, -42.44772825266053, -42.45295930671257, -42.45637333006192, -42.45818731747148, -42.460759330810525, -42.46355735112347, -42.467945388156465, -42.47111540244206, -42.4752464463197, -42.477666465037636, -42.48112447957628, -42.48165247527513, -42.481116466239264, -42.478700441009686, -42.480512441740636, -42.48133644621503, -42.48472747472171, -42.48889650677849, -42.49090551263917, -42.49253352324978, -42.4955405486645, -42.49722755970219, -42.49820456394526, -42.49873055903454, -42.50036157207005, -42.50339760343217, -42.50417462764194, -42.50900866989995, -42.51170670338643, -42.51803375745357, -42.52261080940322, -42.52442082768789, -42.524730821175616, -42.52272579768223, -42.52275079504837, -42.52580981699562, -42.5222547788839, -42.52045375682418, -42.52061375568946, -42.52486978667682, -42.527633815940746, -42.53001783703615, -42.53383385814227, -42.53292083635045, -42.5362218581864, -42.53669885716365, -42.53594584443187, -42.53336881861825, -42.53625783531499, -42.536830835055845, -42.53522881421748, -42.53439078888652, -42.531621766772275, -42.533479773279616, -42.533116752649725, -42.53092372580025, -42.53003070378458, -42.5289526904791, -42.52566966077154, -42.52369363985118, -42.52169762787306, -42.52019761312632, -42.5186106001897, -42.51454354793824, -42.51108351489745, -42.50980549262865, -42.50612044695421, -42.505696435810705, -42.5033394003378],