{"IIS3": {"px": [], "py": [], "pt": [], "pb": [], "x": ["2019-01", "2019-02", "2019-03", "2019-04", "2019-05", "2019-06", "2019-07", "2019-08", "2019-09", "2019-10", "2019-11", "2019-12", "2020-01", "2020-02", "2020-03", "2020-04", "2020-05", "2020-06", "2020-07", "2020-08", "2020-09", "2020-10", "2020-11", "2020-12"], "y": [NaN, NaN, NaN, NaN, NaN, NaN, NaN, NaN, NaN, NaN, NaN, NaN, NaN, NaN, NaN, NaN, NaN, NaN, NaN, NaN, NaN, NaN, NaN, NaN]}, "VHI": {"px": ["2021-01", "2021-02", "2021-03", "2021-04", "2021-05", "2021-06", "2021-07", "2021-08", "2021-09", "2021-10", "2021-11", "2021-12"], "py": [115.91131806704229, 181.51407731811693, 210.80609195426075, 217.34182322747358, 230.67875370042879, 227.84007519105862, 219.36007903885118, 158.80209556943757, 124.97005554340706, 128.33171419683748, 88.06277572792594, 74.67655227853061], "pt": [159.30694709325178, 234.66265127678304, 272.1767788422141, 285.9563370300111, 305.8421876268935, 309.02586270880977, 306.1513366062862, 250.8581257108479, 222.00563139399733, 230.1034847224359, 194.35992324927042, 185.31413118567178], "pb": [72.51568904083281, 128.36550335945083, 149.4354050663074, 148.727309424936, 155.51531977396405, 146.65428767330746, 132.5688214714162, 66.74606542802722, 27.93447969281678, 26.559943671239054, -18.234371793418546, -35.961026628610554], "x": ["2019-01", "2019-02", "2019-03", "2019-04", "2019-05", "2019-06", "2019-07", "2019-08", "2019-09", "2019-10", "2019-11", "2019-12", "2020-01", "2020-02", "2020-03", "2020-04", "2020-05", "2020-06", "2020-07", "2020-08", "2020-09", "2020-10", "2020-11", "2020-12"], "y": [37.47634506225586, 46.85865020751953, 59.891151428222656, 62.74630355834961, 64.88423156738281, 52.95538330078125, 52.95538330078125, 35.2127685546875, 25.676769256591797, 26.638652801513672, 15.466094017028809, 12.215250015258789, 28.69968605041504, 51.80078125, 64.30774688720703, 68.58004760742188, 76.44922637939453, 80.19937896728516, 68.76622009277344, 71.22038269042969, 54.90938186645508, 48.14092254638672, 63.86769485473633, 66.30948638916016]}, "spi_01": {"px": [], "py": [], "pt": [], "pb": [], "x": ["2019-01", "2019-02", "2019-03", "2019-04", "2019-05", "2019-06", "2019-07", "2019-08", "2019-09", "2019-10", "2019-11", "2019-12", "2020-01", "2020-02", "2020-03", "2020-04", "2020-05", "2020-06", "2020-07", "2020-08", "2020-09", "2020-10", "2020-11", "2020-12"], "y": [NaN, NaN, NaN, NaN, NaN, NaN, NaN, NaN, NaN, NaN, NaN, NaN, NaN, NaN, NaN, NaN, NaN, NaN, NaN, NaN, NaN, NaN, NaN, NaN]}, "spi_03": {"px": [], "py": [], "pt": [], "pb": [], "x": ["2019-01", "2019-02", "2019-03", "2019-04", "2019-05", "2019-06", "2019-07", "2019-08", "2019-09", "2019-10", "2019-11", "2019-12", "2020-01", "2020-02", "2020-03", "2020-04", "2020-05", "2020-06", "2020-07"], "y": [NaN, NaN, NaN, NaN, NaN, NaN, NaN, NaN, NaN, NaN, NaN, NaN, NaN, NaN, NaN, NaN, NaN, NaN, NaN]}, "spi_06": {"px": [], "py": [], "pt": [], "pb": [], "x": ["2019-01", "2019-02", "2019-03", "2019-04", "2019-05", "2019-06", "2019-07", "2019-08", "2019-09", "2019-10", "2019-11", "2019-12", "2020-01", "2020-02", "2020-03", "2020-04", "2020-05", "2020-06", "2020-07"], "y": [NaN, NaN, NaN, NaN, NaN, NaN, NaN, NaN, NaN, NaN, NaN, NaN, NaN, NaN, NaN, NaN, NaN, NaN, NaN]}, "spi_12": {"px": [], "py": [], "pt": [], "pb": [], "x": ["2019-01", "2019-02", "2019-03", "2019-04", "2019-05", "2019-06", "2019-07", "2019-08", "2019-09", "2019-10", "2019-11", "2019-12", "2020-01", "2020-02", "2020-03", "2020-04", "2020-05", "2020-06", "2020-07", "2020-08", "2020-09", "2020-10", "2020-11", "2020-12"], "y": [NaN, NaN, NaN, NaN, NaN, NaN, NaN, NaN, NaN, NaN, NaN, NaN, NaN, NaN, NaN, NaN, NaN, NaN, NaN, NaN, NaN, NaN, NaN, NaN], "geox": [-37.521665761732315, -37.52084975418989, -37.520517748347075, -37.51829072665622, -37.51597870636739, -37.50901664230047, -37.50585561588777, -37.50304058924442, -37.50001556170264, -37.49978355858125, -37.501676572865314, -37.4965875275362, -37.49520751445668, -37.49508450456824, -37.48398440262883, -37.4810473731074, -37.47549932284147, -37.47176329068738, -37.469944276702655, -37.46105519777894, -37.45955418184278, -37.45784316673338, -37.45370213154641, -37.44830708248544, -37.44267403226656, -37.437075981890864, -37.43231393775079, -37.431503928335246, -37.42776289232725, -37.423527853800834, -37.42045682358066, -37.42045782199471, -37.41859080539095, -37.416506781779795, -37.41106373300934, -37.4098077197113, -37.40971571704195, -37.40845670498512, -37.405247676349695, -37.40129964253454, -37.39958262710504, -37.3961915941679, -37.39462557861911, -37.386063501744445, -37.38399848201721, -37.37696742016784, -37.372174377911804, -37.36996936079069, -37.366216330185175, -37.36414531472756, -37.361214290350915, -37.36016228261971, -37.35467623505319, -37.34701017462241, -37.34315514968389, -37.34674518936393, -37.35005922275382, -37.35041322759417, -37.34977122321303, -37.34705920185363, -37.34523618859703, -37.34011414329027, -37.33659711683229, -37.335066106873086, -37.333125091407425, -37.330748075475604, -37.32462502889286, -37.3236580231031, -37.3282980668183, -37.32839106974366, -37.32726406105967, -37.33292711244954, -37.33810515848094, -37.33963517532873, -37.34159019443233, -37.3431772113672, -37.34463322901701, -37.34682325080536, -37.34696125619129, -37.35100229457601, -37.351479300725, -37.352724312502204, -37.352633313941844, -37.35412532998417, -37.35650935293101, -37.358467370812015, -37.36559443335891, -37.373910507425926, -37.37760154133779, -37.38427360078084, -37.389914650777484, -37.39286767617991, -37.39628970808536, -37.39900073233516, -37.40101875137479, -37.40387377726281, -37.4063048007335, -37.415729887513876, -37.41737490343767, -37.41989792549043, -37.428725006292964, -37.4376000863955, -37.439967107298, -37.441713121050114, -37.44287413112567, -37.44426914451772, -37.45161921233798, -37.45340422862878, -37.45594625056605, -37.4595552809018, -37.46461432048826, -37.46393930966964, -37.46558132262435, -37.466429327166395, -37.46892334848857, -37.474635400278665, -37.4765334164622, -37.47979044283761, -37.47991244164091, -37.47823242318626, -37.478152420395816, -37.478780424533596, -37.48136744586688, -37.48368646343493, -37.482444451054455, -37.48156844040249, -37.4824604453701, -37.483094450557076, -37.48638448094859, -37.488174495508275, -37.48968150362452, -37.489555500883604, -37.49102051218614, -37.496112556666105, -37.50342762171862, -37.5054006383049, -37.50673964777264, -37.51044867992405, -37.5104446786331, -37.51428671120027, -37.51479371450764, -37.516131725931274, -37.517086732706275, -37.52222077402985, -37.520626759053314, -37.52056175789248, -37.52189676709057, -37.521665761732315],