{"IIS3": {"px": [], "py": [], "pt": [], "pb": [], "x": ["2019-01", "2019-02", "2019-03", "2019-04", "2019-05", "2019-06", "2019-07", "2019-08", "2019-09", "2019-10", "2019-11", "2019-12", "2020-01", "2020-02", "2020-03", "2020-04", "2020-05", "2020-06", "2020-07", "2020-08", "2020-09", "2020-10", "2020-11", "2020-12"], "y": [NaN, NaN, NaN, NaN, NaN, NaN, NaN, NaN, NaN, NaN, NaN, NaN, NaN, NaN, NaN, NaN, NaN, NaN, NaN, NaN, NaN, NaN, NaN, NaN]}, "VHI": {"px": ["2021-01", "2021-02", "2021-03", "2021-04", "2021-05", "2021-06", "2021-07", "2021-08", "2021-09", "2021-10", "2021-11", "2021-12"], "py": [47.662968784279485, 52.400896866183956, 69.77953660582965, 79.25462314111284, 64.85764903518856, 89.85655190671639, 62.92790687805942, 78.83634448702955, 89.80501952993167, 89.48451362939093, 76.84483592901624, 60.02806399820952], "pt": [83.75421613663353, 96.60346684632486, 120.82026789222195, 136.3198954847209, 127.36952282769784, 157.37709265137468, 135.11040115369047, 155.39744124806063, 170.50750149085042, 174.12599076709728, 165.24997553895815, 152.043050640896], "pb": [11.57172143192544, 8.198326886043048, 18.73880531943734, 22.189350797504794, 2.345775242679281, 22.3360111620581, -9.254587397571655, 2.2752477259984687, 9.102537569012924, 4.843036491684586, -11.560303680925657, -31.986922644476962], "x": ["2019-01", "2019-02", "2019-03", "2019-04", "2019-05", "2019-06", "2019-07", "2019-08", "2019-09", "2019-10", "2019-11", "2019-12", "2020-01", "2020-02", "2020-03", "2020-04", "2020-05", "2020-06", "2020-07", "2020-08", "2020-09", "2020-10", "2020-11", "2020-12"], "y": [44.084999084472656, 37.21249771118164, 45.18356704711914, 50.18428421020508, 35.26749801635742, 36.10393142700195, 36.10393142700195, 46.947998046875, 55.15228271484375, 55.80428695678711, 47.59708023071289, 36.88199996948242, 33.63624954223633, 40.350833892822266, 57.12800216674805, 65.32833099365234, 52.32035446166992, 74.86256408691406, 86.2778549194336, 87.28499603271484, 68.75770568847656, 49.65171432495117, 54.46500015258789, 54.57666778564453]}, "spi_01": {"px": [], "py": [], "pt": [], "pb": [], "x": ["2019-01", "2019-02", "2019-03", "2019-04", "2019-05", "2019-06", "2019-07", "2019-08", "2019-09", "2019-10", "2019-11", "2019-12", "2020-01", "2020-02", "2020-03", "2020-04", "2020-05", "2020-06", "2020-07", "2020-08", "2020-09", "2020-10", "2020-11", "2020-12"], "y": [NaN, NaN, NaN, NaN, NaN, NaN, NaN, NaN, NaN, NaN, NaN, NaN, NaN, NaN, NaN, NaN, NaN, NaN, NaN, NaN, NaN, NaN, NaN, NaN]}, "spi_03": {"px": [], "py": [], "pt": [], "pb": [], "x": ["2019-01", "2019-02", "2019-03", "2019-04", "2019-05", "2019-06", "2019-07", "2019-08", "2019-09", "2019-10", "2019-11", "2019-12", "2020-01", "2020-02", "2020-03", "2020-04", "2020-05", "2020-06", "2020-07"], "y": [NaN, NaN, NaN, NaN, NaN, NaN, NaN, NaN, NaN, NaN, NaN, NaN, NaN, NaN, NaN, NaN, NaN, NaN, NaN]}, "spi_06": {"px": [], "py": [], "pt": [], "pb": [], "x": ["2019-01", "2019-02", "2019-03", "2019-04", "2019-05", "2019-06", "2019-07", "2019-08", "2019-09", "2019-10", "2019-11", "2019-12", "2020-01", "2020-02", "2020-03", "2020-04", "2020-05", "2020-06", "2020-07"], "y": [NaN, NaN, NaN, NaN, NaN, NaN, NaN, NaN, NaN, NaN, NaN, NaN, NaN, NaN, NaN, NaN, NaN, NaN, NaN]}, "spi_12": {"px": [], "py": [], "pt": [], "pb": [], "x": ["2019-01", "2019-02", "2019-03", "2019-04", "2019-05", "2019-06", "2019-07", "2019-08", "2019-09", "2019-10", "2019-11", "2019-12", "2020-01", "2020-02", "2020-03", "2020-04", "2020-05", "2020-06", "2020-07", "2020-08", "2020-09", "2020-10", "2020-11", "2020-12"], "y": [NaN, NaN, NaN, NaN, NaN, NaN, NaN, NaN, NaN, NaN, NaN, NaN, NaN, NaN, NaN, NaN, NaN, NaN, NaN, NaN, NaN, NaN, NaN, NaN], "geox": [-41.34230734905497, -41.341188359431655, -41.33557341166458, -41.334279423712694, -41.33259143944825, -41.331200452404985, -41.32803543665356, -41.327781438340274, -41.32891045985517, -41.331260490512236, -41.334280523552216, -41.3359195529083, -41.33864158050112, -41.34323663703197, -41.342812639375445, -41.34066663039824, -41.34087463665615, -41.34198565043435, -41.34344966314276, -41.351617715825334, -41.3540337288702, -41.358445732577565, -41.360059739987996, -41.36991980500674, -41.37964885745302, -41.386059907781075, -41.38919793410206, -41.39557999150695, -41.4041120583783, -41.40794708612863, -41.41300812554927, -41.416280143779694, -41.42195318208961, -41.42508820569297, -41.42828423198906, -41.4289212348635, -41.427703222151315, -41.42819822086545, -41.42773521277004, -41.422706139892306, -41.42266513536278, -41.421617123834515, -41.41992110793759, -41.41900409513111, -41.41914209467607, -41.421250110957644, -41.42167511246545, -41.42036608814244, -41.419836081537866, -41.41836306761118, -41.41850006528446, -41.41453001664066, -41.41258599771362, -41.41119998226013, -41.41358300032724, -41.41671301941416, -41.41586500850993, -41.41603900150464, -41.41840001689117, -41.41828001247867, -41.417566998579446, -41.41861600333875, -41.41858799948705, -41.41917100358363, -41.420890020010035, -41.42270103384842, -41.42316603449184, -41.42270202843442, -41.41742397505592, -41.41328393793974, -41.40389485806693, -41.4008048332782, -41.39986582702457, -41.39694581748619, -41.388719746273765, -41.38364069784719, -41.36723057074132, -41.3624995305043, -41.34500637459505, -41.34230734905497], "geoy": [-15.63739276526891, -15.648216834577056, -15.702501181961512, -15.714989261831095, -15.731274365958066, -15.744675451624172, -15.750903495837475, -15.752984509203868, -15.759279546311568, -15.764812576543138, -15.76851759424811, -15.776639641778125, -15.778806650450939, -15.787782698073618, -15.790993718733874, -15.7961117542428, -15.798492768643623, -15.800718780496595, -15.800743778080607, -15.791157704295625, -15.786966674064493, -15.768557552139434, -15.765057527596108, -15.754240443203342, -15.737297321027919, -15.7345802929429, -15.73415528481171, -15.735368281163428, -15.73170524349642, -15.728824218907313, -15.726523195770573, -15.721148156695694, -15.71542111123427, -15.713561094207781, -15.712863084284196, -15.711455074433996, -15.710278069262715, -15.707296049894206, -15.705098037065362, -15.689286947723684, -15.687043933870303, -15.68571192743132, -15.685038926215293, -15.682411911505321, -15.681526905768935, -15.680494895679608, -15.67933288772202, -15.672331846529998, -15.67124084067899, -15.67059083921238, -15.668702827246388, -15.660971786145108, -15.659818782371238, -15.657941773124984, -15.65659076057579, -15.652315728555596, -15.650385718040312, -15.64580168924929, -15.643108668399009, -15.64128865729639, -15.63711363258777, -15.634796616358434, -15.632849604303946, -15.632344600149628, -15.633200602477997, -15.632232593307629, -15.630414581196955, -15.629307575123088, -15.625089558085175, -15.62434656066868, -15.624987580988916, -15.626008592714003, -15.627009600573055, -15.635469658265864, -15.635375671996535, -15.63291366552, -15.64081674323014, -15.641159753594733, -15.638589768026455, -15.63739276526891]}}