{"IIS3": {"px": [], "py": [], "pt": [], "pb": [], "x": ["2019-01", "2019-02", "2019-03", "2019-04", "2019-05", "2019-06", "2019-07", "2019-08", "2019-09", "2019-10", "2019-11", "2019-12", "2020-01", "2020-02", "2020-03", "2020-04", "2020-05", "2020-06", "2020-07", "2020-08", "2020-09", "2020-10", "2020-11", "2020-12"], "y": [NaN, NaN, NaN, NaN, NaN, NaN, NaN, NaN, NaN, NaN, NaN, NaN, NaN, NaN, NaN, NaN, NaN, NaN, NaN, NaN, NaN, NaN, NaN, NaN]}, "VHI": {"px": ["2021-01", "2021-02", "2021-03", "2021-04", "2021-05", "2021-06", "2021-07", "2021-08", "2021-09", "2021-10", "2021-11", "2021-12"], "py": [101.54146941250558, 138.3372388069264, 152.47166117336852, 134.75173612340038, 138.81951587549887, 144.95316698690587, 159.52908485932687, 140.4984529543446, 102.73805189409119, 88.04102091170245, 69.49927549087083, 61.627860569271476], "pt": [136.36608607117424, 180.98850935188335, 201.72110617303326, 189.81428951906932, 199.1375209828197, 210.10405872142226, 229.17831778746876, 214.37262030095133, 180.60826156910326, 169.7119858166565, 154.801816263008, 150.41355995750638], "pb": [66.71685275383692, 95.68596826196944, 103.22221617370377, 79.68918272773143, 78.50151076817802, 79.80227525238948, 89.87985193118499, 66.62428560773787, 24.867842219079108, 6.370056006748399, -15.803265281266349, -27.157838818963427], "x": ["2019-01", "2019-02", "2019-03", "2019-04", "2019-05", "2019-06", "2019-07", "2019-08", "2019-09", "2019-10", "2019-11", "2019-12", "2020-01", "2020-02", "2020-03", "2020-04", "2020-05", "2020-06", "2020-07", "2020-08", "2020-09", "2020-10", "2020-11", "2020-12"], "y": [55.57743835449219, 61.04697036743164, 61.99825668334961, 55.57669448852539, 54.931278228759766, 60.867958068847656, 60.867958068847656, 50.646881103515625, 33.659950256347656, 26.90279197692871, 18.821374893188477, 15.316349983215332, 32.90143585205078, 48.13068389892578, 54.91804885864258, 47.998809814453125, 50.949012756347656, 56.861907958984375, 55.64738082885742, 57.43656921386719, 49.07851028442383, 28.4106502532959, 48.24348831176758, 58.43906784057617]}, "spi_01": {"px": ["2021-01", "2021-02", "2021-03", "2021-04", "2021-05", "2021-06", "2021-07", "2021-08", "2021-09", "2021-10", "2021-11", "2021-12"], "py": [2.3283594262837477, 2.7251693420440644, 6.1440311987948295, 5.9814837235008245, 1.3803075882875886, 1.3238468914381585, 5.992961930141295, 3.455878933943385, 3.538933707121487, 2.634941652401885, -1.5213832833993326, 1.5433734749629044], "pt": [7.42193661422985, 7.939646844346829, 11.476668695801205, 11.429719192616966, 6.9417387691431, 6.996215341375862, 11.774139222380775, 9.34385464183843, 9.53180488788442, 8.730903597958603, 4.675954781780943, 7.840455826861213], "pb": [-2.7652177616623552, -2.489308160258701, 0.8113937017884538, 0.5332482543846826, -4.181123592567922, -4.348521558499544, 0.21178463790181468, -2.4320967739516606, -2.453937473641445, -3.4610202931548333, -7.718721348579608, -4.753708876935405], "x": ["2019-01", "2019-02", "2019-03", "2019-04", "2019-05", "2019-06", "2019-07", "2019-08", "2019-09", "2019-10", "2019-11", "2019-12", "2020-01", "2020-02", "2020-03", "2020-04", "2020-05", "2020-06", "2020-07", "2020-08", "2020-09", "2020-10", "2020-11", "2020-12"], "y": [-1.5886541604995728, 0.4368363916873932, -1.09083890914917, 0.05835757777094841, -0.5061894655227661, -0.9066082835197449, 0.925653874874115, -0.28733131289482117, -0.21225877106189728, -0.5345123410224915, -2.571381092071533, -1.1184521913528442, -0.45103904604911804, -0.3578510582447052, 1.2832798957824707, 1.1466636657714844, -1.018906593322754, -0.9083055853843689, -0.8236327171325684, -0.3395520746707916, -0.8722491264343262, 0.10078588128089905, 0.8548915386199951, 0.6427338719367981]}, "spi_03": {"px": [], "py": [], "pt": [], "pb": [], "x": ["2019-01", "2019-02", "2019-03", "2019-04", "2019-05", "2019-06", "2019-07", "2019-08", "2019-09", "2019-10", "2019-11", "2019-12", "2020-01", "2020-02", "2020-03", "2020-04", "2020-05", "2020-06", "2020-07"], "y": [-0.538176953792572, -0.5122777819633484, -1.462640404701233, -0.2392074018716812, -0.610257089138031, -0.2947596311569214, -0.6216047406196594, -0.1910998821258545, 0.040498822927474976, -0.8409391641616821, -2.106937885284424, -1.9135947227478027, -1.6929666996002197, -1.1840903759002686, 0.1052636206150055, 0.9555644392967224, 1.01827871799469, 0.6970582604408264, -1.4151259660720825]}, "spi_06": {"px": [], "py": [], "pt": [], "pb": [], "x": ["2019-01", "2019-02", "2019-03", "2019-04", "2019-05", "2019-06", "2019-07", "2019-08", "2019-09", "2019-10", "2019-11", "2019-12", "2020-01", "2020-02", "2020-03", "2020-04", "2020-05", "2020-06", "2020-07"], "y": [-0.6392722129821777, -0.2872907817363739, -0.7286955714225769, -0.5520046353340149, -0.7732697129249573, -1.1133397817611694, -0.3771113455295563, -0.6312807202339172, -0.3802395462989807, -0.9322556853294373, -2.003355026245117, -1.8610010147094727, -2.221712112426758, -1.880565881729126, -0.9661465883255005, 0.026111669838428497, 0.18664351105690002, 0.40245744585990906, 0.6853744983673096]}, "spi_12": {"px": ["2021-01", "2021-02", "2021-03", "2021-04", "2021-05", "2021-06", "2021-07", "2021-08", "2021-09", "2021-10", "2021-11", "2021-12"], "py": [1.252487078836329, 0.48724727937304246, 2.657057859970908, 4.474719197876633, 4.068433474449448, 3.592066362393779, 3.9969031707623595, 4.196974292540358, 3.9985296277249054, 3.7271066524435144, 2.1707910754224686, 0.6302872977843252], "pt": [2.8087323160269095, 2.393250647516175, 4.857920972585495, 6.935358960532305, 6.7639292809119205, 6.503534590582328, 7.109393627751098, 7.49826895462985, 7.478399747001653, 7.376825223529478, 5.982797797507882, 4.597949688956106], "pb": [-0.3037581583542517, -1.4187560887700903, 0.45619474735632126, 2.0140794352209594, 1.3729376679869771, 0.6805981342052303, 0.8844127137736204, 0.895679630450867, 0.5186595084481573, 0.07738808135755093, -1.641215646662944, -3.3373750933874553], "x": ["2019-01", "2019-02", "2019-03", "2019-04", "2019-05", "2019-06", "2019-07", "2019-08", "2019-09", "2019-10", "2019-11", "2019-12", "2020-01", "2020-02", "2020-03", "2020-04", "2020-05", "2020-06", "2020-07", "2020-08", "2020-09", "2020-10", "2020-11", "2020-12"], "y": [-0.8902794718742371, -1.1600265502929688, -1.2265264987945557, -0.7233226299285889, -0.6930555701255798, -0.7123383283615112, -0.6640495657920837, -0.6636123657226562, -0.7401358485221863, -0.7944610714912415, -1.232643961906433, -1.6807191371917725, -1.4149330854415894, -1.6530944108963013, -0.9339964389801025, -0.30567607283592224, -0.3563561737537384, -0.36931270360946655, -0.39398545026779175, -0.39342015981674194, -0.4267147183418274, -0.2735561430454254, 0.1459391564130783, 0.44270047545433044], "geox": [-42.84144627322979, -42.79111171879446, -42.65313157185903, -42.64479558233003, -42.63856453311688, -42.61235535753492, -42.647726724237266, -42.62337755240558, -42.665866945131036, -42.79326893154412, -42.828509181738305, -42.84144627322979], "geoy": [-6.705635595949478, -6.5217973004857095, -6.504873281409288, -6.609130047064394, -6.611841071558087, -6.664212472727203, -6.7613941514175355, -6.797933435683438, -6.852193795568737, -6.774571132826107, -6.724504742694938, -6.705635595949478]}}