{"IIS3": {"px": [], "py": [], "pt": [], "pb": [], "x": ["2019-01", "2019-02", "2019-03", "2019-04", "2019-05", "2019-06", "2019-07", "2019-08", "2019-09", "2019-10", "2019-11", "2019-12", "2020-01", "2020-02", "2020-03", "2020-04", "2020-05", "2020-06", "2020-07", "2020-08", "2020-09", "2020-10", "2020-11", "2020-12"], "y": [NaN, NaN, NaN, NaN, NaN, NaN, NaN, NaN, NaN, NaN, NaN, NaN, NaN, NaN, NaN, NaN, NaN, NaN, NaN, NaN, NaN, NaN, NaN, NaN]}, "VHI": {"px": ["2021-01", "2021-02", "2021-03", "2021-04", "2021-05", "2021-06", "2021-07", "2021-08", "2021-09", "2021-10", "2021-11", "2021-12"], "py": [64.61771124337055, 65.67031507906364, 66.97165897034036, 68.20022412223084, 62.13222701989628, 53.982372424270906, 54.726254481070725, 61.24970558202686, 68.49972773590753, 66.21296647585815, 58.177965637084114, 63.58037565891934], "pt": [74.29564947228766, 76.45282821017497, 78.75566043344452, 80.907025117851, 75.69920504015366, 68.35815044363387, 69.86769083043508, 77.11990393559842, 85.06666157538301, 83.4484936770032, 76.05710149319482, 82.08074322340616], "pb": [54.939773014453436, 54.88780194795231, 55.187657507236196, 55.493423126610665, 48.5652489996389, 39.60659440490794, 39.58481813170637, 45.37950722845531, 51.932793896432045, 48.977439274713106, 40.298829780973406, 45.080008094432515], "x": ["2019-01", "2019-02", "2019-03", "2019-04", "2019-05", "2019-06", "2019-07", "2019-08", "2019-09", "2019-10", "2019-11", "2019-12", "2020-01", "2020-02", "2020-03", "2020-04", "2020-05", "2020-06", "2020-07", "2020-08", "2020-09", "2020-10", "2020-11", "2020-12"], "y": [47.67361068725586, 39.97388458251953, 42.79249954223633, 52.223880767822266, 45.64806365966797, 42.54723358154297, 42.54723358154297, 49.29570388793945, 57.134212493896484, 56.03092575073242, 49.30392837524414, 54.63692855834961, 59.85490798950195, 60.9384765625, 62.10956954956055, 62.701072692871094, 56.77347946166992, 49.26692581176758, 46.3719367980957, 55.53323745727539, 57.545257568359375, 50.878517150878906, 58.758514404296875, 59.09469223022461]}, "spi_01": {"px": ["2021-01", "2021-02", "2021-03", "2021-04", "2021-05", "2021-06", "2021-07", "2021-08", "2021-09", "2021-10", "2021-11", "2021-12"], "py": [0.10577478373946247, -0.8428017706585271, 0.43200678851228425, 0.015630735685486563, -0.5998362326870696, -1.027070969945611, 0.0034259818466382264, -0.46212817161124997, -0.028217329389998547, -0.6011122062242282, -0.35266317883018083, -0.6105567866757315], "pt": [1.1538230779912801, 0.22758108825429968, 1.5242676100309578, 1.1293398268735308, 0.5349158007392427, 0.12834082458281681, 1.179134556496689, 0.7335326875272878, 1.1870682862766055, 0.6334862569274189, 0.9009506384144523, 0.6617882295666844], "pb": [-0.942273510512355, -1.9131846295713537, -0.6602540330063893, -1.0980783555025577, -1.734588266113382, -2.182482764474039, -1.1722825928034126, -1.6577890307497876, -1.2435029450566026, -1.8357106693758753, -1.606276996074814, -1.8829018029181472], "x": ["2019-01", "2019-02", "2019-03", "2019-04", "2019-05", "2019-06", "2019-07", "2019-08", "2019-09", "2019-10", "2019-11", "2019-12", "2020-01", "2020-02", "2020-03", "2020-04", "2020-05", "2020-06", "2020-07", "2020-08", "2020-09", "2020-10", "2020-11", "2020-12"], "y": [-0.6248173117637634, -0.75565105676651, 1.5738581418991089, -0.5329233407974243, -1.133788824081421, -0.18645250797271729, 0.5781230330467224, 0.06354241073131561, 0.6299724578857422, -0.09260549396276474, 0.32806411385536194, -0.012626626528799534, 0.8241638541221619, -0.46703633666038513, 1.1243596076965332, 0.5463818907737732, -0.24369396269321442, -0.8012049794197083, -0.4264936149120331, -0.35891616344451904, 0.14104323089122772, -0.6812905669212341, 0.1641208380460739, -1.1523252725601196]}, "spi_03": {"px": [], "py": [], "pt": [], "pb": [], "x": ["2019-01", "2019-02", "2019-03", "2019-04", "2019-05", "2019-06", "2019-07", "2019-08", "2019-09", "2019-10", "2019-11", "2019-12", "2020-01", "2020-02", "2020-03", "2020-04", "2020-05", "2020-06", "2020-07"], "y": [0.0256054624915123, -0.23803289234638214, 0.14430245757102966, 0.06737928837537766, -0.39161157608032227, -0.9758973121643066, -0.4677365720272064, 0.1393335610628128, 0.5116387605667114, 0.1869450956583023, 0.24859276413917542, -0.11578910052776337, 0.42857933044433594, 0.13471031188964844, 0.7317073941230774, 0.5613877177238464, 0.4143931269645691, -0.24266065657138824, -0.7209084033966064]}, "spi_06": {"px": [], "py": [], "pt": [], "pb": [], "x": ["2019-01", "2019-02", "2019-03", "2019-04", "2019-05", "2019-06", "2019-07", "2019-08", "2019-09", "2019-10", "2019-11", "2019-12", "2020-01", "2020-02", "2020-03", "2020-04", "2020-05", "2020-06", "2020-07"], "y": [-0.5848912000656128, -0.5370509624481201, 0.21818318963050842, -0.054768577218055725, -0.5291369557380676, -0.7682123184204102, -0.3185427784919739, -0.17869803309440613, -0.41896378993988037, -0.31557387113571167, 0.16820895671844482, 0.2305794060230255, 0.327528178691864, 0.1966724693775177, 0.3577228784561157, 0.6035683155059814, 0.33020204305648804, 0.10015090554952621, -0.20349806547164917]}, "spi_12": {"px": ["2021-01", "2021-02", "2021-03", "2021-04", "2021-05", "2021-06", "2021-07", "2021-08", "2021-09", "2021-10", "2021-11", "2021-12"], "py": [-0.07132716314002163, -0.06239409958975184, -0.16804611914128786, 0.09114808734227475, 0.32579938151150634, 0.2422614798356797, 0.06804344292862696, 0.17615403976965016, 0.3803128119677299, 0.28572398334977134, 0.2370375568144838, -0.16177060531306342], "pt": [0.4907561877172477, 0.6260145999576063, 0.6268597758639216, 0.9798798951535979, 1.2993562984491502, 1.2938231350983083, 1.1922101383613946, 1.3685128798097521, 1.6371693860139995, 1.6039262789117514, 1.613854950780155, 1.2712663727960054], "pb": [-0.633410513997291, -0.75080279913711, -0.9629520141464973, -0.7975837204690481, -0.6477575354261378, -0.8093001754269491, -1.0561232525041404, -1.0162048002704516, -0.8765437620785395, -1.0324783122122088, -1.1397798371511876, -1.5948075834221322], "x": ["2019-01", "2019-02", "2019-03", "2019-04", "2019-05", "2019-06", "2019-07", "2019-08", "2019-09", "2019-10", "2019-11", "2019-12", "2020-01", "2020-02", "2020-03", "2020-04", "2020-05", "2020-06", "2020-07", "2020-08", "2020-09", "2020-10", "2020-11", "2020-12"], "y": [-1.061527967453003, -1.0019910335540771, -0.7717690467834473, -1.0621472597122192, -1.2338706254959106, -1.1160783767700195, -0.629860520362854, -0.48649266362190247, -0.2836751341819763, -0.29358547925949097, -0.23240841925144196, -0.46855977177619934, -0.10337849706411362, -0.07435464859008789, -0.180947408080101, 0.05858023092150688, 0.263358473777771, 0.15815389156341553, -0.03755970671772957, -0.0947437435388565, -0.19872581958770752, -0.2676266133785248, -0.293194055557251, -0.4102479815483093],