{"IIS3": {"px": [], "py": [], "pt": [], "pb": [], "x": ["2019-01", "2019-02", "2019-03", "2019-04", "2019-05", "2019-06", "2019-07", "2019-08", "2019-09", "2019-10", "2019-11", "2019-12", "2020-01", "2020-02", "2020-03", "2020-04", "2020-05", "2020-06", "2020-07", "2020-08", "2020-09", "2020-10", "2020-11", "2020-12"], "y": [NaN, NaN, NaN, NaN, NaN, NaN, NaN, NaN, NaN, NaN, NaN, NaN, NaN, NaN, NaN, NaN, NaN, NaN, NaN, NaN, NaN, NaN, NaN, NaN]}, "VHI": {"px": ["2021-01", "2021-02", "2021-03", "2021-04", "2021-05", "2021-06", "2021-07", "2021-08", "2021-09", "2021-10", "2021-11", "2021-12"], "py": [38.75233623061996, 48.40449791996507, 58.64725201724609, 64.56528660724886, 62.7661667802919, 58.05761473795822, 44.13437481089332, 63.81756528704487, 67.70982100328844, 57.89983098461404, 46.43592546388467, 41.324472150638115], "pt": [55.815459461991466, 65.46762115133657, 75.7103752486176, 81.62840983862039, 79.82929001166342, 75.12073796932974, 61.19749804226484, 80.88068851841639, 84.77294423465996, 74.96295421598558, 63.49904869525619, 58.38759538200965], "pb": [21.689212999248454, 31.34137468859356, 41.58412878587458, 47.502163375877345, 45.70304354892038, 40.9944915065867, 27.0712515795218, 46.75444205567335, 50.64669777191692, 40.83670775324251, 29.372802232513152, 24.26134891926658], "x": ["2019-01", "2019-02", "2019-03", "2019-04", "2019-05", "2019-06", "2019-07", "2019-08", "2019-09", "2019-10", "2019-11", "2019-12", "2020-01", "2020-02", "2020-03", "2020-04", "2020-05", "2020-06", "2020-07", "2020-08", "2020-09", "2020-10", "2020-11", "2020-12"], "y": [51.85196304321289, 59.41054153442383, 60.691070556640625, 59.35943603515625, 50.798301696777344, 44.17151641845703, 44.17151641845703, 62.988502502441406, 66.47492980957031, 57.05990982055664, 46.44049835205078, 42.37393569946289, 40.75958251953125, 51.14791488647461, 60.684329986572266, 65.42250061035156, 63.61803436279297, 59.57207107543945, 61.92848587036133, 57.318660736083984, 48.52450180053711, 46.63370895385742, 56.60883712768555, 47.77428436279297]}, "spi_01": {"px": [], "py": [], "pt": [], "pb": [], "x": ["2019-01", "2019-02", "2019-03", "2019-04", "2019-05", "2019-06", "2019-07", "2019-08", "2019-09", "2019-10", "2019-11", "2019-12", "2020-01", "2020-02", "2020-03", "2020-04", "2020-05", "2020-06", "2020-07", "2020-08", "2020-09", "2020-10", "2020-11", "2020-12"], "y": [NaN, NaN, NaN, NaN, NaN, NaN, NaN, NaN, NaN, NaN, NaN, NaN, NaN, NaN, NaN, NaN, NaN, NaN, NaN, NaN, NaN, NaN, NaN, NaN]}, "spi_03": {"px": [], "py": [], "pt": [], "pb": [], "x": ["2019-01", "2019-02", "2019-03", "2019-04", "2019-05", "2019-06", "2019-07", "2019-08", "2019-09", "2019-10", "2019-11", "2019-12", "2020-01", "2020-02", "2020-03", "2020-04", "2020-05", "2020-06", "2020-07"], "y": [NaN, NaN, NaN, NaN, NaN, NaN, NaN, NaN, NaN, NaN, NaN, NaN, NaN, NaN, NaN, NaN, NaN, NaN, NaN]}, "spi_06": {"px": [], "py": [], "pt": [], "pb": [], "x": ["2019-01", "2019-02", "2019-03", "2019-04", "2019-05", "2019-06", "2019-07", "2019-08", "2019-09", "2019-10", "2019-11", "2019-12", "2020-01", "2020-02", "2020-03", "2020-04", "2020-05", "2020-06", "2020-07"], "y": [NaN, NaN, NaN, NaN, NaN, NaN, NaN, NaN, NaN, NaN, NaN, NaN, NaN, NaN, NaN, NaN, NaN, NaN, NaN]}, "spi_12": {"px": [], "py": [], "pt": [], "pb": [], "x": ["2019-01", "2019-02", "2019-03", "2019-04", "2019-05", "2019-06", "2019-07", "2019-08", "2019-09", "2019-10", "2019-11", "2019-12", "2020-01", "2020-02", "2020-03", "2020-04", "2020-05", "2020-06", "2020-07", "2020-08", "2020-09", "2020-10", "2020-11", "2020-12"], "y": [NaN, NaN, NaN, NaN, NaN, NaN, NaN, NaN, NaN, NaN, NaN, NaN, NaN, NaN, NaN, NaN, NaN, NaN, NaN, NaN, NaN, NaN, NaN, NaN], "geox": [-35.630324219625734, -35.583651778954305, -35.55225648984102, -35.51079410533732, -35.4625006980761, -35.47764785856244, -35.438850510729786, -35.44389857616315, -35.44899163633099, -35.45341267744127, -35.45590970173809, -35.4630067665304, -35.46515678494249, -35.46845781558044, -35.47094383728642, -35.47285185611052, -35.48682498633009, -35.49191203484401, -35.49270904354243, -35.49193203869553, -35.48848401263877, -35.487503003789044, -35.48645099351783, -35.48310796645815, -35.483066969214455, -35.4836639756421, -35.48668600483588, -35.490851043000426, -35.492528056519795, -35.4946300766808, -35.49776710488242, -35.49938212129357, -35.499325121771086, -35.50050413271924, -35.50672319411339, -35.507324201259195, -35.510241228587674, -35.51077023393501, -35.51047923267576, -35.49236413360006, -35.504516252896586, -35.50783728015811, -35.50608125540213, -35.50822227484047, -35.51049929648055, -35.52229040247563, -35.52550642928585, -35.52771644921881, -35.52925146623377, -35.52873947310661, -35.55059067972408, -35.55786574753188, -35.56291780081594, -35.56294080397058, -35.55931577165237, -35.55341171767608, -35.54794866583401, -35.54985069220749, -35.54933768858887, -35.62802741688953, -35.61147324034869, -35.62576334986859, -35.64917752918422, -35.65512452252984, -35.656698519164124, -35.65768951857905, -35.630324219625734], "geoy": [-8.10408484092144, -8.078732678939067, -8.071035643174948, -8.057609570230078, -8.09383689235293, -8.123930116610538, -8.126965170912504, -8.152020363518544, -8.169866499459363, -8.171365507720095, -8.173566523003306, -8.174468524464121, -8.173215512941647, -8.174267518578208, -8.173343509369387, -8.175352523607847, -8.18048755279393, -8.183747574309606, -8.185633588455225, -8.18834661032698, -8.194686662731536, -8.194692663556657, -8.193721656783769, -8.197620689982001, -8.201531720653778, -8.20283073035593, -8.20522574671728, -8.205938748994043, -8.203917731832401, -8.205403741801888, -8.205264738221237, -8.207557754896253, -8.20879676464472, -8.209180766714839, -8.215756813262526, -8.217904829602261, -8.219156837082684, -8.219871842259238, -8.221575855831112, -8.301514495785982, -8.313349578547534, -8.310000549694054, -8.299013465206516, -8.299152464572757, -8.30049447323524, -8.299968459643473, -8.29723643570066, -8.297222433814587, -8.301124463081846, -8.315289574203435, -8.326898647281928, -8.329562662214936, -8.339018731976603, -8.342632760176931, -8.343107766818713, -8.34224176483251, -8.339115744837802, -8.35040983149474, -8.351647841576607, -8.374285954350963, -8.340960707835622, -8.317267511365094, -8.27822718771277, -8.20361160001681, -8.181748427829898, -8.16987033415109, -8.10408484092144]}}