{"IIS3": {"px": [], "py": [], "pt": [], "pb": [], "x": ["2019-01", "2019-02", "2019-03", "2019-04", "2019-05", "2019-06", "2019-07", "2019-08", "2019-09", "2019-10", "2019-11", "2019-12", "2020-01", "2020-02", "2020-03", "2020-04", "2020-05", "2020-06", "2020-07", "2020-08", "2020-09", "2020-10", "2020-11", "2020-12"], "y": [NaN, NaN, NaN, NaN, NaN, NaN, NaN, NaN, NaN, NaN, NaN, NaN, NaN, NaN, NaN, NaN, NaN, NaN, NaN, NaN, NaN, NaN, NaN, NaN]}, "VHI": {"px": ["2021-01", "2021-02", "2021-03", "2021-04", "2021-05", "2021-06", "2021-07", "2021-08", "2021-09", "2021-10", "2021-11", "2021-12"], "py": [74.51242734507652, 103.91444221189494, 110.62714336605893, 98.07842202218116, 96.02558045264638, 97.53294998899209, 95.86007229358476, 102.51747778461377, 90.27910608349909, 74.87395854123106, 61.443478192331995, 50.20227540107129], "pt": [94.62539808229711, 128.5476999095776, 139.07117925628717, 129.87982090098433, 130.8622674876228, 135.16087255318695, 136.08601354324597, 145.18353153165424, 135.2530756133226, 122.043055715055, 110.70999340416523, 101.48049021050034], "pb": [54.399456607855925, 79.28118451421227, 82.18310747583068, 66.27702314337799, 61.18889341766996, 59.905027424797225, 55.63413104392356, 59.85142403757331, 45.30513655367555, 27.704861367407112, 12.17696298049875, -1.0759394083577476], "x": ["2019-01", "2019-02", "2019-03", "2019-04", "2019-05", "2019-06", "2019-07", "2019-08", "2019-09", "2019-10", "2019-11", "2019-12", "2020-01", "2020-02", "2020-03", "2020-04", "2020-05", "2020-06", "2020-07", "2020-08", "2020-09", "2020-10", "2020-11", "2020-12"], "y": [52.47279739379883, 60.286983489990234, 63.04029083251953, 49.526611328125, 45.46432876586914, 48.80807113647461, 48.80807113647461, 51.67192077636719, 43.94961166381836, 34.77949905395508, 27.103239059448242, 20.743146896362305, 37.410770416259766, 55.77064514160156, 60.45651626586914, 52.96047592163086, 52.526729583740234, 55.446693420410156, 53.66730499267578, 57.75893783569336, 53.59715270996094, 36.58839797973633, 49.278011322021484, 47.46730422973633]}, "spi_01": {"px": ["2021-01", "2021-02", "2021-03", "2021-04", "2021-05", "2021-06", "2021-07", "2021-08", "2021-09", "2021-10", "2021-11", "2021-12"], "py": [1.4172145193368877, 2.798610687365219, 6.079855875345311, 3.034771326767257, 1.418600027225989, 2.959117222054762, 4.390195865263953, 2.4790767769366147, 2.7022859541864186, 2.755915232440853, -0.7782642540070357, -0.4037639208100896], "pt": [5.939887926224728, 7.379239083502668, 10.71771510796881, 7.729163728320554, 6.168852839223643, 7.7645811472155675, 9.250243734796946, 7.393102321465506, 7.669702668174965, 7.7761553231678935, 4.294249159151508, 4.720489594074163], "pb": [-3.1054588875509515, -1.7820177087722309, 1.4419966427218114, -1.6596210747860392, -3.3316527847716637, -1.8463467031060432, -0.4698520042690397, -2.434948767592277, -2.265130759802128, -2.2643248582861872, -5.85077766716558, -5.528017435694343], "x": ["2019-01", "2019-02", "2019-03", "2019-04", "2019-05", "2019-06", "2019-07", "2019-08", "2019-09", "2019-10", "2019-11", "2019-12", "2020-01", "2020-02", "2020-03", "2020-04", "2020-05", "2020-06", "2020-07", "2020-08", "2020-09", "2020-10", "2020-11", "2020-12"], "y": [-0.9683874249458313, -1.1160598993301392, 0.022469980642199516, 0.2560490369796753, -0.37514322996139526, -1.5582844018936157, 0.5527799129486084, -0.23903143405914307, 0.02895067073404789, 0.1516374945640564, -1.701308012008667, -1.475180983543396, -0.09358692914247513, 0.651292085647583, 2.549555778503418, 0.6254755258560181, -0.2582426071166992, 0.825063169002533, -0.5544319152832031, -0.6670665144920349, 0.15344366431236267, -1.018920660018921, 1.8411310911178589, -0.6751642823219299]}, "spi_03": {"px": [], "py": [], "pt": [], "pb": [], "x": ["2019-01", "2019-02", "2019-03", "2019-04", "2019-05", "2019-06", "2019-07", "2019-08", "2019-09", "2019-10", "2019-11", "2019-12", "2020-01", "2020-02", "2020-03", "2020-04", "2020-05", "2020-06", "2020-07"], "y": [-0.15382897853851318, -0.6047539114952087, -1.1710938215255737, -0.3627511262893677, -0.04372325539588928, -0.15682347118854523, -0.6780940890312195, -0.6629229784011841, 0.03739893436431885, -0.20120210945606232, -1.2186427116394043, -1.9555778503417969, -1.2722700834274292, -0.31593066453933716, 1.490833044052124, 1.6123144626617432, 1.236380934715271, 0.36857035756111145, -0.20570142567157745]}, "spi_06": {"px": [], "py": [], "pt": [], "pb": [], "x": ["2019-01", "2019-02", "2019-03", "2019-04", "2019-05", "2019-06", "2019-07", "2019-08", "2019-09", "2019-10", "2019-11", "2019-12", "2020-01", "2020-02", "2020-03", "2020-04", "2020-05", "2020-06", "2020-07"], "y": [-0.37120065093040466, -1.1661922931671143, -0.8328877091407776, -0.4111756980419159, -0.28879237174987793, -0.868367075920105, -0.5087704658508301, -0.1482810527086258, -0.1690102368593216, -0.6318546533584595, -1.2797688245773315, -1.9529486894607544, -1.3887211084365845, -0.7764749526977539, 0.9510278701782227, 0.9106579422950745, 0.8321927189826965, 1.123794436454773, 1.244155764579773]}, "spi_12": {"px": ["2021-01", "2021-02", "2021-03", "2021-04", "2021-05", "2021-06", "2021-07", "2021-08", "2021-09", "2021-10", "2021-11", "2021-12"], "py": [1.9484905793095866, 3.005727807800766, 5.174278100711682, 5.375222665290286, 4.975769759302068, 4.905734115815881, 5.080213972004583, 4.93096365044265, 4.450470112316043, 4.410473243693265, 4.136313893178552, 1.5831235963505437], "pt": [3.538300280784547, 4.952839081335113, 7.422608533754207, 7.888932505499739, 7.729400922945171, 7.879995706531654, 8.259833357186992, 8.3034592930267, 8.005392654913708, 8.138907460424155, 8.030536425740133, 5.636358916157546], "pb": [0.358680877834626, 1.0586165342664193, 2.9259476676691563, 2.8615128250808333, 2.222138595658965, 1.9314725251001086, 1.9005945868221747, 1.5584680078586004, 0.8955475697183783, 0.6820390269623751, 0.24209136061697167, -2.4701117234564585], "x": ["2019-01", "2019-02", "2019-03", "2019-04", "2019-05", "2019-06", "2019-07", "2019-08", "2019-09", "2019-10", "2019-11", "2019-12", "2020-01", "2020-02", "2020-03", "2020-04", "2020-05", "2020-06", "2020-07", "2020-08", "2020-09", "2020-10", "2020-11", "2020-12"], "y": [-1.2137798070907593, -1.4910340309143066, -1.1576746702194214, -0.9414463043212891, -0.6661495566368103, -0.6964183449745178, -0.627980649471283, -0.6165476441383362, -0.6375511884689331, -0.5276248455047607, -0.5072453022003174, -1.216727614402771, -0.8709977269172668, -0.41202303767204285, 0.5084385871887207, 0.6795631647109985, 0.6139518618583679, 0.7338519096374512, 0.6765907406806946, 0.6656302213668823, 0.6710677742958069, 0.5875101089477539, 0.9970715045928955, 1.1098333597183228],