{"IIS3": {"px": [], "py": [], "pt": [], "pb": [], "x": ["2019-01", "2019-02", "2019-03", "2019-04", "2019-05", "2019-06", "2019-07", "2019-08", "2019-09", "2019-10", "2019-11", "2019-12", "2020-01", "2020-02", "2020-03", "2020-04", "2020-05", "2020-06", "2020-07", "2020-08", "2020-09", "2020-10", "2020-11", "2020-12"], "y": [NaN, NaN, NaN, NaN, NaN, NaN, NaN, NaN, NaN, NaN, NaN, NaN, NaN, NaN, NaN, NaN, NaN, NaN, NaN, NaN, NaN, NaN, NaN, NaN]}, "VHI": {"px": ["2021-01", "2021-02", "2021-03", "2021-04", "2021-05", "2021-06", "2021-07", "2021-08", "2021-09", "2021-10", "2021-11", "2021-12"], "py": [53.80427047139413, 56.629483753322276, 58.7151983717078, 54.86189586240178, 63.368884114373245, 66.51384012832382, 67.41113174365192, 72.35921639536357, 61.92817718026228, 52.33716696278847, 47.9167642213923, 42.39720155444056], "pt": [63.31623509772912, 66.14144837965726, 68.22716299804279, 64.37386048873677, 72.88084874070825, 76.02580475465882, 76.92309636998692, 81.87118102169858, 71.44014180659728, 61.84913158912347, 57.4287288477273, 51.90916618077556], "pb": [44.29230584505915, 47.11751912698729, 49.20323374537281, 45.349931236066794, 53.856919488038244, 57.00187550198882, 57.89916711731692, 62.847251769028574, 52.41621255392728, 42.82520233645347, 38.4047995950573, 32.885236928105556], "x": ["2019-01", "2019-02", "2019-03", "2019-04", "2019-05", "2019-06", "2019-07", "2019-08", "2019-09", "2019-10", "2019-11", "2019-12", "2020-01", "2020-02", "2020-03", "2020-04", "2020-05", "2020-06", "2020-07", "2020-08", "2020-09", "2020-10", "2020-11", "2020-12"], "y": [55.348907470703125, 54.115516662597656, 53.22465133666992, 52.620758056640625, 58.996036529541016, 62.91353225708008, 62.91353225708008, 67.2613754272461, 57.256961822509766, 48.051204681396484, 43.71902084350586, 38.414337158203125, 50.254329681396484, 53.04550552368164, 55.22713088989258, 51.2313346862793, 59.26284408569336, 63.25979232788086, 64.60353088378906, 69.45198059082031, 61.30207061767578, 39.15620803833008, 51.32883834838867, 54.55344772338867]}, "spi_01": {"px": [], "py": [], "pt": [], "pb": [], "x": ["2019-01", "2019-02", "2019-03", "2019-04", "2019-05", "2019-06", "2019-07", "2019-08", "2019-09", "2019-10", "2019-11", "2019-12", "2020-01", "2020-02", "2020-03", "2020-04", "2020-05", "2020-06", "2020-07", "2020-08", "2020-09", "2020-10", "2020-11", "2020-12"], "y": [NaN, NaN, NaN, NaN, NaN, NaN, NaN, NaN, NaN, NaN, NaN, NaN, NaN, NaN, NaN, NaN, NaN, NaN, NaN, NaN, NaN, NaN, NaN, NaN]}, "spi_03": {"px": [], "py": [], "pt": [], "pb": [], "x": ["2019-01", "2019-02", "2019-03", "2019-04", "2019-05", "2019-06", "2019-07", "2019-08", "2019-09", "2019-10", "2019-11", "2019-12", "2020-01", "2020-02", "2020-03", "2020-04", "2020-05", "2020-06", "2020-07"], "y": [NaN, NaN, NaN, NaN, NaN, NaN, NaN, NaN, NaN, NaN, NaN, NaN, NaN, NaN, NaN, NaN, NaN, NaN, NaN]}, "spi_06": {"px": [], "py": [], "pt": [], "pb": [], "x": ["2019-01", "2019-02", "2019-03", "2019-04", "2019-05", "2019-06", "2019-07", "2019-08", "2019-09", "2019-10", "2019-11", "2019-12", "2020-01", "2020-02", "2020-03", "2020-04", "2020-05", "2020-06", "2020-07"], "y": [NaN, NaN, NaN, NaN, NaN, NaN, NaN, NaN, NaN, NaN, NaN, NaN, NaN, NaN, NaN, NaN, NaN, NaN, NaN]}, "spi_12": {"px": [], "py": [], "pt": [], "pb": [], "x": ["2019-01", "2019-02", "2019-03", "2019-04", "2019-05", "2019-06", "2019-07", "2019-08", "2019-09", "2019-10", "2019-11", "2019-12", "2020-01", "2020-02", "2020-03", "2020-04", "2020-05", "2020-06", "2020-07", "2020-08", "2020-09", "2020-10", "2020-11", "2020-12"], "y": [NaN, NaN, NaN, NaN, NaN, NaN, NaN, NaN, NaN, NaN, NaN, NaN, NaN, NaN, NaN, NaN, NaN, NaN, NaN, NaN, NaN, NaN, NaN, NaN], "geox": [-42.70459268576167, -42.65181425301924, -42.64643621012223, -42.64306318441061, -42.640389165024004, -42.62984504349673, -42.60625386429434, -42.50044102121954, -42.476141823764884, -42.42938646363376, -42.39749620421404, -42.393828167549486, -42.39451817473036, -42.393980171946374, -42.39054714598149, -42.38925013558653, -42.389906144642, -42.388325132479196, -42.387895130156664, -42.38547811138694, -42.379651065966925, -42.37804205288298, -42.37638404036273, -42.37702204877779, -42.374465028601, -42.37034900245571, -42.36826998515173, -42.36694197512407, -42.363586947781975, -42.36121892929783, -42.35893791240314, -42.35690489598068, -42.356331891852236, -42.356890897611116, -42.347273822501485, -42.34277978627975, -42.3406827717797, -42.339071759209176, -42.33811475245767, -42.33635873971984, -42.332098705932786, -42.33307271637305, -42.331552705026084, -42.32918568614018, -42.32790367672542, -42.329124687759716, -42.32920669005724, -42.3270616753346, -42.32525866158069, -42.32394765578072, -42.31928762166208, -42.31919362304331, -42.439327626543054, -42.44293863031649, -42.53585839763658, -42.545396463553814, -42.62190007214186, -42.68403658637736, -42.688330617749486, -42.689124622331974, -42.689811622433666, -42.68754660218981, -42.68484257560213, -42.684980571442665, -42.68219154304427, -42.68533056604337, -42.68621957113588, -42.6878285831296, -42.687690573966286, -42.68879858107943, -42.68879757840689, -42.69374261809519, -42.70168267695703, -42.7027126840571, -42.702159672540475, -42.70274567309714, -42.70324467561988, -42.70459268576167], "geoy": [-6.079968136854017, -6.081384184407468, -6.083261201973076, -6.0861382254703456, -6.089837254511129, -6.040098896566827, -6.061332069117152, -6.10133243753872, -6.105290483762259, -6.141297781733513, -6.1464868424876, -6.137419778315966, -6.139528793359292, -6.141875811022221, -6.1452268381248, -6.145663842259901, -6.150820879768694, -6.152072890106282, -6.153807903185455, -6.155473917163686, -6.159253949123913, -6.159531952310995, -6.1611789656133205, -6.165627997918902, -6.1669410093999195, -6.177991093676361, -6.177792093688546, -6.179111104342935, -6.17961311042308, -6.181116123171991, -6.1838471449007635, -6.1843591501160535, -6.185208156774444, -6.18681816823049, -6.192874219662152, -6.194128232094817, -6.1980922627751855, -6.199125271528832, -6.200745284138644, -6.2032263036573925, -6.2051923211702125, -6.208555345236259, -6.2102513588075885, -6.211186367380857, -6.21283538043681, -6.214165389356968, -6.216437406025022, -6.2206374384772785, -6.2222354515301115, -6.22927850431361, -6.23540555275024, -6.238421575017022, -6.254827609316804, -6.218569340349015, -6.220622288782824, -6.202970152408397, -6.173428880986015, -6.178082870690082, -6.172593827407031, -6.169870806890401, -6.1620937494199115, -6.159805734270937, -6.153672691254925, -6.146226636583372, -6.138512582021418, -6.13456755086997, -6.131445527350589, -6.129711513495648, -6.118369430433441, -6.115552408991805, -6.111782381346359, -6.11044436803427, -6.1014132961926775, -6.099482281304164, -6.089586209117726, -6.083536164328129, -6.081294147530557, -6.079968136854017]}}