{"IIS3": {"px": [], "py": [], "pt": [], "pb": [], "x": ["2019-01", "2019-02", "2019-03", "2019-04", "2019-05", "2019-06", "2019-07", "2019-08", "2019-09", "2019-10", "2019-11", "2019-12", "2020-01", "2020-02", "2020-03", "2020-04", "2020-05", "2020-06", "2020-07", "2020-08", "2020-09", "2020-10", "2020-11", "2020-12"], "y": [NaN, NaN, NaN, NaN, NaN, NaN, NaN, NaN, NaN, NaN, NaN, NaN, NaN, NaN, NaN, NaN, NaN, NaN, NaN, NaN, NaN, NaN, NaN, NaN]}, "VHI": {"px": ["2021-01", "2021-02", "2021-03", "2021-04", "2021-05", "2021-06", "2021-07", "2021-08", "2021-09", "2021-10", "2021-11", "2021-12"], "py": [96.59886115022132, 166.73562722817687, 215.14407332595775, 226.95212806842582, 242.55178079363407, 231.05444451440655, 211.01351972932008, 216.30968528492906, 242.4168117989559, 191.39243575753957, 114.73794823217146, 67.02121524327887], "pt": [160.50726849045986, 245.00712116254925, 305.52420939949513, 328.0001920311944, 353.24438878791887, 350.6161260788988, 338.83033369556506, 351.8798891146582, 385.3203540937043, 341.27093533082586, 271.28093551774816, 229.95632227133734], "pb": [32.69045380998278, 88.4641332938045, 124.76393725242039, 125.90406410565726, 131.85917279934927, 111.49276294991434, 83.1967057630751, 80.7394814551999, 99.5132695042075, 41.513936184253254, -41.805039053405224, -95.9138917847796], "x": ["2019-01", "2019-02", "2019-03", "2019-04", "2019-05", "2019-06", "2019-07", "2019-08", "2019-09", "2019-10", "2019-11", "2019-12", "2020-01", "2020-02", "2020-03", "2020-04", "2020-05", "2020-06", "2020-07", "2020-08", "2020-09", "2020-10", "2020-11", "2020-12"], "y": [48.94040298461914, 35.70866775512695, 45.905242919921875, 49.07990646362305, 54.887821197509766, 46.62733459472656, 46.62733459472656, 46.781673431396484, 54.280029296875, 42.04076385498047, 22.506772994995117, 10.261677742004395, 21.219234466552734, 43.879432678222656, 60.06283950805664, 63.97685241699219, 70.8719253540039, 71.39899444580078, 69.20186614990234, 72.06217956542969, 61.276485443115234, 46.65432357788086, 62.50128936767578, 61.92875671386719]}, "spi_01": {"px": ["2021-01", "2021-02", "2021-03", "2021-04", "2021-05", "2021-06", "2021-07", "2021-08", "2021-09", "2021-10", "2021-11", "2021-12"], "py": [1.755102834740935, -0.16851694345578005, 1.8756353548905302, 2.5621804614859256, 1.662046711851556, 2.0334405148725114, 1.5067394440022692, 2.882931907575509, 1.9299969504425007, 1.193944973856337, -0.5780899862964759, 0.04922242665508758], "pt": [3.6390936368340245, 1.71547385863731, 3.7596261569836207, 4.446171263579016, 3.546037513944647, 3.9174313169656028, 3.3907302460953606, 4.7669227096686, 3.813987752535592, 3.0779357759494292, 1.3059008157966163, 1.9332132287481798], "pb": [-0.12888796735215502, -2.0525077455488705, -0.008355447202560207, 0.6781896593928347, -0.22194409024153483, 0.1494497127794201, -0.3772513580908221, 0.9989411054824173, 0.04600614834940897, -0.6900458282367552, -2.462080788389568, -1.834768375438005], "x": ["2019-01", "2019-02", "2019-03", "2019-04", "2019-05", "2019-06", "2019-07", "2019-08", "2019-09", "2019-10", "2019-11", "2019-12", "2020-01", "2020-02", "2020-03", "2020-04", "2020-05", "2020-06", "2020-07", "2020-08", "2020-09", "2020-10", "2020-11", "2020-12"], "y": [-0.7137007713317871, -0.06534573435783386, -0.006343385204672813, 0.5918661952018738, 0.029394585639238358, 0.8612247705459595, 0.260511577129364, 1.2281254529953003, 0.582740306854248, 0.14352282881736755, -1.0681493282318115, -0.5946792364120483, 0.9643909931182861, -0.5789304971694946, 1.0507776737213135, 1.6233216524124146, 0.9908090829849243, 1.3211846351623535, 0.9801304936408997, 1.2919070720672607, 0.6148284077644348, 1.0382047891616821, 0.6516207456588745, -1.3074026107788086]}, "spi_03": {"px": [], "py": [], "pt": [], "pb": [], "x": ["2019-01", "2019-02", "2019-03", "2019-04", "2019-05", "2019-06", "2019-07", "2019-08", "2019-09", "2019-10", "2019-11", "2019-12", "2020-01", "2020-02", "2020-03", "2020-04", "2020-05", "2020-06", "2020-07"], "y": [0.0556565523147583, -0.16977064311504364, -0.571036696434021, -0.06940750777721405, 0.09680187702178955, 0.6568305492401123, 0.4342111349105835, 1.0243470668792725, 0.9201052188873291, 0.7119520902633667, -0.9434935450553894, -1.3471301794052124, -0.7101743817329407, -0.21443569660186768, 0.7453492879867554, 0.9763684272766113, 1.5055195093154907, 1.9007811546325684, 1.3152356147766113]}, "spi_06": {"px": [], "py": [], "pt": [], "pb": [], "x": ["2019-01", "2019-02", "2019-03", "2019-04", "2019-05", "2019-06", "2019-07", "2019-08", "2019-09", "2019-10", "2019-11", "2019-12", "2020-01", "2020-02", "2020-03", "2020-04", "2020-05", "2020-06", "2020-07"], "y": [-0.0681733638048172, -0.2337307184934616, -0.2839096188545227, -0.1287798285484314, -0.22716817259788513, -0.32891780138015747, 0.05031230300664902, 0.47816479206085205, 0.9806839227676392, 0.6819308996200562, -0.24245572090148926, -0.8168630599975586, -0.3564146161079407, -0.9201773405075073, -0.3291316330432892, 0.2330453097820282, 0.8809694051742554, 1.319544792175293, 1.246530294418335]}, "spi_12": {"px": ["2021-01", "2021-02", "2021-03", "2021-04", "2021-05", "2021-06", "2021-07", "2021-08", "2021-09", "2021-10", "2021-11", "2021-12"], "py": [2.7999298313577263, 2.4651440696692593, 3.6306801091313545, 4.398582678721268, 4.427912052183345, 4.171962906320916, 3.6927021464110883, 4.363375915740982, 4.7422185503778875, 4.827098479471813, 3.0039553249994, 1.4844241572501709], "pt": [4.090877946420118, 4.046226148897903, 5.456356434971397, 6.439750861945676, 6.663899766300409, 6.587105668800451, 6.274598362108403, 7.101890398833401, 7.628866273876854, 7.854640153017629, 6.166119471676707, 4.77570895137028], "pb": [1.5089817162953345, 0.8840619904406157, 1.805003783291312, 2.3574144954968608, 2.1919243380662805, 1.75682014384138, 1.1108059307137745, 1.6248614326485629, 1.8555708268789206, 1.7995568059259974, -0.15820882167790673, -1.806860636869939], "x": ["2019-01", "2019-02", "2019-03", "2019-04", "2019-05", "2019-06", "2019-07", "2019-08", "2019-09", "2019-10", "2019-11", "2019-12", "2020-01", "2020-02", "2020-03", "2020-04", "2020-05", "2020-06", "2020-07", "2020-08", "2020-09", "2020-10", "2020-11", "2020-12"], "y": [0.45748811960220337, 0.15808013081550598, 0.1945560723543167, 0.24054157733917236, -0.013446399010717869, -0.07151976972818375, -0.0899583026766777, 0.05429726466536522, 0.13068455457687378, 0.15074805915355682, -0.365938663482666, -0.7938918471336365, -0.25306010246276855, -0.3265449106693268, 0.1161709576845169, 0.4373219609260559, 0.5579893589019775, 0.6220753192901611, 0.7032791972160339, 0.7247724533081055, 0.7339248657226562, 0.9146432280540466, 1.5335254669189453, 1.2558013200759888],