{"IIS3": {"px": [], "py": [], "pt": [], "pb": [], "x": ["2019-01", "2019-02", "2019-03", "2019-04", "2019-05", "2019-06", "2019-07", "2019-08", "2019-09", "2019-10", "2019-11", "2019-12", "2020-01", "2020-02", "2020-03", "2020-04", "2020-05", "2020-06", "2020-07", "2020-08", "2020-09", "2020-10", "2020-11", "2020-12"], "y": [NaN, NaN, NaN, NaN, NaN, NaN, NaN, NaN, NaN, NaN, NaN, NaN, NaN, NaN, NaN, NaN, NaN, NaN, NaN, NaN, NaN, NaN, NaN, NaN]}, "VHI": {"px": ["2021-01", "2021-02", "2021-03", "2021-04", "2021-05", "2021-06", "2021-07", "2021-08", "2021-09", "2021-10", "2021-11", "2021-12"], "py": [87.0077027095981, 127.24613670240316, 132.48220347830247, 129.85651949153308, 131.59155233198626, 124.29525737413132, 123.1638039368988, 95.80804010193991, 81.25417782047373, 60.09161160759304, 39.74816917067282, 35.02419980092674], "pt": [110.12366576213249, 155.5572938279606, 165.17311181272885, 166.40606610529744, 171.62957460598977, 167.54126409793724, 169.39572978362654, 144.84440250209352, 132.94304226322453, 114.30334997967378, 96.37048321085311, 93.95857276956589], "pb": [63.891739657063724, 98.93497957684573, 99.7912951438761, 93.30697287776871, 91.55353005798277, 81.0492506503254, 76.93187809017107, 46.771677701786295, 29.565313377722944, 5.879873235512285, -16.874144869507475, -23.910173167712415], "x": ["2019-01", "2019-02", "2019-03", "2019-04", "2019-05", "2019-06", "2019-07", "2019-08", "2019-09", "2019-10", "2019-11", "2019-12", "2020-01", "2020-02", "2020-03", "2020-04", "2020-05", "2020-06", "2020-07", "2020-08", "2020-09", "2020-10", "2020-11", "2020-12"], "y": [58.465126037597656, 61.9693717956543, 50.402000427246094, 57.090599060058594, 65.53800201416016, 56.665374755859375, 56.665374755859375, 41.908199310302734, 35.140499114990234, 24.993247985839844, 14.613471031188965, 12.331971168518066, 43.50819396972656, 66.28360748291016, 70.5373306274414, 70.25111389160156, 72.22899627685547, 69.26289367675781, 52.985374450683594, 53.386878967285156, 55.01569747924805, 35.96820068359375, 29.71820640563965, 31.743999481201172]}, "spi_01": {"px": ["2021-01", "2021-02", "2021-03", "2021-04", "2021-05", "2021-06", "2021-07", "2021-08", "2021-09", "2021-10", "2021-11", "2021-12"], "py": [1.2363871624612415, 1.63647890264944, 2.226220766604638, 2.1408033958000896, 1.9096744628389937, -0.20545620773452677, -0.2917918664709127, 0.4213643876333517, 0.17483626588705592, 1.8615010342768805, 1.0588723888997071, -1.8422181584359738], "pt": [2.933067981889896, 3.3331597220780953, 3.9229015860332925, 3.837484215228745, 3.606355282267649, 1.491224611694129, 1.4048889529577426, 2.118045207062008, 1.8715170853157117, 3.5581818537055367, 2.7555532083283634, -0.14553733900731736], "pb": [-0.460293656967413, -0.06020191677921494, 0.5295399471759832, 0.44412257637143426, 0.21299364341033833, -1.9021370271631823, -1.9884726858995683, -1.2753164317953043, -1.5218445535416, 0.1648202148482243, -0.6378084305289491, -3.5388989778646307], "x": ["2019-01", "2019-02", "2019-03", "2019-04", "2019-05", "2019-06", "2019-07", "2019-08", "2019-09", "2019-10", "2019-11", "2019-12", "2020-01", "2020-02", "2020-03", "2020-04", "2020-05", "2020-06", "2020-07", "2020-08", "2020-09", "2020-10", "2020-11", "2020-12"], "y": [0.1026417464017868, -0.0898306742310524, 1.5276012420654297, 0.3620016872882843, -0.6830834746360779, 0.6959735155105591, -0.950079083442688, -0.3708828389644623, -0.552387535572052, 0.7684158682823181, 0.23059362173080444, -2.0941669940948486, 0.5118952393531799, 0.8188594579696655, 1.309140920639038, 1.176543951034546, 0.9667632579803467, -0.7036845088005066, -1.1178984642028809, -0.27003949880599976, -0.1697738915681839, -0.27609166502952576, 1.311741590499878, -1.2376915216445923]}, "spi_03": {"px": [], "py": [], "pt": [], "pb": [], "x": ["2019-01", "2019-02", "2019-03", "2019-04", "2019-05", "2019-06", "2019-07", "2019-08", "2019-09", "2019-10", "2019-11", "2019-12", "2020-01", "2020-02", "2020-03", "2020-04", "2020-05", "2020-06", "2020-07"], "y": [1.3758264780044556, 0.6107311248779297, 0.3694804608821869, 0.6194219589233398, 0.7345079779624939, 0.030850406736135483, -0.6805657148361206, 0.119570791721344, -1.1427961587905884, 0.26128047704696655, 0.36330950260162354, -0.6136319637298584, -0.1792273372411728, 0.43617311120033264, 1.1845893859863281, 1.397652506828308, 1.5802825689315796, 1.1647440195083618, 0.5482807755470276]}, "spi_06": {"px": [], "py": [], "pt": [], "pb": [], "x": ["2019-01", "2019-02", "2019-03", "2019-04", "2019-05", "2019-06", "2019-07", "2019-08", "2019-09", "2019-10", "2019-11", "2019-12", "2020-01", "2020-02", "2020-03", "2020-04", "2020-05", "2020-06", "2020-07"], "y": [1.1754534244537354, 0.7574136853218079, 1.0852668285369873, 1.1928263902664185, 0.8094520568847656, 0.283810019493103, 0.3440457582473755, 0.631150484085083, -0.16344508528709412, -0.4784887731075287, 0.1543576568365097, -1.0322352647781372, -0.16249117255210876, 0.3888612389564514, 0.7694372534751892, 1.129897117614746, 1.2587618827819824, 1.459147572517395, 1.3555046319961548]}, "spi_12": {"px": ["2021-01", "2021-02", "2021-03", "2021-04", "2021-05", "2021-06", "2021-07", "2021-08", "2021-09", "2021-10", "2021-11", "2021-12"], "py": [0.9543459748739567, 1.6618339918858025, 1.5517874063853339, 2.136618172365869, 2.6016236732015914, 2.2574228208124842, 2.2535225184729963, 2.2573935408137165, 2.216983600097153, 2.358417269324399, 2.008027320881997, 0.6366515471928555], "pt": [2.0435456445513713, 2.8207396477001803, 2.7764378535463665, 3.4236593979623464, 3.9481679595279067, 3.660949775912104, 3.7118072342759065, 3.7684530072138775, 3.7790358110205595, 3.969849398923367, 3.667370536421516, 2.3425607785443345], "pb": [-0.1348536948034582, 0.5029283360714245, 0.32713695922430097, 0.8495769467693919, 1.255079386875276, 0.8538958657128644, 0.7952378026700861, 0.7463340744135556, 0.654931389173746, 0.7469851397254306, 0.3486841053424783, -1.0692576841586237], "x": ["2019-01", "2019-02", "2019-03", "2019-04", "2019-05", "2019-06", "2019-07", "2019-08", "2019-09", "2019-10", "2019-11", "2019-12", "2020-01", "2020-02", "2020-03", "2020-04", "2020-05", "2020-06", "2020-07", "2020-08", "2020-09", "2020-10", "2020-11", "2020-12"], "y": [0.719921350479126, 0.07271197438240051, 0.8035739064216614, 0.9344738125801086, 0.8552587032318115, 0.8786773085594177, 0.8566632866859436, 0.8507320284843445, 0.8331109285354614, 0.8953635692596436, 0.702996551990509, -0.07857554405927658, 0.1858047991991043, 0.6346830129623413, 0.5741785168647766, 0.9471250772476196, 1.2582435607910156, 1.1115331649780273, 1.0817840099334717, 1.07418954372406, 1.0550254583358765, 1.0177135467529297, 1.1572524309158325, 1.2423053979873657],