{"IIS3": {"px": [], "py": [], "pt": [], "pb": [], "x": ["2019-01", "2019-02", "2019-03", "2019-04", "2019-05", "2019-06", "2019-07", "2019-08", "2019-09", "2019-10", "2019-11", "2019-12", "2020-01", "2020-02", "2020-03", "2020-04", "2020-05", "2020-06", "2020-07", "2020-08", "2020-09", "2020-10", "2020-11", "2020-12"], "y": [NaN, NaN, NaN, NaN, NaN, NaN, NaN, NaN, NaN, NaN, NaN, NaN, NaN, NaN, NaN, NaN, NaN, NaN, NaN, NaN, NaN, NaN, NaN, NaN]}, "VHI": {"px": ["2021-01", "2021-02", "2021-03", "2021-04", "2021-05", "2021-06", "2021-07", "2021-08", "2021-09", "2021-10", "2021-11", "2021-12"], "py": [71.73282224813384, 109.1738746911719, 133.37882439937442, 123.58126937627273, 129.68264152047576, 130.09325251204217, 99.78031264578976, 88.15845303767851, 92.65222940294373, 88.80144100017861, 74.34893765818188, 63.39536352191635], "pt": [103.24300691964135, 147.76581166835848, 177.94095474869428, 173.4032456807953, 184.2598820563167, 189.0434098156972, 162.80068163665103, 155.00164842331924, 163.11114389203854, 162.69937393879474, 151.5328113250227, 143.73088627391863], "pb": [40.22263757662633, 70.58193771398533, 88.81669405005456, 73.75929307175018, 75.1054009846348, 71.14309520838712, 36.7599436549285, 21.315257652037786, 22.193314913848923, 14.903508061562476, -2.8349360086589144, -16.940159230085925], "x": ["2019-01", "2019-02", "2019-03", "2019-04", "2019-05", "2019-06", "2019-07", "2019-08", "2019-09", "2019-10", "2019-11", "2019-12", "2020-01", "2020-02", "2020-03", "2020-04", "2020-05", "2020-06", "2020-07", "2020-08", "2020-09", "2020-10", "2020-11", "2020-12"], "y": [37.218421936035156, 30.439016342163086, 38.04970169067383, 41.316192626953125, 42.27613067626953, 29.89996910095215, 29.89996910095215, 25.376331329345703, 29.307668685913086, 29.53961181640625, 24.347246170043945, 20.916229248046875, 33.0394287109375, 58.062530517578125, 75.6974868774414, 70.46800994873047, 75.2616958618164, 77.68144989013672, 70.30628204345703, 67.87755584716797, 57.06486129760742, 37.774879455566406, 51.516754150390625, 53.656192779541016]}, "spi_01": {"px": ["2021-01", "2021-02", "2021-03", "2021-04", "2021-05", "2021-06", "2021-07", "2021-08", "2021-09", "2021-10", "2021-11", "2021-12"], "py": [6.216238484576021, 3.830322146765761, 5.761458827026383, 5.633556691624031, 3.9110582740369066, 2.8341124227834547, 4.6347195141088875, 3.993480835940228, 3.845747704427338, 4.815881335245884, -0.34098334065830027, -1.1636464996858567], "pt": [9.403401347521276, 7.415189579020456, 9.704115532693685, 9.904131511322934, 8.486107637983627, 7.694600471781442, 9.764788857339566, 9.379655624995834, 9.476391206742255, 10.680812165363506, 5.74922856320573, 5.143805317480098], "pb": [3.0290756216307653, 0.24545471451106593, 1.8188021213590808, 1.362981871925129, -0.663991089909814, -2.0263756262145334, -0.4953498291217908, -1.392693953115379, -1.7848957978875788, -1.0490494948717375, -6.431195244522331, -7.471098316851812], "x": ["2019-01", "2019-02", "2019-03", "2019-04", "2019-05", "2019-06", "2019-07", "2019-08", "2019-09", "2019-10", "2019-11", "2019-12", "2020-01", "2020-02", "2020-03", "2020-04", "2020-05", "2020-06", "2020-07", "2020-08", "2020-09", "2020-10", "2020-11", "2020-12"], "y": [-1.7551910877227783, 0.18347638845443726, 0.6528232097625732, 0.5907622575759888, -0.25899526476860046, -0.5408815741539001, 0.11254532635211945, -0.07251755893230438, -0.1658368557691574, 0.25424641370773315, -2.046586036682129, -2.4136195182800293, 1.2066562175750732, -0.022015400230884552, 0.7994396686553955, 0.717902660369873, 0.04039515554904938, -0.3569711148738861, -0.5622892379760742, -0.6734079122543335, -0.4484401345252991, 0.7020723819732666, 0.5605672001838684, -1.460845947265625]}, "spi_03": {"px": [], "py": [], "pt": [], "pb": [], "x": ["2019-01", "2019-02", "2019-03", "2019-04", "2019-05", "2019-06", "2019-07", "2019-08", "2019-09", "2019-10", "2019-11", "2019-12", "2020-01", "2020-02", "2020-03", "2020-04", "2020-05", "2020-06", "2020-07"], "y": [-0.4847226142883301, -0.2645622193813324, -0.39316481351852417, 0.46060067415237427, 0.5696344375610352, 0.3274229168891907, -0.6252149939537048, -0.4104819893836975, -0.4616665840148926, -0.023236345499753952, -1.7749485969543457, -2.813359260559082, -0.9152222275733948, 0.06070394814014435, 1.138703465461731, 0.5700909495353699, 0.8018754720687866, 0.5660775303840637, -0.28840160369873047]}, "spi_06": {"px": [], "py": [], "pt": [], "pb": [], "x": ["2019-01", "2019-02", "2019-03", "2019-04", "2019-05", "2019-06", "2019-07", "2019-08", "2019-09", "2019-10", "2019-11", "2019-12", "2020-01", "2020-02", "2020-03", "2020-04", "2020-05", "2020-06", "2020-07"], "y": [-0.47663891315460205, -0.4768564701080322, -0.07873198390007019, -0.1346932053565979, 0.033266883343458176, -0.4465358853340149, 0.3839287757873535, 0.5482176542282104, 0.10892770439386368, -0.27482521533966064, -1.8296656608581543, -2.826834201812744, -1.1703872680664062, -1.140676498413086, -0.5330065488815308, -0.3460310101509094, 0.5069966316223145, 1.260992169380188, 0.52482008934021]}, "spi_12": {"px": ["2021-01", "2021-02", "2021-03", "2021-04", "2021-05", "2021-06", "2021-07", "2021-08", "2021-09", "2021-10", "2021-11", "2021-12"], "py": [6.521321760161136, 6.695417769277322, 6.795141450193373, 6.761297389307174, 6.684179475386838, 6.110128334365228, 7.426056112138273, 7.535816485025402, 7.6205299892991665, 7.348743340724285, 5.947517136704411, 0.8851152637674558], "pt": [9.718534883253367, 10.611188134805495, 11.316683593823589, 11.816535183684367, 12.221915019702319, 12.091566352087266, 13.820482322591094, 14.318129686434013, 14.769715828475327, 14.846872705049257, 13.779057838585995, 9.036441264259853], "pb": [3.324108637068905, 2.7796474037491476, 2.273599306563158, 1.7060595949299806, 1.1464439310713574, 0.12869031664318964, 1.0316299016854522, 0.7535032836167925, 0.471344150123004, -0.1493860236006883, -1.8840235651771735, -7.266210736724942], "x": ["2019-01", "2019-02", "2019-03", "2019-04", "2019-05", "2019-06", "2019-07", "2019-08", "2019-09", "2019-10", "2019-11", "2019-12", "2020-01", "2020-02", "2020-03", "2020-04", "2020-05", "2020-06", "2020-07", "2020-08", "2020-09", "2020-10", "2020-11", "2020-12"], "y": [-0.0059441812336444855, -0.5729107856750488, -0.40680891275405884, -0.13344162702560425, -0.12437711656093597, -0.13749901950359344, -0.1573912650346756, -0.1537323296070099, -0.13876506686210632, -0.24120230972766876, -0.6502792239189148, -1.9912086725234985, -0.47074347734451294, -0.4625306725502014, -0.47516340017318726, -0.5070458650588989, -0.481295645236969, -0.4797407388687134, -0.4889954924583435, -0.4891203045845032, -0.48475319147109985, -0.2283691167831421, 0.5972570776939392, 0.7139917016029358],