{"IIS3": {"px": [], "py": [], "pt": [], "pb": [], "x": ["2019-01", "2019-02", "2019-03", "2019-04", "2019-05", "2019-06", "2019-07", "2019-08", "2019-09", "2019-10", "2019-11", "2019-12", "2020-01", "2020-02", "2020-03", "2020-04", "2020-05", "2020-06", "2020-07", "2020-08", "2020-09", "2020-10", "2020-11", "2020-12"], "y": [NaN, NaN, NaN, NaN, NaN, NaN, NaN, NaN, NaN, NaN, NaN, NaN, NaN, NaN, NaN, NaN, NaN, NaN, NaN, NaN, NaN, NaN, NaN, NaN]}, "VHI": {"px": ["2021-01", "2021-02", "2021-03", "2021-04", "2021-05", "2021-06", "2021-07", "2021-08", "2021-09", "2021-10", "2021-11", "2021-12"], "py": [27.883361263362573, 36.687506964569664, 45.90325188398887, 45.455994162194145, 53.21514055142015, 57.689559299301365, 38.219593932329516, 48.29734007051252, 51.58211470664499, 38.594153347570284, 39.866274528130816, 31.50775199230106], "pt": [45.01902615253617, 53.82317185374326, 63.03891677316247, 62.59165905136774, 70.35080544059375, 74.82522418847498, 55.35525882150313, 65.43300495968613, 68.7177795958186, 55.729818236743895, 57.00193941730443, 48.64341688147468], "pb": [10.747696374188976, 19.551842075396067, 28.767586994815275, 28.320329273020548, 36.07947566224655, 40.553894410127754, 21.083929043155912, 31.161675181338907, 34.446449817471375, 21.458488458396673, 22.730609638957205, 14.372087103127441], "x": ["2019-01", "2019-02", "2019-03", "2019-04", "2019-05", "2019-06", "2019-07", "2019-08", "2019-09", "2019-10", "2019-11", "2019-12", "2020-01", "2020-02", "2020-03", "2020-04", "2020-05", "2020-06", "2020-07", "2020-08", "2020-09", "2020-10", "2020-11", "2020-12"], "y": [31.436874389648438, 46.37687683105469, 73.21812438964844, 69.32600402832031, 50.492496490478516, 43.318748474121094, 43.318748474121094, 53.951499938964844, 56.209999084472656, 40.838748931884766, 41.65958023071289, 34.055667877197266, 29.830415725708008, 39.6270866394043, 48.80633544921875, 47.658748626708984, 55.938751220703125, 61.17449951171875, 55.51874923706055, 56.410621643066406, 39.53099822998047, 37.5265007019043, 47.3224983215332, 36.8216667175293]}, "spi_01": {"px": [], "py": [], "pt": [], "pb": [], "x": ["2019-01", "2019-02", "2019-03", "2019-04", "2019-05", "2019-06", "2019-07", "2019-08", "2019-09", "2019-10", "2019-11", "2019-12", "2020-01", "2020-02", "2020-03", "2020-04", "2020-05", "2020-06", "2020-07", "2020-08", "2020-09", "2020-10", "2020-11", "2020-12"], "y": [NaN, NaN, NaN, NaN, NaN, NaN, NaN, NaN, NaN, NaN, NaN, NaN, NaN, NaN, NaN, NaN, NaN, NaN, NaN, NaN, NaN, NaN, NaN, NaN]}, "spi_03": {"px": [], "py": [], "pt": [], "pb": [], "x": ["2019-01", "2019-02", "2019-03", "2019-04", "2019-05", "2019-06", "2019-07", "2019-08", "2019-09", "2019-10", "2019-11", "2019-12", "2020-01", "2020-02", "2020-03", "2020-04", "2020-05", "2020-06", "2020-07"], "y": [NaN, NaN, NaN, NaN, NaN, NaN, NaN, NaN, NaN, NaN, NaN, NaN, NaN, NaN, NaN, NaN, NaN, NaN, NaN]}, "spi_06": {"px": [], "py": [], "pt": [], "pb": [], "x": ["2019-01", "2019-02", "2019-03", "2019-04", "2019-05", "2019-06", "2019-07", "2019-08", "2019-09", "2019-10", "2019-11", "2019-12", "2020-01", "2020-02", "2020-03", "2020-04", "2020-05", "2020-06", "2020-07"], "y": [NaN, NaN, NaN, NaN, NaN, NaN, NaN, NaN, NaN, NaN, NaN, NaN, NaN, NaN, NaN, NaN, NaN, NaN, NaN]}, "spi_12": {"px": [], "py": [], "pt": [], "pb": [], "x": ["2019-01", "2019-02", "2019-03", "2019-04", "2019-05", "2019-06", "2019-07", "2019-08", "2019-09", "2019-10", "2019-11", "2019-12", "2020-01", "2020-02", "2020-03", "2020-04", "2020-05", "2020-06", "2020-07", "2020-08", "2020-09", "2020-10", "2020-11", "2020-12"], "y": [NaN, NaN, NaN, NaN, NaN, NaN, NaN, NaN, NaN, NaN, NaN, NaN, NaN, NaN, NaN, NaN, NaN, NaN, NaN, NaN, NaN, NaN, NaN, NaN], "geox": [-35.328698441206754, -35.32212138390739, -35.31679533618293, -35.30895526574365, -35.305360234413065, -35.297660164834355, -35.29243411864221, -35.28985509441664, -35.28762807417064, -35.285102052634, -35.274510959698844, -35.27136493363156, -35.262296855175066, -35.26145384828107, -35.25944383474334, -35.24654372533226, -35.24545471697605, -35.245412718421676, -35.25929784359083, -35.24287471519848, -35.243616723019514, -35.24488473497862, -35.24447673281394, -35.24832276788126, -35.249504779722294, -35.25206780331441, -35.25368381882552, -35.257440854117135, -35.25924487031235, -35.261089887452, -35.263423909837954, -35.27068897333673, -35.272286987917774, -35.27644902494922, -35.27711603304192, -35.28268208255469, -35.28521910477759, -35.288243135639895, -35.29571120456224, -35.29722321936028, -35.298232228638334, -35.30110125323137, -35.303085271316164, -35.307253307673214, -35.30985033115547, -35.31282235434964, -35.31430036754594, -35.31748339723874, -35.318710408096585, -35.32011341978883, -35.31943738984726, -35.333630505657815, -35.340679568391536, -35.328698441206754], "geoy": [-6.621231280424849, -6.624296309298401, -6.624711316042106, -6.625036323667177, -6.626705339400682, -6.626416341992772, -6.627839356788658, -6.626304346075679, -6.626033345315493, -6.627962362462164, -6.631932401197309, -6.6355224321182575, -6.640681479461621, -6.641786488899554, -6.648951547884428, -6.659741643034092, -6.6620256621237015, -6.664869685050617, -6.664805675626802, -6.695449932853259, -6.697200946467346, -6.698011952176831, -6.700360971343764, -6.700950973611311, -6.702780987574633, -6.7035209918753385, -6.704973002515499, -6.707157017661829, -6.707044015587767, -6.707821020647285, -6.7098930358082205, -6.7067830060969085, -6.707050007212408, -6.706284998370189, -6.709501023806964, -6.708466011884962, -6.707462002170346, -6.713028044978054, -6.7155000600236825, -6.717304073549972, -6.717586075164025, -6.715628057563903, -6.715939058779937, -6.714069041047174, -6.714185040298604, -6.708636993771015, -6.708444991271235, -6.710000001713279, -6.70969099843514, -6.708220985709645, -6.671269689000254, -6.652485528771937, -6.65128251456944, -6.621231280424849]}}