{"IIS3": {"px": [], "py": [], "pt": [], "pb": [], "x": ["2019-01", "2019-02", "2019-03", "2019-04", "2019-05", "2019-06", "2019-07", "2019-08", "2019-09", "2019-10", "2019-11", "2019-12", "2020-01", "2020-02", "2020-03", "2020-04", "2020-05", "2020-06", "2020-07", "2020-08", "2020-09", "2020-10", "2020-11", "2020-12"], "y": [NaN, NaN, NaN, NaN, NaN, NaN, NaN, NaN, NaN, NaN, NaN, NaN, NaN, NaN, NaN, NaN, NaN, NaN, NaN, NaN, NaN, NaN, NaN, NaN]}, "VHI": {"px": ["2021-01", "2021-02", "2021-03", "2021-04", "2021-05", "2021-06", "2021-07", "2021-08", "2021-09", "2021-10", "2021-11", "2021-12"], "py": [77.4724076081177, 83.39029529314342, 78.06032327611929, 72.32818878101715, 62.592145718316374, 66.51325734521515, 69.91143358043466, 69.46132325677948, 79.57898682036914, 72.08814080905923, 61.41617690028009, 50.203940808336725], "pt": [94.60251490246549, 104.37030629617911, 102.2859532464447, 99.41326646653911, 92.26236174385942, 98.56075342172669, 104.17164797768638, 105.79976813706136, 117.88307096408565, 112.26180317460097, 103.37619875003818, 93.87731621491376], "pb": [60.342300313769925, 62.41028429010774, 53.83469330579388, 45.24311109549518, 32.92192969277333, 34.465761268703616, 35.651219183182945, 33.1228783764976, 41.27490267665263, 31.914478443517474, 19.456155050522, 6.530565401759688], "x": ["2019-01", "2019-02", "2019-03", "2019-04", "2019-05", "2019-06", "2019-07", "2019-08", "2019-09", "2019-10", "2019-11", "2019-12", "2020-01", "2020-02", "2020-03", "2020-04", "2020-05", "2020-06", "2020-07", "2020-08", "2020-09", "2020-10", "2020-11", "2020-12"], "y": [39.766353607177734, 43.14947509765625, 50.60197830200195, 50.7400016784668, 46.311981201171875, 43.81697463989258, 43.81697463989258, 44.05568313598633, 51.6289176940918, 45.40156173706055, 36.677398681640625, 27.91352081298828, 47.157100677490234, 50.421600341796875, 45.724884033203125, 40.80839920043945, 34.1419792175293, 38.118831634521484, 32.377784729003906, 35.94260787963867, 39.94075012207031, 36.4356689453125, 47.4709358215332, 49.68416213989258]}, "spi_01": {"px": [], "py": [], "pt": [], "pb": [], "x": ["2019-01", "2019-02", "2019-03", "2019-04", "2019-05", "2019-06", "2019-07", "2019-08", "2019-09", "2019-10", "2019-11", "2019-12", "2020-01", "2020-02", "2020-03", "2020-04", "2020-05", "2020-06", "2020-07", "2020-08", "2020-09", "2020-10", "2020-11", "2020-12"], "y": [NaN, NaN, NaN, NaN, NaN, NaN, NaN, NaN, NaN, NaN, NaN, NaN, NaN, NaN, NaN, NaN, NaN, NaN, NaN, NaN, NaN, NaN, NaN, NaN]}, "spi_03": {"px": [], "py": [], "pt": [], "pb": [], "x": ["2019-01", "2019-02", "2019-03", "2019-04", "2019-05", "2019-06", "2019-07", "2019-08", "2019-09", "2019-10", "2019-11", "2019-12", "2020-01", "2020-02", "2020-03", "2020-04", "2020-05", "2020-06", "2020-07"], "y": [NaN, NaN, NaN, NaN, NaN, NaN, NaN, NaN, NaN, NaN, NaN, NaN, NaN, NaN, NaN, NaN, NaN, NaN, NaN]}, "spi_06": {"px": [], "py": [], "pt": [], "pb": [], "x": ["2019-01", "2019-02", "2019-03", "2019-04", "2019-05", "2019-06", "2019-07", "2019-08", "2019-09", "2019-10", "2019-11", "2019-12", "2020-01", "2020-02", "2020-03", "2020-04", "2020-05", "2020-06", "2020-07"], "y": [NaN, NaN, NaN, NaN, NaN, NaN, NaN, NaN, NaN, NaN, NaN, NaN, NaN, NaN, NaN, NaN, NaN, NaN, NaN]}, "spi_12": {"px": [], "py": [], "pt": [], "pb": [], "x": ["2019-01", "2019-02", "2019-03", "2019-04", "2019-05", "2019-06", "2019-07", "2019-08", "2019-09", "2019-10", "2019-11", "2019-12", "2020-01", "2020-02", "2020-03", "2020-04", "2020-05", "2020-06", "2020-07", "2020-08", "2020-09", "2020-10", "2020-11", "2020-12"], "y": [NaN, NaN, NaN, NaN, NaN, NaN, NaN, NaN, NaN, NaN, NaN, NaN, NaN, NaN, NaN, NaN, NaN, NaN, NaN, NaN, NaN, NaN, NaN, NaN], "geox": [-47.73065105116576, -47.727864022964944, -47.724619993766105, -47.72021695715318, -47.713060899088866, -47.71084487978133, -47.708815857025186, -47.70908885451369, -47.70648183245375, -47.70677783133165, -47.70384180306369, -47.70304079331325, -47.70550980479093, -47.70512279806167, -47.70401478783595, -47.702506774935664, -47.69937274945266, -47.69596471902955, -47.69375570100865, -47.69351469520194, -47.687254643028766, -47.68584462892418, -47.68214960207756, -47.6742545438749, -47.66676949001905, -47.65799142837622, -47.647371353439695, -47.64256831878046, -47.61861515011842, -47.60577305614222, -47.60119202152657, -47.58050386724668, -47.576980840347964, -47.57373381479814, -47.56775676637518, -47.5641447379178, -47.56025570835701, -47.55536367285501, -47.54853462435637, -47.53725454767802, -47.52834348577569, -47.52416545778925, -47.52360145512452, -47.51686841080221, -47.500115293682654, -47.48806021854412, -47.48506120130572, -47.4832551927903, -47.48317619622622, -47.48478221470004, -47.48439622324301, -47.48206421782309, -47.479683205884335, -47.47722419665416, -47.481974236173876, -47.48636527041988, -47.49125730964366, -47.50273039481025, -47.50936944286071, -47.51319947228107, -47.51778050822424, -47.5192845203619, -47.52044553127253, -47.52214854799184, -47.52217655169539, -47.52314156025461, -47.52647758717448, -47.53138262794072, -47.53592066349346, -47.54146771201677, -47.548566769519255, -47.55464981767153, -47.560426862467374, -47.5678949185765, -47.570311937580115, -47.5712789446635, -47.5934021142522, -47.58967800340674, -47.655067483697245, -47.65682849669729, -47.65872951143365, -47.660114525990124, -47.66733658548812, -47.66844159648262, -47.67244662887965, -47.74012714268913, -47.74048614179756, -47.7388721271905, -47.74001513429442, -47.73973213108176, -47.732673072268895, -47.73120105868048, -47.73065105116576], "geoy": [-5.530459695472926, -5.5204716296078375, -5.513984587831589, -5.5094685602546765, -5.504181529369499, -5.500652506944131, -5.490166437088527, -5.483608392308989, -5.480378372174619, -5.475549339128156, -5.466993282991369, -5.461728247736755, -5.451259174789784, -5.44580013791622, -5.443192120941619, -5.441108107809909, -5.438691093542011, -5.432145051355946, -5.430355040705513, -5.424604001719622, -5.417925960589028, -5.413008928078972, -5.414792942788474, -5.417393965973901, -5.421789001100058, -5.42914805732114, -5.437542121882587, -5.440232143548359, -5.459729293071088, -5.465097338610984, -5.465447344193943, -5.470019389802398, -5.469905391485366, -5.468711385611551, -5.4645143611627365, -5.463139354304179, -5.463215357534127, -5.465738378154821, -5.470792417394348, -5.484078515904548, -5.492668580737517, -5.498182621278165, -5.500520637621399, -5.510513710508835, -5.525607825248151, -5.549466996481927, -5.557454053070415, -5.564901105129202, -5.570615144143485, -5.579413202979006, -5.595607313623806, -5.612987433710305, -5.6217114948457345, -5.635043587418188, -5.639639615305537, -5.640695619340095, -5.643369634028231, -5.640133603749227, -5.636550574588953, -5.636861573953241, -5.6382895803786575, -5.639229585693982, -5.642105604428984, -5.647318638672137, -5.652180671729269, -5.653856682435078, -5.655934694164482, -5.660639722625232, -5.661986728508581, -5.67066978353624, -5.67539981055091, -5.677903823163063, -5.678992826377317, -5.677917813661589, -5.678740817501303, -5.67835081415097, -5.67990680868071, -5.564559027258023, -5.540216815294525, -5.539663810287294, -5.5400638116606205, -5.545767849458352, -5.5522638884899225, -5.55593091262676, -5.558686928509052, -5.5581368766390336, -5.553030841730471, -5.5497088203300455, -5.547482804408625, -5.545978794400626, -5.538605749354876, -5.535191727216925, -5.530459695472926]}}