{"IIS3": {"px": [], "py": [], "pt": [], "pb": [], "x": ["2019-01", "2019-02", "2019-03", "2019-04", "2019-05", "2019-06", "2019-07", "2019-08", "2019-09", "2019-10", "2019-11", "2019-12", "2020-01", "2020-02", "2020-03", "2020-04", "2020-05", "2020-06", "2020-07", "2020-08", "2020-09", "2020-10", "2020-11", "2020-12"], "y": [NaN, NaN, NaN, NaN, NaN, NaN, NaN, NaN, NaN, NaN, NaN, NaN, NaN, NaN, NaN, NaN, NaN, NaN, NaN, NaN, NaN, NaN, NaN, NaN]}, "VHI": {"px": ["2021-01", "2021-02", "2021-03", "2021-04", "2021-05", "2021-06", "2021-07", "2021-08", "2021-09", "2021-10", "2021-11", "2021-12"], "py": [47.27209266837562, 56.66285530605714, 61.84658781457442, 78.30968013621118, 80.49290107026074, 60.62715070152099, 48.75172080614392, 59.03059900529787, 71.34483292053552, 64.80809733288002, 57.79994618258648, 54.45875246955221], "pt": [64.6973114024806, 77.92458325968471, 86.35136088466695, 105.67584045985538, 110.4483606478079, 92.96524566929432, 83.3085611389549, 95.6720787984238, 109.95857230268706, 105.29814174771596, 100.0831168815543, 98.46204043762017], "pb": [29.846873934270647, 35.40112735242957, 37.34181474448188, 50.94351981256699, 50.53744149271358, 28.28905573374766, 14.194880473332937, 22.389119212171934, 32.73109353838397, 24.31805291804409, 15.516775483618659, 10.455464501484236], "x": ["2019-01", "2019-02", "2019-03", "2019-04", "2019-05", "2019-06", "2019-07", "2019-08", "2019-09", "2019-10", "2019-11", "2019-12", "2020-01", "2020-02", "2020-03", "2020-04", "2020-05", "2020-06", "2020-07", "2020-08", "2020-09", "2020-10", "2020-11", "2020-12"], "y": [45.33796691894531, 54.615779876708984, 44.157188415527344, 53.85887145996094, 59.27515411376953, 40.928123474121094, 40.928123474121094, 50.20287322998047, 61.98387145996094, 57.39640426635742, 52.306785583496094, 50.38100051879883, 46.637855529785156, 55.72142791748047, 60.060142517089844, 75.67588806152344, 78.17937469482422, 59.001495361328125, 47.04437255859375, 43.90718460083008, 55.43286895751953, 58.2246208190918, 64.40109252929688, 51.3408317565918]}, "spi_01": {"px": [], "py": [], "pt": [], "pb": [], "x": ["2019-01", "2019-02", "2019-03", "2019-04", "2019-05", "2019-06", "2019-07", "2019-08", "2019-09", "2019-10", "2019-11", "2019-12", "2020-01", "2020-02", "2020-03", "2020-04", "2020-05", "2020-06", "2020-07", "2020-08", "2020-09", "2020-10", "2020-11", "2020-12"], "y": [NaN, NaN, NaN, NaN, NaN, NaN, NaN, NaN, NaN, NaN, NaN, NaN, NaN, NaN, NaN, NaN, NaN, NaN, NaN, NaN, NaN, NaN, NaN, NaN]}, "spi_03": {"px": [], "py": [], "pt": [], "pb": [], "x": ["2019-01", "2019-02", "2019-03", "2019-04", "2019-05", "2019-06", "2019-07", "2019-08", "2019-09", "2019-10", "2019-11", "2019-12", "2020-01", "2020-02", "2020-03", "2020-04", "2020-05", "2020-06", "2020-07"], "y": [NaN, NaN, NaN, NaN, NaN, NaN, NaN, NaN, NaN, NaN, NaN, NaN, NaN, NaN, NaN, NaN, NaN, NaN, NaN]}, "spi_06": {"px": [], "py": [], "pt": [], "pb": [], "x": ["2019-01", "2019-02", "2019-03", "2019-04", "2019-05", "2019-06", "2019-07", "2019-08", "2019-09", "2019-10", "2019-11", "2019-12", "2020-01", "2020-02", "2020-03", "2020-04", "2020-05", "2020-06", "2020-07"], "y": [NaN, NaN, NaN, NaN, NaN, NaN, NaN, NaN, NaN, NaN, NaN, NaN, NaN, NaN, NaN, NaN, NaN, NaN, NaN]}, "spi_12": {"px": [], "py": [], "pt": [], "pb": [], "x": ["2019-01", "2019-02", "2019-03", "2019-04", "2019-05", "2019-06", "2019-07", "2019-08", "2019-09", "2019-10", "2019-11", "2019-12", "2020-01", "2020-02", "2020-03", "2020-04", "2020-05", "2020-06", "2020-07", "2020-08", "2020-09", "2020-10", "2020-11", "2020-12"], "y": [NaN, NaN, NaN, NaN, NaN, NaN, NaN, NaN, NaN, NaN, NaN, NaN, NaN, NaN, NaN, NaN, NaN, NaN, NaN, NaN, NaN, NaN, NaN, NaN], "geox": [-35.902821899262634, -35.899446869909454, -35.8965358438343, -35.886866754509825, -35.88485473542935, -35.88380972513278, -35.87665365848635, -35.87334362874103, -35.87131461151086, -35.86896159171791, -35.858940497027895, -35.842189349965786, -35.8430403512765, -35.84032632762537, -35.83396226892234, -35.83124524486878, -35.82672720648357, -35.82503819309852, -35.824055188051624, -35.822254173349044, -35.81773613496212, -35.81397110179477, -35.8053680136563, -35.80029096459352, -35.791928887450396, -35.76725066516029, -35.76844867824229, -35.76775667573646, -35.75687157816999, -35.75162555406457, -35.75300856912366, -35.75716960883336, -35.75802161685, -35.758037618861465, -35.74188049402926, -35.75552362056876, -35.76097066996287, -35.763685693645385, -35.764159700160505, -35.762814689932895, -35.76422070784247, -35.765989724634956, -35.77240378335634, -35.774665802958936, -35.78105586496522, -35.78517590617129, -35.78835793555252, -35.79106995882118, -35.79454499080407, -35.79644900869734, -35.80334007146037, -35.808351118796324, -35.81331916084349, -35.81559118165474, -35.81921121308362, -35.82190623430674, -35.824178255117374, -35.82738428733821, -35.828777303635256, -35.832417337499244, -35.83700738481288, -35.83797439695332, -35.834762371014904, -35.826701301050285, -35.82386927759367, -35.823763277910835, -35.82053725048262, -35.8194732436723, -35.81721122605315, -35.818589240339456, -35.81953025258995, -35.82181927545227, -35.820925268926445, -35.821845278718044, -35.822344288514415, -35.82152128322152, -35.825701321185356, -35.826676332630385, -35.826341332698696, -35.827896346926536, -35.831926381951185, -35.83708942564218, -35.839969452099794, -35.8445994978323, -35.84562450965297, -35.84206548228987, -35.84208648403789, -35.84798053716471, -35.84916254757362, -35.853318580364984, -35.85560960362901, -35.83866248478588, -35.845939552146184, -35.849209587277485, -35.88808793494636, -35.88269788243434, -35.88088186595561, -35.88011385446004, -35.87261778106569, -35.87261078012568, -35.881200853913334, -35.901125992364996, -35.89154789434754, -35.890020880258604, -35.88907987065522, -35.88792686020074, -35.88803185768161, -35.88978587017129, -35.88944586592585, -35.8902018714376, -35.889902862938236, -35.88890885127024, -35.88871784849231, -35.88931685337213, -35.891381872936755, -35.89223687801506, -35.89093886543564, -35.88848983931489, -35.89118886187981, -35.892955879129616, -35.89380288463999, -35.8956499010089, -35.89892392878499, -35.90361597162792, -35.90403797197224, -35.90535098234428, -35.90526598045679, -35.90388696817327, -35.90316796095961, -35.90476996893298, -35.90375295692776, -35.901169931749834, -35.902722943336904, -35.90222793667033, -35.903174944963915, -35.903038942882425, -35.90106592352046, -35.90100592171805, -35.898264894407966, -35.90064891478991, -35.903365939272575, -35.90600296121233, -35.9085589853568, -35.91062600363777, -35.91298502568921, -35.91413803493815, -35.9168510588086, -35.91625105141654, -35.92113009342015, -35.91890407074429, -35.92119608943595, -35.91974007275209, -35.9206600800521, -35.92178209037965, -35.922467096104675, -35.922719097439426, -35.920868078780046, -35.920277070224046, -35.91923706027622, -35.91803204727737, -35.912336993448896, -35.91206899011476, -35.91077097784944, -35.910020969261375, -35.90536292497056, -35.902821899262634],