{"IIS3": {"px": [], "py": [], "pt": [], "pb": [], "x": ["2019-01", "2019-02", "2019-03", "2019-04", "2019-05", "2019-06", "2019-07", "2019-08", "2019-09", "2019-10", "2019-11", "2019-12", "2020-01", "2020-02", "2020-03", "2020-04", "2020-05", "2020-06", "2020-07", "2020-08", "2020-09", "2020-10", "2020-11", "2020-12"], "y": [NaN, NaN, NaN, NaN, NaN, NaN, NaN, NaN, NaN, NaN, NaN, NaN, NaN, NaN, NaN, NaN, NaN, NaN, NaN, NaN, NaN, NaN, NaN, NaN]}, "VHI": {"px": ["2021-01", "2021-02", "2021-03", "2021-04", "2021-05", "2021-06", "2021-07", "2021-08", "2021-09", "2021-10", "2021-11", "2021-12"], "py": [54.40467868422549, 58.32608414227823, 59.09611723924883, 53.959551257347854, 45.62815037259526, 46.58863278249915, 56.38698311617851, 54.95151372011276, 37.20659009497561, 36.54612713810107, 46.968532838112836, 50.29100641191337], "pt": [66.82674648744432, 73.53994793812247, 76.66357393306862, 73.60056492212513, 67.14380283471458, 69.82819353483342, 81.23111858216261, 81.30269870566707, 64.98317795658375, 65.67845825533867, 77.39626031512142, 81.96118927380789], "pb": [41.98261088100665, 43.112220346434, 41.528660545429034, 34.31853759257058, 24.112497910475938, 23.349072030164884, 31.542847650194417, 28.600328734558445, 9.430002233367475, 7.413796020863472, 16.54080536110424, 18.620823550018848], "x": ["2019-01", "2019-02", "2019-03", "2019-04", "2019-05", "2019-06", "2019-07", "2019-08", "2019-09", "2019-10", "2019-11", "2019-12", "2020-01", "2020-02", "2020-03", "2020-04", "2020-05", "2020-06", "2020-07", "2020-08", "2020-09", "2020-10", "2020-11", "2020-12"], "y": [52.33541488647461, 53.54937744140625, 47.360836029052734, 42.417335510253906, 43.22624588012695, 54.01250076293945, 54.01250076293945, 53.06899642944336, 36.4535026550293, 36.81875228881836, 48.02694320678711, 51.32555389404297, 58.65444564819336, 63.45833206176758, 65.06710815429688, 59.84388732910156, 50.63374710083008, 51.063663482666016, 61.72624588012695, 66.7874984741211, 46.210330963134766, 38.67916488647461, 43.90666580200195, 47.095550537109375]}, "spi_01": {"px": ["2021-01", "2021-02", "2021-03", "2021-04", "2021-05", "2021-06", "2021-07", "2021-08", "2021-09", "2021-10", "2021-11", "2021-12"], "py": [0.7215444672341866, 1.3518103877642762, -0.5637082933184525, 0.7003657177968847, 1.0175937947082385, 0.04941267538454541, -1.3038185962475497, 0.4124544762752431, 0.21248997552688564, -0.6829261824096127, 0.7895489666538311, -0.3674862887393009], "pt": [2.282397955360743, 2.912663875890833, 0.9971451948081045, 2.2612192059234415, 2.5784472828347953, 1.6102661635111026, 0.25703489187900797, 1.9733079644018012, 1.7733434636534433, 0.8779273057169457, 2.3504024547803892, 1.1933671993872572], "pb": [-0.8393090208923697, -0.20904310036228058, -2.124561781445009, -0.8604877703296723, -0.5432596934183185, -1.511440812742012, -2.8646720843741074, -1.1483990118513145, -1.348363512599672, -2.2437796705361706, -0.771304521472727, -1.9283397768658592], "x": ["2019-01", "2019-02", "2019-03", "2019-04", "2019-05", "2019-06", "2019-07", "2019-08", "2019-09", "2019-10", "2019-11", "2019-12", "2020-01", "2020-02", "2020-03", "2020-04", "2020-05", "2020-06", "2020-07", "2020-08", "2020-09", "2020-10", "2020-11", "2020-12"], "y": [-0.9314894080162048, 0.5366533994674683, 0.20681381225585938, 0.693289577960968, 1.0475441217422485, 0.32339149713516235, -1.2592686414718628, 0.6801967620849609, 0.4947494566440582, -0.5028071403503418, 1.1515671014785767, -0.13864319026470184, 1.0743272304534912, 1.8264285326004028, -0.35937386751174927, 1.000321388244629, 1.197427749633789, 0.05140470340847969, -0.20817333459854126, 0.3958527445793152, -0.2296779751777649, -0.7489044070243835, -1.3979978561401367, -0.8530552983283997]}, "spi_03": {"px": [], "py": [], "pt": [], "pb": [], "x": ["2019-01", "2019-02", "2019-03", "2019-04", "2019-05", "2019-06", "2019-07", "2019-08", "2019-09", "2019-10", "2019-11", "2019-12", "2020-01", "2020-02", "2020-03", "2020-04", "2020-05", "2020-06", "2020-07"], "y": [-0.995750367641449, -0.7404162883758545, -0.5342243909835815, 0.598444938659668, 0.7942514419555664, 0.9952463507652283, 0.5105337500572205, -0.043044786900281906, 0.2601611018180847, -0.021961336955428123, 0.9136061668395996, 0.25850924849510193, 1.0213327407836914, 1.2100073099136353, 1.5962964296340942, 1.5534878969192505, 0.7234476804733276, 1.2744214534759521, 0.7577351927757263]}, "spi_06": {"px": [], "py": [], "pt": [], "pb": [], "x": ["2019-01", "2019-02", "2019-03", "2019-04", "2019-05", "2019-06", "2019-07", "2019-08", "2019-09", "2019-10", "2019-11", "2019-12", "2020-01", "2020-02", "2020-03", "2020-04", "2020-05", "2020-06", "2020-07"], "y": [-0.6998971104621887, -0.8451557159423828, -0.8655715584754944, -0.6305726766586304, -0.3784075677394867, -0.18200767040252686, 0.6622877717018127, 0.5974196195602417, 0.9899019002914429, 0.15614216029644012, 0.8976020216941833, 0.27592045068740845, 0.8888789415359497, 1.318299412727356, 1.3863517045974731, 1.6375014781951904, 1.592242956161499, 1.794030785560608, 1.6170600652694702]}, "spi_12": {"px": ["2021-01", "2021-02", "2021-03", "2021-04", "2021-05", "2021-06", "2021-07", "2021-08", "2021-09", "2021-10", "2021-11", "2021-12"], "py": [2.190373284121766, 2.5963841855977448, 2.6213544500802186, 2.5636876064364165, 2.534190702666695, 2.442091656686456, 2.1154560901842596, 1.3890791600072379, 1.0982540408968817, 0.894927143311107, 1.6504549909302888, 1.6506076492672457], "pt": [3.284021214296035, 3.935823875860173, 4.168006179632206, 4.292896807545987, 4.428444473912208, 4.488119574031106, 4.302751938310328, 3.7090567495337794, 3.5437251416423443, 3.4597588713699032, 4.329334361475539, 4.438873700168552], "pb": [1.0967253539474964, 1.2569444953353166, 1.0747027205282311, 0.8344784053268457, 0.6399369314211829, 0.39606373934180494, -0.07183975794180864, -0.9308984295193032, -1.3472170598485809, -1.6699045847476892, -1.0284243796149615, -1.1376584016340603], "x": ["2019-01", "2019-02", "2019-03", "2019-04", "2019-05", "2019-06", "2019-07", "2019-08", "2019-09", "2019-10", "2019-11", "2019-12", "2020-01", "2020-02", "2020-03", "2020-04", "2020-05", "2020-06", "2020-07", "2020-08", "2020-09", "2020-10", "2020-11", "2020-12"], "y": [-0.24477024376392365, -0.3617151379585266, -0.7359759211540222, -0.6034620404243469, -0.38282153010368347, -0.3207525908946991, -0.3863113522529602, -0.5665156841278076, -0.5793019533157349, -0.5635563135147095, -0.11125390231609344, -0.00848515797406435, 0.9674668908119202, 1.3960556983947754, 1.5618928670883179, 1.649709939956665, 1.713215708732605, 1.6661303043365479, 1.6503076553344727, 1.6443617343902588, 1.5476317405700684, 1.4810569286346436, 1.2020045518875122, 0.8378138542175293],