{"IIS3": {"px": [], "py": [], "pt": [], "pb": [], "x": ["2019-01", "2019-02", "2019-03", "2019-04", "2019-05", "2019-06", "2019-07", "2019-08", "2019-09", "2019-10", "2019-11", "2019-12", "2020-01", "2020-02", "2020-03", "2020-04", "2020-05", "2020-06", "2020-07", "2020-08", "2020-09", "2020-10", "2020-11", "2020-12"], "y": [NaN, NaN, NaN, NaN, NaN, NaN, NaN, NaN, NaN, NaN, NaN, NaN, NaN, NaN, NaN, NaN, NaN, NaN, NaN, NaN, NaN, NaN, NaN, NaN]}, "VHI": {"px": ["2021-01", "2021-02", "2021-03", "2021-04", "2021-05", "2021-06", "2021-07", "2021-08", "2021-09", "2021-10", "2021-11", "2021-12"], "py": [43.386458908384526, 38.307307676293476, 32.67406306071014, 37.00275735835062, 36.31605264520757, 39.45406859252891, 41.15809233176011, 38.67193256541693, 35.09167878750031, 34.240804508771944, 34.15792362910307, 32.77502114883236], "pt": [60.9066951901069, 57.50031438775255, 53.405303590037974, 59.16572559691417, 59.823710725125025, 64.23355235755196, 67.14723704488549, 65.81688550659007, 63.34519710712266, 63.56100445174587, 64.50733798843956, 64.11987366425237], "pb": [25.86622262666215, 19.1143009648344, 11.942822531382305, 14.83978911978707, 12.808394565290115, 14.674584827505868, 15.16894761863474, 11.526979624243793, 6.838160467877952, 4.920604565798023, 3.8085092697665743, 1.4301686334123538], "x": ["2019-01", "2019-02", "2019-03", "2019-04", "2019-05", "2019-06", "2019-07", "2019-08", "2019-09", "2019-10", "2019-11", "2019-12", "2020-01", "2020-02", "2020-03", "2020-04", "2020-05", "2020-06", "2020-07", "2020-08", "2020-09", "2020-10", "2020-11", "2020-12"], "y": [51.146202087402344, 54.371299743652344, 46.4004020690918, 51.661537170410156, 61.757694244384766, 63.36830139160156, 63.36830139160156, 61.021766662597656, 56.713924407958984, 56.14679718017578, 56.087398529052734, 53.714881896972656, 62.639495849609375, 56.42939758300781, 49.113914489746094, 53.681297302246094, 50.75530242919922, 53.0940055847168, 58.44105529785156, 65.64189910888672, 43.55447769165039, 33.32255935668945, 19.841598510742188, 44.25959777832031]}, "spi_01": {"px": [], "py": [], "pt": [], "pb": [], "x": ["2019-01", "2019-02", "2019-03", "2019-04", "2019-05", "2019-06", "2019-07", "2019-08", "2019-09", "2019-10", "2019-11", "2019-12", "2020-01", "2020-02", "2020-03", "2020-04", "2020-05", "2020-06", "2020-07", "2020-08", "2020-09", "2020-10", "2020-11", "2020-12"], "y": [NaN, NaN, NaN, NaN, NaN, NaN, NaN, NaN, NaN, NaN, NaN, NaN, NaN, NaN, NaN, NaN, NaN, NaN, NaN, NaN, NaN, NaN, NaN, NaN]}, "spi_03": {"px": [], "py": [], "pt": [], "pb": [], "x": ["2019-01", "2019-02", "2019-03", "2019-04", "2019-05", "2019-06", "2019-07", "2019-08", "2019-09", "2019-10", "2019-11", "2019-12", "2020-01", "2020-02", "2020-03", "2020-04", "2020-05", "2020-06", "2020-07"], "y": [NaN, NaN, NaN, NaN, NaN, NaN, NaN, NaN, NaN, NaN, NaN, NaN, NaN, NaN, NaN, NaN, NaN, NaN, NaN]}, "spi_06": {"px": [], "py": [], "pt": [], "pb": [], "x": ["2019-01", "2019-02", "2019-03", "2019-04", "2019-05", "2019-06", "2019-07", "2019-08", "2019-09", "2019-10", "2019-11", "2019-12", "2020-01", "2020-02", "2020-03", "2020-04", "2020-05", "2020-06", "2020-07"], "y": [NaN, NaN, NaN, NaN, NaN, NaN, NaN, NaN, NaN, NaN, NaN, NaN, NaN, NaN, NaN, NaN, NaN, NaN, NaN]}, "spi_12": {"px": [], "py": [], "pt": [], "pb": [], "x": ["2019-01", "2019-02", "2019-03", "2019-04", "2019-05", "2019-06", "2019-07", "2019-08", "2019-09", "2019-10", "2019-11", "2019-12", "2020-01", "2020-02", "2020-03", "2020-04", "2020-05", "2020-06", "2020-07", "2020-08", "2020-09", "2020-10", "2020-11", "2020-12"], "y": [NaN, NaN, NaN, NaN, NaN, NaN, NaN, NaN, NaN, NaN, NaN, NaN, NaN, NaN, NaN, NaN, NaN, NaN, NaN, NaN, NaN, NaN, NaN, NaN], "geox": [-46.55166447188378, -46.548864429212266, -46.54651140237829, -46.540945346219864, -46.539750331939295, -46.53956032180741, -46.5408773277218, -46.54125231914096, -46.54229832220918, -46.54166730392338, -46.54294530509637, -46.55083836303508, -46.55208637072164, -46.55335436824314, -46.5512243422427, -46.547300299807446, -46.544969271542556, -46.544121257217384, -46.54533624982746, -46.548661280462696, -46.55305831614946, -46.551514279359964, -46.54977026851355, -46.5480262519044, -46.546614235189665, -46.54488222286625, -46.54265920328011, -46.54160418298871, -46.53880615516347, -46.53116908690401, -46.529196056948464, -46.52785304324063, -46.52535602166162, -46.51799596418082, -46.51041189451214, -46.50778287463008, -46.49219074523538, -46.49006972432981, -46.48912570955552, -46.483618655192814, -46.46633350175309, -46.46458249160982, -46.461391466917746, -46.46005545412952, -46.4568854312899, -46.45471841277262, -46.45264239231815, -46.45172038631046, -46.44969136558076, -46.44557533330546, -46.44460132020969, -46.43922727259822, -46.43776925736109, -46.43729025197384, -46.43201318442822, -46.42918915017074, -46.42575311450702, -46.4250570974263, -46.42586009544491, -46.424385064586374, -46.43261412030628, -46.43650314415081, -46.443082195260466, -46.44572321301124, -46.4463672134759, -46.45088825095918, -46.45309526228873, -46.456550271055, -46.45902228233729, -46.459558272221535, -46.461473271048376, -46.463745281196445, -46.46075524800174, -46.46066723851944, -46.462203239295576, -46.462047231256435, -46.4610122159026, -46.456886167958636, -46.449273101082404, -46.441918039709854, -46.44033102536886, -46.43799799708163, -46.43155094179091, -46.4271969010765, -46.42377287800117, -46.41894582624785, -46.41596679690992, -46.41319477290381, -46.404913713467295, -46.3969716498679, -46.39391462786331, -46.3956676640264, -46.39860570701767, -46.39729869756937, -46.38631760601966, -46.38094156773432, -46.36762247505183, -46.36263342914392, -46.36046841190123, -46.358495401272826, -46.35821740303618, -46.35544138786125, -46.354218387585256, -46.35166437359408, -46.35088338627675, -46.353872418051715, -46.35541844348609, -46.35049841885931, -46.350165419491894, -46.35178245364758, -46.34666342799599, -46.34625143419114, -46.34844449124701, -46.351277525020905, -46.35424955640782, -46.35543557276538, -46.3571426080144, -46.353857587318004, -46.35001855209569, -46.347747534350106, -46.34284051061539, -46.34279751832037, -46.3418265140096, -46.33222045907014, -46.332086460640355, -46.33621849631475, -46.340220540181235, -46.340609548811784, -46.33786254149626, -46.33324651011944, -46.33005748324785, -46.32770046590024, -46.32622445693471, -46.32664147157898, -46.32588447423556, -46.32288145188863, -46.316110395736196, -46.31563839503609, -46.312828375334036, -46.31238337557108, -46.311047363138584, -46.30791232745468, -46.306305313476656, -46.29924725528327, -46.293830215363855, -46.291912209742065, -46.28688318489049, -46.287776196056754, -46.29382425486975, -46.29516428298918, -46.29849032519212, -46.29849533159352, -46.29652933427841, -46.2939723235409, -46.29282533362454, -46.297915378289055, -46.29955439031616, -46.302360422706045, -46.30247942784598, -46.30138843690114, -46.30295246790309, -46.302022472764236, -46.30616152091492, -46.307024528880454, -46.311048558289585, -46.31127256582975, -46.312859583102195, -46.31760962632634, -46.32376467845143, -46.32816871241379, -46.33196873412404, -46.3373017742208, -46.34248982532179, -46.34736286180283, -46.349603881298414, -46.35219590498059, -46.35767596407282, -46.36129999489362, -46.369606071785554, -46.37674413005817, -46.386387227812506, -46.38710924247317, -46.395163324286536, -46.396248331564706, -46.397108329782455, -46.40221636333298, -46.411079439250734, -46.41604947725435, -46.4182514922894, -46.4196604958715, -46.42088948939824, -46.42236449778622, -46.42247249555015, -46.42110847763795, -46.425393482278295, -46.42733349600412, -46.429879518570644, -46.433083542719686, -46.44008360552824, -46.44744166403276, -46.450964702876185, -46.4545797350706, -46.4586087618861, -46.45905176620469, -46.460988783629, -46.464733795391595, -46.46680880846358, -46.47117084735108, -46.471871860628056, -46.472932872138124, -46.47853790833853, -46.48480096133592, 