{"IIS3": {"px": [], "py": [], "pt": [], "pb": [], "x": ["2019-01", "2019-02", "2019-03", "2019-04", "2019-05", "2019-06", "2019-07", "2019-08", "2019-09", "2019-10", "2019-11", "2019-12", "2020-01", "2020-02", "2020-03", "2020-04", "2020-05", "2020-06", "2020-07", "2020-08", "2020-09", "2020-10", "2020-11", "2020-12"], "y": [NaN, NaN, NaN, NaN, NaN, NaN, NaN, NaN, NaN, NaN, NaN, NaN, NaN, NaN, NaN, NaN, NaN, NaN, NaN, NaN, NaN, NaN, NaN, NaN]}, "VHI": {"px": ["2021-01", "2021-02", "2021-03", "2021-04", "2021-05", "2021-06", "2021-07", "2021-08", "2021-09", "2021-10", "2021-11", "2021-12"], "py": [43.46011468874383, 39.33900339772285, 37.94577605148808, 42.80256223648057, 42.28641766902436, 44.94811481136735, 42.56424447617994, 45.575571744670754, 43.29145980932449, 54.63077510738687, 55.63206640551067, 52.808927055018785], "pt": [50.718619073577585, 46.90915556728646, 45.81524374861006, 50.96037075358515, 50.722717673614156, 53.654002229266766, 51.53161832245384, 54.79702020272413, 52.76016772699904, 64.3404479955912, 65.57686733673238, 62.983423776101645], "pb": [36.20161030391007, 31.768851228159235, 30.076308354366105, 34.644753719375984, 33.85011766443456, 36.24222739346793, 33.596870629906036, 36.35412328661738, 33.82275189164994, 44.92110221918253, 45.687265474288964, 42.634430333935924], "x": ["2019-01", "2019-02", "2019-03", "2019-04", "2019-05", "2019-06", "2019-07", "2019-08", "2019-09", "2019-10", "2019-11", "2019-12", "2020-01", "2020-02", "2020-03", "2020-04", "2020-05", "2020-06", "2020-07", "2020-08", "2020-09", "2020-10", "2020-11", "2020-12"], "y": [54.05585861206055, 53.70599365234375, 46.63732147216797, 49.55400085449219, 53.398563385009766, 51.19203186035156, 51.19203186035156, 54.08740997314453, 51.22228240966797, 63.535465240478516, 64.4315185546875, 61.18597412109375, 47.99829864501953, 43.415157318115234, 41.815528869628906, 46.59302520751953, 45.91719436645508, 48.71299743652344, 47.013893127441406, 45.82579040527344, 49.828163146972656, 51.145362854003906, 67.41146850585938, 52.722755432128906]}, "spi_01": {"px": ["2021-01", "2021-02", "2021-03", "2021-04", "2021-05", "2021-06", "2021-07", "2021-08", "2021-09", "2021-10", "2021-11", "2021-12"], "py": [-1.5336548223883488, -0.5810673280951095, -1.032873002037559, -0.601832364092806, -0.5349546190890979, -0.6095565519590611, -1.2305871342860695, -0.30229587655500634, -1.0302871764860657, -0.565574916890774, 0.05078351329714215, -0.1125990537109578], "pt": [-0.03770581499935277, 1.119604571801064, 0.8503971298035427, 1.447832942212869, 1.668576489441361, 1.737776152335286, 1.2522322918982338, 2.3089899717248192, 1.7034346930198332, 2.28532963047716, 3.014240652617956, 2.9592895664997165], "pb": [-3.0296038297773453, -2.2817392279912836, -2.9161431338786605, -2.651497670398481, -2.7384857276195573, -2.956889256253408, -3.7134065604703723, -2.913581724834832, -3.7640090459919646, -3.4164794642587077, -2.912673626023672, -3.1844876739216326], "x": ["2019-01", "2019-02", "2019-03", "2019-04", "2019-05", "2019-06", "2019-07", "2019-08", "2019-09", "2019-10", "2019-11", "2019-12", "2020-01", "2020-02", "2020-03", "2020-04", "2020-05", "2020-06", "2020-07", "2020-08", "2020-09", "2020-10", "2020-11", "2020-12"], "y": [-0.4398617446422577, 0.9845317006111145, -0.9878880381584167, -0.4561518430709839, -0.7337345480918884, -1.3638478517532349, -0.8988478779792786, 0.21673549711704254, -0.7078266143798828, -0.07952311635017395, 0.7991418242454529, 0.7267780303955078, -1.2771306037902832, -0.056111253798007965, -0.6211608648300171, -0.03167061507701874, 0.04075782001018524, -0.08434092253446579, -1.2023571729660034, -0.3656080663204193, 0.16071106493473053, -0.6931906342506409, 0.7583804726600647, -0.13968530297279358]}, "spi_03": {"px": [], "py": [], "pt": [], "pb": [], "x": ["2019-01", "2019-02", "2019-03", "2019-04", "2019-05", "2019-06", "2019-07", "2019-08", "2019-09", "2019-10", "2019-11", "2019-12", "2020-01", "2020-02", "2020-03", "2020-04", "2020-05", "2020-06", "2020-07"], "y": [0.1869322657585144, 0.6284034252166748, -0.2892010509967804, -0.284465491771698, -0.988961935043335, -0.9263769388198853, -1.282534122467041, -1.3230974674224854, -0.7449309825897217, -0.3690943121910095, 0.2148454189300537, 0.7914170026779175, -0.04958679527044296, -0.38926470279693604, -0.9787144064903259, -0.4027152359485626, -0.31431612372398376, -0.06060095876455307, -0.3380947411060333]}, "spi_06": {"px": [], "py": [], "pt": [], "pb": [], "x": ["2019-01", "2019-02", "2019-03", "2019-04", "2019-05", "2019-06", "2019-07", "2019-08", "2019-09", "2019-10", "2019-11", "2019-12", "2020-01", "2020-02", "2020-03", "2020-04", "2020-05", "2020-06", "2020-07"], "y": [0.0028374940156936646, 0.44954589009284973, -0.12631405889987946, -0.14758631587028503, -0.33962440490722656, -0.716270387172699, -0.7413103580474854, -1.2504713535308838, -1.172526240348816, -1.2819513082504272, -0.6360699534416199, 0.2925974726676941, -0.21234939992427826, -0.25768038630485535, -0.386107474565506, -0.35598742961883545, -0.44744381308555603, -0.637994110584259, -0.44957461953163147]}, "spi_12": {"px": ["2021-01", "2021-02", "2021-03", "2021-04", "2021-05", "2021-06", "2021-07", "2021-08", "2021-09", "2021-10", "2021-11", "2021-12"], "py": [-0.8309084115027685, -1.1149703311936583, -1.0704381126977307, -1.00432614638082, -0.830940296419683, -0.7100326786073536, -0.9303175948508433, -0.8796264054656233, -0.9694565447706625, -0.8636141979940428, -0.7735685419541665, -0.8316165951179455], "pt": [-0.2718645711695449, -0.4302842565629206, -0.279830734682589, -0.1204002266620312, 0.137352033886323, 0.33584257318330124, 0.18777007956780167, 0.30628465910272107, 0.28060347716602596, 0.44745981357932463, 0.5958036022059998, 0.5936711213030375], "pb": [-1.3899522518359921, -1.7996564058243958, -1.8610454907128724, -1.8882520660996087, -1.7992326267256893, -1.7559079303980083, -2.0484052692694883, -2.0655374700339677, -2.219516566707351, -2.1746882095674103, -2.1429406861143327, -2.2569043115389285], "x": ["2019-01", "2019-02", "2019-03", "2019-04", "2019-05", "2019-06", "2019-07", "2019-08", "2019-09", "2019-10", "2019-11", "2019-12", "2020-01", "2020-02", "2020-03", "2020-04", "2020-05", "2020-06", "2020-07", "2020-08", "2020-09", "2020-10", "2020-11", "2020-12"], "y": [-0.5104591846466064, -0.3693937063217163, -0.19647781550884247, -0.39232900738716125, -0.38498422503471375, -0.5007688403129578, -0.5681427717208862, -0.5190290212631226, -0.6778162717819214, -0.577366292476654, -0.47986891865730286, -0.5455303192138672, -0.6607834696769714, -0.9751358032226562, -0.9063096642494202, -0.8071272969245911, -0.5825524926185608, -0.4292985796928406, -0.45849359035491943, -0.4959384799003601, -0.43787485361099243, -0.48462775349617004, -0.4590107202529907, -0.7038437724113464],