{"IIS3": {"px": [], "py": [], "pt": [], "pb": [], "x": ["2019-01", "2019-02", "2019-03", "2019-04", "2019-05", "2019-06", "2019-07", "2019-08", "2019-09", "2019-10", "2019-11", "2019-12", "2020-01", "2020-02", "2020-03", "2020-04", "2020-05", "2020-06", "2020-07", "2020-08", "2020-09", "2020-10", "2020-11", "2020-12"], "y": [NaN, NaN, NaN, NaN, NaN, NaN, NaN, NaN, NaN, NaN, NaN, NaN, NaN, NaN, NaN, NaN, NaN, NaN, NaN, NaN, NaN, NaN, NaN, NaN]}, "VHI": {"px": ["2021-01", "2021-02", "2021-03", "2021-04", "2021-05", "2021-06", "2021-07", "2021-08", "2021-09", "2021-10", "2021-11", "2021-12"], "py": [105.56345752980098, 113.69898369257487, 112.22960593682055, 117.32222430053253, 122.18167519155662, 120.79573941525561, 126.99127310534283, 102.73952431405493, 85.67241920209628, 82.01177550330458, 70.00464774943268, 66.62666503578313], "pt": [127.69705633137727, 140.4247096047305, 142.8667183195859, 151.4250230826959, 159.42907932123057, 160.94218812521973, 169.84107559782007, 148.1319664522219, 133.47244046662468, 132.10379345538846, 122.28828278119403, 121.01367379483284], "pb": [83.4298587282247, 86.97325778041923, 81.59249355405517, 83.21942551836915, 84.93427106188267, 80.64929070529149, 84.14147061286559, 57.34708217588796, 37.8723979375679, 31.919757551220698, 17.721012717671343, 12.239656276733427], "x": ["2019-01", "2019-02", "2019-03", "2019-04", "2019-05", "2019-06", "2019-07", "2019-08", "2019-09", "2019-10", "2019-11", "2019-12", "2020-01", "2020-02", "2020-03", "2020-04", "2020-05", "2020-06", "2020-07", "2020-08", "2020-09", "2020-10", "2020-11", "2020-12"], "y": [57.26448440551758, 57.13266372680664, 55.048683166503906, 59.63876724243164, 63.35708236694336, 62.50204849243164, 62.50204849243164, 47.9089241027832, 37.885902404785156, 35.690372467041016, 28.67357063293457, 26.738306045532227, 53.13869094848633, 58.20198059082031, 58.23301696777344, 62.04045104980469, 66.23951721191406, 67.94112396240234, 61.86835861206055, 59.56782531738281, 55.05253219604492, 41.52552032470703, 56.23371124267578, 62.34868621826172]}, "spi_01": {"px": ["2021-01", "2021-02", "2021-03", "2021-04", "2021-05", "2021-06", "2021-07", "2021-08", "2021-09", "2021-10", "2021-11", "2021-12"], "py": [1.854617311425316, 2.2450048060372163, 4.175438692017213, 1.659918066593514, 1.2319151819697702, 0.9506214899274283, 2.333637032465809, 1.0212900157171987, 2.870873507239925, 1.2736980250473375, 0.2439299273250013, -0.4313734169890171], "pt": [4.0536196063915, 4.509555375799093, 6.503692860434214, 4.050178651235582, 3.6826138277105596, 3.460303151409226, 4.900946953710289, 3.6449627128085558, 5.549723374478651, 4.006611269361404, 3.0298575987998966, 2.4065785171409164], "pb": [-0.34438498354086766, -0.019545763724660326, 1.8471845236002125, -0.7303425180485541, -1.2187834637710195, -1.5590601715543695, -0.23367288877867098, -1.6023826813741584, 0.19202364000119987, -1.4592152192667283, -2.541997744149894, -3.269325351118951], "x": ["2019-01", "2019-02", "2019-03", "2019-04", "2019-05", "2019-06", "2019-07", "2019-08", "2019-09", "2019-10", "2019-11", "2019-12", "2020-01", "2020-02", "2020-03", "2020-04", "2020-05", "2020-06", "2020-07", "2020-08", "2020-09", "2020-10", "2020-11", "2020-12"], "y": [-0.9788057804107666, 0.49354302883148193, 0.012938473373651505, 0.11809051036834717, -0.40623313188552856, -0.2834051847457886, 0.2827901840209961, -0.3905762732028961, 0.7116649150848389, -0.14970798790454865, -0.7526583075523376, -1.1446607112884521, 0.43318742513656616, 0.6245177388191223, 1.7567819356918335, 0.153544619679451, -0.00961892306804657, -0.08895498514175415, -0.4369924068450928, -0.2639924883842468, -0.014661826193332672, -0.021893329918384552, 2.0929384231567383, -0.6538962125778198]}, "spi_03": {"px": [], "py": [], "pt": [], "pb": [], "x": ["2019-01", "2019-02", "2019-03", "2019-04", "2019-05", "2019-06", "2019-07", "2019-08", "2019-09", "2019-10", "2019-11", "2019-12", "2020-01", "2020-02", "2020-03", "2020-04", "2020-05", "2020-06", "2020-07"], "y": [0.03056398034095764, 0.3204653859138489, -0.569132924079895, 0.21799229085445404, -0.09810582548379898, -0.17784129083156586, -0.49650245904922485, -0.2557942867279053, 0.19237163662910461, -0.17706435918807983, -0.5287829637527466, -1.4433727264404297, -0.18283724784851074, 0.2806481719017029, 1.4179636240005493, 1.1780608892440796, 0.9674763083457947, 0.010000159963965416, -0.2382628172636032]}, "spi_06": {"px": [], "py": [], "pt": [], "pb": [], "x": ["2019-01", "2019-02", "2019-03", "2019-04", "2019-05", "2019-06", "2019-07", "2019-08", "2019-09", "2019-10", "2019-11", "2019-12", "2020-01", "2020-02", "2020-03", "2020-04", "2020-05", "2020-06", "2020-07"], "y": [0.006522875279188156, 0.1617179960012436, -0.05511099100112915, 0.0949704498052597, 0.053819965571165085, -0.3997155427932739, 0.018920911476016045, -0.14918693900108337, -0.1548812985420227, -0.5161687731742859, -0.7573614120483398, -1.264925479888916, -0.2472398579120636, 0.08745475113391876, 1.1056978702545166, 0.9200873970985413, 0.8318416476249695, 0.9652919173240662, 0.9146593809127808]}, "spi_12": {"px": ["2021-01", "2021-02", "2021-03", "2021-04", "2021-05", "2021-06", "2021-07", "2021-08", "2021-09", "2021-10", "2021-11", "2021-12"], "py": [2.441871536550943, 2.374234877599445, 4.435236842683997, 4.3131611673775465, 4.083757771170114, 3.8343488874908846, 3.756571095666117, 3.7793603002885297, 3.6918845008079124, 3.382484253352315, 3.2448396643116055, 1.3471422616350641], "pt": [3.648269032318014, 3.8517640197303376, 6.141340536454996, 6.22064308392408, 6.173299517583674, 6.091311926190903, 6.169366073717715, 6.338515835648584, 6.389471293149727, 6.211737149484081, 6.19989793756494, 4.422864428277554], "pb": [1.2354740407838722, 0.8967057354685526, 2.7291331489129984, 2.405679250831013, 1.994216024756554, 1.577385848790866, 1.3437761176145187, 1.2202047649284755, 0.9942977084660982, 0.5532313572205481, 0.2897813910582707, -1.7285799050074266], "x": ["2019-01", "2019-02", "2019-03", "2019-04", "2019-05", "2019-06", "2019-07", "2019-08", "2019-09", "2019-10", "2019-11", "2019-12", "2020-01", "2020-02", "2020-03", "2020-04", "2020-05", "2020-06", "2020-07", "2020-08", "2020-09", "2020-10", "2020-11", "2020-12"], "y": [-0.11484657227993011, -0.31093406677246094, -0.23022344708442688, -0.19193394482135773, -0.10691553354263306, -0.07479953020811081, -0.08511798083782196, -0.08105204254388809, -0.06647756695747375, -0.0914631336927414, -0.07545556873083115, -0.6549820899963379, -0.1160586029291153, -0.10016825795173645, 0.7544171810150146, 0.7622978091239929, 0.73795485496521, 0.7422472238540649, 0.6983084678649902, 0.6905304193496704, 0.674460768699646, 0.6596894860267639, 0.988984227180481, 1.064246654510498],