{"IIS3": {"px": [], "py": [], "pt": [], "pb": [], "x": ["2019-01", "2019-02", "2019-03", "2019-04", "2019-05", "2019-06", "2019-07", "2019-08", "2019-09", "2019-10", "2019-11", "2019-12", "2020-01", "2020-02", "2020-03", "2020-04", "2020-05", "2020-06", "2020-07", "2020-08", "2020-09", "2020-10", "2020-11", "2020-12"], "y": [NaN, NaN, NaN, NaN, NaN, NaN, NaN, NaN, NaN, NaN, NaN, NaN, NaN, NaN, NaN, NaN, NaN, NaN, NaN, NaN, NaN, NaN, NaN, NaN]}, "VHI": {"px": ["2021-01", "2021-02", "2021-03", "2021-04", "2021-05", "2021-06", "2021-07", "2021-08", "2021-09", "2021-10", "2021-11", "2021-12"], "py": [74.37561878125587, 75.67352616916648, 104.71891037059939, 124.77642063289034, 125.27789999016761, 103.22696284069977, 71.45039024557964, 145.84859389297665, 155.76516358654573, 111.87961611137905, 77.78505330720382, 76.51677125920021], "pt": [112.7701743737469, 120.78022072420006, 155.6608958856665, 180.9507731681312, 186.2371476667075, 168.62193108616913, 140.9987465623335, 219.31590540563764, 232.95271345979006, 192.6161620492057, 161.92102566449586, 163.92005402960433], "pb": [35.98106318876485, 30.5668316141329, 53.77692485553227, 68.60206809764946, 64.31865231362772, 37.83199459523041, 1.902033928825773, 72.38128238031565, 78.57761371330137, 31.14307017355239, -6.3509190500882085, -10.886511511203906], "x": ["2019-01", "2019-02", "2019-03", "2019-04", "2019-05", "2019-06", "2019-07", "2019-08", "2019-09", "2019-10", "2019-11", "2019-12", "2020-01", "2020-02", "2020-03", "2020-04", "2020-05", "2020-06", "2020-07", "2020-08", "2020-09", "2020-10", "2020-11", "2020-12"], "y": [31.222902297973633, 19.904333114624023, 33.683998107910156, 50.27201461791992, 35.95638656616211, 21.71575164794922, 21.71575164794922, 56.42439651489258, 62.297027587890625, 42.466609954833984, 27.205078125, 28.24612808227539, 33.77303695678711, 35.027915954589844, 51.267215728759766, 62.990135192871094, 65.84819030761719, 55.85565948486328, 51.24895095825195, 55.52919006347656, 63.6640625, 58.70341491699219, 75.85096740722656, 66.8981704711914]}, "spi_01": {"px": [], "py": [], "pt": [], "pb": [], "x": ["2019-01", "2019-02", "2019-03", "2019-04", "2019-05", "2019-06", "2019-07", "2019-08", "2019-09", "2019-10", "2019-11", "2019-12", "2020-01", "2020-02", "2020-03", "2020-04", "2020-05", "2020-06", "2020-07", "2020-08", "2020-09", "2020-10", "2020-11", "2020-12"], "y": [NaN, NaN, NaN, NaN, NaN, NaN, NaN, NaN, NaN, NaN, NaN, NaN, NaN, NaN, NaN, NaN, NaN, NaN, NaN, NaN, NaN, NaN, NaN, NaN]}, "spi_03": {"px": [], "py": [], "pt": [], "pb": [], "x": ["2019-01", "2019-02", "2019-03", "2019-04", "2019-05", "2019-06", "2019-07", "2019-08", "2019-09", "2019-10", "2019-11", "2019-12", "2020-01", "2020-02", "2020-03", "2020-04", "2020-05", "2020-06", "2020-07"], "y": [NaN, NaN, NaN, NaN, NaN, NaN, NaN, NaN, NaN, NaN, NaN, NaN, NaN, NaN, NaN, NaN, NaN, NaN, NaN]}, "spi_06": {"px": [], "py": [], "pt": [], "pb": [], "x": ["2019-01", "2019-02", "2019-03", "2019-04", "2019-05", "2019-06", "2019-07", "2019-08", "2019-09", "2019-10", "2019-11", "2019-12", "2020-01", "2020-02", "2020-03", "2020-04", "2020-05", "2020-06", "2020-07"], "y": [NaN, NaN, NaN, NaN, NaN, NaN, NaN, NaN, NaN, NaN, NaN, NaN, NaN, NaN, NaN, NaN, NaN, NaN, NaN]}, "spi_12": {"px": [], "py": [], "pt": [], "pb": [], "x": ["2019-01", "2019-02", "2019-03", "2019-04", "2019-05", "2019-06", "2019-07", "2019-08", "2019-09", "2019-10", "2019-11", "2019-12", "2020-01", "2020-02", "2020-03", "2020-04", "2020-05", "2020-06", "2020-07", "2020-08", "2020-09", "2020-10", "2020-11", "2020-12"], "y": [NaN, NaN, NaN, NaN, NaN, NaN, NaN, NaN, NaN, NaN, NaN, NaN, NaN, NaN, NaN, NaN, NaN, NaN, NaN, NaN, NaN, NaN, NaN, NaN], "geox": [-36.90290997721964, -36.89138088005515, -36.88804985295316, -36.887525850965126, -36.88635584191939, -36.87294372938074, -36.86891270321372, -36.8681077003799, -36.852019564107174, -36.83999246542426, -36.82824536529615, -36.817470274692894, -36.81624826606575, -36.8174002855934, -36.81015922408279, -36.80729619901056, -36.80602018862413, -36.79902213208888, -36.794156089812795, -36.780355979348776, -36.77166791160807, -36.75367277565256, -36.74640972040531, -36.748941744807404, -36.75519581290081, -36.76055186618726, -36.763323897959836, -36.76483291490378, -36.76524492249025, -36.761838898514036, -36.76082889580438, -36.758536881320005, -36.75950089510823, -36.76004890413021, -36.758391895312485, -36.758546899364745, -36.76363195250745, -36.76437696160206, -36.75179588318194, -36.75229988766063, -36.75238589025604, -36.75179788745352, -36.75268889754113, -36.7577459478911, -36.75957497037145, -36.760627981271675, -36.76396201102864, -36.77054807728829, -36.772855099309396, -36.778432150683656, -36.780609170820746, -36.781995185269395, -36.783520204934625, -36.785720228216846, -36.78910026027529, -36.79116028202946, -36.79132328705436, -36.78513023811642, -36.784993239993526, -36.78671425924388, -36.79224830751735, -36.79368732216832, -36.79427432942199, -36.793843330257914, -36.79457433917986, -36.798231374976424, -36.810904490315146, -36.82021356753507, -36.822994587848875, -36.82821462851443, -36.829045633946386, -36.82882562648774, -36.82699260537148, -36.82715660335506, -36.849093799761086, -36.88118805933169, -36.91033831005299, -36.922971411245676, -36.919550317688454, -36.90340916471798, -36.90063006950126, -36.96949163821573, -36.96977063817082, -36.96802561517364, -36.9647135764417, -36.96271355723801, -36.96055253778626, -36.95888451558129, -36.95794550598192, -36.954133469916, -36.954492468506736, -36.95312045169655, -36.95113542971731, -36.95238343555034, -36.951219423123575, -36.947415389390606, -36.94332935158082, -36.94305434721182, -36.945884369483174, -36.946299371519984, -36.945165358829605, -36.9406873150858, -36.93796928962436, -36.93416125576529, -36.92368616398268, -36.91815911326701, -36.91677110161522, -36.90847002896468, -36.90290997721964],