{"IIS3": {"px": [], "py": [], "pt": [], "pb": [], "x": ["2019-01", "2019-02", "2019-03", "2019-04", "2019-05", "2019-06", "2019-07", "2019-08", "2019-09", "2019-10", "2019-11", "2019-12", "2020-01", "2020-02", "2020-03", "2020-04", "2020-05", "2020-06", "2020-07", "2020-08", "2020-09", "2020-10", "2020-11", "2020-12"], "y": [NaN, NaN, NaN, NaN, NaN, NaN, NaN, NaN, NaN, NaN, NaN, NaN, NaN, NaN, NaN, NaN, NaN, NaN, NaN, NaN, NaN, NaN, NaN, NaN]}, "VHI": {"px": ["2021-01", "2021-02", "2021-03", "2021-04", "2021-05", "2021-06", "2021-07", "2021-08", "2021-09", "2021-10", "2021-11", "2021-12"], "py": [81.80192244352926, 78.52934886322303, 65.42808015180586, 55.21960057685003, 63.86946545913116, 69.28532184200267, 67.31483337975645, 77.66563964115139, 62.678866741406765, 83.37383085579087, 74.104325773181, 63.25153280533179], "pt": [100.55055865717, 101.49164485356525, 91.94265566084864, 84.8637971708105, 96.34305579001423, 104.36080824283064, 104.81210559429644, 117.43750282114283, 104.60209154681272, 127.34327996947945, 120.02891758016276, 111.05136345267343], "pb": [63.05328622988853, 55.56705287288082, 38.91350464276307, 25.57540398288956, 31.395875128248093, 34.209835441174704, 29.817561165216453, 37.893776461159945, 20.75564193600082, 39.40438174210229, 28.179733966199258, 15.451702157990155], "x": ["2019-01", "2019-02", "2019-03", "2019-04", "2019-05", "2019-06", "2019-07", "2019-08", "2019-09", "2019-10", "2019-11", "2019-12", "2020-01", "2020-02", "2020-03", "2020-04", "2020-05", "2020-06", "2020-07", "2020-08", "2020-09", "2020-10", "2020-11", "2020-12"], "y": [65.42652130126953, 54.9633674621582, 47.65043258666992, 48.21269607543945, 48.379234313964844, 48.192386627197266, 48.192386627197266, 56.066429138183594, 43.69617462158203, 59.387611389160156, 51.04804229736328, 42.0931282043457, 54.61738967895508, 51.308040618896484, 40.80182647705078, 32.57184600830078, 38.770320892333984, 44.059043884277344, 40.46357727050781, 42.91923904418945, 39.241737365722656, 45.29530334472656, 56.14858627319336, 65.09362030029297]}, "spi_01": {"px": [], "py": [], "pt": [], "pb": [], "x": ["2019-01", "2019-02", "2019-03", "2019-04", "2019-05", "2019-06", "2019-07", "2019-08", "2019-09", "2019-10", "2019-11", "2019-12", "2020-01", "2020-02", "2020-03", "2020-04", "2020-05", "2020-06", "2020-07", "2020-08", "2020-09", "2020-10", "2020-11", "2020-12"], "y": [NaN, NaN, NaN, NaN, NaN, NaN, NaN, NaN, NaN, NaN, NaN, NaN, NaN, NaN, NaN, NaN, NaN, NaN, NaN, NaN, NaN, NaN, NaN, NaN]}, "spi_03": {"px": [], "py": [], "pt": [], "pb": [], "x": ["2019-01", "2019-02", "2019-03", "2019-04", "2019-05", "2019-06", "2019-07", "2019-08", "2019-09", "2019-10", "2019-11", "2019-12", "2020-01", "2020-02", "2020-03", "2020-04", "2020-05", "2020-06", "2020-07"], "y": [NaN, NaN, NaN, NaN, NaN, NaN, NaN, NaN, NaN, NaN, NaN, NaN, NaN, NaN, NaN, NaN, NaN, NaN, NaN]}, "spi_06": {"px": [], "py": [], "pt": [], "pb": [], "x": ["2019-01", "2019-02", "2019-03", "2019-04", "2019-05", "2019-06", "2019-07", "2019-08", "2019-09", "2019-10", "2019-11", "2019-12", "2020-01", "2020-02", "2020-03", "2020-04", "2020-05", "2020-06", "2020-07"], "y": [NaN, NaN, NaN, NaN, NaN, NaN, NaN, NaN, NaN, NaN, NaN, NaN, NaN, NaN, NaN, NaN, NaN, NaN, NaN]}, "spi_12": {"px": [], "py": [], "pt": [], "pb": [], "x": ["2019-01", "2019-02", "2019-03", "2019-04", "2019-05", "2019-06", "2019-07", "2019-08", "2019-09", "2019-10", "2019-11", "2019-12", "2020-01", "2020-02", "2020-03", "2020-04", "2020-05", "2020-06", "2020-07", "2020-08", "2020-09", "2020-10", "2020-11", "2020-12"], "y": [NaN, NaN, NaN, NaN, NaN, NaN, NaN, NaN, NaN, NaN, NaN, NaN, NaN, NaN, NaN, NaN, NaN, NaN, NaN, NaN, NaN, NaN, NaN, NaN], "geox": [-45.288215109272066, -45.2861130914439, -45.28640309083287, -45.28450607458706, -45.28386106691229, -45.28079404140052, -45.276963010835004, -45.274253989295374, -45.26966895213833, -45.26250389353587, -45.2603568767359, -45.259422869742245, -45.25729485467826, -45.25577184323838, -45.253381823855946, -45.25116280636206, -45.249963794142346, -45.24584675933911, -45.24193472773478, -45.23921770321268, -45.235654673381475, -45.23507566757726, -45.234690662397995, -45.23606067133514, -45.2355336655242, -45.23284864357298, -45.22995862103849, -45.22803160545313, -45.22767960046471, -45.22648258989611, -45.222161555018175, -45.21889252819273, -45.21687751223838, -45.21343448435498, -45.210344458796975, -45.20832344080837, -45.20338940008584, -45.19889536383529, -45.19467033059813, -45.190632298193584, -45.184998254327695, -45.1830132384949, -45.17892620445723, -45.17772819284787, -45.17667818415267, -45.17440016605238, -45.17005213307177, -45.16911812531466, -45.16870812068329, -45.16330807819134, -45.16284107428862, -45.16324907443525, -45.16158506008976, -45.15703102406723, -45.155428010276374, -45.15192098119926, -45.145937933423106, -45.143484913409004, -45.1401558851874, -45.13662485645843, -45.130932811135224, -45.130056803765704, -45.13081580868806, -45.13028980412905, -45.12795478547318, -45.12591176862439, -45.12559376552962, -45.12681377188485, -45.12265873668371, -45.11121664406605, -45.10883362408018, -45.10223557043556, -45.10012955263074, -45.097395530200515, -45.089827469305746, -45.084774426734924, -45.08195240392166, -45.07753036869452, -45.07013931053294, -45.06847529736688, -45.06115223826043, -45.05678019904315, -45.052330161241635, -45.05384317219348, -45.051382150514236, -45.049461134604044, -45.049637137951706, -45.046746119756314, -45.04519510863777, -45.04123807796242, -45.04187808404555, -45.041219080015246, -45.04238309018559, -45.04218808902646, -45.03704405025264, -45.033402022684584, -45.03538103922197, -45.03340302491363, -45.03583904710455, -45.0357080474383, -45.034923042710474, -45.03268602701726, -45.029337001043366, -45.02675098046659, -45.02371095692689, -45.02068893283765, -45.01376388038187, -45.00886084218048, -45.00467480994152, -45.00304779696413, -45.00146478478905, -44.99726675391988, -45.03413708692515, -45.04725820689809, -45.04790621194762, -45.04893222040776, -45.04907922346058, -45.049080224092464, -45.05015923288464, -45.05123824098695, -45.051092237061226, -45.05536226990538, -45.055950273139494, -45.0572272824659, -45.05904329663281, -45.06140031565598, -45.0611063147466, -45.065673352381346, -45.07514542715835, -45.076768439452074, -45.07784644694372, -45.08270648576893, -45.0810374741214, -45.07755244723943, -45.07794645091273, -45.08059647138746, -45.0863405178009, -45.08869653680963, -45.08786353123744, -45.08874653968132, -45.087175527996344, -45.087227529075875, -45.08830653833799, -45.089484548079774, -45.090760557992276, -45.089778549066665, -45.09041655374299, -45.0913995615118, -45.09355858077506, -45.09439258751754, -45.09733860989386, -45.096994605470854, -45.09797561266326, -45.100725634740336, -45.101315639790144, -45.10087263756258, -45.10234665041941, -45.106223680990674, -45.103475660744856, -45.10288765661776, -45.103476661617314, -45.105096674483775, -45.10843569978685, -45.109318706935944, -45.10892570456655, -45.10752069408435, -45.10868070394965, -45.11319673980607, -45.113295741064135, -45.10853370437017, -45.110595721485716, -45.1130997414217, -45.11948279072483, -45.12365482127981, -45.13464990393659, -45.135729911603185, -45.13818493064798, -45.138772934472215, -45.13990294298715, -45.142553965561966, -45.1458809920874, -45.147021001075856, -45.14820000991083, -45.15124303411249, -45.15251904379891, -45.154582060315185, -45.288215109272066],