{"IIS3": {"px": [], "py": [], "pt": [], "pb": [], "x": ["2019-01", "2019-02", "2019-03", "2019-04", "2019-05", "2019-06", "2019-07", "2019-08", "2019-09", "2019-10", "2019-11", "2019-12", "2020-01", "2020-02", "2020-03", "2020-04", "2020-05", "2020-06", "2020-07", "2020-08", "2020-09", "2020-10", "2020-11", "2020-12"], "y": [NaN, NaN, NaN, NaN, NaN, NaN, NaN, NaN, NaN, NaN, NaN, NaN, NaN, NaN, NaN, NaN, NaN, NaN, NaN, NaN, NaN, NaN, NaN, NaN]}, "VHI": {"px": ["2021-01", "2021-02", "2021-03", "2021-04", "2021-05", "2021-06", "2021-07", "2021-08", "2021-09", "2021-10", "2021-11", "2021-12"], "py": [47.54246386738812, 55.991612141660724, 70.13325286803864, 72.9149597857649, 72.3140642580798, 60.7369686789593, 49.84667688201907, 62.703469871322014, 71.53641120881237, 59.490990882353785, 44.97244938236014, 42.66035483304154], "pt": [67.88842280447274, 80.91022092730137, 98.90678380454483, 105.08474531965294, 107.55429865058386, 98.80077220384234, 90.53859447658778, 105.86376616624386, 117.03135812610986, 107.20649374829861, 94.80966672534854, 94.53257525240025], "pb": [27.196504930303504, 31.07300335602008, 41.359721931532434, 40.74517425187686, 37.073829865575746, 22.673165154076266, 9.154759287450347, 19.54317357640017, 26.04146429151487, 11.77548801640895, -4.8647679606282495, -9.211865586317181], "x": ["2019-01", "2019-02", "2019-03", "2019-04", "2019-05", "2019-06", "2019-07", "2019-08", "2019-09", "2019-10", "2019-11", "2019-12", "2020-01", "2020-02", "2020-03", "2020-04", "2020-05", "2020-06", "2020-07", "2020-08", "2020-09", "2020-10", "2020-11", "2020-12"], "y": [65.79125213623047, 60.50968933105469, 54.326560974121094, 56.8807487487793, 59.08906173706055, 42.88312530517578, 42.88312530517578, 53.376747131347656, 61.53450012207031, 51.55218505859375, 38.965145111083984, 37.6685905456543, 44.543087005615234, 53.34235382080078, 67.23611450195312, 70.02014923095703, 70.11343383789062, 59.35762405395508, 56.194374084472656, 58.8849983215332, 62.20412063598633, 55.494998931884766, 52.321563720703125, 41.27104187011719]}, "spi_01": {"px": [], "py": [], "pt": [], "pb": [], "x": ["2019-01", "2019-02", "2019-03", "2019-04", "2019-05", "2019-06", "2019-07", "2019-08", "2019-09", "2019-10", "2019-11", "2019-12", "2020-01", "2020-02", "2020-03", "2020-04", "2020-05", "2020-06", "2020-07", "2020-08", "2020-09", "2020-10", "2020-11", "2020-12"], "y": [NaN, NaN, NaN, NaN, NaN, NaN, NaN, NaN, NaN, NaN, NaN, NaN, NaN, NaN, NaN, NaN, NaN, NaN, NaN, NaN, NaN, NaN, NaN, NaN]}, "spi_03": {"px": [], "py": [], "pt": [], "pb": [], "x": ["2019-01", "2019-02", "2019-03", "2019-04", "2019-05", "2019-06", "2019-07", "2019-08", "2019-09", "2019-10", "2019-11", "2019-12", "2020-01", "2020-02", "2020-03", "2020-04", "2020-05", "2020-06", "2020-07"], "y": [NaN, NaN, NaN, NaN, NaN, NaN, NaN, NaN, NaN, NaN, NaN, NaN, NaN, NaN, NaN, NaN, NaN, NaN, NaN]}, "spi_06": {"px": [], "py": [], "pt": [], "pb": [], "x": ["2019-01", "2019-02", "2019-03", "2019-04", "2019-05", "2019-06", "2019-07", "2019-08", "2019-09", "2019-10", "2019-11", "2019-12", "2020-01", "2020-02", "2020-03", "2020-04", "2020-05", "2020-06", "2020-07"], "y": [NaN, NaN, NaN, NaN, NaN, NaN, NaN, NaN, NaN, NaN, NaN, NaN, NaN, NaN, NaN, NaN, NaN, NaN, NaN]}, "spi_12": {"px": [], "py": [], "pt": [], "pb": [], "x": ["2019-01", "2019-02", "2019-03", "2019-04", "2019-05", "2019-06", "2019-07", "2019-08", "2019-09", "2019-10", "2019-11", "2019-12", "2020-01", "2020-02", "2020-03", "2020-04", "2020-05", "2020-06", "2020-07", "2020-08", "2020-09", "2020-10", "2020-11", "2020-12"], "y": [NaN, NaN, NaN, NaN, NaN, NaN, NaN, NaN, NaN, NaN, NaN, NaN, NaN, NaN, NaN, NaN, NaN, NaN, NaN, NaN, NaN, NaN, NaN, NaN], "geox": [-36.120976245219126, -36.090704920903775, -36.0754537784104, -36.05577958824203, -36.0404614575905, -36.02497834219742, -36.024185334302175, -36.02433833457049, -36.02730035812681, -36.028722366711115, -36.02734135141909, -36.00404714463962, -35.985938983098045, -35.97767989947147, -35.96994782843158, -35.966264789845575, -35.966175779253334, -35.95531673549654, -35.95481077523871, -35.95061976294278, -35.953100785809326, -35.95343878984244, -35.95451679909317, -35.9559608127654, -35.959463843061414, -35.96101185795236, -35.96278987830015, -35.96262987884817, -35.96354388812922, -35.96804392979072, -35.96951694070941, -35.97065295030417, -35.97411098255522, -35.97973903409213, -35.9815760522303, -35.98415507600355, -35.98704810031822, -35.991909145300674, -35.99559718082229, -35.999103212654695, -36.000405226422444, -36.00538127376852, -36.0148763586445, -36.026408458370256, -36.0332495202646, -36.0419015950837, -36.06110975886356, -36.12548129054839, -36.121204247653225, -36.120976245219126], "geoy": [-8.836802121040678, -8.776869686087823, -8.770533650450728, -8.755083548359547, -8.763094623285296, -8.790345846636285, -8.78946484053236, -8.788195830622008, -8.78468280099619, -8.779869762680708, -8.776561738378065, -8.77952578129847, -8.780957807938757, -8.770184731973016, -8.768439725162999, -8.762142679752907, -8.750853592730506, -8.812819079990282, -8.86341047027475, -8.892297696376652, -8.892916698980414, -8.894042707354691, -8.893534702504203, -8.894307707196578, -8.892925693504077, -8.89402070058415, -8.89895773703662, -8.901210754517608, -8.902410762956201, -8.903748769326482, -8.901106747707713, -8.900399741275166, -8.90169874825435, -8.902735751321519, -8.904565763799015, -8.905219766578812, -8.903289749202283, -8.904722755981965, -8.907388773269826, -8.90773277285201, -8.910062789636887, -8.913003807906563, -8.912439795263035, -8.90797175081584, -8.908420748283861, -8.90508471506456, -8.895081621359482, -8.842350159779771, -8.837242124225822, -8.836802121040678]}}