{"IIS3": {"px": [], "py": [], "pt": [], "pb": [], "x": ["2019-01", "2019-02", "2019-03", "2019-04", "2019-05", "2019-06", "2019-07", "2019-08", "2019-09", "2019-10", "2019-11", "2019-12", "2020-01", "2020-02", "2020-03", "2020-04", "2020-05", "2020-06", "2020-07", "2020-08", "2020-09", "2020-10", "2020-11", "2020-12"], "y": [NaN, NaN, NaN, NaN, NaN, NaN, NaN, NaN, NaN, NaN, NaN, NaN, NaN, NaN, NaN, NaN, NaN, NaN, NaN, NaN, NaN, NaN, NaN, NaN]}, "VHI": {"px": ["2021-01", "2021-02", "2021-03", "2021-04", "2021-05", "2021-06", "2021-07", "2021-08", "2021-09", "2021-10", "2021-11", "2021-12"], "py": [69.57382677813553, 81.59245020316847, 95.43137321823396, 109.01245731415173, 117.1066795117467, 109.09085555052661, 109.82831361963261, 116.69890471198926, 130.9166256767469, 103.68256281868753, 79.51406040891426, 63.83711892992869], "pt": [91.42050984550252, 108.3490631803929, 126.3272485898749, 143.5550960660908, 154.94624437332988, 149.96225687077688, 153.5216795102109, 163.04271767353725, 179.76729380710043, 154.9175757858854, 133.0272861640108, 119.53545021267831], "pb": [47.72714371076853, 54.83583722594403, 64.53549784659302, 74.46981856221264, 79.26711465016353, 68.21945423027634, 66.13494772905433, 70.35509175044126, 82.06595754639335, 52.447549851489654, 26.000834653817712, 8.138787647179072], "x": ["2019-01", "2019-02", "2019-03", "2019-04", "2019-05", "2019-06", "2019-07", "2019-08", "2019-09", "2019-10", "2019-11", "2019-12", "2020-01", "2020-02", "2020-03", "2020-04", "2020-05", "2020-06", "2020-07", "2020-08", "2020-09", "2020-10", "2020-11", "2020-12"], "y": [45.20842361450195, 37.30664825439453, 39.346290588378906, 52.644981384277344, 62.5355224609375, 55.477176666259766, 55.477176666259766, 59.14970016479492, 68.41976928710938, 52.46984100341797, 37.87961196899414, 28.448673248291016, 35.37961196899414, 43.6719970703125, 53.10753631591797, 62.171287536621094, 68.70264434814453, 65.57957458496094, 63.94548797607422, 70.32596588134766, 73.22338104248047, 57.703773498535156, 65.4080581665039, 59.09677505493164]}, "spi_01": {"px": ["2021-01", "2021-02", "2021-03", "2021-04", "2021-05", "2021-06", "2021-07", "2021-08", "2021-09", "2021-10", "2021-11", "2021-12"], "py": [1.0863089536725337, -1.1629495859262917, 0.9884962235745851, 2.2522206055236236, 1.1908794883397333, 1.4929406369624227, 0.9911830500234906, 2.0066997403726496, 1.4130662909191076, 0.7763993682302988, -0.5575781143801692, -0.22612713871963663], "pt": [2.8715568269112994, 0.6222982873124749, 2.7737440968133518, 4.03746847876239, 2.9761273615785004, 3.27818851020119, 2.7764309232622573, 3.791947613611417, 3.1983141641578747, 2.5616472414690667, 1.2276697588585987, 1.5591207345191318], "pb": [-0.6989389195662323, -2.9481974591650584, -0.7967516496641813, 0.4669727322848569, -0.5943683848990335, -0.29230723627634436, -0.7940648232152765, 0.2214518671338821, -0.3721815823196599, -1.0088485050084692, -2.3428259876189372, -2.011375011958405], "x": ["2019-01", "2019-02", "2019-03", "2019-04", "2019-05", "2019-06", "2019-07", "2019-08", "2019-09", "2019-10", "2019-11", "2019-12", "2020-01", "2020-02", "2020-03", "2020-04", "2020-05", "2020-06", "2020-07", "2020-08", "2020-09", "2020-10", "2020-11", "2020-12"], "y": [-0.8487328290939331, -0.6611332297325134, 0.6852032542228699, -0.9491891860961914, 0.17637895047664642, 0.8366650342941284, 0.12876342236995697, 0.9222098588943481, 0.4182142913341522, 0.033620499074459076, -0.9254833459854126, -0.6386324167251587, 0.6420913934707642, -1.3229186534881592, 0.5636598467826843, 1.6949436664581299, 0.8548098206520081, 1.1526060104370117, 0.5495315790176392, 1.1591980457305908, 0.40710368752479553, 0.7646912336349487, 0.7646081447601318, -1.4931213855743408]}, "spi_03": {"px": [], "py": [], "pt": [], "pb": [], "x": ["2019-01", "2019-02", "2019-03", "2019-04", "2019-05", "2019-06", "2019-07", "2019-08", "2019-09", "2019-10", "2019-11", "2019-12", "2020-01", "2020-02", "2020-03", "2020-04", "2020-05", "2020-06", "2020-07"], "y": [-0.13538578152656555, -0.5367121696472168, -0.6186361312866211, -0.42240631580352783, 0.019422896206378937, -0.05384800583124161, 0.4536518156528473, 0.8129622936248779, 0.6126121282577515, 0.5690954923629761, -0.5836238265037537, -1.1379480361938477, -0.8928755521774292, -0.9169944524765015, -0.03948767110705376, 0.44499900937080383, 1.3844846487045288, 1.7477458715438843, 1.1608786582946777]}, "spi_06": {"px": [], "py": [], "pt": [], "pb": [], "x": ["2019-01", "2019-02", "2019-03", "2019-04", "2019-05", "2019-06", "2019-07", "2019-08", "2019-09", "2019-10", "2019-11", "2019-12", "2020-01", "2020-02", "2020-03", "2020-04", "2020-05", "2020-06", "2020-07"], "y": [-0.40743860602378845, -0.6888204216957092, -0.2980242371559143, -0.4198913276195526, -0.41765785217285156, -0.5576801300048828, -0.10786303132772446, 0.501423716545105, 0.3264392018318176, 0.574844241142273, 0.15753306448459625, -0.4646843671798706, -0.3044579327106476, -1.1128135919570923, -0.8866416215896606, -0.23559589684009552, 0.3928499221801758, 1.0039914846420288, 0.8882447481155396]}, "spi_12": {"px": ["2021-01", "2021-02", "2021-03", "2021-04", "2021-05", "2021-06", "2021-07", "2021-08", "2021-09", "2021-10", "2021-11", "2021-12"], "py": [1.8152924957734378, 1.4430279980108973, 1.2179989358698178, 2.4056557634126765, 2.5756497443084037, 2.47507193092287, 1.9701998073487603, 2.6527455675631666, 3.0487499862761718, 3.201039772525858, 2.429732240461063, 1.1207705304423623], "pt": [2.8397424218869203, 2.697717787899821, 2.6667899099544528, 4.025453313826523, 4.3500490573336, 4.391642237434448, 4.019099648126604, 4.825932024192479, 5.339489646956682, 5.603587797176407, 4.939111810890743, 3.732615595952076], "pb": [0.7908425696599553, 0.18833820812197377, -0.23079203821481675, 0.7858582129988303, 0.8012504312832069, 0.5585016244112921, -0.0787000334290835, 0.4795591109338537, 0.7580103255956612, 0.7984917478753095, -0.07964732996861645, -1.491074535067351], "x": ["2019-01", "2019-02", "2019-03", "2019-04", "2019-05", "2019-06", "2019-07", "2019-08", "2019-09", "2019-10", "2019-11", "2019-12", "2020-01", "2020-02", "2020-03", "2020-04", "2020-05", "2020-06", "2020-07", "2020-08", "2020-09", "2020-10", "2020-11", "2020-12"], "y": [0.12780164182186127, -0.1855529248714447, 0.010832533240318298, -0.2622002065181732, -0.5058625936508179, -0.4784967601299286, -0.3339546024799347, -0.12130338698625565, -0.019605055451393127, 0.022914379835128784, -0.1958613097667694, -0.6134092807769775, -0.2176615297794342, -0.3320342004299164, -0.40072375535964966, 0.14327232539653778, 0.29177749156951904, 0.3607194125652313, 0.40766847133636475, 0.45425814390182495, 0.45260167121887207, 0.5833767652511597, 1.1077193021774292, 0.9235806465148926],