{"IIS3": {"px": [], "py": [], "pt": [], "pb": [], "x": ["2019-01", "2019-02", "2019-03", "2019-04", "2019-05", "2019-06", "2019-07", "2019-08", "2019-09", "2019-10", "2019-11", "2019-12", "2020-01", "2020-02", "2020-03", "2020-04", "2020-05", "2020-06", "2020-07", "2020-08", "2020-09", "2020-10", "2020-11", "2020-12"], "y": [NaN, NaN, NaN, NaN, NaN, NaN, NaN, NaN, NaN, NaN, NaN, NaN, NaN, NaN, NaN, NaN, NaN, NaN, NaN, NaN, NaN, NaN, NaN, NaN]}, "VHI": {"px": ["2021-01", "2021-02", "2021-03", "2021-04", "2021-05", "2021-06", "2021-07", "2021-08", "2021-09", "2021-10", "2021-11", "2021-12"], "py": [65.72544418186517, 73.50691100468948, 77.24766813780535, 65.66501936780553, 67.44350747681841, 78.09553943595931, 71.31107061185168, 77.73309352943423, 65.09686761993441, 61.93164933030425, 57.56401407217108, 51.415720507669874], "pt": [79.25021142434277, 89.41398158651964, 95.2240543159964, 85.49595544151595, 88.96980746292195, 101.19309680949672, 95.87960174735068, 103.68936998982267, 92.37036855436244, 90.46162337081782, 87.29741253727273, 82.30569541566618], "pb": [52.20067693938758, 57.59984042285933, 59.2712819596143, 45.83408329409511, 45.91720749071487, 54.9979820624219, 46.742539476352675, 51.77681706904579, 37.823366685506386, 33.40167528979069, 27.83061560706942, 20.52574559967357], "x": ["2019-01", "2019-02", "2019-03", "2019-04", "2019-05", "2019-06", "2019-07", "2019-08", "2019-09", "2019-10", "2019-11", "2019-12", "2020-01", "2020-02", "2020-03", "2020-04", "2020-05", "2020-06", "2020-07", "2020-08", "2020-09", "2020-10", "2020-11", "2020-12"], "y": [58.64814758300781, 55.82434844970703, 55.20771026611328, 45.52677917480469, 44.1865234375, 48.12504196166992, 48.12504196166992, 52.152584075927734, 42.122928619384766, 39.58055877685547, 36.268226623535156, 31.902597427368164, 44.93146896362305, 51.40081024169922, 54.8756217956543, 45.86551284790039, 47.622623443603516, 57.51823425292969, 54.32262420654297, 56.57478332519531, 52.10042953491211, 38.211021423339844, 48.96612548828125, 51.915401458740234]}, "spi_01": {"px": ["2021-01", "2021-02", "2021-03", "2021-04", "2021-05", "2021-06", "2021-07", "2021-08", "2021-09", "2021-10", "2021-11", "2021-12"], "py": [0.810650790395441, 1.6423677323123087, 3.8448057488543954, 1.3494251310431329, 0.7374998323780293, 2.0209736346496294, 1.286888048389418, 0.6280368533729535, 1.55105821846134, 1.2839707642545948, -0.17471066321961137, -0.4696766177249101], "pt": [3.288836948399825, 4.151305277071097, 6.384122305189187, 3.9187615323443943, 3.33650935772176, 4.649321306211208, 3.9442499831621163, 3.314099663910829, 4.265518457980489, 4.026534411958343, 2.5956713197354127, 2.328247130567302], "pb": [-1.6675353676089433, -0.8665698124464805, 1.3054891925196035, -1.219911270258128, -1.8615096929657016, -0.6073740369119496, -1.3704738863832806, -2.0580259571649218, -1.1634020210578093, -1.4585928834491528, -2.945092646174636, -3.2676003660171222], "x": ["2019-01", "2019-02", "2019-03", "2019-04", "2019-05", "2019-06", "2019-07", "2019-08", "2019-09", "2019-10", "2019-11", "2019-12", "2020-01", "2020-02", "2020-03", "2020-04", "2020-05", "2020-06", "2020-07", "2020-08", "2020-09", "2020-10", "2020-11", "2020-12"], "y": [-0.4081593155860901, -0.4742509722709656, 0.5462223291397095, 0.4299943745136261, -0.5312069058418274, -1.7829535007476807, -0.34266865253448486, -0.7057269811630249, -0.04577586054801941, -0.17507706582546234, -1.1189260482788086, -1.243652105331421, -0.014205844141542912, 0.5631300806999207, 2.203202486038208, 0.28029096126556396, -0.10109483450651169, 1.0425411462783813, -0.8052722811698914, -0.7909291386604309, 0.4008673429489136, -0.9159730672836304, 2.1681900024414062, -0.6624667048454285]}, "spi_03": {"px": [], "py": [], "pt": [], "pb": [], "x": ["2019-01", "2019-02", "2019-03", "2019-04", "2019-05", "2019-06", "2019-07", "2019-08", "2019-09", "2019-10", "2019-11", "2019-12", "2020-01", "2020-02", "2020-03", "2020-04", "2020-05", "2020-06", "2020-07"], "y": [0.9460017681121826, 0.6957461833953857, -0.3732946217060089, 0.11829588562250137, 0.16364136338233948, -0.14112581312656403, -1.0324931144714355, -1.5192968845367432, -0.6937610507011414, -0.7208022475242615, -1.0156323909759521, -1.8375089168548584, -1.1277813911437988, -0.28350594639778137, 1.3229373693466187, 1.2976374626159668, 0.9801218509674072, 0.22273746132850647, 0.04094276577234268]}, "spi_06": {"px": [], "py": [], "pt": [], "pb": [], "x": ["2019-01", "2019-02", "2019-03", "2019-04", "2019-05", "2019-06", "2019-07", "2019-08", "2019-09", "2019-10", "2019-11", "2019-12", "2020-01", "2020-02", "2020-03", "2020-04", "2020-05", "2020-06", "2020-07"], "y": [0.8147494792938232, 0.3302074074745178, 0.41202157735824585, 0.5468373894691467, 0.39413759112358093, -0.42593079805374146, -0.24415802955627441, -0.040376998484134674, -0.23384031653404236, -1.088398814201355, -1.5873208045959473, -2.0153696537017822, -1.3200511932373047, -0.6431455016136169, 0.7121272683143616, 0.6978020668029785, 0.6136009097099304, 1.010511040687561, 1.0180083513259888]}, "spi_12": {"px": ["2021-01", "2021-02", "2021-03", "2021-04", "2021-05", "2021-06", "2021-07", "2021-08", "2021-09", "2021-10", "2021-11", "2021-12"], "py": [1.6348572045456629, 2.3905079144875687, 3.994789201144891, 3.7263906608736708, 3.8100768491888424, 4.00795938694874, 4.0114585287428834, 4.0543126635671305, 3.9138712468073598, 3.9247097637987647, 3.9460070622171353, 1.155550565149606], "pt": [3.1714980907238948, 4.272500954331004, 6.167927574779586, 6.156033223043704, 6.471616923817191, 6.882751232943367, 7.084740283926047, 7.314020217272866, 7.349904704827047, 7.528452056690316, 7.709993127882065, 5.07323147245488], "pb": [0.09821631836743072, 0.508514874644133, 1.821650827510195, 1.2967480987036373, 1.148536774560493, 1.1331675409541133, 0.9381767735597197, 0.7946051098613962, 0.4778377887876717, 0.3209674709072141, 0.18202099655220483, -2.7621303421556687], "x": ["2019-01", "2019-02", "2019-03", "2019-04", "2019-05", "2019-06", "2019-07", "2019-08", "2019-09", "2019-10", "2019-11", "2019-12", "2020-01", "2020-02", "2020-03", "2020-04", "2020-05", "2020-06", "2020-07", "2020-08", "2020-09", "2020-10", "2020-11", "2020-12"], "y": [-0.22728575766086578, -0.4064359664916992, -0.0729433074593544, 0.0812528133392334, 0.12794174253940582, 0.10282561182975769, 0.09529460221529007, 0.08929600566625595, 0.05751243233680725, 0.0771709531545639, 0.0912531316280365, -0.8269136548042297, -0.5834570527076721, -0.2931787371635437, 0.3180883824825287, 0.24444293975830078, 0.31745877861976624, 0.5023561716079712, 0.4791485369205475, 0.47220712900161743, 0.4856886863708496, 0.43603694438934326, 0.8862994313240051, 0.980072557926178], "geox": [-42.60178809692789, -42.370400153701226, -42.35464004041844, -42.31288273923299, -42.39087149890313, -42.37904640814668, -42.38239543730231, -42.38693647914889, -42.390826513292495, -42.393548537934805, -42.39902158303448, -42.41331770740169, -42.41572072791601, -42.420536767785734, -42.421846779164404, -42.421732778878045, -42.4186577549833, -42.41941576240323, -42.42323479575836, -42.430337856163185, -42.43284087893942, -42.43883693212392, -42.44101495176694, -42.441771959445305, -42.443407973837516, -42.445701993517794, -42.448775017576565, -42.449777023398724, -42.45087603192386, -42.45252004513299, -42.454379060834256, -42.45818109130254, -42.464467141598014, -42.465456149084865, -42.469758179717985, -42.46878017075038, -42.46922417329346, -42.47284920143331, -42.475380220371775, -42.477151232009696, -42.4771912264029, -42.47861823756185, -42.482014265200576, -42.579429066664375, -42.578788063640005, -42.57925406821817, -42.586276130425304, -42.589560158632345, -42.59300518741225, -42.59488620268212, -42.597207226447246, -42.598967242208175, -42.60069721325547, -42.60132818616454, -42.60178809692789],