{"IIS3": {"px": [], "py": [], "pt": [], "pb": [], "x": ["2019-01", "2019-02", "2019-03", "2019-04", "2019-05", "2019-06", "2019-07", "2019-08", "2019-09", "2019-10", "2019-11", "2019-12", "2020-01", "2020-02", "2020-03", "2020-04", "2020-05", "2020-06", "2020-07", "2020-08", "2020-09", "2020-10", "2020-11", "2020-12"], "y": [NaN, NaN, NaN, NaN, NaN, NaN, NaN, NaN, NaN, NaN, NaN, NaN, NaN, NaN, NaN, NaN, NaN, NaN, NaN, NaN, NaN, NaN, NaN, NaN]}, "VHI": {"px": ["2021-01", "2021-02", "2021-03", "2021-04", "2021-05", "2021-06", "2021-07", "2021-08", "2021-09", "2021-10", "2021-11", "2021-12"], "py": [90.18617042354718, 117.7390067368159, 117.26608084887334, 109.3911456967806, 114.92953579180744, 120.44037697860796, 135.1201925543251, 103.27349636903504, 68.37283433909718, 72.81791521240116, 69.07729237155434, 51.00639769010213], "pt": [118.45783085804831, 148.89430905244654, 151.05985159191036, 145.63179993601238, 153.46200389783658, 161.1357965856934, 177.8692657097908, 147.98198923455183, 114.95840520562803, 121.20780559887726, 119.20660086738116, 102.81676006023403], "pb": [61.91450998904604, 86.58370442118523, 83.47231010583633, 73.15049145754881, 76.3970676857783, 79.74495737152249, 92.37111939885936, 58.565003503518255, 21.78726347256633, 24.428024825925064, 18.947983875727502, -0.8039646800297717], "x": ["2019-01", "2019-02", "2019-03", "2019-04", "2019-05", "2019-06", "2019-07", "2019-08", "2019-09", "2019-10", "2019-11", "2019-12", "2020-01", "2020-02", "2020-03", "2020-04", "2020-05", "2020-06", "2020-07", "2020-08", "2020-09", "2020-10", "2020-11", "2020-12"], "y": [50.79004669189453, 59.42732620239258, 61.266700744628906, 57.154762268066406, 65.00032043457031, 68.92293548583984, 68.92293548583984, 50.158851623535156, 30.13303565979004, 32.60223388671875, 30.291770935058594, 19.838306427001953, 46.02509307861328, 63.151737213134766, 64.72679901123047, 60.656803131103516, 64.83222961425781, 70.8188247680664, 68.7838363647461, 70.94871520996094, 57.687599182128906, 32.90794372558594, 55.19266891479492, 56.79240036010742]}, "spi_01": {"px": ["2021-01", "2021-02", "2021-03", "2021-04", "2021-05", "2021-06", "2021-07", "2021-08", "2021-09", "2021-10", "2021-11", "2021-12"], "py": [1.1864354487804736, 1.4235540103393323, 3.737430575083767, 2.817744750998651, -0.08558263826483703, 0.6959640056157372, 3.942187893483874, 1.6563172506077812, 1.7841001118775548, 1.0988731797233093, -1.9616588499990883, 0.5090275638260477], "pt": [5.156905027476322, 5.39402358903518, 7.707900153779615, 6.788214329694501, 3.884886940431013, 4.666433584311587, 7.912657472179724, 5.626786829303633, 5.754569690573405, 5.069342758419161, 2.008810728696764, 4.4794971425219], "pb": [-2.784034129915374, -2.5469155683565163, -0.23303900361208152, -1.1527248276971984, -4.056052216960687, -3.274505573080113, -0.02828168521197627, -2.3141523280880696, -2.186369466818296, -2.8715963989725424, -5.93212842869494, -3.461442014869805], "x": ["2019-01", "2019-02", "2019-03", "2019-04", "2019-05", "2019-06", "2019-07", "2019-08", "2019-09", "2019-10", "2019-11", "2019-12", "2020-01", "2020-02", "2020-03", "2020-04", "2020-05", "2020-06", "2020-07", "2020-08", "2020-09", "2020-10", "2020-11", "2020-12"], "y": [-1.2747658491134644, 0.4949707090854645, -0.4648932218551636, 0.29214751720428467, -0.22168326377868652, -0.7573803067207336, 1.3491379022598267, -0.1620662808418274, -0.07134612649679184, -0.47218042612075806, -2.508669853210449, -0.9648409485816956, -0.30320197343826294, -0.26212871074676514, 1.1522948741912842, 0.5026792883872986, -1.254751443862915, -0.6503666639328003, -0.6629930734634399, -0.14333026111125946, -1.0726149082183838, 0.17176958918571472, 0.2938968539237976, -0.6179110407829285]}, "spi_03": {"px": [], "py": [], "pt": [], "pb": [], "x": ["2019-01", "2019-02", "2019-03", "2019-04", "2019-05", "2019-06", "2019-07", "2019-08", "2019-09", "2019-10", "2019-11", "2019-12", "2020-01", "2020-02", "2020-03", "2020-04", "2020-05", "2020-06", "2020-07"], "y": [-0.6417756080627441, -0.3643081784248352, -1.0213345289230347, 0.09903307259082794, -0.1873963177204132, 0.006806658580899239, -0.24215368926525116, 0.0921650230884552, 0.21470387279987335, -0.6691072583198547, -2.0289266109466553, -1.8520954847335815, -1.4377750158309937, -1.063069224357605, 0.1384800374507904, 0.561583936214447, 0.6062774658203125, -0.0231802836060524, -1.5729014873504639]}, "spi_06": {"px": [], "py": [], "pt": [], "pb": [], "x": ["2019-01", "2019-02", "2019-03", "2019-04", "2019-05", "2019-06", "2019-07", "2019-08", "2019-09", "2019-10", "2019-11", "2019-12", "2020-01", "2020-02", "2020-03", "2020-04", "2020-05", "2020-06", "2020-07"], "y": [-0.6049222350120544, -0.2580713629722595, -0.5516010522842407, -0.3832247853279114, -0.41928455233573914, -0.7334413528442383, 0.009513100609183311, -0.19624632596969604, -0.04424873739480972, -0.6148515939712524, -1.9022451639175415, -1.762722373008728, -1.9146068096160889, -1.678574562072754, -0.9260824918746948, -0.36746856570243835, -0.18058821558952332, 0.03470358997583389, 0.3043038845062256]}, "spi_12": {"px": ["2021-01", "2021-02", "2021-03", "2021-04", "2021-05", "2021-06", "2021-07", "2021-08", "2021-09", "2021-10", "2021-11", "2021-12"], "py": [0.5563640656378945, 0.06948756261711253, 1.2300502212561786, 1.5824580719615642, 1.2601751663573593, 1.077283500229278, 1.6822038672128858, 1.7423432327794366, 1.5584644417821463, 1.3510760925342602, 0.7206641320313651, -0.14007930029894178], "pt": [1.43287191728428, 1.1429860559894207, 2.4696195079632464, 2.968338664877967, 2.7783312911011793, 2.717079530341568, 3.4352195607099176, 3.6016971589919073, 3.5183955691936646, 3.4066692004891, 2.867661110777794, 2.0945860052940777], "pb": [-0.320143786008491, -1.0040109307551954, -0.009519065450888764, 0.19657747904516132, -0.25798095838646073, -0.562512529883012, -0.07081182628414595, -0.11701069343303461, -0.40146668562937204, -0.70451701542058, -1.4263328467150633, -2.3747446058919617], "x": ["2019-01", "2019-02", "2019-03", "2019-04", "2019-05", "2019-06", "2019-07", "2019-08", "2019-09", "2019-10", "2019-11", "2019-12", "2020-01", "2020-02", "2020-03", "2020-04", "2020-05", "2020-06", "2020-07", "2020-08", "2020-09", "2020-10", "2020-11", "2020-12"], "y": [-0.6242139339447021, -1.0086605548858643, -1.0051871538162231, -0.47646233439445496, -0.4218364655971527, -0.4272749722003937, -0.3753848671913147, -0.37881261110305786, -0.46776723861694336, -0.5636870265007019, -0.8827446699142456, -1.30543851852417, -0.9851765036582947, -1.234807014465332, -0.7469742298126221, -0.6123455166816711, -0.727908730506897, -0.737573504447937, -0.7664560079574585, -0.7714250087738037, -0.8188376426696777, -0.5833435654640198, -0.24662119150161743, -0.18520893156528473],