{"IIS3": {"px": [], "py": [], "pt": [], "pb": [], "x": ["2019-01", "2019-02", "2019-03", "2019-04", "2019-05", "2019-06", "2019-07", "2019-08", "2019-09", "2019-10", "2019-11", "2019-12", "2020-01", "2020-02", "2020-03", "2020-04", "2020-05", "2020-06", "2020-07", "2020-08", "2020-09", "2020-10", "2020-11", "2020-12"], "y": [NaN, NaN, NaN, NaN, NaN, NaN, NaN, NaN, NaN, NaN, NaN, NaN, NaN, NaN, NaN, NaN, NaN, NaN, NaN, NaN, NaN, NaN, NaN, NaN]}, "VHI": {"px": ["2021-01", "2021-02", "2021-03", "2021-04", "2021-05", "2021-06", "2021-07", "2021-08", "2021-09", "2021-10", "2021-11", "2021-12"], "py": [36.53472821668534, 53.26532477389503, 70.95412619037, 73.2703272264494, 75.44737331123977, 76.39099534080552, 58.66106681741368, 49.48255375945139, 30.783179966498906, 29.726300227956557, 25.189790150929667, 16.766419236019402], "pt": [54.18945199412687, 74.88785712123362, 95.92167590125771, 101.18489639775478, 106.0262517320311, 109.41995897770279, 93.97051417051489, 86.93387824651555, 70.26034221620114, 71.13029729035694, 68.43485468085265, 61.777309469952215], "pb": [18.8800044392438, 31.642792426556433, 45.9865764794823, 45.35575805514401, 44.868494890448446, 43.362031703908244, 23.35161946431247, 12.031229272387243, -8.693982283203333, -11.677696834443822, -18.055274378993325, -28.24447099791341], "x": ["2019-01", "2019-02", "2019-03", "2019-04", "2019-05", "2019-06", "2019-07", "2019-08", "2019-09", "2019-10", "2019-11", "2019-12", "2020-01", "2020-02", "2020-03", "2020-04", "2020-05", "2020-06", "2020-07", "2020-08", "2020-09", "2020-10", "2020-11", "2020-12"], "y": [49.55742263793945, 62.049842834472656, 67.5867919921875, 71.07662200927734, 64.96726989746094, 46.78718566894531, 46.78718566894531, 37.55181121826172, 21.815563201904297, 20.682266235351562, 17.105161666870117, 11.01993465423584, 30.570724487304688, 46.74863052368164, 64.76264190673828, 68.86627960205078, 72.42929077148438, 73.92790222167969, 65.95539093017578, 60.522499084472656, 44.708248138427734, 40.63731384277344, 31.289215087890625, 14.905937194824219]}, "spi_01": {"px": ["2021-01", "2021-02", "2021-03", "2021-04", "2021-05", "2021-06", "2021-07", "2021-08", "2021-09", "2021-10", "2021-11", "2021-12"], "py": [1.75522594535662, 3.18371942965738, 3.491402514466328, 1.3497030161346966, 2.081311569237453, -0.02656015252198607, 3.8016656633395813, 1.1257055290073472, 2.1844416996222193, 2.6728501340894573, 1.4645087958071157, 0.7582200914829338], "pt": [3.4326003723045675, 5.049561816988138, 5.528348920374281, 3.5444543703255347, 4.423258697783208, 2.4538630369932406, 6.413232634578511, 3.862138406212134, 5.040286187270041, 5.6433097927634535, 4.545322556810988, 3.945569503795932], "pb": [0.07785151840867233, 1.3178770423266215, 1.4544561085583743, -0.8450483380561415, -0.2606355593083012, -2.5069833420372127, 1.1900986921006518, -1.6107273481974391, -0.671402788025603, -0.2976095245845398, -1.6163049651967567, -2.429129320830064], "x": ["2019-01", "2019-02", "2019-03", "2019-04", "2019-05", "2019-06", "2019-07", "2019-08", "2019-09", "2019-10", "2019-11", "2019-12", "2020-01", "2020-02", "2020-03", "2020-04", "2020-05", "2020-06", "2020-07", "2020-08", "2020-09", "2020-10", "2020-11", "2020-12"], "y": [0.6680362820625305, 1.1488858461380005, 0.7145180702209473, -0.5480455756187439, -1.6487458944320679, -0.6950573325157166, 0.8263883590698242, -0.6708975434303284, -0.14701583981513977, 0.10442820191383362, -0.46128904819488525, -0.803217887878418, -0.16502368450164795, 0.6170176863670349, 0.7995154857635498, -0.3966781497001648, 0.09589464217424393, -1.0462512969970703, 0.5262249708175659, -0.5197739005088806, 0.16971620917320251, 0.2549416124820709, 1.5457123517990112, 0.8931918144226074]}, "spi_03": {"px": [], "py": [], "pt": [], "pb": [], "x": ["2019-01", "2019-02", "2019-03", "2019-04", "2019-05", "2019-06", "2019-07", "2019-08", "2019-09", "2019-10", "2019-11", "2019-12", "2020-01", "2020-02", "2020-03", "2020-04", "2020-05", "2020-06", "2020-07"], "y": [0.9140753746032715, 1.165045142173767, 1.2486649751663208, 0.596369743347168, -0.49001452326774597, -1.583992838859558, -0.9690285325050354, -0.01656484045088291, 0.3682411313056946, -0.7027552127838135, -0.4892142415046692, -0.7879515886306763, -0.40353110432624817, -0.032888129353523254, 0.38617387413978577, 0.4688699245452881, 0.17117226123809814, -0.5922017097473145, -0.18002967536449432]}, "spi_06": {"px": [], "py": [], "pt": [], "pb": [], "x": ["2019-01", "2019-02", "2019-03", "2019-04", "2019-05", "2019-06", "2019-07", "2019-08", "2019-09", "2019-10", "2019-11", "2019-12", "2020-01", "2020-02", "2020-03", "2020-04", "2020-05", "2020-06", "2020-07"], "y": [0.7134684920310974, 1.0659031867980957, 1.3656097650527954, 0.9136576652526855, 0.4986879527568817, 0.15396079421043396, 0.05165975168347359, -0.5280572772026062, -1.1128813028335571, -1.1062490940093994, -0.32498639822006226, -0.1784430742263794, -0.7619401216506958, -0.13303840160369873, 0.15121091902256012, -0.04473070427775383, -0.027957776561379433, -0.08683647215366364, 0.19788631796836853]}, "spi_12": {"px": ["2021-01", "2021-02", "2021-03", "2021-04", "2021-05", "2021-06", "2021-07", "2021-08", "2021-09", "2021-10", "2021-11", "2021-12"], "py": [-0.240692220116276, -0.44175884768423956, -0.4754861724591457, -0.4987343689056478, -0.015497005739579794, -0.0870935746053072, -0.029899155691100576, -0.04616656357180382, 0.004678920069300041, 0.06884096180686328, 0.03165158123676859, -0.23405623430670763], "pt": [0.7214767199857062, 0.7366526241913274, 0.8852261868581754, 1.0225882965897028, 1.6510284757040274, 1.7129596768436093, 1.8944387137597882, 1.9949019711799707, 2.1561540631524645, 2.325327128184954, 2.3884745162080527, 2.2190028507048276], "pb": [-1.2028611602182582, -1.6201703195598067, -1.8361985317764666, -2.0200570344009985, -1.6820224871831873, -1.887146826054224, -1.9542370251419894, -2.0872350983235783, -2.1467962230138644, -2.1876452045712274, -2.325171353734516, -2.687115319318243], "x": ["2019-01", "2019-02", "2019-03", "2019-04", "2019-05", "2019-06", "2019-07", "2019-08", "2019-09", "2019-10", "2019-11", "2019-12", "2020-01", "2020-02", "2020-03", "2020-04", "2020-05", "2020-06", "2020-07", "2020-08", "2020-09", "2020-10", "2020-11", "2020-12"], "y": [-0.2409789115190506, 0.16226348280906677, 0.7118756175041199, 0.14262743294239044, 0.04139666259288788, 0.07654290646314621, 0.3773939311504364, 0.3549008369445801, 0.35793358087539673, 0.3667425811290741, 0.30474910140037537, -0.0027570687234401703, -0.3099249303340912, -0.5269030332565308, -0.5815443396568298, -0.6258811950683594, -0.22112321853637695, -0.2760341167449951, -0.34585297107696533, -0.29643046855926514, -0.2790122330188751, -0.27350711822509766, -0.10033396631479263, 0.08276248723268509],