{"IIS3": {"px": [], "py": [], "pt": [], "pb": [], "x": ["2019-01", "2019-02", "2019-03", "2019-04", "2019-05", "2019-06", "2019-07", "2019-08", "2019-09", "2019-10", "2019-11", "2019-12", "2020-01", "2020-02", "2020-03", "2020-04", "2020-05", "2020-06", "2020-07", "2020-08", "2020-09", "2020-10", "2020-11", "2020-12"], "y": [NaN, NaN, NaN, NaN, NaN, NaN, NaN, NaN, NaN, NaN, NaN, NaN, NaN, NaN, NaN, NaN, NaN, NaN, NaN, NaN, NaN, NaN, NaN, NaN]}, "VHI": {"px": ["2021-01", "2021-02", "2021-03", "2021-04", "2021-05", "2021-06", "2021-07", "2021-08", "2021-09", "2021-10", "2021-11", "2021-12"], "py": [25.121254156271256, 31.244776556024007, 49.08286044053939, 63.22024379984022, 64.94104530585346, 60.52306889354584, 37.24060249204869, 100.92455799986915, 98.67819550636344, 65.6503561830998, 34.77741857162087, 29.658212980605455], "pt": [54.455328336183356, 60.578850735936115, 78.4169346204515, 92.55431797975233, 94.27511948576557, 89.85714307345796, 66.5746766719608, 130.25863217978127, 128.01226968627554, 94.98443036301192, 64.11149275153299, 58.99228716051759], "pb": [-4.212820023640841, 1.910702376111903, 19.748786260627284, 33.88616961992811, 35.60697112594136, 31.18899471363372, 7.906528312136569, 71.59048381995703, 69.34412132645132, 36.31628200318768, 5.443344391708745, 0.3241388006933228], "x": ["2019-01", "2019-02", "2019-03", "2019-04", "2019-05", "2019-06", "2019-07", "2019-08", "2019-09", "2019-10", "2019-11", "2019-12", "2020-01", "2020-02", "2020-03", "2020-04", "2020-05", "2020-06", "2020-07", "2020-08", "2020-09", "2020-10", "2020-11", "2020-12"], "y": [18.474105834960938, 23.946428298950195, 41.81749725341797, 42.06621551513672, 29.663211822509766, 26.083391189575195, 26.083391189575195, 77.34828186035156, 75.47956848144531, 49.23214340209961, 25.24729347229004, 22.270666122436523, 22.245622634887695, 28.47187614440918, 43.1058349609375, 53.58576583862305, 55.17892837524414, 52.2081413269043, 65.6478500366211, 62.1392822265625, 43.570858001708984, 38.901145935058594, 44.44910430908203, 30.576427459716797]}, "spi_01": {"px": [], "py": [], "pt": [], "pb": [], "x": ["2019-01", "2019-02", "2019-03", "2019-04", "2019-05", "2019-06", "2019-07", "2019-08", "2019-09", "2019-10", "2019-11", "2019-12", "2020-01", "2020-02", "2020-03", "2020-04", "2020-05", "2020-06", "2020-07", "2020-08", "2020-09", "2020-10", "2020-11", "2020-12"], "y": [NaN, NaN, NaN, NaN, NaN, NaN, NaN, NaN, NaN, NaN, NaN, NaN, NaN, NaN, NaN, NaN, NaN, NaN, NaN, NaN, NaN, NaN, NaN, NaN]}, "spi_03": {"px": [], "py": [], "pt": [], "pb": [], "x": ["2019-01", "2019-02", "2019-03", "2019-04", "2019-05", "2019-06", "2019-07", "2019-08", "2019-09", "2019-10", "2019-11", "2019-12", "2020-01", "2020-02", "2020-03", "2020-04", "2020-05", "2020-06", "2020-07"], "y": [NaN, NaN, NaN, NaN, NaN, NaN, NaN, NaN, NaN, NaN, NaN, NaN, NaN, NaN, NaN, NaN, NaN, NaN, NaN]}, "spi_06": {"px": [], "py": [], "pt": [], "pb": [], "x": ["2019-01", "2019-02", "2019-03", "2019-04", "2019-05", "2019-06", "2019-07", "2019-08", "2019-09", "2019-10", "2019-11", "2019-12", "2020-01", "2020-02", "2020-03", "2020-04", "2020-05", "2020-06", "2020-07"], "y": [NaN, NaN, NaN, NaN, NaN, NaN, NaN, NaN, NaN, NaN, NaN, NaN, NaN, NaN, NaN, NaN, NaN, NaN, NaN]}, "spi_12": {"px": [], "py": [], "pt": [], "pb": [], "x": ["2019-01", "2019-02", "2019-03", "2019-04", "2019-05", "2019-06", "2019-07", "2019-08", "2019-09", "2019-10", "2019-11", "2019-12", "2020-01", "2020-02", "2020-03", "2020-04", "2020-05", "2020-06", "2020-07", "2020-08", "2020-09", "2020-10", "2020-11", "2020-12"], "y": [NaN, NaN, NaN, NaN, NaN, NaN, NaN, NaN, NaN, NaN, NaN, NaN, NaN, NaN, NaN, NaN, NaN, NaN, NaN, NaN, NaN, NaN, NaN, NaN], "geox": [-36.035403619245265, -36.03156458388663, -36.0294065617005, -36.03001156320051, -36.02954255835862, -36.027645541200854, -36.026512530296046, -36.02596652292466, -36.024092503328724, -36.02181748270888, -36.021157476153874, -36.021661477463105, -36.02004646304845, -36.01891745207371, -36.01892645088559, -36.01656842821823, -36.016194423524425, -36.01496941232542, -36.01287239421688, -36.011356380442315, -36.01204438407522, -36.01093637072125, -36.009997362302926, -36.007969346709785, -36.0062613314594, -36.006748334383374, -36.00570532460619, -36.003901308772875, -36.00000127679919, -35.996312243001256, -35.99502622322966, -35.99238119643223, -35.99295619845496, -35.98951416484668, -35.98524512475084, -35.98747514397561, -35.99011616818862, -35.99131917874265, -35.99245518452024, -35.99175617780175, -35.989946161841615, -35.98704013728577, -35.98551812253151, -35.985610122315144, -35.98770813944366, -35.987598137417166, -35.98421410051758, -35.98129207407132, -35.981445070331624, -35.980410057970424, -35.979165045784555, -35.97749103195855, -35.97617801984978, -35.97503200540323, -35.97683402036763, -35.97692602008153, -35.9746949985698, -35.97478299820593, -35.975684005510615, -35.977395020548386, -35.97870403242739, -35.979923044424496, -35.981330056811544, -35.982220062863284, -35.98099004973271, -35.97774701823123, -35.97629800121911, -35.97254396429029, -35.971884952521954, -35.96660790062283, -35.965880891825165, -35.963258867920054, -35.961210845812154, -35.95987283264287, -35.958677822389284, -35.953937777135025, -35.95286476758867, -35.94949474110895, -35.94730672584017, -35.945519711277925, -35.94335569331812, -35.93437461618113, -35.932977605899055, -35.93306560789259, -35.934609623040416, -35.9344706233657, -35.93174060207231, -35.92596555152632, -35.92443053774743, -35.92260752061934, -35.917917474925694, -35.9151984507117, -35.90770638059444, -35.902643335240136, -35.9017543265386, -35.89878829918544, -35.896868280242266, -35.89267224068194, -35.889734211375675, -35.88069413043269, -35.87909311554113, -35.87198805136678, -35.865922997684486, -35.86428898421937, -35.856703916961294, -35.84959085147495, -35.84382679759161, -35.83619172851414, -35.83494171777334, -35.836791736397714, -35.838510752669855, -35.83656773748829, -35.83318970639635, -35.83350271038165, -35.835678731288816, -35.83697574755645, -35.836677745322966, -35.83441372498308, -35.8328217126399, -35.82960768469096, -35.82899668417006, -35.828010677471994, -35.82920069177997, -35.83082670825394, -35.8307587114944, -35.83182872261094, -35.83251073186812, -35.83372974400977, -35.83235673591269, -35.82870370511199, -35.82826370280628, -35.82834070667546, -35.82717670120127, -35.82906372088063, -35.82913572402676, -35.827844713989656, -35.82523369184863, -35.823029672410904, -35.817124618039486, -35.81622061025712, -35.815326603378175, -35.8151926042485, -35.815773610313556, -35.81732662454125, -35.82031465281585, -35.82528969811095, -35.8284927284694, -35.82978574015821, -35.83312176871845, -35.83580679109069, -35.84174084391332, -35.85065192434578, -35.8622800314528, -35.8672320749941, -35.869538096039, -35.87211211859616, -35.877085164565806, -35.88168820959351, -35.883351228889644, -35.88306622807587, -35.881039211571625, -35.88382124300143, -35.88950729642954, -35.89173831804183, -35.89402334226237, -35.89545935543106, -35.898239383269214, -35.90440844119468, -35.9093514857702, -35.92845965163599, -35.93287569068664, -35.93560371568137, -35.938656745998934, -35.9423637802577, -35.94341178940674, -35.945352806352126, -35.9549888929005, -35.95901992743312, -35.969953027194926, -35.97401006553355, -35.97875711502848, -35.98136114008351, -35.99103322426723, -35.99274324006133, -35.996178273488354, -35.997091283278685, -35.99622227850565, -35.99723529029729, -35.99821429936825, -36.00328634413991, -36.00920239635703, -36.01872548136582, -36.02158150617212, -36.02588254163408, -36.02761855433451, -36.03006557395579, -36.033633603697886, -36.035403619245265],