{"IIS3": {"px": [], "py": [], "pt": [], "pb": [], "x": ["2019-01", "2019-02", "2019-03", "2019-04", "2019-05", "2019-06", "2019-07", "2019-08", "2019-09", "2019-10", "2019-11", "2019-12", "2020-01", "2020-02", "2020-03", "2020-04", "2020-05", "2020-06", "2020-07", "2020-08", "2020-09", "2020-10", "2020-11", "2020-12"], "y": [NaN, NaN, NaN, NaN, NaN, NaN, NaN, NaN, NaN, NaN, NaN, NaN, NaN, NaN, NaN, NaN, NaN, NaN, NaN, NaN, NaN, NaN, NaN, NaN]}, "VHI": {"px": ["2021-01", "2021-02", "2021-03", "2021-04", "2021-05", "2021-06", "2021-07", "2021-08", "2021-09", "2021-10", "2021-11", "2021-12"], "py": [79.93678517994049, 90.43181037081601, 104.94389288391923, 132.45392618245305, 139.51316810336908, 130.3620878508784, 130.94795132765296, 137.27661001760433, 157.6088669047797, 112.85006624357155, 84.30535217349501, 60.01676246981819], "pt": [105.83709102105144, 122.15307703840963, 141.5724565375774, 173.40590527582032, 184.37381352892098, 178.81712292805682, 182.74856272041637, 192.21945538438155, 215.52371105833925, 173.59166722399183, 147.7478852723404, 126.0498444994463], "pb": [54.03647933882954, 58.710543703222385, 68.31532923026107, 91.50194708908579, 94.65252267781719, 81.90705277369997, 79.14733993488954, 82.3337646508271, 99.69402275122012, 52.10846526315126, 20.862819074649614, -6.016319559809929], "x": ["2019-01", "2019-02", "2019-03", "2019-04", "2019-05", "2019-06", "2019-07", "2019-08", "2019-09", "2019-10", "2019-11", "2019-12", "2020-01", "2020-02", "2020-03", "2020-04", "2020-05", "2020-06", "2020-07", "2020-08", "2020-09", "2020-10", "2020-11", "2020-12"], "y": [37.39067077636719, 38.47384262084961, 35.624229431152344, 55.12453842163086, 67.96749877929688, 60.08413314819336, 60.08413314819336, 63.467308044433594, 75.40792083740234, 51.91874694824219, 36.52613830566406, 23.21009063720703, 38.27568054199219, 45.06283950805664, 54.1491813659668, 70.52704620361328, 75.68778991699219, 72.39183807373047, 68.16365051269531, 78.66442108154297, 77.73207092285156, 52.710689544677734, 63.11288833618164, 54.883975982666016]}, "spi_01": {"px": ["2021-01", "2021-02", "2021-03", "2021-04", "2021-05", "2021-06", "2021-07", "2021-08", "2021-09", "2021-10", "2021-11", "2021-12"], "py": [1.009389503321295, -1.1521841456162043, 1.200889483930181, 2.03290828968537, 0.3486663027131538, 0.6545413339311841, 0.9941646068365952, 1.7625405172423108, 1.371706363707113, 0.43733523483358105, -0.7346303158524341, -0.41418140786676894], "pt": [2.928284753298378, 0.766711104360879, 3.119784733907265, 3.9518035396624533, 2.2675615526902373, 2.5734365839082685, 2.91305985681368, 3.681435767219396, 3.2906016136841973, 2.3562304848106663, 1.1842649341246512, 1.5047138421103163], "pb": [-0.9095057466557881, -3.071079395593288, -0.7180057660469026, 0.11401303970828591, -1.5702289472639301, -1.2643539160459003, -0.9247306431404891, -0.15635473273477407, -0.5471888862699719, -1.4815600151435042, -2.6535255658295194, -2.3330766578438547], "x": ["2019-01", "2019-02", "2019-03", "2019-04", "2019-05", "2019-06", "2019-07", "2019-08", "2019-09", "2019-10", "2019-11", "2019-12", "2020-01", "2020-02", "2020-03", "2020-04", "2020-05", "2020-06", "2020-07", "2020-08", "2020-09", "2020-10", "2020-11", "2020-12"], "y": [-0.7499043941497803, -0.4174651801586151, 1.0335279703140259, -0.5834981203079224, 0.23153936862945557, 0.9922878742218018, 0.5920948386192322, 1.306280255317688, 0.8935513496398926, 0.1409434676170349, -0.8733146786689758, -0.5961958765983582, 0.7691243290901184, -1.2728863954544067, 0.8628127574920654, 1.6259392499923706, 0.17156314849853516, 0.4833676218986511, 0.2667926847934723, 0.9400349259376526, 0.5835136771202087, 0.6546776294708252, 1.0295594930648804, -1.774884819984436]}, "spi_03": {"px": [], "py": [], "pt": [], "pb": [], "x": ["2019-01", "2019-02", "2019-03", "2019-04", "2019-05", "2019-06", "2019-07", "2019-08", "2019-09", "2019-10", "2019-11", "2019-12", "2020-01", "2020-02", "2020-03", "2020-04", "2020-05", "2020-06", "2020-07"], "y": [-0.055982545018196106, -0.13212545216083527, -0.1518435776233673, 0.051395513117313385, 0.47317132353782654, 0.33439871668815613, 0.7265394926071167, 1.2764685153961182, 1.2881098985671997, 1.1078969240188599, -0.4810836613178253, -1.2474311590194702, -0.6368204355239868, -0.6020455360412598, 0.24015797674655914, 0.4931626617908478, 1.2006373405456543, 1.1074684858322144, 0.3143862783908844]}, "spi_06": {"px": [], "py": [], "pt": [], "pb": [], "x": ["2019-01", "2019-02", "2019-03", "2019-04", "2019-05", "2019-06", "2019-07", "2019-08", "2019-09", "2019-10", "2019-11", "2019-12", "2020-01", "2020-02", "2020-03", "2020-04", "2020-05", "2020-06", "2020-07"], "y": [-0.2181616872549057, -0.4724176824092865, 0.0025418829172849655, -0.045315977185964584, 0.08628831803798676, -0.02339368313550949, 0.3975822329521179, 0.9725766181945801, 0.9861971139907837, 1.1994413137435913, 0.7435393929481506, -0.15092532336711884, -0.013311927206814289, -0.9048115015029907, -0.5902430415153503, -0.08516628295183182, 0.2541336417198181, 0.6490403413772583, 0.4388729929924011]}, "spi_12": {"px": ["2021-01", "2021-02", "2021-03", "2021-04", "2021-05", "2021-06", "2021-07", "2021-08", "2021-09", "2021-10", "2021-11", "2021-12"], "py": [1.4758317807300618, 1.2034210585385958, 1.1140255584956256, 1.911515351032727, 1.8689953774491799, 1.5778757009322977, 1.4561520465910616, 1.7850954454642438, 2.0098532369108493, 2.0712054958992026, 1.8110859725356487, 0.7712687154773132], "pt": [2.243561872194854, 2.1436945483379013, 2.199759862042396, 3.125403204245295, 3.1987428957607733, 3.014167177177516, 2.9916122209405938, 3.4136968974138364, 3.7265498995659456, 3.871692145072134, 3.691632945128676, 2.728604061913285], "pb": [0.7081016892652696, 0.26314756873929057, 0.028291254948855205, 0.6976274978201591, 0.539247859137586, 0.14158422468707954, -0.07930812775847018, 0.15649399351465143, 0.2931565742557527, 0.27071884672627067, -0.0694610000573781, -1.1860666309586585], "x": ["2019-01", "2019-02", "2019-03", "2019-04", "2019-05", "2019-06", "2019-07", "2019-08", "2019-09", "2019-10", "2019-11", "2019-12", "2020-01", "2020-02", "2020-03", "2020-04", "2020-05", "2020-06", "2020-07", "2020-08", "2020-09", "2020-10", "2020-11", "2020-12"], "y": [0.2738082706928253, 0.048865221440792084, 0.29193738102912903, 0.14850303530693054, -0.09783395379781723, 0.0023273073602467775, 0.15570853650569916, 0.32021600008010864, 0.42084822058677673, 0.45097312331199646, 0.35685408115386963, -0.1485781967639923, 0.28675851225852966, 0.13345271348953247, 0.06695782393217087, 0.46752262115478516, 0.45269477367401123, 0.34982818365097046, 0.274169385433197, 0.19764234125614166, 0.1586974710226059, 0.24569953978061676, 0.8304150104522705, 0.6929782629013062], "geox": [-40.157798892182626, -40.09138432387046, -40.08755329406098, -40.082216244761895, -40.078157205262706, -40.075194180543406, -40.072241154088445, -40.06637910344162, -40.06256706563795, -40.06079804962297, -40.054776999172454, -40.05133097289104, -40.0454139342831, -40.03396384564206, -40.02863680122317, -40.02213675222965, -40.02071573920827, -40.0169957105251, -40.01462069070771, -40.01233067120391, -40.00057258701892, -39.99905357790153, -39.9990785835826, -39.99835357909192, -39.99357654204232, -39.993160540113685, -39.99144352700295, -39.989503511125676, -39.98507847168127, -39.98080144132721, -39.977662424399284, -39.97271538695139, -39.971070379465466, -39.9637393296992, -39.96016430287183, -39.95758428641857, -39.953910259224365, -39.949801225546516, -39.9479752157165, -39.94510519269428, -39.942214174749054, -39.937742142705766, -39.93216209775441, -39.92827707176351, -39.92537504875123, -39.92403304089042, -39.9214680224652, -39.918664995610776, -39.917163982573285, -39.916106974673184, -39.91486396898874, -39.91485097796542, -39.913998976550516, -39.915607996347184, -39.913884987364504, -39.98167167699744, -40.12043380996272, -40.157798892182626],