{"IIS3": {"px": [], "py": [], "pt": [], "pb": [], "x": ["2019-01", "2019-02", "2019-03", "2019-04", "2019-05", "2019-06", "2019-07", "2019-08", "2019-09", "2019-10", "2019-11", "2019-12", "2020-01", "2020-02", "2020-03", "2020-04", "2020-05", "2020-06", "2020-07", "2020-08", "2020-09", "2020-10", "2020-11", "2020-12"], "y": [NaN, NaN, NaN, NaN, NaN, NaN, NaN, NaN, NaN, NaN, NaN, NaN, NaN, NaN, NaN, NaN, NaN, NaN, NaN, NaN, NaN, NaN, NaN, NaN]}, "VHI": {"px": ["2021-01", "2021-02", "2021-03", "2021-04", "2021-05", "2021-06", "2021-07", "2021-08", "2021-09", "2021-10", "2021-11", "2021-12"], "py": [87.72692093483033, 83.70316396041845, 112.90990961769413, 139.38406387984273, 146.01057630399586, 131.08161215673542, 97.68339719602757, 167.38353208173916, 158.55366223870683, 112.19418061727919, 75.3135488539091, 69.82347707860336], "pt": [123.77228034731627, 125.45095583949754, 159.669810370182, 190.66854993543393, 201.451614367778, 190.38860072632434, 160.6193097165986, 233.75023515188252, 228.18231631161126, 184.9386626046286, 151.0457735090149, 148.4299656327617], "pb": [51.68156152234438, 41.95537208133936, 66.15000886520626, 88.09957782425153, 90.56953824021372, 71.77462358714648, 34.74748467545656, 101.01682901159579, 88.92500816580241, 39.44969862992977, -0.4186758011967129, -8.783011475555], "x": ["2019-01", "2019-02", "2019-03", "2019-04", "2019-05", "2019-06", "2019-07", "2019-08", "2019-09", "2019-10", "2019-11", "2019-12", "2020-01", "2020-02", "2020-03", "2020-04", "2020-05", "2020-06", "2020-07", "2020-08", "2020-09", "2020-10", "2020-11", "2020-12"], "y": [35.65071487426758, 28.697498321533203, 39.04428482055664, 50.5855712890625, 52.26410675048828, 32.810176849365234, 32.810176849365234, 66.06700134277344, 62.974853515625, 42.07785415649414, 25.292499542236328, 24.19861602783203, 42.60788345336914, 41.763267517089844, 60.245689392089844, 77.42826843261719, 84.03624725341797, 77.46185302734375, 80.00321197509766, 83.07981872558594, 76.26786041259766, 62.90742874145508, 70.70893096923828, 60.6869010925293]}, "spi_01": {"px": [], "py": [], "pt": [], "pb": [], "x": ["2019-01", "2019-02", "2019-03", "2019-04", "2019-05", "2019-06", "2019-07", "2019-08", "2019-09", "2019-10", "2019-11", "2019-12", "2020-01", "2020-02", "2020-03", "2020-04", "2020-05", "2020-06", "2020-07", "2020-08", "2020-09", "2020-10", "2020-11", "2020-12"], "y": [NaN, NaN, NaN, NaN, NaN, NaN, NaN, NaN, NaN, NaN, NaN, NaN, NaN, NaN, NaN, NaN, NaN, NaN, NaN, NaN, NaN, NaN, NaN, NaN]}, "spi_03": {"px": [], "py": [], "pt": [], "pb": [], "x": ["2019-01", "2019-02", "2019-03", "2019-04", "2019-05", "2019-06", "2019-07", "2019-08", "2019-09", "2019-10", "2019-11", "2019-12", "2020-01", "2020-02", "2020-03", "2020-04", "2020-05", "2020-06", "2020-07"], "y": [NaN, NaN, NaN, NaN, NaN, NaN, NaN, NaN, NaN, NaN, NaN, NaN, NaN, NaN, NaN, NaN, NaN, NaN, NaN]}, "spi_06": {"px": [], "py": [], "pt": [], "pb": [], "x": ["2019-01", "2019-02", "2019-03", "2019-04", "2019-05", "2019-06", "2019-07", "2019-08", "2019-09", "2019-10", "2019-11", "2019-12", "2020-01", "2020-02", "2020-03", "2020-04", "2020-05", "2020-06", "2020-07"], "y": [NaN, NaN, NaN, NaN, NaN, NaN, NaN, NaN, NaN, NaN, NaN, NaN, NaN, NaN, NaN, NaN, NaN, NaN, NaN]}, "spi_12": {"px": [], "py": [], "pt": [], "pb": [], "x": ["2019-01", "2019-02", "2019-03", "2019-04", "2019-05", "2019-06", "2019-07", "2019-08", "2019-09", "2019-10", "2019-11", "2019-12", "2020-01", "2020-02", "2020-03", "2020-04", "2020-05", "2020-06", "2020-07", "2020-08", "2020-09", "2020-10", "2020-11", "2020-12"], "y": [NaN, NaN, NaN, NaN, NaN, NaN, NaN, NaN, NaN, NaN, NaN, NaN, NaN, NaN, NaN, NaN, NaN, NaN, NaN, NaN, NaN, NaN, NaN, NaN], "geox": [-36.86479694249778, -36.863921929399154, -36.83750069339813, -36.816263499022604, -36.814033477911025, -36.80315437864006, -36.79722532411073, -36.79516730438653, -36.79479429885924, -36.79325528340318, -36.791622268481454, -36.78765122812721, -36.7871452220287, -36.788368230267594, -36.79291026734627, -36.79748630649232, -36.807082392804496, -36.80837740377515, -36.80932440577185, -36.81303943694539, -36.81614146416573, -36.81840648302679, -36.78768720770315, -36.73698475351927, -36.66743113290888, -36.665615122924315, -36.66680513560689, -36.667385144007746, -36.671114180201776, -36.67155918960554, -36.66691415431957, -36.66571714675071, -36.665887151452225, -36.66253412178528, -36.65912809035605, -36.656160064148374, -36.652337028455165, -36.65090101577934, -36.649070002411435, -36.646518979131464, -36.64543096975744, -36.644683964609655, -36.6450309697937, -36.64249094815948, -36.641536941507404, -36.63815691299676, -36.63392387916422, -36.63148986052675, -36.62803283080372, -36.625368810274374, -36.625143809504536, -36.62297079071319, -36.620888774521156, -36.619195759743434, -36.61835275401525, -36.61650873917444, -36.61614873897563, -36.614207723866336, -36.61246370871727, -36.61228970668428, -36.61003968840664, -36.608428676163285, -36.60574665302333, -36.606183665908986, -36.607381676984154, -36.61023370191445, -36.61296272701366, -36.61395273659501, -36.614336741845456, -36.61365673789674, -36.612590729197144, -36.610889712596226, -36.60920569736296, -36.607446684435516, -36.6070376843298, -36.60498866688599, -36.60685368976375, -36.60841270455213, -36.61892879987258, -36.62333984051161, -36.62553186120806, -36.6290338969989, -36.63085491774271, -36.63181792217415, -36.63523994559299, -36.641210993385506, -36.65020207053529, -36.66137417009138, -36.70873159877441, -36.713676652371795, -36.72423174728015, -36.72884179006644, -36.735812848236414, -36.86479694249778], "geoy": [-8.888424860303184, -8.88254481633618, -8.881789834155471, -8.87604280931675, -8.87466280079174, -8.872070790730726, -8.870187781659904, -8.868648771764496, -8.86619775342085, -8.864260740029259, -8.863850738356346, -8.858323699763936, -8.856553686723176, -8.853588663038854, -8.849799630128347, -8.8479796121962, -8.848877610524129, -8.848244604550832, -8.841062548976316, -8.838914529310989, -8.838450523023981, -8.836980509812504, -8.835184523346308, -8.832715549389164, -8.832524609380847, -8.83949566421695, -8.841805680804182, -8.845415707854864, -8.848678729469572, -8.854753775451094, -8.861645832170664, -8.865123859777567, -8.868678886759948, -8.868967891937018, -8.867818886185002, -8.868135891234132, -8.866383881246684, -8.866542883732246, -8.869866910728671, -8.869299908660146, -8.869677912509546, -8.871375926133728, -8.873704943605125, -8.874866954726361, -8.876947971457325, -8.878805988636696, -8.88322402611479, -8.88667505461625, -8.887951067423291, -8.891583097511162, -8.892964108252132, -8.893647115394346, -8.896321137653414, -8.896701142057115, -8.898706158109823, -8.90051817357828, -8.903876199528545, -8.906353220158755, -8.906828225334023, -8.906295221420539, -8.90831823886071, -8.910705258511266, -8.911612267818159, -8.921598343640689, -8.922014345748936, -8.921410338601369, -8.92221534231473, -8.923036347697813, -8.925058362783805, -8.92741738138806, -8.928329389295875, -8.92676637888561, -8.926553378760183, -8.929644403911508, -8.933581434314183, -8.934534443411277, -8.941430494358197, -8.942386500260186, -8.943928502638265, -8.94530550920271, -8.946545516702018, -8.95154355168605, -8.956500587853437, -8.95188955183653, -8.943986488519336, -8.937866436521295, -8.934401402075943, -8.93419939056521, -8.94088139917762, -8.951351474507723, -8.952169471283401, -8.954002481111228, -8.949574441147014, -8.888424860303184]}}