{"IIS3": {"px": [], "py": [], "pt": [], "pb": [], "x": ["2019-01", "2019-02", "2019-03", "2019-04", "2019-05", "2019-06", "2019-07", "2019-08", "2019-09", "2019-10", "2019-11", "2019-12", "2020-01", "2020-02", "2020-03", "2020-04", "2020-05", "2020-06", "2020-07", "2020-08", "2020-09", "2020-10", "2020-11", "2020-12"], "y": [NaN, NaN, NaN, NaN, NaN, NaN, NaN, NaN, NaN, NaN, NaN, NaN, NaN, NaN, NaN, NaN, NaN, NaN, NaN, NaN, NaN, NaN, NaN, NaN]}, "VHI": {"px": ["2021-01", "2021-02", "2021-03", "2021-04", "2021-05", "2021-06", "2021-07", "2021-08", "2021-09", "2021-10", "2021-11", "2021-12"], "py": [68.61383632820983, 94.70528648182123, 92.59774638575472, 94.74819479996702, 102.32536074304106, 99.17421547498665, 99.70825913654221, 90.64373320411882, 72.88300737122438, 59.21247038696717, 57.32767916198698, 48.22979802511388], "pt": [87.32952048032882, 116.43690455565255, 116.97498197414464, 121.51078073176473, 131.27743142169632, 130.1614513537617, 132.60499420602645, 125.34505261789369, 109.29959644655955, 97.26709363706405, 96.95268063241984, 89.36527094517157], "pb": [49.89815217609083, 72.97366840798993, 68.2205107973648, 67.98560886816931, 73.3732900643858, 68.18697959621163, 66.81152406705796, 55.94241379034395, 36.466418295889206, 21.157847136870288, 17.702677691554115, 7.0943251050561855], "x": ["2019-01", "2019-02", "2019-03", "2019-04", "2019-05", "2019-06", "2019-07", "2019-08", "2019-09", "2019-10", "2019-11", "2019-12", "2020-01", "2020-02", "2020-03", "2020-04", "2020-05", "2020-06", "2020-07", "2020-08", "2020-09", "2020-10", "2020-11", "2020-12"], "y": [45.34080505371094, 43.517601013183594, 53.80438995361328, 53.97348403930664, 57.77520751953125, 50.16840362548828, 50.16840362548828, 44.38124084472656, 33.94166564941406, 25.646818161010742, 24.349727630615234, 19.20370101928711, 34.10989761352539, 50.82354736328125, 50.70277786254883, 52.729270935058594, 58.74577713012695, 58.89409255981445, 56.00349807739258, 61.817745208740234, 49.521697998046875, 31.8756103515625, 50.042606353759766, 46.67801284790039]}, "spi_01": {"px": ["2021-01", "2021-02", "2021-03", "2021-04", "2021-05", "2021-06", "2021-07", "2021-08", "2021-09", "2021-10", "2021-11", "2021-12"], "py": [0.34542512060941366, 0.9683109901931788, 1.1438842628997232, 1.2167509193354018, 3.438431323021897, 3.97123102588374, 3.911209253440865, 3.088715776232389, 3.768249862055992, 2.2808490224893694, -1.0536074811356562, -1.6546993443790103], "pt": [2.040372845788357, 3.04418951872743, 3.540902314431622, 3.896698570598396, 6.374166884623161, 7.142187847064145, 7.301104684856234, 6.684242846088914, 7.55826817127447, 6.255853759386113, 3.0981495604663456, 2.6665863909817116], "pb": [-1.3495226045695299, -1.1075675383410726, -1.2531337886321756, -1.4631967319275918, 0.5026957614206333, 0.8002742047033351, 0.5213138220254958, -0.5068112936241351, -0.021768447162486826, -1.694155714407374, -5.205364522737658, -5.975985079739733], "x": ["2019-01", "2019-02", "2019-03", "2019-04", "2019-05", "2019-06", "2019-07", "2019-08", "2019-09", "2019-10", "2019-11", "2019-12", "2020-01", "2020-02", "2020-03", "2020-04", "2020-05", "2020-06", "2020-07", "2020-08", "2020-09", "2020-10", "2020-11", "2020-12"], "y": [-0.35002532601356506, 0.704329788684845, -0.18177485466003418, -0.7427688241004944, -0.0008960564737208188, -0.6827086806297302, 0.7531113028526306, 0.1269165426492691, 0.3463541567325592, -0.4931441843509674, -2.2311315536499023, -2.519493818283081, -1.4063501358032227, -1.0994573831558228, -1.0095049142837524, -0.9458816051483154, 0.36884331703186035, 0.778481662273407, -0.2332478016614914, 0.24632024765014648, 0.17651359736919403, 0.40470826625823975, -1.0975754261016846, -1.6819959878921509]}, "spi_03": {"px": [], "py": [], "pt": [], "pb": [], "x": ["2019-01", "2019-02", "2019-03", "2019-04", "2019-05", "2019-06", "2019-07", "2019-08", "2019-09", "2019-10", "2019-11", "2019-12", "2020-01", "2020-02", "2020-03", "2020-04", "2020-05", "2020-06", "2020-07"], "y": [-1.122602105140686, -0.3947805166244507, -0.10191565752029419, -0.054835185408592224, -0.5780698657035828, -0.6333709955215454, -0.08064892143011093, -0.38031935691833496, 0.17520810663700104, -0.5213759541511536, -2.1879031658172607, -3.0265467166900635, -2.584484100341797, -2.532646656036377, -2.0505480766296387, -1.6797164678573608, -0.9956262707710266, -0.5632754564285278, 0.3480779230594635]}, "spi_06": {"px": [], "py": [], "pt": [], "pb": [], "x": ["2019-01", "2019-02", "2019-03", "2019-04", "2019-05", "2019-06", "2019-07", "2019-08", "2019-09", "2019-10", "2019-11", "2019-12", "2020-01", "2020-02", "2020-03", "2020-04", "2020-05", "2020-06", "2020-07"], "y": [-1.2048976421356201, -0.6652335524559021, -0.9033820033073425, -0.9065266251564026, -0.7499850392341614, -0.3990424573421478, -0.10578236728906631, -0.5955402255058289, -0.6629778146743774, -0.5862861275672913, -2.1857099533081055, -2.978527069091797, -2.6721553802490234, -2.7370240688323975, -2.942262649536133, -2.7044837474823, -2.411094903945923, -1.8843399286270142, -1.5216847658157349]}, "spi_12": {"px": ["2021-01", "2021-02", "2021-03", "2021-04", "2021-05", "2021-06", "2021-07", "2021-08", "2021-09", "2021-10", "2021-11", "2021-12"], "py": [-2.3986923643048623, -2.788456675581088, -3.086981383637972, -3.040893099071515, -3.049138443432916, -3.041157295006734, -2.8807805569663842, -2.915640021161808, -2.9523390406990657, -2.9492060902733663, -3.042970388314579, -3.1284287389432164], "pt": [-1.4335808376570922, -1.606441285933891, -1.7221075785346436, -1.5149177957485342, -1.3775162526116507, -1.2355989682444797, -0.9505575144568059, -0.8683293177439415, -0.7942840741090618, -0.6858189467828391, -0.6789396178268872, -0.6678675008702726], "pb": [-3.3638038909526324, -3.970472065228284, -4.4518551887413, -4.566868402394496, -4.720760634254181, -4.846715621768988, -4.811003599475963, -4.962950724579675, -5.11039400728907, -5.212593233763894, -5.407001158802271, -5.58898997701616], "x": ["2019-01", "2019-02", "2019-03", "2019-04", "2019-05", "2019-06", "2019-07", "2019-08", "2019-09", "2019-10", "2019-11", "2019-12", "2020-01", "2020-02", "2020-03", "2020-04", "2020-05", "2020-06", "2020-07", "2020-08", "2020-09", "2020-10", "2020-11", "2020-12"], "y": [-0.922156035900116, -0.735992431640625, -1.059084415435791, -1.1481703519821167, -1.0699812173843384, -1.06464684009552, -1.0572023391723633, -1.0658174753189087, -1.1142746210098267, -1.030053973197937, -1.248072624206543, -1.445408821105957, -1.7780784368515015, -2.3784937858581543, -2.8257720470428467, -2.7894515991210938, -2.8099708557128906, -2.788189649581909, -2.790297746658325, -2.7874832153320312, -2.7788612842559814, -2.3929996490478516, -2.280566453933716, -2.130657434463501],