{"IIS3": {"px": [], "py": [], "pt": [], "pb": [], "x": ["2019-01", "2019-02", "2019-03", "2019-04", "2019-05", "2019-06", "2019-07", "2019-08", "2019-09", "2019-10", "2019-11", "2019-12", "2020-01", "2020-02", "2020-03", "2020-04", "2020-05", "2020-06", "2020-07", "2020-08", "2020-09", "2020-10", "2020-11", "2020-12"], "y": [NaN, NaN, NaN, NaN, NaN, NaN, NaN, NaN, NaN, NaN, NaN, NaN, NaN, NaN, NaN, NaN, NaN, NaN, NaN, NaN, NaN, NaN, NaN, NaN]}, "VHI": {"px": ["2021-01", "2021-02", "2021-03", "2021-04", "2021-05", "2021-06", "2021-07", "2021-08", "2021-09", "2021-10", "2021-11", "2021-12"], "py": [50.462539718944015, 43.45685167169354, 37.92361685195286, 44.968851071808885, 47.55898993641303, 52.878522159247794, 52.282811963990326, 40.343509206834014, 30.671486419234597, 35.20185355907209, 45.82746481429345, 43.00765539648053], "pt": [79.4578002975843, 78.96864827185144, 78.92910745405055, 90.81438325616091, 97.78025418786524, 107.12368733331587, 110.27333279722359, 101.85174498268276, 95.50685971194521, 103.2017667336701, 116.85105775002575, 116.93135467653781], "pb": [21.46727914030373, 7.945055071535641, -3.0818737501448297, -0.8766811125431389, -2.662274315039184, -1.3666430148202764, -5.70770886924295, -21.164726569014718, -34.16388687347602, -32.798059615525915, -25.196128121438846, -30.916043883576734], "x": ["2019-01", "2019-02", "2019-03", "2019-04", "2019-05", "2019-06", "2019-07", "2019-08", "2019-09", "2019-10", "2019-11", "2019-12", "2020-01", "2020-02", "2020-03", "2020-04", "2020-05", "2020-06", "2020-07", "2020-08", "2020-09", "2020-10", "2020-11", "2020-12"], "y": [41.94261169433594, 43.01840591430664, 57.7761344909668, 67.66472625732422, 78.53306579589844, 71.16555786132812, 71.16555786132812, 58.35963439941406, 46.80172348022461, 52.425907135009766, 65.28434753417969, 61.209564208984375, 69.1793441772461, 61.29804229736328, 55.27921676635742, 63.95869064331055, 65.20068359375, 69.31890869140625, 71.0972671508789, 74.69920349121094, 50.92790603637695, 41.091087341308594, 27.945112228393555, 44.11984634399414]}, "spi_01": {"px": [], "py": [], "pt": [], "pb": [], "x": ["2019-01", "2019-02", "2019-03", "2019-04", "2019-05", "2019-06", "2019-07", "2019-08", "2019-09", "2019-10", "2019-11", "2019-12", "2020-01", "2020-02", "2020-03", "2020-04", "2020-05", "2020-06", "2020-07", "2020-08", "2020-09", "2020-10", "2020-11", "2020-12"], "y": [NaN, NaN, NaN, NaN, NaN, NaN, NaN, NaN, NaN, NaN, NaN, NaN, NaN, NaN, NaN, NaN, NaN, NaN, NaN, NaN, NaN, NaN, NaN, NaN]}, "spi_03": {"px": [], "py": [], "pt": [], "pb": [], "x": ["2019-01", "2019-02", "2019-03", "2019-04", "2019-05", "2019-06", "2019-07", "2019-08", "2019-09", "2019-10", "2019-11", "2019-12", "2020-01", "2020-02", "2020-03", "2020-04", "2020-05", "2020-06", "2020-07"], "y": [NaN, NaN, NaN, NaN, NaN, NaN, NaN, NaN, NaN, NaN, NaN, NaN, NaN, NaN, NaN, NaN, NaN, NaN, NaN]}, "spi_06": {"px": [], "py": [], "pt": [], "pb": [], "x": ["2019-01", "2019-02", "2019-03", "2019-04", "2019-05", "2019-06", "2019-07", "2019-08", "2019-09", "2019-10", "2019-11", "2019-12", "2020-01", "2020-02", "2020-03", "2020-04", "2020-05", "2020-06", "2020-07"], "y": [NaN, NaN, NaN, NaN, NaN, NaN, NaN, NaN, NaN, NaN, NaN, NaN, NaN, NaN, NaN, NaN, NaN, NaN, NaN]}, "spi_12": {"px": [], "py": [], "pt": [], "pb": [], "x": ["2019-01", "2019-02", "2019-03", "2019-04", "2019-05", "2019-06", "2019-07", "2019-08", "2019-09", "2019-10", "2019-11", "2019-12", "2020-01", "2020-02", "2020-03", "2020-04", "2020-05", "2020-06", "2020-07", "2020-08", "2020-09", "2020-10", "2020-11", "2020-12"], "y": [NaN, NaN, NaN, NaN, NaN, NaN, NaN, NaN, NaN, NaN, NaN, NaN, NaN, NaN, NaN, NaN, NaN, NaN, NaN, NaN, NaN, NaN, NaN, NaN], "geox": [-48.769597606189016, -48.7624455643329, -48.75843653306554, -48.75052346115137, -48.74746943773149, -48.74028039073395, -48.734253368598466, -48.72991336160542, -48.7246573407068, -48.72101931726421, -48.71718328964785, -48.70792121460813, -48.69640911382441, -48.69144307622825, -48.68202601047763, -48.676831974899024, -48.66863392956322, -48.662248899625624, -48.65954587944899, -48.65793786462353, -48.65768785777244, -48.653608817691165, -48.651437790963385, -48.64627173458147, -48.63538062502372, -48.61987948704652, -48.61136041340625, -48.6030533333975, -48.59682528281758, -48.593964266010474, -48.592780263222274, -48.59266228787726, -48.591191284872544, -48.586350262008736, -48.579656208783575, -48.57069513165077, -48.554967023668034, -48.550636992047615, -48.550050992468265, -48.54458295409416, -48.54565597488943, -48.552436050879535, -48.55324506883656, -48.55587309873841, -48.55383109527511, -48.55169208365528, -48.55296810507646, -48.54913310199214, -48.55049612463245, -48.54987912743514, -48.55354817150427, -48.5536641906658, -48.55610221598425, -48.5578272523211, -48.56684837451673, -48.56430839084886, -48.56502342420842, -48.55691236682347, -48.562270414431964, -48.56562843812362, -48.569376469047555, -48.574490516628394, -48.5763435417459, -48.573495562568105, -48.576330593058906, -48.58379965168288, -48.58713568115285, -48.60091183061326, -48.60405085303558, -48.611855899688194, -48.62515199228936, -48.6289600223428, -48.63511907589322, -48.63844010224845, -48.641412121894874, -48.64460713760643, -48.65226619483296, -48.66226928350056, -48.66685431560152, -48.66838432219232, -48.66908331547456, -48.66676927930424, -48.665051243669346, -48.66591224739162, -48.67244029016234, -48.67324428825714, -48.671577261633956, -48.671540254828585, -48.6763532616421, -48.68099429368934, -48.68288830323548, -48.687694333382254, -48.68974633936467, -48.69272036247022, -48.70535748265384, -48.70647449692894, -48.71065553501855, -48.71288256663789, -48.71441158110246, -48.71819262530402, -48.71771864439538, -48.72265468892764, -48.72389069566215, -48.72555671225195, -48.72646871475477, -48.72649371788036, -48.728218732645686, -48.72766273366123, -48.72930574568496, -48.732380772568064, -48.73188877332432, -48.72935975476669, -48.73005077076228, -48.73154678679107, -48.73321780018856, -48.73532781387933, -48.73477180478063, -48.73593181167763, -48.73795882997051, -48.739804841790786, -48.7404688425295, -48.73977382951015, -48.740418831916024, -48.74607486675688, -48.74630386449392, -48.75085889145222, -48.75190889385815, -48.75480291654577, -48.75452291252083, -48.75666792749727, -48.75725192383146, -48.75935193557008, -48.75804392160996, -48.75500189820697, -48.75378889403452, -48.751535874356556, -48.74985984611219, -48.75313586792556, -48.753086857199804, -48.754333862186634, -48.75371784545153, -48.75487985309744, -48.74993980566751, -48.74480276079342, -48.74480675645837, -48.74693876741459, -48.74666576137992, -48.7443867422881, -48.74282673324163, -48.74246672629163, -48.74355673003612, -48.7486307633085, -48.74954777726814, -48.75086078742051, -48.75160979076647, -48.75182778098067, -48.75268878517183, -48.7549958003565, -48.75996983876629, -48.761556843094155, -48.76507987025715, -48.7654688686775, -48.76491186195481, -48.75938181372969, -48.75722179069538, -48.759471797944016, -48.75946979382425, -48.761386806942284, -48.76200080589495, -48.767549848842286, -48.76880085412917, -48.773333883082685, -48.77335887504342, -48.77222386348195, -48.76973884534402, -48.768971837448234, -48.76997183740831, -48.77644187322468, -48.77596786742152, -48.77099782777149, -48.76979880618813, -48.76502776552795, -48.76438575659209, -48.76516575892321, -48.76624476653417, -48.76863578203862, -48.766853754537884, -48.77043877112656, -48.771491778190175, -48.7727407898948, -48.77393580913434, -48.77468681635374, -48.77547181999267, -48.775994813594195, -48.7782168270993, -48.77593180589665, -48.77136476793231, -48.77185776206415, -48.774746779548565, -48.77307875785148, -48.774055758393224, -48.7761657712614, -48.77638376964916, -48.77252972576245, -48.7734137248103, -48.77300971831098, -48.77097970270994, -48.77171170233744, -48.770327682413104, -48.77100068542262, -48.775303718239975, -48.77420570770743, -48.77268268541812,