{"IIS3": {"px": [], "py": [], "pt": [], "pb": [], "x": ["2019-01", "2019-02", "2019-03", "2019-04", "2019-05", "2019-06", "2019-07", "2019-08", "2019-09", "2019-10", "2019-11", "2019-12", "2020-01", "2020-02", "2020-03", "2020-04", "2020-05", "2020-06", "2020-07", "2020-08", "2020-09", "2020-10", "2020-11", "2020-12"], "y": [NaN, NaN, NaN, NaN, NaN, NaN, NaN, NaN, NaN, NaN, NaN, NaN, NaN, NaN, NaN, NaN, NaN, NaN, NaN, NaN, NaN, NaN, NaN, NaN]}, "VHI": {"px": ["2021-01", "2021-02", "2021-03", "2021-04", "2021-05", "2021-06", "2021-07", "2021-08", "2021-09", "2021-10", "2021-11", "2021-12"], "py": [57.41426357398926, 70.02342556847336, 60.34062701169026, 58.22396619885804, 63.066682144894244, 73.18249677457347, 74.99958241844969, 66.04519874656651, 57.11750207329436, 46.88376435463904, 40.13431264198185, 35.68134880753817], "pt": [64.82137431147858, 77.9513266919115, 68.75715497567839, 67.10226951166374, 72.38390257052328, 82.91886792636001, 85.1377898512715, 76.56991141231211, 68.0150202972795, 58.14174952906836, 51.741575753208934, 47.627682290194485], "pb": [50.00715283649994, 62.09552444503521, 51.92409904770213, 49.34566288605234, 53.74946171926521, 63.44612562278692, 64.86137498562788, 55.520486080820916, 46.219983849309216, 35.62577918020972, 28.527049530754773, 23.735015324881857], "x": ["2019-01", "2019-02", "2019-03", "2019-04", "2019-05", "2019-06", "2019-07", "2019-08", "2019-09", "2019-10", "2019-11", "2019-12", "2020-01", "2020-02", "2020-03", "2020-04", "2020-05", "2020-06", "2020-07", "2020-08", "2020-09", "2020-10", "2020-11", "2020-12"], "y": [51.22889709472656, 57.93392562866211, 51.61992645263672, 49.593936920166016, 58.6024284362793, 63.478214263916016, 63.478214263916016, 55.407318115234375, 47.50982666015625, 38.39942932128906, 32.28709411621094, 28.267545700073242, 49.58908462524414, 61.3973388671875, 53.18767166137695, 51.803306579589844, 57.02778244018555, 66.91387939453125, 64.2650146484375, 66.07899475097656, 56.05023193359375, 47.83879852294922, 44.16707229614258, 29.766950607299805]}, "spi_01": {"px": ["2021-01", "2021-02", "2021-03", "2021-04", "2021-05", "2021-06", "2021-07", "2021-08", "2021-09", "2021-10", "2021-11", "2021-12"], "py": [1.0381913230496296, -0.22886890544018668, -0.31881480152632724, -0.43947591476676306, -0.9590608104850136, -1.296124249217683, -0.18405221073416822, -0.309569162995162, -0.2821763299378972, 0.11259514063494702, -0.37447292947114885, 0.2924018676140223], "pt": [2.4320682609027164, 1.1650080324129002, 1.0750621363267596, 0.9544010230863247, 0.43481612736807396, 0.09775268863540454, 1.2098247271189195, 1.0843077748579262, 1.111700607915191, 1.5064720784880352, 1.0194040083819393, 1.6862788054671114], "pb": [-0.3556856148034573, -1.6227458432932738, -1.7126917393794143, -1.8333528526198506, -2.352937748338101, -2.690001187070771, -1.577929148587256, -1.7034461008482502, -1.6760532677909854, -1.2812817972181414, -1.7683498673242373, -1.1014750702390665], "x": ["2019-01", "2019-02", "2019-03", "2019-04", "2019-05", "2019-06", "2019-07", "2019-08", "2019-09", "2019-10", "2019-11", "2019-12", "2020-01", "2020-02", "2020-03", "2020-04", "2020-05", "2020-06", "2020-07", "2020-08", "2020-09", "2020-10", "2020-11", "2020-12"], "y": [0.37927642464637756, 0.025055035948753357, 1.4228277206420898, 1.1085935831069946, 0.23594839870929718, -1.66300630569458, 0.10218562930822372, -0.01920638605952263, -0.059717100113630295, 0.23036612570285797, -0.3712770938873291, 0.2727874219417572, 0.8830969333648682, -0.2952340543270111, -0.3562905192375183, -0.45855164527893066, -0.9211062788963318, -1.2478768825531006, 0.3773607313632965, 0.3608109652996063, 0.0, 0.36631688475608826, 1.1208168268203735, -0.6951595544815063]}, "spi_03": {"px": [], "py": [], "pt": [], "pb": [], "x": ["2019-01", "2019-02", "2019-03", "2019-04", "2019-05", "2019-06", "2019-07", "2019-08", "2019-09", "2019-10", "2019-11", "2019-12", "2020-01", "2020-02", "2020-03", "2020-04", "2020-05", "2020-06", "2020-07"], "y": [1.1869845390319824, 0.8115507960319519, 0.716526985168457, 1.0745501518249512, 1.1653151512145996, 0.5964134335517883, -0.2722640633583069, -0.9525766372680664, -0.0925268679857254, -0.2759564518928528, -0.6270999312400818, 0.15449152886867523, 0.7563177347183228, 0.3938417434692383, 0.14598898589611053, -0.577919602394104, -0.6951669454574585, -0.9079055190086365, -0.8968701362609863]}, "spi_06": {"px": [], "py": [], "pt": [], "pb": [], "x": ["2019-01", "2019-02", "2019-03", "2019-04", "2019-05", "2019-06", "2019-07", "2019-08", "2019-09", "2019-10", "2019-11", "2019-12", "2020-01", "2020-02", "2020-03", "2020-04", "2020-05", "2020-06", "2020-07"], "y": [1.0633913278579712, 0.7368288040161133, 1.091181755065918, 1.267769455909729, 1.1641827821731567, 0.7613112926483154, 0.7461302876472473, 0.8588096499443054, 0.45936861634254456, -0.37471985816955566, -1.1682796478271484, -0.18408404290676117, 0.6407797336578369, 0.31049031019210815, 0.0692298486828804, -0.12041183561086655, -0.2772141993045807, -0.3800096809864044, -0.762518048286438]}, "spi_12": {"px": ["2021-01", "2021-02", "2021-03", "2021-04", "2021-05", "2021-06", "2021-07", "2021-08", "2021-09", "2021-10", "2021-11", "2021-12"], "py": [-0.3727230290727872, -0.38835214516133654, -0.5934793549919967, -0.8877340764012228, -0.9944701905355434, -0.9633317008409968, -0.7910156987902399, -0.8407892094448643, -0.8804541323172781, -0.9007595454463136, -0.9145602776163945, -0.9894767468636491], "pt": [0.7060230273523853, 0.9328365516980854, 0.9320979426777529, 0.8179131935879664, 0.873972778376757, 1.0548173636569773, 1.3664764020041718, 1.4475767323237427, 1.531695365931692, 1.6291241910836867, 1.7278171062588221, 1.7607968317592988], "pb": [-1.4514690854979595, -1.7095408420207587, -2.1190566526617465, -2.593381346390412, -2.8629131594478436, -2.981480765338971, -2.948507799584652, -3.129155151213471, -3.2926036305662487, -3.430643281976314, -3.5569376614916113, -3.7397503254865967], "x": ["2019-01", "2019-02", "2019-03", "2019-04", "2019-05", "2019-06", "2019-07", "2019-08", "2019-09", "2019-10", "2019-11", "2019-12", "2020-01", "2020-02", "2020-03", "2020-04", "2020-05", "2020-06", "2020-07", "2020-08", "2020-09", "2020-10", "2020-11", "2020-12"], "y": [0.7703491449356079, 0.40959662199020386, 0.8537904024124146, 0.998615026473999, 1.0304909944534302, 0.9831660389900208, 0.916598379611969, 0.9056039452552795, 0.9047214388847351, 0.912030816078186, 0.9063931703567505, 0.6456484198570251, 0.8253970146179199, 0.7634255886077881, 0.32268911600112915, -0.2845030128955841, -0.5110249519348145, -0.4637005627155304, -0.39514824748039246, -0.3724610507488251, -0.3714635968208313, -0.3767367899417877, -0.33280593156814575, -0.4334278702735901],