{"IIS3": {"px": [], "py": [], "pt": [], "pb": [], "x": ["2019-01", "2019-02", "2019-03", "2019-04", "2019-05", "2019-06", "2019-07", "2019-08", "2019-09", "2019-10", "2019-11", "2019-12", "2020-01", "2020-02", "2020-03", "2020-04", "2020-05", "2020-06", "2020-07", "2020-08", "2020-09", "2020-10", "2020-11", "2020-12"], "y": [NaN, NaN, NaN, NaN, NaN, NaN, NaN, NaN, NaN, NaN, NaN, NaN, NaN, NaN, NaN, NaN, NaN, NaN, NaN, NaN, NaN, NaN, NaN, NaN]}, "VHI": {"px": ["2021-01", "2021-02", "2021-03", "2021-04", "2021-05", "2021-06", "2021-07", "2021-08", "2021-09", "2021-10", "2021-11", "2021-12"], "py": [76.54562769937833, 119.93663373125011, 127.89891173897425, 121.64257984420928, 116.87070827341259, 136.47352747049925, 143.06239549522567, 117.02416452145965, 90.98286407600934, 73.74956955014422, 47.94559145810202, 38.398226259452414], "pt": [105.60648432118404, 152.72239759858144, 164.027560165613, 160.82997784288898, 158.89480953302532, 181.15459741571703, 190.25106930813024, 166.59375056968042, 142.8241293553524, 127.76706403604646, 104.05497245010497, 96.5242579498835], "pb": [47.48477107757261, 87.15086986391879, 91.77026331233549, 82.45518184552958, 74.84660701379985, 91.79245752528145, 95.87372168232112, 67.45457847323888, 39.14159879666626, 19.732075064241954, -8.163789533900918, -19.727805430978677], "x": ["2019-01", "2019-02", "2019-03", "2019-04", "2019-05", "2019-06", "2019-07", "2019-08", "2019-09", "2019-10", "2019-11", "2019-12", "2020-01", "2020-02", "2020-03", "2020-04", "2020-05", "2020-06", "2020-07", "2020-08", "2020-09", "2020-10", "2020-11", "2020-12"], "y": [48.60449981689453, 52.184730529785156, 65.22872924804688, 64.06024932861328, 65.56511688232422, 70.78414916992188, 70.78414916992188, 56.33928680419922, 42.59805679321289, 33.232574462890625, 19.08627700805664, 13.89671516418457, 37.879154205322266, 63.91449737548828, 70.22184753417969, 66.83412170410156, 64.465576171875, 78.39329528808594, 77.7340316772461, 78.4110336303711, 61.5843391418457, 30.085552215576172, 41.54486846923828, 40.19856643676758]}, "spi_01": {"px": ["2021-01", "2021-02", "2021-03", "2021-04", "2021-05", "2021-06", "2021-07", "2021-08", "2021-09", "2021-10", "2021-11", "2021-12"], "py": [4.735991692155427, 3.6966380786338817, 6.1714876380833985, 4.138955312240322, 4.086164691301994, 3.385224547186276, 5.404757267252911, 4.604581415118465, 2.988371840671797, 3.598496228820461, 0.8434038005658397, -0.9178067418495601], "pt": [7.090641181219365, 6.433070888050681, 9.24260385609866, 7.511705692665771, 7.735703762577112, 7.291991207337263, 9.55283104202729, 8.980676288984272, 7.581181073502858, 8.398244863205589, 5.84153117563198, 4.271120658055857], "pb": [2.3813422030914886, 0.9602052692170826, 3.1003714200681376, 0.7662049318148729, 0.436625620026875, -0.5215421129647115, 1.2566834924785342, 0.22848654125265888, -1.604437392159265, -1.2012524055646665, -4.1547235745003, -6.106734141754977], "x": ["2019-01", "2019-02", "2019-03", "2019-04", "2019-05", "2019-06", "2019-07", "2019-08", "2019-09", "2019-10", "2019-11", "2019-12", "2020-01", "2020-02", "2020-03", "2020-04", "2020-05", "2020-06", "2020-07", "2020-08", "2020-09", "2020-10", "2020-11", "2020-12"], "y": [-0.9966485500335693, 0.4397081732749939, 0.7364513874053955, 0.27606096863746643, 1.1672688722610474, -0.5884500741958618, 0.7560684084892273, 0.43498241901397705, -0.31896641850471497, -0.03348356857895851, -1.3323280811309814, -2.1375527381896973, 0.6861981153488159, 0.13974182307720184, 1.2883527278900146, 0.3097618520259857, 0.38355764746665955, 0.16274285316467285, 0.4275045096874237, 0.3019494414329529, -0.3444618880748749, 0.20950695872306824, 1.0940911769866943, -1.0865540504455566]}, "spi_03": {"px": [], "py": [], "pt": [], "pb": [], "x": ["2019-01", "2019-02", "2019-03", "2019-04", "2019-05", "2019-06", "2019-07", "2019-08", "2019-09", "2019-10", "2019-11", "2019-12", "2020-01", "2020-02", "2020-03", "2020-04", "2020-05", "2020-06", "2020-07"], "y": [-0.769637942314148, -0.47610047459602356, -0.17995476722717285, 0.5872048139572144, 0.7291486859321594, 0.5217113494873047, 1.0671886205673218, -0.24549397826194763, -0.43458476662635803, -0.2577461898326874, -1.540885329246521, -2.3837571144104004, -0.9304964542388916, -0.3372100591659546, 1.0143436193466187, 0.8375371694564819, 1.0137325525283813, 0.24765817821025848, 0.30219733715057373]}, "spi_06": {"px": [], "py": [], "pt": [], "pb": [], "x": ["2019-01", "2019-02", "2019-03", "2019-04", "2019-05", "2019-06", "2019-07", "2019-08", "2019-09", "2019-10", "2019-11", "2019-12", "2020-01", "2020-02", "2020-03", "2020-04", "2020-05", "2020-06", "2020-07"], "y": [-0.49767884612083435, -0.40949851274490356, -0.060215067118406296, -0.24004456400871277, 0.002465098397806287, -0.0895625427365303, 0.7028676271438599, 0.692864179611206, 0.3806954026222229, 0.14323477447032928, -1.5972565412521362, -2.3942601680755615, -1.1462398767471313, -1.074378490447998, -0.2726789116859436, -0.11294225603342056, 0.3647007942199707, 1.0301403999328613, 0.7995907068252563]}, "spi_12": {"px": ["2021-01", "2021-02", "2021-03", "2021-04", "2021-05", "2021-06", "2021-07", "2021-08", "2021-09", "2021-10", "2021-11", "2021-12"], "py": [4.342593168522814, 3.8095405897698935, 5.25942409437124, 5.308999894038594, 4.590679072668239, 4.151712738097137, 5.57089736580074, 5.377298205878072, 5.435944791771516, 4.6592761971792145, 3.3726244777731758, 0.9576573041097638], "pt": [6.335732655661316, 6.250627948548329, 8.078148978283295, 8.460430116839376, 8.042897913816542, 7.880535260714227, 9.557176317802673, 9.605385522995682, 9.892740147087702, 9.333602599685257, 8.254799177142528, 6.039185841189861], "pb": [2.349453681384313, 1.368453230991458, 2.4406992104591847, 2.1575696712378134, 1.1384602315199368, 0.42289021548004646, 1.5846184137988075, 1.1492108887604617, 0.9791494364553301, -0.015050205326827992, -1.509550221596177, -4.123871232970332], "x": ["2019-01", "2019-02", "2019-03", "2019-04", "2019-05", "2019-06", "2019-07", "2019-08", "2019-09", "2019-10", "2019-11", "2019-12", "2020-01", "2020-02", "2020-03", "2020-04", "2020-05", "2020-06", "2020-07", "2020-08", "2020-09", "2020-10", "2020-11", "2020-12"], "y": [-0.1503770500421524, -0.39722540974617004, -0.1959247887134552, -0.15905621647834778, 0.0873740091919899, 0.08475859463214874, 0.08029782027006149, -0.006999357603490353, -0.004373165313154459, -0.25067946314811707, -0.6662147641181946, -1.416968584060669, -0.36897411942481995, -0.5660796761512756, -0.17492835223674774, -0.18168258666992188, -0.3383878767490387, -0.3349493443965912, -0.33677971363067627, -0.34250521659851074, -0.3419382870197296, -0.19205321371555328, 0.6451901793479919, 0.8048203587532043],