{"IIS3": {"px": [], "py": [], "pt": [], "pb": [], "x": ["2019-01", "2019-02", "2019-03", "2019-04", "2019-05", "2019-06", "2019-07", "2019-08", "2019-09", "2019-10", "2019-11", "2019-12", "2020-01", "2020-02", "2020-03", "2020-04", "2020-05", "2020-06", "2020-07", "2020-08", "2020-09", "2020-10", "2020-11", "2020-12"], "y": [NaN, NaN, NaN, NaN, NaN, NaN, NaN, NaN, NaN, NaN, NaN, NaN, NaN, NaN, NaN, NaN, NaN, NaN, NaN, NaN, NaN, NaN, NaN, NaN]}, "VHI": {"px": ["2021-01", "2021-02", "2021-03", "2021-04", "2021-05", "2021-06", "2021-07", "2021-08", "2021-09", "2021-10", "2021-11", "2021-12"], "py": [52.618020747688234, 42.05778022880422, 38.17298111080756, 36.82861769892244, 32.66743849565286, 38.39085005524204, 39.75581943928154, 37.41548892328916, 26.85136664450026, 29.985022170458343, 37.401332807917235, 41.136974341678126], "pt": [74.04531023432081, 68.23503077229664, 68.36185583792505, 70.55528175812658, 69.5944960528863, 78.26223441932012, 82.36857577328169, 82.60361472701871, 74.47579761145784, 79.92704992463877, 89.55807587602058, 95.41814565130412], "pb": [31.19073126105566, 15.8805296853118, 7.984106383690076, 3.101953639718303, -4.25961906158058, -1.4805343088360488, -2.856936894718608, -7.772636880440395, -20.773064322457316, -19.957005583722072, -14.75541026018611, -13.14419696794787], "x": ["2019-01", "2019-02", "2019-03", "2019-04", "2019-05", "2019-06", "2019-07", "2019-08", "2019-09", "2019-10", "2019-11", "2019-12", "2020-01", "2020-02", "2020-03", "2020-04", "2020-05", "2020-06", "2020-07", "2020-08", "2020-09", "2020-10", "2020-11", "2020-12"], "y": [65.05949401855469, 60.737998962402344, 58.75499725341797, 57.64239501953125, 69.82450103759766, 67.27099609375, 67.27099609375, 65.25679779052734, 50.63840103149414, 55.745994567871094, 66.33125305175781, 70.91099548339844, 75.89250183105469, 62.22999954223633, 56.96699905395508, 54.022499084472656, 46.605499267578125, 51.81439971923828, 58.99298095703125, 57.902503967285156, 35.6443977355957, 23.82200050354004, 26.164499282836914, 49.477996826171875]}, "spi_01": {"px": [], "py": [], "pt": [], "pb": [], "x": ["2019-01", "2019-02", "2019-03", "2019-04", "2019-05", "2019-06", "2019-07", "2019-08", "2019-09", "2019-10", "2019-11", "2019-12", "2020-01", "2020-02", "2020-03", "2020-04", "2020-05", "2020-06", "2020-07", "2020-08", "2020-09", "2020-10", "2020-11", "2020-12"], "y": [NaN, NaN, NaN, NaN, NaN, NaN, NaN, NaN, NaN, NaN, NaN, NaN, NaN, NaN, NaN, NaN, NaN, NaN, NaN, NaN, NaN, NaN, NaN, NaN]}, "spi_03": {"px": [], "py": [], "pt": [], "pb": [], "x": ["2019-01", "2019-02", "2019-03", "2019-04", "2019-05", "2019-06", "2019-07", "2019-08", "2019-09", "2019-10", "2019-11", "2019-12", "2020-01", "2020-02", "2020-03", "2020-04", "2020-05", "2020-06", "2020-07"], "y": [NaN, NaN, NaN, NaN, NaN, NaN, NaN, NaN, NaN, NaN, NaN, NaN, NaN, NaN, NaN, NaN, NaN, NaN, NaN]}, "spi_06": {"px": [], "py": [], "pt": [], "pb": [], "x": ["2019-01", "2019-02", "2019-03", "2019-04", "2019-05", "2019-06", "2019-07", "2019-08", "2019-09", "2019-10", "2019-11", "2019-12", "2020-01", "2020-02", "2020-03", "2020-04", "2020-05", "2020-06", "2020-07"], "y": [NaN, NaN, NaN, NaN, NaN, NaN, NaN, NaN, NaN, NaN, NaN, NaN, NaN, NaN, NaN, NaN, NaN, NaN, NaN]}, "spi_12": {"px": [], "py": [], "pt": [], "pb": [], "x": ["2019-01", "2019-02", "2019-03", "2019-04", "2019-05", "2019-06", "2019-07", "2019-08", "2019-09", "2019-10", "2019-11", "2019-12", "2020-01", "2020-02", "2020-03", "2020-04", "2020-05", "2020-06", "2020-07", "2020-08", "2020-09", "2020-10", "2020-11", "2020-12"], "y": [NaN, NaN, NaN, NaN, NaN, NaN, NaN, NaN, NaN, NaN, NaN, NaN, NaN, NaN, NaN, NaN, NaN, NaN, NaN, NaN, NaN, NaN, NaN, NaN], "geox": [-45.831407194759464, -45.82991118923228, -45.82430315576163, -45.81904611848883, -45.81181905722091, -45.80710002059361, -45.8040480012009, -45.802490007118934, -45.80062800405104, -45.79640297318506, -45.79287893959243, -45.78304484020659, -45.77757679607061, -45.77407777401426, -45.76866274719454, -45.76497572497045, -45.77351188196391, -45.78038698844545, -45.778409983832255, -45.772023944645916, -45.77510197881278, -45.78171104226921, -45.78435407593301, -45.785266090949214, -45.78085407967818, -45.78160009020581, -45.78563411940163, -45.788626144062164, -45.78982815152264, -45.78998714247779, -45.79382315186742, -45.798909189676, -45.79768319664767, -45.79838521385456, -45.80604528723745, -45.80943332517626, -45.80882532341408, -45.8056873021378, -45.80359829081488, -45.80138228461069, -45.80712935259623, -45.809824391547274, -45.81037841487943, -45.81343245397619, -45.8151834691779, -45.81757048625417, -45.828071558300216, -45.829792573498786, -45.83306859803498, -45.84171167436378, -45.84554870447445, -45.84717871525895, -45.85003472745697, -45.853024744480784, -45.857370779591456, -45.85701676198088, -45.85521873525572, -45.85598973467939, -45.8574337444508, -45.86642581631414, -45.868846830940186, -45.86968683173817, -45.86849180978873, -45.862633745426685, -45.86039370110454, -45.85956968027632, -45.85651764813422, -45.84832457492092, -45.84395853267283, -45.83809946866345, -45.83385438642329, -45.83210133794742, -45.83214432546108, -45.82639025764497, -45.82282222025069, -45.82157520060071, -45.82169819611251, -45.8233952034851, -45.828867248842656, -45.83350129248444, -45.83618130771283, -45.83979435018253, -45.84093836245782, -45.841910370248485, -45.842268363759835, -45.84544937968477, -45.84301935115998, -45.84199633443903, -45.838787294875495, -45.8372652687249, -45.831407194759464], "geoy": [-21.394069112706685, -21.396444128180452, -21.401018165025732, -21.403305189786085, -21.40304720719368, -21.40402722417429, -21.406120242291447, -21.412558277793405, -21.416809303386305, -21.41834332180291, -21.416960324146817, -21.411186321312186, -21.411754338211242, -21.414219359305417, -21.42051840410353, -21.423462428027676, -21.452442547644832, -21.468988610675478, -21.473034635550544, -21.477886675778034, -21.48071668162354, -21.483442677810178, -21.48733468995651, -21.489826699753273, -21.498514753578636, -21.499958758689214, -21.498398740620452, -21.49825773217527, -21.49737472475167, -21.493868707236945, -21.48617765977223, -21.484551638657912, -21.490379670266528, -21.49420568710837, -21.497311682391512, -21.50053668932729, -21.501661696388954, -21.503355712787908, -21.505442728381656, -21.50961675447884, -21.516305772165236, -21.521825792064682, -21.528126821320786, -21.532677835552875, -21.532855831870563, -21.531869820867517, -21.526498767432336, -21.526761764241634, -21.525781750958743, -21.52710573494564, -21.52642272164966, -21.525456712711904, -21.521507686069423, -21.518806665153285, -21.518374651757817, -21.513438628652313, -21.50950461417169, -21.50713360062558, -21.506351593067897, -21.5051985640997, -21.503296548552626, -21.501194536138396, -21.497165519626677, -21.49199550965972, -21.48336447343115, -21.47866045265013, -21.47643344971465, -21.474871463349263, -21.472947465290552, -21.467893455835366, -21.452098389784403, -21.44065633848147, -21.436305317130067, -21.429650299522475, -21.42710129630198, -21.4239792842768, -21.422108274818644, -21.419790259106612, -21.41963624420564, -21.421280240252198, -21.418837221389598, -21.422982232287474, -21.42389723379608, -21.42378023071035, -21.420565214085684, -21.416938188146805, -21.41416218087393, -21.411395170004305, -21.407085157245604, -21.40253413894327, -21.394069112706685]}}