{"IIS3": {"px": [], "py": [], "pt": [], "pb": [], "x": ["2019-01", "2019-02", "2019-03", "2019-04", "2019-05", "2019-06", "2019-07", "2019-08", "2019-09", "2019-10", "2019-11", "2019-12", "2020-01", "2020-02", "2020-03", "2020-04", "2020-05", "2020-06", "2020-07", "2020-08", "2020-09", "2020-10", "2020-11", "2020-12"], "y": [NaN, NaN, NaN, NaN, NaN, NaN, NaN, NaN, NaN, NaN, NaN, NaN, NaN, NaN, NaN, NaN, NaN, NaN, NaN, NaN, NaN, NaN, NaN, NaN]}, "VHI": {"px": ["2021-01", "2021-02", "2021-03", "2021-04", "2021-05", "2021-06", "2021-07", "2021-08", "2021-09", "2021-10", "2021-11", "2021-12"], "py": [52.929331770682325, 49.91334538193075, 39.09655324965969, 40.97422538755448, 37.39406506768961, 42.43066433596256, 39.342734913802445, 49.46889476267823, 41.061377343639066, 42.22147629000193, 51.16397974995027, 45.71679270143137], "pt": [71.5961007934747, 72.53414478432948, 65.07640824265079, 69.92599848196316, 69.039877826464, 76.5585087597859, 75.78394873647815, 88.08513959206645, 81.73651304810272, 84.85619177433249, 95.67208310521693, 92.02255437464413], "pb": [34.262562747889945, 27.292545979532022, 13.116698256668599, 12.022452293145804, 5.748252308915227, 8.30281991213922, 2.901521091126739, 10.85264993329001, 0.38624163917540955, -0.4132391943286251, 6.655876394683631, -0.5889689717813837], "x": ["2019-01", "2019-02", "2019-03", "2019-04", "2019-05", "2019-06", "2019-07", "2019-08", "2019-09", "2019-10", "2019-11", "2019-12", "2020-01", "2020-02", "2020-03", "2020-04", "2020-05", "2020-06", "2020-07", "2020-08", "2020-09", "2020-10", "2020-11", "2020-12"], "y": [51.6097526550293, 56.50275421142578, 52.363250732421875, 50.023399353027344, 49.99087142944336, 51.54774856567383, 51.54774856567383, 64.66090393066406, 55.320396423339844, 57.0418701171875, 67.94609832763672, 61.5608024597168, 68.16390228271484, 65.36980438232422, 52.4192008972168, 53.54570388793945, 47.53324890136719, 51.60569381713867, 61.68512725830078, 66.29837036132812, 43.875099182128906, 36.5994987487793, 35.26412582397461, 49.104331970214844]}, "spi_01": {"px": [], "py": [], "pt": [], "pb": [], "x": ["2019-01", "2019-02", "2019-03", "2019-04", "2019-05", "2019-06", "2019-07", "2019-08", "2019-09", "2019-10", "2019-11", "2019-12", "2020-01", "2020-02", "2020-03", "2020-04", "2020-05", "2020-06", "2020-07", "2020-08", "2020-09", "2020-10", "2020-11", "2020-12"], "y": [NaN, NaN, NaN, NaN, NaN, NaN, NaN, NaN, NaN, NaN, NaN, NaN, NaN, NaN, NaN, NaN, NaN, NaN, NaN, NaN, NaN, NaN, NaN, NaN]}, "spi_03": {"px": [], "py": [], "pt": [], "pb": [], "x": ["2019-01", "2019-02", "2019-03", "2019-04", "2019-05", "2019-06", "2019-07", "2019-08", "2019-09", "2019-10", "2019-11", "2019-12", "2020-01", "2020-02", "2020-03", "2020-04", "2020-05", "2020-06", "2020-07"], "y": [NaN, NaN, NaN, NaN, NaN, NaN, NaN, NaN, NaN, NaN, NaN, NaN, NaN, NaN, NaN, NaN, NaN, NaN, NaN]}, "spi_06": {"px": [], "py": [], "pt": [], "pb": [], "x": ["2019-01", "2019-02", "2019-03", "2019-04", "2019-05", "2019-06", "2019-07", "2019-08", "2019-09", "2019-10", "2019-11", "2019-12", "2020-01", "2020-02", "2020-03", "2020-04", "2020-05", "2020-06", "2020-07"], "y": [NaN, NaN, NaN, NaN, NaN, NaN, NaN, NaN, NaN, NaN, NaN, NaN, NaN, NaN, NaN, NaN, NaN, NaN, NaN]}, "spi_12": {"px": [], "py": [], "pt": [], "pb": [], "x": ["2019-01", "2019-02", "2019-03", "2019-04", "2019-05", "2019-06", "2019-07", "2019-08", "2019-09", "2019-10", "2019-11", "2019-12", "2020-01", "2020-02", "2020-03", "2020-04", "2020-05", "2020-06", "2020-07", "2020-08", "2020-09", "2020-10", "2020-11", "2020-12"], "y": [NaN, NaN, NaN, NaN, NaN, NaN, NaN, NaN, NaN, NaN, NaN, NaN, NaN, NaN, NaN, NaN, NaN, NaN, NaN, NaN, NaN, NaN, NaN, NaN], "geox": [-45.49337760109865, -45.48803853748418, -45.48290349438203, -45.47884944911377, -45.47603042137689, -45.470815358234866, -45.467573327392046, -45.46440030281993, -45.460151261436344, -45.4573672393939, -45.454315206764505, -45.45351218177298, -45.45198216366516, -45.44277108154155, -45.439290049569514, -45.438295033170164, -45.43564400569928, -45.43412297747038, -45.430602936583284, -45.42442886868351, -45.41713579450864, -45.41355575168124, -45.409564715420494, -45.40659568270339, -45.40526667075348, -45.40356765850762, -45.39756559716519, -45.39565257361967, -45.393567554850094, -45.39332354906996, -45.39490655062574, -45.39581655490457, -45.39806757135661, -45.39898657511837, -45.39795956329524, -45.396979539507576, -45.3950435160035, -45.39150648581763, -45.3905114749391, -45.38859644324809, -45.38631841993501, -45.38348039706199, -45.38299038527101, -45.38051335746918, -45.38153735841684, -45.379738332221045, -45.382901352687405, -45.38129533441865, -45.381626332797616, -45.3849813593291, -45.385073357597534, -45.38681436984742, -45.38697236569845, -45.38884738128778, -45.389317379628565, -45.387900358319136, -45.38854035881919, -45.39056637480333, -45.39094637610814, -45.39121336546827, -45.39498238459617, -45.39823340866446, -45.398682409002085, -45.40106843396734, -45.403886456550865, -45.402908443414596, -45.403204442118685, -45.40137042014425, -45.390929328548786, -45.38826429956036, -45.38472827271236, -45.38087823730873, -45.37817721823008, -45.37686820648618, -45.37117613780454, -45.36862211199515, -45.366483093492, -45.36509608342476, -45.362373072583445, -45.36215508102143, -45.35988207005352, -45.35709605114091, -45.35657205014024, -45.35834407536874, -45.36176411566873, -45.3655601556562, -45.3648501576598, -45.36665418120996, -45.36599118002216, -45.363486159956985, -45.361155144527224, -45.35879314461558, -45.355749132347846, -45.35395411644464, -45.351256085915225, -45.34728705203307, -45.3458780418744, -45.343155029032225, -45.342126029032144, -45.339763011069856, -45.33973504074612, -45.34376408613571, -45.34486911888137, -45.34235110480799, -45.34151110387303, -45.33990309216224, -45.33944809123521, -45.34314812508275, -45.34309812777093, -45.344567142178974, -45.34504214991341, -45.34382115415813, -45.34520817903849, -45.34600918673423, -45.34540118600903, -45.3468512102353, -45.34548220421863, -45.34584521799164, -45.337570169257255, -45.3379051765423, -45.336630166609574, -45.33734817684185, -45.33654217500904, -45.337512185795504, -45.33737018839176, -45.336045185246185, -45.33640019124103, -45.334866184914496, -45.334345194420294, -45.32842515722377, -45.329289171201594, -45.32912817842945, -45.331456204567154, -45.3332572220511, -45.338220265155286, -45.33999027144078, -45.34143328557515, -45.34287230310181, -45.34475831959383, -45.344823322850196, -45.34603533481572, -45.34590133804759, -45.35372841788248, -45.353935423913754, -45.35607144501798, -45.35737346255274, -45.356486470204864, -45.352015448909384, -45.3516844487874, -45.35256746118673, -45.35178945821493, -45.35384048362785, -45.35568149743025, -45.35692950948808, -45.35876353251882, -45.360124542371075, -45.36123455572852, -45.36211957209409, -45.36104257001071, -45.36176058167499, -45.36392860431248, -45.36404260794875, -45.36262760119381, -45.36298860893596, -45.36107460123596, -45.3604266038313, -45.358758592929036, -45.35906659954466, -45.35770359186074, -45.35856560560059, -45.3566496014512, -45.35448659006741, -45.35099556481169, -45.35032156186816, -45.348649546522104, -45.34768354013303, -45.346464540102545, -45.34728455715878, -45.34618457617169, -45.350398616819625, -45.35140463001864, -45.35215164241081, -45.35162464064497, -45.34679460759487, -45.34721162022697, -45.35164667028894, -45.35262468536516, -45.352402692123675, -45.351765688361915, -45.34600863796554, -45.343600620136314, -45.34309563644518, -45.344454656351665, -45.34235165010706, -45.34122766982303, -45.34192368998596, -45.345537735094055, -45.35392481159533, -45.354953824753935, -45.35818286116793, -45.3721249927, -45.37351200057931, -45.37566002390515, -45.38047906880796, -45.383259100216776, -45.385985119449224, -45.38829113899634, -45.38912915272489, -45.39145617707043, -45.39527421215067, -45.39567722374317, -45.399788258178106, -45.4019262740284, 