{"IIS3": {"px": [], "py": [], "pt": [], "pb": [], "x": ["2019-01", "2019-02", "2019-03", "2019-04", "2019-05", "2019-06", "2019-07", "2019-08", "2019-09", "2019-10", "2019-11", "2019-12", "2020-01", "2020-02", "2020-03", "2020-04", "2020-05", "2020-06", "2020-07", "2020-08", "2020-09", "2020-10", "2020-11", "2020-12"], "y": [NaN, NaN, NaN, NaN, NaN, NaN, NaN, NaN, NaN, NaN, NaN, NaN, NaN, NaN, NaN, NaN, NaN, NaN, NaN, NaN, NaN, NaN, NaN, NaN]}, "VHI": {"px": ["2021-01", "2021-02", "2021-03", "2021-04", "2021-05", "2021-06", "2021-07", "2021-08", "2021-09", "2021-10", "2021-11", "2021-12"], "py": [111.51826020955188, 152.37228296995755, 141.74711789168876, 164.08456045437057, 185.49460060484338, 193.44292815985997, 190.05940240071303, 191.71424153917317, 199.50147156108127, 117.05441478439474, 70.29731406230454, 51.16449521789046], "pt": [147.15746182785767, 196.02121226406513, 192.148559984686, 220.4350857543667, 247.22350824232922, 260.1177688019568, 261.3378052390255, 267.31640452220233, 279.19314856843414, 200.6357507439019, 157.5951723253098, 142.0269868953671], "pb": [75.87905859124608, 108.72335367584999, 91.34567579869153, 107.73403515437445, 123.76569296735758, 126.76808751776315, 118.78099956240055, 116.112078556144, 119.80979455372841, 33.473078824887565, -17.000544200700716, -39.69799645958615], "x": ["2019-01", "2019-02", "2019-03", "2019-04", "2019-05", "2019-06", "2019-07", "2019-08", "2019-09", "2019-10", "2019-11", "2019-12", "2020-01", "2020-02", "2020-03", "2020-04", "2020-05", "2020-06", "2020-07", "2020-08", "2020-09", "2020-10", "2020-11", "2020-12"], "y": [23.81598472595215, 18.353233337402344, 25.645933151245117, 45.208030700683594, 49.055301666259766, 47.6356086730957, 47.6356086730957, 50.26563262939453, 55.54066848754883, 30.51545524597168, 15.930070877075195, 10.253561973571777, 37.41971206665039, 55.62992477416992, 52.696197509765625, 62.84070587158203, 73.45825958251953, 79.57521057128906, 75.89075469970703, 80.6243896484375, 73.16854858398438, 44.29066848754883, 46.5892448425293, 44.303131103515625]}, "spi_01": {"px": [], "py": [], "pt": [], "pb": [], "x": ["2019-01", "2019-02", "2019-03", "2019-04", "2019-05", "2019-06", "2019-07", "2019-08", "2019-09", "2019-10", "2019-11", "2019-12", "2020-01", "2020-02", "2020-03", "2020-04", "2020-05", "2020-06", "2020-07", "2020-08", "2020-09", "2020-10", "2020-11", "2020-12"], "y": [NaN, NaN, NaN, NaN, NaN, NaN, NaN, NaN, NaN, NaN, NaN, NaN, NaN, NaN, NaN, NaN, NaN, NaN, NaN, NaN, NaN, NaN, NaN, NaN]}, "spi_03": {"px": [], "py": [], "pt": [], "pb": [], "x": ["2019-01", "2019-02", "2019-03", "2019-04", "2019-05", "2019-06", "2019-07", "2019-08", "2019-09", "2019-10", "2019-11", "2019-12", "2020-01", "2020-02", "2020-03", "2020-04", "2020-05", "2020-06", "2020-07"], "y": [NaN, NaN, NaN, NaN, NaN, NaN, NaN, NaN, NaN, NaN, NaN, NaN, NaN, NaN, NaN, NaN, NaN, NaN, NaN]}, "spi_06": {"px": [], "py": [], "pt": [], "pb": [], "x": ["2019-01", "2019-02", "2019-03", "2019-04", "2019-05", "2019-06", "2019-07", "2019-08", "2019-09", "2019-10", "2019-11", "2019-12", "2020-01", "2020-02", "2020-03", "2020-04", "2020-05", "2020-06", "2020-07"], "y": [NaN, NaN, NaN, NaN, NaN, NaN, NaN, NaN, NaN, NaN, NaN, NaN, NaN, NaN, NaN, NaN, NaN, NaN, NaN]}, "spi_12": {"px": [], "py": [], "pt": [], "pb": [], "x": ["2019-01", "2019-02", "2019-03", "2019-04", "2019-05", "2019-06", "2019-07", "2019-08", "2019-09", "2019-10", "2019-11", "2019-12", "2020-01", "2020-02", "2020-03", "2020-04", "2020-05", "2020-06", "2020-07", "2020-08", "2020-09", "2020-10", "2020-11", "2020-12"], "y": [NaN, NaN, NaN, NaN, NaN, NaN, NaN, NaN, NaN, NaN, NaN, NaN, NaN, NaN, NaN, NaN, NaN, NaN, NaN, NaN, NaN, NaN, NaN, NaN], "geox": [-40.04983117788442, -40.02810496807486, -39.99333163161037, -39.91204283902875, -39.73342449842166, -39.72021939919783, -39.78177293477364, -39.90204609371688, -39.903924110110836, -39.90565512564324, -39.90757514166623, -39.91313519219424, -39.91847223745035, -39.923468284736956, -39.92638631068233, -39.929114333360005, -39.93182835281377, -39.93746140202921, -39.93926641667082, -39.943604455306065, -39.94627747718688, -39.94763648608081, -39.94783248269839, -39.9538335324439, -39.957941560519664, -39.95852056087216, -39.95938156770436, -39.9581565514561, -39.95824554855564, -39.955545517687796, -39.95689152366134, -39.962859571381856, -39.9698756315027, -39.973274657262515, -39.983109738443815, -39.98485574854699, -39.98671776209188, -39.9926308130362, -39.99516083229657, -39.99602083553224, -39.99765884810702, -40.00413490486837, -40.00575091456976, -40.00755192128278, -40.009752935825276, -40.009960933569474, -40.01982800698589, -40.023578036129216, -40.02446404065369, -40.02977607915363, -40.03121208531748, -40.03108108161828, -40.0348041117662, -40.035219111897135, -40.037967129274264, -40.04075015034357, -40.04319116279705, -40.044027167524625, -40.047691194665276, -40.04457516004501, -40.04346914989216, -40.04246013869987, -40.04052212152314, -40.03964111249958, -40.0378540841347, -40.03889108981058, -40.04049710340024, -40.042108114458905, -40.04338312513039, -40.04594414967054, -40.05021818553323, -40.04983117788442], "geoy": [-11.845592849120296, -11.829063763119796, -11.802103621723301, -11.734426257686613, -11.893256584013972, -11.904981682014954, -11.905758608448918, -11.992574052040215, -11.992657050176998, -11.993049050631338, -11.992583044934182, -11.994321049687725, -11.993566037569654, -11.996539051548918, -11.997026051113997, -11.99630304259922, -11.993263018159702, -11.993558012881003, -11.992810005392434, -11.993588005115969, -11.992629995056399, -11.990476978480999, -11.986680952110287, -11.984997932747056, -11.979379888767605, -11.975892864025147, -11.975423859682053, -11.971208832266809, -11.968461813248263, -11.962865778232924, -11.958606747176265, -11.955625718933439, -11.955136706486563, -11.952379683112905, -11.949385649779611, -11.945626621651897, -11.943693605940108, -11.943500596961503, -11.941517580042433, -11.938361557211985, -11.937156546800972, -11.937676542002364, -11.934461517789655, -11.927803469643981, -11.924419443510548, -11.921375422292165, -11.912375347603538, -11.90988832564397, -11.90752730825002, -11.90191526276639, -11.89720822851411, -11.895279215404656, -11.893725199905095, -11.891123181458468, -11.88630914477543, -11.884045125601935, -11.877523077555246, -11.875637063493235, -11.872206035150986, -11.86643099939874, -11.865989997785583, -11.864132986295939, -11.863822986655078, -11.862765980509103, -11.853030915753187, -11.850543897287569, -11.850314893645626, -11.84814287661232, -11.84787287311362, -11.849674882234904, -11.848839870988847, -11.845592849120296]}}