{"IIS3": {"px": [], "py": [], "pt": [], "pb": [], "x": ["2019-01", "2019-02", "2019-03", "2019-04", "2019-05", "2019-06", "2019-07", "2019-08", "2019-09", "2019-10", "2019-11", "2019-12", "2020-01", "2020-02", "2020-03", "2020-04", "2020-05", "2020-06", "2020-07", "2020-08", "2020-09", "2020-10", "2020-11", "2020-12"], "y": [NaN, NaN, NaN, NaN, NaN, NaN, NaN, NaN, NaN, NaN, NaN, NaN, NaN, NaN, NaN, NaN, NaN, NaN, NaN, NaN, NaN, NaN, NaN, NaN]}, "VHI": {"px": ["2021-01", "2021-02", "2021-03", "2021-04", "2021-05", "2021-06", "2021-07", "2021-08", "2021-09", "2021-10", "2021-11", "2021-12"], "py": [78.54952917740275, 82.75247710588104, 75.29404010015314, 64.16387040273436, 66.12431437819093, 83.71212220793282, 78.80314898291905, 90.00093815696661, 74.0829814689676, 77.16294020930496, 80.2380918900666, 63.519356166914335], "pt": [92.27775344596998, 97.20087065681741, 90.42837229015745, 79.95437215131922, 82.54478575104508, 100.7392715507143, 96.41609164949367, 108.18080845382806, 92.81262691797082, 96.42667695169291, 100.02150635559019, 83.80914233013817], "pb": [64.8213049088355, 68.30408355494467, 60.15970791014884, 48.3733686541495, 49.70384300533678, 66.68497286515135, 61.190206316344444, 71.82106786010516, 55.3533360199644, 57.899203466917015, 60.45467742454301, 43.2295700036905], "x": ["2019-01", "2019-02", "2019-03", "2019-04", "2019-05", "2019-06", "2019-07", "2019-08", "2019-09", "2019-10", "2019-11", "2019-12", "2020-01", "2020-02", "2020-03", "2020-04", "2020-05", "2020-06", "2020-07", "2020-08", "2020-09", "2020-10", "2020-11", "2020-12"], "y": [63.253910064697266, 53.582061767578125, 59.21923828125, 56.39339065551758, 50.6201057434082, 58.667388916015625, 58.667388916015625, 68.38983154296875, 55.352516174316406, 57.557823181152344, 59.77304458618164, 46.02521514892578, 63.196922302246094, 67.62554168701172, 61.43678283691406, 51.661407470703125, 53.581851959228516, 70.50129699707031, 74.24445343017578, 76.95575714111328, 63.87791442871094, 59.00251388549805, 70.53640747070312, 71.88348388671875]}, "spi_01": {"px": ["2021-01", "2021-02", "2021-03", "2021-04", "2021-05", "2021-06", "2021-07", "2021-08", "2021-09", "2021-10", "2021-11", "2021-12"], "py": [2.040250931734432, 2.9469611111391227, 3.260666112172692, 1.9779214001844165, 1.177593323717292, 0.6231770707094109, 1.5482384514051546, 2.4798808949649676, 1.4131830604515256, 1.9050059697079034, 2.842828347140731, 1.5862110624430423], "pt": [3.776775288844515, 4.863070003536354, 5.340913629227069, 4.210271322776764, 3.5523233339679763, 3.1322205271430317, 4.184761827170962, 5.237998360854824, 4.287755793977995, 4.891496358947586, 5.937191171650513, 4.784810401903256], "pb": [0.30372657462434915, 1.0308522187418916, 1.180418595118315, -0.25442852240793057, -1.1971366865333923, -1.88586638572421, -1.0882849243606527, -0.27823657092488885, -1.4613896730749443, -1.08148441953178, -0.2515344773690509, -1.6123882770171711], "x": ["2019-01", "2019-02", "2019-03", "2019-04", "2019-05", "2019-06", "2019-07", "2019-08", "2019-09", "2019-10", "2019-11", "2019-12", "2020-01", "2020-02", "2020-03", "2020-04", "2020-05", "2020-06", "2020-07", "2020-08", "2020-09", "2020-10", "2020-11", "2020-12"], "y": [-0.0913933515548706, -0.6355007290840149, 0.33723577857017517, 0.45956820249557495, -1.4632943868637085, -2.5500404834747314, -0.5507659912109375, 0.07071483135223389, -0.49699875712394714, -0.18969659507274628, 0.413728803396225, -0.25894373655319214, 0.40918925404548645, 0.9883739352226257, 1.186408281326294, 0.2951214611530304, -0.19505079090595245, -0.4774912893772125, -0.8336777687072754, -0.19431662559509277, 0.027359111234545708, -0.051974717527627945, 2.7070140838623047, 1.5072439908981323]}, "spi_03": {"px": [], "py": [], "pt": [], "pb": [], "x": ["2019-01", "2019-02", "2019-03", "2019-04", "2019-05", "2019-06", "2019-07", "2019-08", "2019-09", "2019-10", "2019-11", "2019-12", "2020-01", "2020-02", "2020-03", "2020-04", "2020-05", "2020-06", "2020-07"], "y": [0.5693325400352478, -0.0498083271086216, -0.13486044108867645, 0.12361142784357071, -0.1559615284204483, -0.7274935841560364, -2.073042631149292, -2.06112003326416, -0.7662680149078369, -0.639928936958313, -0.14758796989917755, -0.4103715717792511, 0.16075797379016876, 0.5509822368621826, 1.1945347785949707, 1.041488528251648, 0.5836498737335205, -0.11822519451379776, -0.5837829113006592]}, "spi_06": {"px": [], "py": [], "pt": [], "pb": [], "x": ["2019-01", "2019-02", "2019-03", "2019-04", "2019-05", "2019-06", "2019-07", "2019-08", "2019-09", "2019-10", "2019-11", "2019-12", "2020-01", "2020-02", "2020-03", "2020-04", "2020-05", "2020-06", "2020-07"], "y": [0.5157917737960815, -0.013892707414925098, 0.21546010673046112, 0.2965076267719269, -0.15315566956996918, -0.5492550134658813, -0.631317138671875, -0.5231539607048035, -0.8425511717796326, -2.027153253555298, -1.661889910697937, -0.8583741188049316, 0.015137716196477413, 0.4866252839565277, 0.9529146552085876, 0.808384358882904, 0.6119972467422485, 0.6302811503410339, 0.5507360696792603]}, "spi_12": {"px": ["2021-01", "2021-02", "2021-03", "2021-04", "2021-05", "2021-06", "2021-07", "2021-08", "2021-09", "2021-10", "2021-11", "2021-12"], "py": [1.4415768254710333, 2.122457785249262, 2.76215732165873, 2.5126889672911323, 2.8260317518905174, 2.760732853942412, 3.044888276567992, 2.7556276139622904, 2.582979525184137, 2.5647662217408858, 2.3407367117024993, 1.5709632398865097], "pt": [2.436088253631726, 3.3404805534044035, 4.168608866059178, 4.085149596289041, 4.548576065616753, 4.62129335974508, 5.033911121774847, 4.865304926196762, 4.806774669696994, 4.89710224550784, 4.7767822389378045, 4.106479813242959], "pb": [0.44706539731034045, 0.9044350170941202, 1.3557057772582821, 0.9402283382932244, 1.103487438164282, 0.9001723481397437, 1.0558654313611369, 0.6459503017278188, 0.35918438067128067, 0.23243019797393139, -0.0953088155328059, -0.9645533334699397], "x": ["2019-01", "2019-02", "2019-03", "2019-04", "2019-05", "2019-06", "2019-07", "2019-08", "2019-09", "2019-10", "2019-11", "2019-12", "2020-01", "2020-02", "2020-03", "2020-04", "2020-05", "2020-06", "2020-07", "2020-08", "2020-09", "2020-10", "2020-11", "2020-12"], "y": [-0.9250677824020386, -1.4768667221069336, -0.6453904509544373, -0.3548453152179718, -0.37131431698799133, -0.368848592042923, -0.33018332719802856, -0.38629209995269775, -0.3821328580379486, -0.3523430824279785, -0.41659292578697205, -0.7103794813156128, -0.545725405216217, -0.16799043118953705, 0.20292823016643524, 0.12069211155176163, 0.3507311940193176, 0.4288303852081299, 0.4157351553440094, 0.4131411015987396, 0.4207575023174286, 0.41855254769325256, 0.8181647062301636, 1.1436957120895386],