{"IIS3": {"px": [], "py": [], "pt": [], "pb": [], "x": ["2019-01", "2019-02", "2019-03", "2019-04", "2019-05", "2019-06", "2019-07", "2019-08", "2019-09", "2019-10", "2019-11", "2019-12", "2020-01", "2020-02", "2020-03", "2020-04", "2020-05", "2020-06", "2020-07", "2020-08", "2020-09", "2020-10", "2020-11", "2020-12"], "y": [NaN, NaN, NaN, NaN, NaN, NaN, NaN, NaN, NaN, NaN, NaN, NaN, NaN, NaN, NaN, NaN, NaN, NaN, NaN, NaN, NaN, NaN, NaN, NaN]}, "VHI": {"px": ["2021-01", "2021-02", "2021-03", "2021-04", "2021-05", "2021-06", "2021-07", "2021-08", "2021-09", "2021-10", "2021-11", "2021-12"], "py": [40.88227234439291, 47.103150213454555, 76.9253661135029, 87.58491738811463, 95.38202728706158, 91.46909269120123, 59.867411825693594, 103.81825108603906, 122.88198040433821, 99.1854828783345, 78.94503320793143, 57.821769027067205], "pt": [68.3694694903948, 80.76795386334246, 115.79813296418948, 131.04599193155138, 142.99124906512154, 142.8929295390564, 114.84180581050401, 162.12740124139196, 184.34522136738718, 163.64867382886186, 146.27464025688488, 127.9006458959841], "pb": [13.395075198391012, 13.438346563566654, 38.05259926281634, 44.12384284467787, 47.772805509001614, 40.04525584334603, 4.893017840883168, 45.509100930686145, 61.41873944128923, 34.722291927807134, 11.615426158977982, -12.257107841849702], "x": ["2019-01", "2019-02", "2019-03", "2019-04", "2019-05", "2019-06", "2019-07", "2019-08", "2019-09", "2019-10", "2019-11", "2019-12", "2020-01", "2020-02", "2020-03", "2020-04", "2020-05", "2020-06", "2020-07", "2020-08", "2020-09", "2020-10", "2020-11", "2020-12"], "y": [18.000207901000977, 22.472272872924805, 35.77408981323242, 36.054542541503906, 26.89472198486328, 27.883543014526367, 27.883543014526367, 54.3513298034668, 66.6304931640625, 53.80875015258789, 43.4642448425293, 32.048397064208984, 24.980749130249023, 29.770999908447266, 50.94693374633789, 57.94008255004883, 63.772640228271484, 62.21382522583008, 49.76520919799805, 49.66145706176758, 61.98849868774414, 51.81166458129883, 59.100830078125, 52.13999938964844]}, "spi_01": {"px": [], "py": [], "pt": [], "pb": [], "x": ["2019-01", "2019-02", "2019-03", "2019-04", "2019-05", "2019-06", "2019-07", "2019-08", "2019-09", "2019-10", "2019-11", "2019-12", "2020-01", "2020-02", "2020-03", "2020-04", "2020-05", "2020-06", "2020-07", "2020-08", "2020-09", "2020-10", "2020-11", "2020-12"], "y": [NaN, NaN, NaN, NaN, NaN, NaN, NaN, NaN, NaN, NaN, NaN, NaN, NaN, NaN, NaN, NaN, NaN, NaN, NaN, NaN, NaN, NaN, NaN, NaN]}, "spi_03": {"px": [], "py": [], "pt": [], "pb": [], "x": ["2019-01", "2019-02", "2019-03", "2019-04", "2019-05", "2019-06", "2019-07", "2019-08", "2019-09", "2019-10", "2019-11", "2019-12", "2020-01", "2020-02", "2020-03", "2020-04", "2020-05", "2020-06", "2020-07"], "y": [NaN, NaN, NaN, NaN, NaN, NaN, NaN, NaN, NaN, NaN, NaN, NaN, NaN, NaN, NaN, NaN, NaN, NaN, NaN]}, "spi_06": {"px": [], "py": [], "pt": [], "pb": [], "x": ["2019-01", "2019-02", "2019-03", "2019-04", "2019-05", "2019-06", "2019-07", "2019-08", "2019-09", "2019-10", "2019-11", "2019-12", "2020-01", "2020-02", "2020-03", "2020-04", "2020-05", "2020-06", "2020-07"], "y": [NaN, NaN, NaN, NaN, NaN, NaN, NaN, NaN, NaN, NaN, NaN, NaN, NaN, NaN, NaN, NaN, NaN, NaN, NaN]}, "spi_12": {"px": [], "py": [], "pt": [], "pb": [], "x": ["2019-01", "2019-02", "2019-03", "2019-04", "2019-05", "2019-06", "2019-07", "2019-08", "2019-09", "2019-10", "2019-11", "2019-12", "2020-01", "2020-02", "2020-03", "2020-04", "2020-05", "2020-06", "2020-07", "2020-08", "2020-09", "2020-10", "2020-11", "2020-12"], "y": [NaN, NaN, NaN, NaN, NaN, NaN, NaN, NaN, NaN, NaN, NaN, NaN, NaN, NaN, NaN, NaN, NaN, NaN, NaN, NaN, NaN, NaN, NaN, NaN], "geox": [-37.41107731799245, -37.409757240515134, -37.41173525413033, -37.413407262757126, -37.41053622784913, -37.41181723142532, -37.40957720901739, -37.40892919968241, -37.40747918426028, -37.40703417637293, -37.40519515651271, -37.40503115060032, -37.40505415009862, -37.40618715987127, -37.40632816000108, -37.40505614534932, -37.40434913579038, -37.40489313570121, -37.4033981158914, -37.40279110785584, -37.405714129290885, -37.404002109732176, -37.405188094980126, -37.407948111035964, -37.408279109780025, -37.39854603393439, -37.3943830014697, -37.39435900408384, -37.39392300127774, -37.39248898930229, -37.39226598848394, -37.39314099810734, -37.39076398378587, -37.39140399413177, -37.392375003743304, -37.39268501151313, -37.39419702482093, -37.39468803012222, -37.393124020218536, -37.39410402951531, -37.39557104291188, -37.395666044690024, -37.39317202466972, -37.391133006381864, -37.38968699630303, -37.38777997823428, -37.38693597096087, -37.386866972291585, -37.3880579841505, -37.38669997290853, -37.385581964912504, -37.387593984634826, -37.38679498089832, -37.3875829891295, -37.38550297482117, -37.39024002123956, -37.391545035090125, -37.39168803910921, -37.39088003272232, -37.389271018430875, -37.387859007451866, -37.384378974372495, -37.38275895768299, -37.378190918726204, -37.376527907337916, -37.37734991633347, -37.37692991450914, -37.37630090959579, -37.37365188577704, -37.37459989891331, -37.37364889232711, -37.3716818720563, -37.36914585234398, -37.367271833545104, -37.36287279526129, -37.361975788218814, -37.361762788474024, -37.358613761260315, -37.35628574219047, -37.356868749507676, -37.35956577295332, -37.360720784137975, -37.36076478694563, -37.35923277670817, -37.3595527825505, -37.3579197692617, -37.354305735838466, -37.35021670166874, -37.35016770223021, -37.35166271742142, -37.34932470076635, -37.35024871145256, -37.347933692716175, -37.34487566647757, -37.34528767496489, -37.34882870665806, -37.35138073150234, -37.35276174186005, -37.35396675235915, -37.356719783041385, -37.356367781398475, -37.35229274464381, -37.34961072282069, -37.34992973084599, -37.350695739430776, -37.35067774229487, -37.348931730648424, -37.34560470124053, -37.34393768749788, -37.34120666159606, -37.34010065209519, -37.339840651231846, -37.341967673091965, -37.34296768496498, -37.344322697672396, -37.34648072051229, -37.347043726626005, -37.346495723832255, -37.34784973642327, -37.34837174247129, -37.34689273038422, -37.34374570063428, -37.34190868541865, -37.3350296241669, -37.33369661358764, -37.333404616770366, -37.32963058977968, -37.32980859338775, -37.33184561459174, -37.32925059284594, -37.32549355982143, -37.32438155150038, -37.32531556231774, -37.329198596717525, -37.332436627274575, -37.334416647290624, -37.33262163374091, -37.332060631347616, -37.33088362179668, -37.328864603755385, -37.32436056531909, -37.32228654772308, -37.31843851285261, -37.31506147994217, -37.31390846994214, -37.31176944963446, -37.309532425502766, -37.30843241490048, -37.30433738308972, -37.30396238526164, -37.30282037626046, -37.29474030138624, -37.29293228708563, -37.292222284036676, -37.29392830178217, -37.29573731891741, -37.29478231852907, -37.29364030942816, -37.29172429053493, -37.28994127481165, -37.290382281655525, -37.28772926145193, -37.2884382688921, -37.291662299123004, -37.29245830801464, -37.29213430965512, -37.290470299433174, -37.28884328527893, -37.282737227495346, -37.28083920824843, -37.2759411659534, -37.27484015858485, -37.349567853600526, -37.354264888475534, -37.35620490463865, -37.35714091316858, -37.35991893529441, -37.3620209448004, -37.36555997154952, -37.368376989207555, -37.36948199438915, -37.36874898000711, -37.372005003836854, -37.41107731799245],