{"IIS3": {"px": [], "py": [], "pt": [], "pb": [], "x": ["2019-01", "2019-02", "2019-03", "2019-04", "2019-05", "2019-06", "2019-07", "2019-08", "2019-09", "2019-10", "2019-11", "2019-12", "2020-01", "2020-02", "2020-03", "2020-04", "2020-05", "2020-06", "2020-07", "2020-08", "2020-09", "2020-10", "2020-11", "2020-12"], "y": [NaN, NaN, NaN, NaN, NaN, NaN, NaN, NaN, NaN, NaN, NaN, NaN, NaN, NaN, NaN, NaN, NaN, NaN, NaN, NaN, NaN, NaN, NaN, NaN]}, "VHI": {"px": ["2021-01", "2021-02", "2021-03", "2021-04", "2021-05", "2021-06", "2021-07", "2021-08", "2021-09", "2021-10", "2021-11", "2021-12"], "py": [51.64339582669386, 52.55885369535656, 54.372168797542756, 56.02491288755323, 50.039609399147665, 53.97046374653996, 56.407015484593344, 59.149214323151085, 51.555273563723134, 54.45783944329153, 52.53822588366313, 45.10828253288825], "pt": [57.22155693641692, 58.47326300987119, 60.60471191518006, 62.56012136829804, 56.86407319203202, 61.07241152401484, 63.77600580943236, 66.77590263336553, 59.43123260086601, 62.57541832669902, 60.890437752499665, 53.688713715266246], "pb": [46.06523471697081, 46.64444438084193, 48.13962567990545, 49.489704406808414, 43.215145606263306, 46.868515969065086, 49.038025159754326, 51.52252601293664, 43.67931452658026, 46.340260559884044, 44.1860140148266, 36.52785135051026], "x": ["2019-01", "2019-02", "2019-03", "2019-04", "2019-05", "2019-06", "2019-07", "2019-08", "2019-09", "2019-10", "2019-11", "2019-12", "2020-01", "2020-02", "2020-03", "2020-04", "2020-05", "2020-06", "2020-07", "2020-08", "2020-09", "2020-10", "2020-11", "2020-12"], "y": [57.797855377197266, 56.23749923706055, 61.77321243286133, 62.90885543823242, 61.097320556640625, 62.41535186767578, 62.41535186767578, 65.27356719970703, 57.17042922973633, 59.98999786376953, 57.541996002197266, 49.278263092041016, 53.87150192260742, 54.96533203125, 56.692264556884766, 57.91783142089844, 51.51285934448242, 55.499568939208984, 61.30106735229492, 66.07482147216797, 49.09699630737305, 52.96328353881836, 52.613033294677734, 50.010711669921875]}, "spi_01": {"px": [], "py": [], "pt": [], "pb": [], "x": ["2019-01", "2019-02", "2019-03", "2019-04", "2019-05", "2019-06", "2019-07", "2019-08", "2019-09", "2019-10", "2019-11", "2019-12", "2020-01", "2020-02", "2020-03", "2020-04", "2020-05", "2020-06", "2020-07", "2020-08", "2020-09", "2020-10", "2020-11", "2020-12"], "y": [NaN, NaN, NaN, NaN, NaN, NaN, NaN, NaN, NaN, NaN, NaN, NaN, NaN, NaN, NaN, NaN, NaN, NaN, NaN, NaN, NaN, NaN, NaN, NaN]}, "spi_03": {"px": [], "py": [], "pt": [], "pb": [], "x": ["2019-01", "2019-02", "2019-03", "2019-04", "2019-05", "2019-06", "2019-07", "2019-08", "2019-09", "2019-10", "2019-11", "2019-12", "2020-01", "2020-02", "2020-03", "2020-04", "2020-05", "2020-06", "2020-07"], "y": [NaN, NaN, NaN, NaN, NaN, NaN, NaN, NaN, NaN, NaN, NaN, NaN, NaN, NaN, NaN, NaN, NaN, NaN, NaN]}, "spi_06": {"px": [], "py": [], "pt": [], "pb": [], "x": ["2019-01", "2019-02", "2019-03", "2019-04", "2019-05", "2019-06", "2019-07", "2019-08", "2019-09", "2019-10", "2019-11", "2019-12", "2020-01", "2020-02", "2020-03", "2020-04", "2020-05", "2020-06", "2020-07"], "y": [NaN, NaN, NaN, NaN, NaN, NaN, NaN, NaN, NaN, NaN, NaN, NaN, NaN, NaN, NaN, NaN, NaN, NaN, NaN]}, "spi_12": {"px": [], "py": [], "pt": [], "pb": [], "x": ["2019-01", "2019-02", "2019-03", "2019-04", "2019-05", "2019-06", "2019-07", "2019-08", "2019-09", "2019-10", "2019-11", "2019-12", "2020-01", "2020-02", "2020-03", "2020-04", "2020-05", "2020-06", "2020-07", "2020-08", "2020-09", "2020-10", "2020-11", "2020-12"], "y": [NaN, NaN, NaN, NaN, NaN, NaN, NaN, NaN, NaN, NaN, NaN, NaN, NaN, NaN, NaN, NaN, NaN, NaN, NaN, NaN, NaN, NaN, NaN, NaN], "geox": [-44.644921278381275, -44.64260224819863, -44.64154423765055, -44.63885821586552, -44.63748519437937, -44.635338172109996, -44.63150014197734, -44.628106112141154, -44.62591509010517, -44.62447707244703, -44.620339032341136, -44.61917101838439, -44.61967701348597, -44.61880699916553, -44.616114973258924, -44.61341794261854, -44.6124209332257, -44.60892290814294, -44.60642688035034, -44.606663879870716, -44.60509186534066, -44.595088790379656, -44.59050075157255, -44.58644271120263, -44.58436669415304, -44.58313868648892, -44.58129367048434, -44.58163367644349, -44.578785659917315, -44.57670265374361, -44.57619866976835, -44.572226655535175, -44.566761606844146, -44.56372958947522, -44.56227457867118, -44.56072156121742, -44.55863854421319, -44.554810501670836, -44.55101846982681, -44.54733443066799, -44.54561141604931, -44.542468408347176, -44.53542136272476, -44.532810349142046, -44.531171351563735, -44.531252360222425, -44.52941835411472, -44.53003037156883, -44.524719320452434, -44.52091628105088, -44.51958025745684, -44.517694231748024, -44.51602921402456, -44.510111161562925, -44.505667128109145, -44.50197009629405, -44.49994408159456, -44.49989108432485, -44.497695068382654, -44.49711306940486, -44.49281204148564, -44.490698019650914, -44.49392604182195, -44.494049038499725, -44.49286802364208, -44.4848239696193, -44.482736953634735, -44.480089928580625, -44.47686288907881, -44.475390874360876, -44.47383786277973, -44.47147584078589, -44.46813681945536, -44.46480979341821, -44.46011175197264, -44.458952743648, -44.45721973505767, -44.45634373512252, -44.457057752571956, -44.45927577877927, -44.458175772918224, -44.455645754066595, -44.457310784777924, -44.45516877179255, -44.45352976581532, -44.451320750513275, -44.45019474369525, -44.449424749193966, -44.4479737442807, -44.44872275477287, -44.44872276350294, -44.44245271721017, -44.44269972459508, -44.440535721522586, -44.441221741728576, -44.43891772919431, -44.4384937297983, -44.4403027645053, -44.440691784292945, -44.44406182777419, -44.444084833377715, -44.4417278222606, -44.442328834323284, -44.446200862008105, -44.453776921237825, -44.46016498739917, -44.46536303494053, -44.46989310317924, -44.478362197255784, -44.484531254935966, -44.48619528020263, -44.48699930007029, -44.490189341012645, -44.49358836487859, -44.49618839600417, -44.50189044191863, -44.503778454875174, -44.50497045697817, -44.5145235285404, -44.51958056668049, -44.522410599797986, -44.52083759496619, -44.52383862460204, -44.52397462930269, -44.525774649639196, -44.526997658240255, -44.52850467262441, -44.52991768242154, -44.529237669789204, -44.530229673418916, -44.534832710334875, -44.538416742918386, -44.542562777406566, -44.54467280277531, -44.546588815648185, -44.54797082121982, -44.549616834410216, -44.552281861175636, -44.55455487999039, -44.55749591399323, -44.55866392489144, -44.559384923750045, -44.559120902038245, -44.56075490029892, -44.565702944472605, -44.56830297318643, -44.57158499766767, -44.575322029091595, -44.57777703662307, -44.58212606507403, -44.59001711151432, -44.59345013389999, -44.59767116569078, -44.60114918346182, -44.605533216039916, -44.60924623099575, -44.60300515205488, -44.59571909634294, -44.591405060219024, -44.588779032552445, -44.58568696867311, -44.5830319362972, -44.583818930823675, -44.58666395173204, -44.59167298048594, -44.59356198805159, -44.59511899934097, -44.59838602819541, -44.60222305268464, -44.60416206998902, -44.60742308822786, -44.611468123999046, -44.61456313462233, -44.618064166068635, -44.62136519313683, -44.62514622023968, -44.62561022127344, -44.624459201718906, -44.62055915346412, -44.62075314686532, -44.62434216979634, -44.628225198836375, -44.632141230876144, -44.63249223080697, -44.63147821548578, -44.6331762226692, -44.64197627937692, -44.64467029316915, -44.645389292484104, -44.644921278381275],