{"IIS3": {"px": [], "py": [], "pt": [], "pb": [], "x": ["2019-01", "2019-02", "2019-03", "2019-04", "2019-05", "2019-06", "2019-07", "2019-08", "2019-09", "2019-10", "2019-11", "2019-12", "2020-01", "2020-02", "2020-03", "2020-04", "2020-05", "2020-06", "2020-07", "2020-08", "2020-09", "2020-10", "2020-11", "2020-12"], "y": [NaN, NaN, NaN, NaN, NaN, NaN, NaN, NaN, NaN, NaN, NaN, NaN, NaN, NaN, NaN, NaN, NaN, NaN, NaN, NaN, NaN, NaN, NaN, NaN]}, "VHI": {"px": ["2021-01", "2021-02", "2021-03", "2021-04", "2021-05", "2021-06", "2021-07", "2021-08", "2021-09", "2021-10", "2021-11", "2021-12"], "py": [95.34434275010615, 165.16452647909003, 224.59502883849862, 292.2848741611475, 286.0988583864186, 243.3536059727464, 268.5615622643348, 246.81774454682383, 304.3523571175859, 189.68972872892195, 90.60691559640746, 56.57884707344592], "pt": [161.72452642362924, 246.46331579336135, 318.4707845126976, 397.24115964628425, 401.07270855363333, 367.5395576005725, 401.3219288695245, 387.6313777666936, 452.78295928578984, 345.36505760106934, 253.20449361922692, 225.8157719401029], "pb": [28.964159076583073, 83.8657371648187, 130.71927316429964, 187.32858867601078, 171.1250082192039, 119.1676543449203, 135.801195659145, 106.00411132695407, 155.92175494938195, 34.01439985677456, -71.99066242641202, -112.65807779321105], "x": ["2019-01", "2019-02", "2019-03", "2019-04", "2019-05", "2019-06", "2019-07", "2019-08", "2019-09", "2019-10", "2019-11", "2019-12", "2020-01", "2020-02", "2020-03", "2020-04", "2020-05", "2020-06", "2020-07", "2020-08", "2020-09", "2020-10", "2020-11", "2020-12"], "y": [28.056264877319336, 28.0057373046875, 41.029998779296875, 55.35598373413086, 59.22922134399414, 50.843048095703125, 50.843048095703125, 45.61296081542969, 57.86956787109375, 34.186073303222656, 13.436415672302246, 6.287293434143066, 16.16648292541504, 32.72213363647461, 47.249267578125, 63.19998550415039, 63.78852844238281, 57.175106048583984, 55.86009216308594, 65.11318969726562, 61.59537124633789, 37.98321533203125, 52.74003219604492, 51.997520446777344]}, "spi_01": {"px": ["2021-01", "2021-02", "2021-03", "2021-04", "2021-05", "2021-06", "2021-07", "2021-08", "2021-09", "2021-10", "2021-11", "2021-12"], "py": [0.453122954902514, -1.0936763748918326, 1.360440140741189, 1.309896641122685, -0.39825762816527854, 0.1643336488957785, 1.4789669821507596, 1.566881479892328, 1.0922597658309612, -0.050248686939198706, -0.8285191817275699, -0.7083550563748817], "pt": [2.4359156918695986, 0.889116362075252, 3.3432328777082736, 3.2926893780897704, 1.5845351088018065, 2.1471263858628635, 3.461759719117845, 3.5496742168594135, 3.075052502798047, 1.9325440500278876, 1.1542735552395165, 1.2744376805922055], "pb": [-1.5296697820645704, -3.076469111858917, -0.6223525962258956, -0.6728960958444001, -2.3810503651323636, -1.818459088071307, -0.5038257548163259, -0.41591125707475785, -0.8905329711361247, -2.033041423906285, -2.8113119186946562, -2.6911477933419685], "x": ["2019-01", "2019-02", "2019-03", "2019-04", "2019-05", "2019-06", "2019-07", "2019-08", "2019-09", "2019-10", "2019-11", "2019-12", "2020-01", "2020-02", "2020-03", "2020-04", "2020-05", "2020-06", "2020-07", "2020-08", "2020-09", "2020-10", "2020-11", "2020-12"], "y": [-0.5254948139190674, -0.2792503833770752, 0.6949737071990967, -0.027801845222711563, 0.7534570693969727, 1.7444076538085938, 1.8622257709503174, 1.9820703268051147, 1.4582412242889404, 0.28040313720703125, -0.5851300954818726, -0.5231559872627258, 0.5458686351776123, -1.0935111045837402, 1.2655612230300903, 1.1782307624816895, -0.41478240489959717, 0.16946309804916382, 0.6423860192298889, 0.8947840332984924, 0.6609948873519897, 0.2360558807849884, 1.2240294218063354, -1.8295844793319702]}, "spi_03": {"px": [], "py": [], "pt": [], "pb": [], "x": ["2019-01", "2019-02", "2019-03", "2019-04", "2019-05", "2019-06", "2019-07", "2019-08", "2019-09", "2019-10", "2019-11", "2019-12", "2020-01", "2020-02", "2020-03", "2020-04", "2020-05", "2020-06", "2020-07"], "y": [-0.2326771467924118, -0.20184482634067535, -0.36597660183906555, -0.015137044712901115, 0.524917721748352, 1.1408717632293701, 1.9794974327087402, 2.4904141426086426, 2.2620296478271484, 1.4285075664520264, 0.06923943758010864, -1.2530828714370728, -0.6562085747718811, -0.6473446488380432, 0.3460083603858948, 0.5514366626739502, 1.3457379341125488, 0.8546208739280701, 0.1710307002067566]}, "spi_06": {"px": [], "py": [], "pt": [], "pb": [], "x": ["2019-01", "2019-02", "2019-03", "2019-04", "2019-05", "2019-06", "2019-07", "2019-08", "2019-09", "2019-10", "2019-11", "2019-12", "2020-01", "2020-02", "2020-03", "2020-04", "2020-05", "2020-06", "2020-07"], "y": [-0.34873926639556885, -0.7335810661315918, -0.4321520924568176, -0.3413883447647095, -0.0847010686993599, -0.08787873387336731, 0.82725989818573, 1.904207468032837, 2.4501237869262695, 2.087285041809082, 1.885972261428833, 0.582545280456543, 0.33700257539749146, -0.8154807090759277, -0.4861449599266052, -0.15909184515476227, 0.09639964997768402, 0.5107669830322266, 0.5270215272903442]}, "spi_12": {"px": ["2021-01", "2021-02", "2021-03", "2021-04", "2021-05", "2021-06", "2021-07", "2021-08", "2021-09", "2021-10", "2021-11", "2021-12"], "py": [1.3606818489442003, 1.0255925254046545, 1.4416050225917245, 1.9587385242168334, 1.9712337812389498, 1.6209480839620691, 1.1647925636927385, 1.5957401131213182, 1.8969036652809659, 1.9827388813942668, 1.7310216936851983, 0.6389831525627128], "pt": [2.269116177805952, 2.138192807910972, 2.7263251662073573, 3.3950993097405853, 3.544688186351803, 3.3204730834097615, 2.9816612112636944, 3.52282032455647, 3.9282245656026227, 4.113206214835975, 3.956222250408313, 2.95504532280329], "pb": [0.4522475200824485, -0.08700775710166275, 0.1568848789760917, 0.5223777386930819, 0.39777937612609615, -0.07857691548562351, -0.6520760838782176, -0.33134009831383393, -0.13441723504069092, -0.14772845204744112, -0.49417886303791647, -1.6770790176778645], "x": ["2019-01", "2019-02", "2019-03", "2019-04", "2019-05", "2019-06", "2019-07", "2019-08", "2019-09", "2019-10", "2019-11", "2019-12", "2020-01", "2020-02", "2020-03", "2020-04", "2020-05", "2020-06", "2020-07", "2020-08", "2020-09", "2020-10", "2020-11", "2020-12"], "y": [0.42122551798820496, 0.2695927321910858, 0.29840701818466187, 0.2086656391620636, -0.08538976311683655, 0.0045106494799256325, 0.3431219458580017, 0.645016074180603, 0.8763408064842224, 1.002870798110962, 0.9251785278320312, 0.19992417097091675, 0.8491653203964233, 0.5720715522766113, 0.8368425369262695, 1.125434160232544, 1.070932149887085, 0.8313771486282349, 0.570330023765564, 0.23954907059669495, 0.030942440032958984, 0.01934758573770523, 0.8492507338523865, 0.5679804086685181],