{"IIS3": {"px": [], "py": [], "pt": [], "pb": [], "x": ["2019-01", "2019-02", "2019-03", "2019-04", "2019-05", "2019-06", "2019-07", "2019-08", "2019-09", "2019-10", "2019-11", "2019-12", "2020-01", "2020-02", "2020-03", "2020-04", "2020-05", "2020-06", "2020-07", "2020-08", "2020-09", "2020-10", "2020-11", "2020-12"], "y": [NaN, NaN, NaN, NaN, NaN, NaN, NaN, NaN, NaN, NaN, NaN, NaN, NaN, NaN, NaN, NaN, NaN, NaN, NaN, NaN, NaN, NaN, NaN, NaN]}, "VHI": {"px": ["2021-01", "2021-02", "2021-03", "2021-04", "2021-05", "2021-06", "2021-07", "2021-08", "2021-09", "2021-10", "2021-11", "2021-12"], "py": [54.7149487738219, 57.29040820546868, 63.36633363950409, 70.81356346425328, 76.99099137867907, 64.06814572066325, 44.23576358131399, 60.12580205899741, 69.1172304969616, 77.16406848955792, 77.49278101107086, 64.83909679878995], "pt": [77.0074418224955, 84.59302466955754, 94.89267953060144, 106.06108968532425, 115.60272177457122, 105.7735811413016, 88.82074942952315, 107.41532079777278, 118.96476004462284, 129.44459853148592, 132.0980137358282, 121.67402497139247], "pb": [32.42245572514831, 29.98779174137983, 31.83998774840674, 35.56603724318231, 38.379260982786924, 22.362710300024894, -0.34922226689516833, 12.836283320222037, 19.269700949300343, 24.883538447629917, 22.88754828631351, 8.004168626187436], "x": ["2019-01", "2019-02", "2019-03", "2019-04", "2019-05", "2019-06", "2019-07", "2019-08", "2019-09", "2019-10", "2019-11", "2019-12", "2020-01", "2020-02", "2020-03", "2020-04", "2020-05", "2020-06", "2020-07", "2020-08", "2020-09", "2020-10", "2020-11", "2020-12"], "y": [40.81749725341797, 44.61874771118164, 48.10499954223633, 47.65850067138672, 21.71875, 22.93375015258789, 22.93375015258789, 33.069000244140625, 38.374000549316406, 43.301246643066406, 44.89999771118164, 38.46200180053711, 35.40082931518555, 38.081668853759766, 43.12733459472656, 49.28582763671875, 55.23749542236328, 46.68499755859375, 39.347496032714844, 42.36124801635742, 45.91299819946289, 52.60399627685547, 67.23500061035156, 60.27499771118164]}, "spi_01": {"px": [], "py": [], "pt": [], "pb": [], "x": ["2019-01", "2019-02", "2019-03", "2019-04", "2019-05", "2019-06", "2019-07", "2019-08", "2019-09", "2019-10", "2019-11", "2019-12", "2020-01", "2020-02", "2020-03", "2020-04", "2020-05", "2020-06", "2020-07", "2020-08", "2020-09", "2020-10", "2020-11", "2020-12"], "y": [NaN, NaN, NaN, NaN, NaN, NaN, NaN, NaN, NaN, NaN, NaN, NaN, NaN, NaN, NaN, NaN, NaN, NaN, NaN, NaN, NaN, NaN, NaN, NaN]}, "spi_03": {"px": [], "py": [], "pt": [], "pb": [], "x": ["2019-01", "2019-02", "2019-03", "2019-04", "2019-05", "2019-06", "2019-07", "2019-08", "2019-09", "2019-10", "2019-11", "2019-12", "2020-01", "2020-02", "2020-03", "2020-04", "2020-05", "2020-06", "2020-07"], "y": [NaN, NaN, NaN, NaN, NaN, NaN, NaN, NaN, NaN, NaN, NaN, NaN, NaN, NaN, NaN, NaN, NaN, NaN, NaN]}, "spi_06": {"px": [], "py": [], "pt": [], "pb": [], "x": ["2019-01", "2019-02", "2019-03", "2019-04", "2019-05", "2019-06", "2019-07", "2019-08", "2019-09", "2019-10", "2019-11", "2019-12", "2020-01", "2020-02", "2020-03", "2020-04", "2020-05", "2020-06", "2020-07"], "y": [NaN, NaN, NaN, NaN, NaN, NaN, NaN, NaN, NaN, NaN, NaN, NaN, NaN, NaN, NaN, NaN, NaN, NaN, NaN]}, "spi_12": {"px": [], "py": [], "pt": [], "pb": [], "x": ["2019-01", "2019-02", "2019-03", "2019-04", "2019-05", "2019-06", "2019-07", "2019-08", "2019-09", "2019-10", "2019-11", "2019-12", "2020-01", "2020-02", "2020-03", "2020-04", "2020-05", "2020-06", "2020-07", "2020-08", "2020-09", "2020-10", "2020-11", "2020-12"], "y": [NaN, NaN, NaN, NaN, NaN, NaN, NaN, NaN, NaN, NaN, NaN, NaN, NaN, NaN, NaN, NaN, NaN, NaN, NaN, NaN, NaN, NaN, NaN, NaN], "geox": [-36.8815443102968, -36.87697627085897, -36.870528222198644, -36.86736719683961, -36.86429517084353, -36.86166214583551, -36.85857912021663, -36.854402082598725, -36.85132305596985, -36.84860103452687, -36.847999036704145, -36.848541043262244, -36.8472590365395, -36.84691104301742, -36.84564503576687, -36.84343401972118, -36.84935707768185, -36.85207409987842, -36.85580712619574, -36.85785313652162, -36.86027815489234, -36.867570248674305, -36.87726835848118, -36.93187384184652, -36.94398895444524, -36.8815443102968], "geoy": [-10.144792300536352, -10.146126315117035, -10.154767386000632, -10.157554409964908, -10.15896242357531, -10.157543415696846, -10.159411432742747, -10.159142434996886, -10.160005444558362, -10.162790468063701, -10.170068522851011, -10.17171653456406, -10.17627556980239, -10.18549463876241, -10.189403669142063, -10.192979698008815, -10.197781727679525, -10.19577070994093, -10.188995655722568, -10.18134359670047, -10.178164570570472, -10.205613767295041, -10.227739921846592, -10.223355833198534, -10.22753685179762, -10.144792300536352]}}