{"IIS3": {"px": [], "py": [], "pt": [], "pb": [], "x": ["2019-01", "2019-02", "2019-03", "2019-04", "2019-05", "2019-06", "2019-07", "2019-08", "2019-09", "2019-10", "2019-11", "2019-12", "2020-01", "2020-02", "2020-03", "2020-04", "2020-05", "2020-06", "2020-07", "2020-08", "2020-09", "2020-10", "2020-11", "2020-12"], "y": [NaN, NaN, NaN, NaN, NaN, NaN, NaN, NaN, NaN, NaN, NaN, NaN, NaN, NaN, NaN, NaN, NaN, NaN, NaN, NaN, NaN, NaN, NaN, NaN]}, "VHI": {"px": ["2021-01", "2021-02", "2021-03", "2021-04", "2021-05", "2021-06", "2021-07", "2021-08", "2021-09", "2021-10", "2021-11", "2021-12"], "py": [56.49222448688431, 77.46750949608924, 97.18968735190629, 90.6583611780089, 97.28247774683558, 86.13109917900445, 90.50073064743142, 104.26638345227741, 103.22043835372608, 78.97627990443682, 55.54194628442707, 57.12664736943519], "pt": [80.25787153050138, 105.22563225667469, 128.4342193372262, 125.03754352389416, 134.53345865421002, 126.04779967330285, 132.91594464125055, 149.04090497882663, 150.2360227669966, 128.1308583027032, 106.74624275748937, 110.30171085873633], "pb": [32.726577443267246, 49.709386735503784, 65.94515536658636, 56.27917883212365, 60.03149683946114, 46.214398684706055, 48.0855166536123, 59.4918619257282, 56.204853940455564, 29.82170150617047, 4.337649811364756, 3.951583880134038], "x": ["2019-01", "2019-02", "2019-03", "2019-04", "2019-05", "2019-06", "2019-07", "2019-08", "2019-09", "2019-10", "2019-11", "2019-12", "2020-01", "2020-02", "2020-03", "2020-04", "2020-05", "2020-06", "2020-07", "2020-08", "2020-09", "2020-10", "2020-11", "2020-12"], "y": [33.103126525878906, 46.68187713623047, 64.2249984741211, 73.02049255371094, 55.11437225341797, 55.3849983215332, 55.3849983215332, 64.65349578857422, 63.26350021362305, 45.079376220703125, 28.320999145507812, 29.29559898376465, 30.02199935913086, 44.13249969482422, 57.07999801635742, 52.32600021362305, 58.19562530517578, 52.74800109863281, 53.8493766784668, 59.96500015258789, 58.46649932861328, 46.95499801635742, 59.354373931884766, 55.30833053588867]}, "spi_01": {"px": [], "py": [], "pt": [], "pb": [], "x": ["2019-01", "2019-02", "2019-03", "2019-04", "2019-05", "2019-06", "2019-07", "2019-08", "2019-09", "2019-10", "2019-11", "2019-12", "2020-01", "2020-02", "2020-03", "2020-04", "2020-05", "2020-06", "2020-07", "2020-08", "2020-09", "2020-10", "2020-11", "2020-12"], "y": [NaN, NaN, NaN, NaN, NaN, NaN, NaN, NaN, NaN, NaN, NaN, NaN, NaN, NaN, NaN, NaN, NaN, NaN, NaN, NaN, NaN, NaN, NaN, NaN]}, "spi_03": {"px": [], "py": [], "pt": [], "pb": [], "x": ["2019-01", "2019-02", "2019-03", "2019-04", "2019-05", "2019-06", "2019-07", "2019-08", "2019-09", "2019-10", "2019-11", "2019-12", "2020-01", "2020-02", "2020-03", "2020-04", "2020-05", "2020-06", "2020-07"], "y": [NaN, NaN, NaN, NaN, NaN, NaN, NaN, NaN, NaN, NaN, NaN, NaN, NaN, NaN, NaN, NaN, NaN, NaN, NaN]}, "spi_06": {"px": [], "py": [], "pt": [], "pb": [], "x": ["2019-01", "2019-02", "2019-03", "2019-04", "2019-05", "2019-06", "2019-07", "2019-08", "2019-09", "2019-10", "2019-11", "2019-12", "2020-01", "2020-02", "2020-03", "2020-04", "2020-05", "2020-06", "2020-07"], "y": [NaN, NaN, NaN, NaN, NaN, NaN, NaN, NaN, NaN, NaN, NaN, NaN, NaN, NaN, NaN, NaN, NaN, NaN, NaN]}, "spi_12": {"px": [], "py": [], "pt": [], "pb": [], "x": ["2019-01", "2019-02", "2019-03", "2019-04", "2019-05", "2019-06", "2019-07", "2019-08", "2019-09", "2019-10", "2019-11", "2019-12", "2020-01", "2020-02", "2020-03", "2020-04", "2020-05", "2020-06", "2020-07", "2020-08", "2020-09", "2020-10", "2020-11", "2020-12"], "y": [NaN, NaN, NaN, NaN, NaN, NaN, NaN, NaN, NaN, NaN, NaN, NaN, NaN, NaN, NaN, NaN, NaN, NaN, NaN, NaN, NaN, NaN, NaN, NaN], "geox": [-35.22732068824409, -35.22406765741436, -35.22144963337039, -35.218192603003985, -35.21672058878399, -35.21686658911141, -35.21809359914316, -35.21792959618019, -35.216458582316825, -35.21476456750343, -35.2141405611327, -35.212749548187645, -35.210052524498074, -35.20734749962173, -35.205797484896436, -35.20338546031983, -35.20168244411427, -35.19983142763504, -35.19722540678485, -35.194063378548556, -35.18965933814095, -35.1847682898104, -35.1822182664527, -35.174964201205434, -35.16819014272559, -35.16549211870418, -35.16705913615528, -35.16427111535027, -35.1580550733717, -35.15952109238644, -35.129956828784344, -35.126098792913844, -35.12459277839981, -35.10541462746686, -35.10096259330689, -35.10651664259723, -35.10959966987393, -35.118991757389736, -35.12385780196062, -35.12826584122357, -35.13263388097249, -35.138530935286724, -35.14167596345212, -35.14322697785586, -35.14925903233068, -35.1523560591399, -35.15506508333496, -35.15552008829654, -35.158040112143055, -35.16097113891567, -35.1625671543075, -35.16658619184476, -35.16917121504582, -35.17132823577205, -35.175910278225466, -35.17886830657169, -35.17912030909004, -35.17907430700097, -35.17905430524355, -35.181289321543254, -35.180826314596075, -35.17833428882319, -35.17715527537455, -35.177794280927365, -35.18156831355708, -35.184988342193414, -35.18988138531879, -35.193891419655834, -35.196402439960124, -35.19794845338855, -35.199010460624955, -35.2020444871564, -35.20554651530319, -35.20836353876284, -35.21386458302165, -35.217671616475734, -35.22375966862392, -35.225590679921105, -35.22771969744708, -35.22732068824409], "geoy": [-6.869058338477426, -6.866828322723154, -6.866195319369777, -6.8647223096931205, -6.863306299294828, -6.861807287161825, -6.860230273689149, -6.857984255761691, -6.857093249576579, -6.857812256467486, -6.856692247884532, -6.856099244039177, -6.857086253743674, -6.856385249896746, -6.855270241962987, -6.851014209367048, -6.849748200318972, -6.850094204316976, -6.85414823859827, -6.854612244408269, -6.853622239355786, -6.847281191630291, -6.846769189193676, -6.847138196929365, -6.85121123411467, -6.851727240036147, -6.856739279279653, -6.863366334363927, -6.884790510579175, -6.893513579672779, -6.898690640819643, -6.897154631032014, -6.895782621005036, -6.929463904281641, -6.938589980537039, -6.937235965969942, -6.936359956885047, -6.940336982573337, -6.941243986617215, -6.940398976898965, -6.940827977435349, -6.942387986031724, -6.942019980983106, -6.942608984677843, -6.942589980506958, -6.940843964430152, -6.940433959334938, -6.941710969280753, -6.9433379806589395, -6.943787982316647, -6.945251993000886, -6.947109005221799, -6.946893001764429, -6.948759015297299, -6.950368025148403, -6.952813042788224, -6.953176045531937, -6.950673025483197, -6.948314006571556, -6.942502958459695, -6.938358925519315, -6.933455887837132, -6.929251854885427, -6.928925851843974, -6.926752831894132, -6.923384802590463, -6.921804786656794, -6.919001761496646, -6.915448731314846, -6.914654723915603, -6.911120694848969, -6.909831682489325, -6.904618638327867, -6.901656612686696, -6.893533543844292, -6.892168530365629, -6.887954492510508, -6.880069428010555, -6.877523406165749, -6.869058338477426]}}