{"IIS3": {"px": [], "py": [], "pt": [], "pb": [], "x": ["2019-01", "2019-02", "2019-03", "2019-04", "2019-05", "2019-06", "2019-07", "2019-08", "2019-09", "2019-10", "2019-11", "2019-12", "2020-01", "2020-02", "2020-03", "2020-04", "2020-05", "2020-06", "2020-07", "2020-08", "2020-09", "2020-10", "2020-11", "2020-12"], "y": [NaN, NaN, NaN, NaN, NaN, NaN, NaN, NaN, NaN, NaN, NaN, NaN, NaN, NaN, NaN, NaN, NaN, NaN, NaN, NaN, NaN, NaN, NaN, NaN]}, "VHI": {"px": ["2021-01", "2021-02", "2021-03", "2021-04", "2021-05", "2021-06", "2021-07", "2021-08", "2021-09", "2021-10", "2021-11", "2021-12"], "py": [82.55684696027141, 95.09733342563379, 79.6613601080237, 71.05901210425755, 75.7282382644291, 84.854942663842, 79.76395855759677, 83.31881669164989, 71.09224712774108, 64.83786267476542, 54.16674258264166, 46.49385142095687], "pt": [96.30616683581576, 111.07190902392136, 97.58704932910447, 90.74336128212312, 97.02652155349966, 107.65319127128703, 103.96940026131776, 108.85402134282904, 97.89131325107766, 92.84381228530948, 83.32967251249781, 76.76958015866136], "pb": [68.80752708472706, 79.1227578273462, 61.73567088694293, 51.37466292639198, 54.42995497535851, 62.056694056396964, 55.55851685387579, 57.78361204047074, 44.29318100440449, 36.831913064221354, 25.003812652785513, 16.21812268325239], "x": ["2019-01", "2019-02", "2019-03", "2019-04", "2019-05", "2019-06", "2019-07", "2019-08", "2019-09", "2019-10", "2019-11", "2019-12", "2020-01", "2020-02", "2020-03", "2020-04", "2020-05", "2020-06", "2020-07", "2020-08", "2020-09", "2020-10", "2020-11", "2020-12"], "y": [75.56288146972656, 73.16423034667969, 65.25823974609375, 59.46328353881836, 56.37611389160156, 62.48388671875, 62.48388671875, 65.08092498779297, 54.66880798339844, 49.03184509277344, 39.92874526977539, 33.68818283081055, 65.35740661621094, 75.97830963134766, 62.51143264770508, 54.832767486572266, 59.18675994873047, 68.13755798339844, 64.41265106201172, 63.494441986083984, 51.26184844970703, 45.349998474121094, 55.00944519042969, 46.54111099243164]}, "spi_01": {"px": [], "py": [], "pt": [], "pb": [], "x": ["2019-01", "2019-02", "2019-03", "2019-04", "2019-05", "2019-06", "2019-07", "2019-08", "2019-09", "2019-10", "2019-11", "2019-12", "2020-01", "2020-02", "2020-03", "2020-04", "2020-05", "2020-06", "2020-07", "2020-08", "2020-09", "2020-10", "2020-11", "2020-12"], "y": [NaN, NaN, NaN, NaN, NaN, NaN, NaN, NaN, NaN, NaN, NaN, NaN, NaN, NaN, NaN, NaN, NaN, NaN, NaN, NaN, NaN, NaN, NaN, NaN]}, "spi_03": {"px": [], "py": [], "pt": [], "pb": [], "x": ["2019-01", "2019-02", "2019-03", "2019-04", "2019-05", "2019-06", "2019-07", "2019-08", "2019-09", "2019-10", "2019-11", "2019-12", "2020-01", "2020-02", "2020-03", "2020-04", "2020-05", "2020-06", "2020-07"], "y": [NaN, NaN, NaN, NaN, NaN, NaN, NaN, NaN, NaN, NaN, NaN, NaN, NaN, NaN, NaN, NaN, NaN, NaN, NaN]}, "spi_06": {"px": [], "py": [], "pt": [], "pb": [], "x": ["2019-01", "2019-02", "2019-03", "2019-04", "2019-05", "2019-06", "2019-07", "2019-08", "2019-09", "2019-10", "2019-11", "2019-12", "2020-01", "2020-02", "2020-03", "2020-04", "2020-05", "2020-06", "2020-07"], "y": [NaN, NaN, NaN, NaN, NaN, NaN, NaN, NaN, NaN, NaN, NaN, NaN, NaN, NaN, NaN, NaN, NaN, NaN, NaN]}, "spi_12": {"px": [], "py": [], "pt": [], "pb": [], "x": ["2019-01", "2019-02", "2019-03", "2019-04", "2019-05", "2019-06", "2019-07", "2019-08", "2019-09", "2019-10", "2019-11", "2019-12", "2020-01", "2020-02", "2020-03", "2020-04", "2020-05", "2020-06", "2020-07", "2020-08", "2020-09", "2020-10", "2020-11", "2020-12"], "y": [NaN, NaN, NaN, NaN, NaN, NaN, NaN, NaN, NaN, NaN, NaN, NaN, NaN, NaN, NaN, NaN, NaN, NaN, NaN, NaN, NaN, NaN, NaN, NaN], "geox": [-41.245688362798035, -41.24344534424293, -41.23808829920738, -41.232923256997225, -41.22044915415071, -41.21708912565676, -41.21045007047695, -41.19999998123536, -41.19379392882758, -41.19305792166285, -41.191299906075145, -41.18612086355797, -41.181886828043254, -41.17931080270458, -41.1619836531506, -41.15985863396118, -41.15437458627025, -41.13292039732387, -41.11460824495703, -41.10962420298334, -41.10247914301391, -41.094085071416046, -41.09291406185294, -41.09051204148771, -41.08638600589172, -41.0758489177063, -41.069171862545396, -41.06634483946993, -41.05873777506719, -41.0555667486204, -41.05288572702507, -41.050283705425606, -41.04934369796981, -41.044658659447954, -41.0418076366155, -41.03971861894212, -41.036238590853124, -41.03271856073864, -41.03068554299657, -41.0282555227247, -41.02267747514269, -41.0202184545784, -41.01707142769016, -41.01558041447701, -41.01438540527036, -41.007459345829695, -41.00062028857896, -40.99460123858653, -40.989777197958986, -40.985667162785745, -40.982198133611405, -40.97618208382784, -40.97423206804387, -40.970844038946616, -40.96952302756108, -40.96864401943289, -40.968226014462886, -40.96726900470684, -40.962876966322085, -40.961594954768714, -40.961577951231504, -40.95981393465459, -40.95761391531328, -40.95590090054012, -40.95175486380481, -40.94902684077685, -40.94453480217474, -40.944034797572066, -40.93972476135693, -40.938760752938116, -40.93373670977139, -40.93237769733001, -40.92323061750559, -40.9201115910193, -40.916414560522696, -40.911506519221376, -40.91013150789074, -40.90530846579901, -40.90467845977514, -40.90408445474669, -40.90114742860882, -40.89929841300357, -40.89554838235611, -40.894041369716156, -40.89078634269855, -40.88847832414099, -40.8785152405471, -40.87515621268767, -40.86755814839889, -40.86540213127384, -40.85564304921467, -40.851339013428834, -40.849782000811054, -40.84412795396077, -40.77970341149189, -40.779777412815726, -40.781080424162106, -40.78022941833757, -40.78026141979129, -40.77513337721019, -40.77622438743953, -40.77723339611195, -40.77619638918104, -40.77851440984408, -40.77758440354915, -40.78018642617155, -40.779721422943844, -40.78342045678471, -40.78284545267875, -40.78331745714797, -40.78436646612906, -40.78663748418963, -40.78917950640082, -40.79039851681708, -40.792331532740285, -40.792784536762746, -40.79167652878826, -40.79171553000643, -40.7936335478176, -40.792017534747245, -40.789884518569565, -40.792598541459036, -40.79422155462014, -40.79460655798995, -40.79318154734087, -40.79380955287861, -40.79724358193937, -40.79780658715761, -40.79708958155032, -40.79490356314434, -40.794562560585284, -40.79806859147821, -40.8029476325575, -40.805803655796076, -40.80949168760121, -40.810291695323876, -40.81355172332994, -40.815234738106604, -40.81413173004121, -40.81679875443265, -40.8206967876497, -40.82363681442639, -40.82585083383189, -40.827386846676355, -40.830536872123005, -40.83243788865887, -40.835926918277714, -40.8391109462222, -40.84325197876445, -40.84674500735653, -40.85043503867878, -40.856058087278214, -40.86481316139811, -40.8656511688145, -40.87144321785162, -40.873477233848234, -40.87626825666041, -40.8809692958265, -40.884875329241765, -40.88826335811047, -40.891920388619354, -40.89330740083425, -40.89418341075715, -40.89643743095434, -40.89646843259183, -40.894758420517235, -40.90876853872303, -40.91801461648622, -40.92204565186089, -40.92742570066523, -40.93053372783003, -40.932270743905406, -40.9365507795592, -40.938468795075124, -40.940828814748116, -40.94143782069806, -40.9430238344527, -40.94370183935468, -40.94466384750696, -40.94602785816291, -40.947891874051216, -40.95474993010348, -40.96119698263067, -40.96493301206341, -40.966556025548016, -40.96974105264711, -40.97283007788781, -40.97754511749927, -40.979881136466354, -40.99414725799424, -41.10229217820739, -41.10773722577085, -41.11195426154666, -41.1169433032449, -41.12004532881183, -41.124485366253175, -41.130823422448344, -41.13359744609378, -41.142025516694694, -41.146574555281376, -41.149688582696484, -41.153017611223454, -41.167658734153044, -41.18131685153587, -41.19529997039388, -41.21371712570011, -41.2218141951137, -41.22674623592434, -41.22901925507223, -41.2202351698393, -41.228908229306775, -41.233343265721906, -41.235635282999766, 