{"IIS3": {"px": [], "py": [], "pt": [], "pb": [], "x": ["2019-01", "2019-02", "2019-03", "2019-04", "2019-05", "2019-06", "2019-07", "2019-08", "2019-09", "2019-10", "2019-11", "2019-12", "2020-01", "2020-02", "2020-03", "2020-04", "2020-05", "2020-06", "2020-07", "2020-08", "2020-09", "2020-10", "2020-11", "2020-12"], "y": [NaN, NaN, NaN, NaN, NaN, NaN, NaN, NaN, NaN, NaN, NaN, NaN, NaN, NaN, NaN, NaN, NaN, NaN, NaN, NaN, NaN, NaN, NaN, NaN]}, "VHI": {"px": ["2021-01", "2021-02", "2021-03", "2021-04", "2021-05", "2021-06", "2021-07", "2021-08", "2021-09", "2021-10", "2021-11", "2021-12"], "py": [70.24174546491165, 81.59130837848598, 89.40586200380471, 90.87856955660376, 94.11269699266472, 77.39573553195402, 76.20091417200416, 100.42722759745385, 103.58978046337364, 89.67729300440695, 68.48840358462319, 61.86891496173645], "pt": [88.18431755367989, 103.56638146920307, 114.78049070106985, 119.24826687091758, 125.19014331451521, 110.96321405014498, 112.08605814901676, 138.48917056457836, 143.71059110591113, 131.75635419635924, 112.43854960233031, 107.6136772756833], "pb": [52.2991733761434, 59.61623528776889, 64.03123330653958, 62.50887224228994, 63.035250670814236, 43.82825701376305, 40.31577019499154, 62.36528463032934, 63.468969820836136, 47.59823181245466, 24.538257566916066, 16.124152647789607], "x": ["2019-01", "2019-02", "2019-03", "2019-04", "2019-05", "2019-06", "2019-07", "2019-08", "2019-09", "2019-10", "2019-11", "2019-12", "2020-01", "2020-02", "2020-03", "2020-04", "2020-05", "2020-06", "2020-07", "2020-08", "2020-09", "2020-10", "2020-11", "2020-12"], "y": [43.893043518066406, 37.64488983154297, 38.57771682739258, 58.357303619384766, 61.644561767578125, 50.452392578125, 50.452392578125, 70.87321472167969, 76.08356475830078, 66.6981430053711, 50.09989929199219, 45.2281608581543, 58.118797302246094, 68.24729919433594, 74.80951690673828, 75.39459228515625, 78.01239013671875, 63.70834732055664, 60.597721099853516, 74.18706512451172, 76.71556854248047, 62.66695022583008, 61.526302337646484, 55.6779670715332]}, "spi_01": {"px": ["2021-01", "2021-02", "2021-03", "2021-04", "2021-05", "2021-06", "2021-07", "2021-08", "2021-09", "2021-10", "2021-11", "2021-12"], "py": [0.6813877039691354, -0.14995868320263717, 1.4451680300400862, 0.7643615167651592, 0.2798691538927205, -0.2781573303354006, 1.1273021323932242, 0.22669904372390626, 0.35183707818545873, -0.13963350579333111, 0.05559186203804911, -0.31037878606743186], "pt": [1.9000061726191717, 1.068659785447399, 2.663786498690122, 1.982979985415195, 1.4984876225427568, 0.9404611383146362, 2.345920601043261, 1.4453175123739435, 1.570455546835496, 1.078984962856706, 1.2742103306880863, 0.9082396825826056], "pb": [-0.5372307646809005, -1.3685771518526733, 0.22654956139005034, -0.45425695188487714, -0.9387493147573158, -1.4967757989854373, -0.09131633625681257, -0.9919194249261307, -0.8667813904645782, -1.3582519744433683, -1.163026606611988, -1.5289972547174693], "x": ["2019-01", "2019-02", "2019-03", "2019-04", "2019-05", "2019-06", "2019-07", "2019-08", "2019-09", "2019-10", "2019-11", "2019-12", "2020-01", "2020-02", "2020-03", "2020-04", "2020-05", "2020-06", "2020-07", "2020-08", "2020-09", "2020-10", "2020-11", "2020-12"], "y": [-0.512840747833252, -0.37522295117378235, 2.2893223762512207, -0.04596790671348572, -0.4023880362510681, 1.135353922843933, 1.4727463722229004, 0.5619505643844604, 0.7061179280281067, 0.16784000396728516, 0.47012725472450256, 0.024487540125846863, 1.0390278100967407, 0.06328032165765762, 1.8029299974441528, 1.0177475214004517, 0.47422662377357483, -0.1636344939470291, 0.4180236756801605, 0.39035677909851074, 0.38410621881484985, -0.3177945613861084, 0.47605136036872864, -1.1482598781585693]}, "spi_03": {"px": [], "py": [], "pt": [], "pb": [], "x": ["2019-01", "2019-02", "2019-03", "2019-04", "2019-05", "2019-06", "2019-07", "2019-08", "2019-09", "2019-10", "2019-11", "2019-12", "2020-01", "2020-02", "2020-03", "2020-04", "2020-05", "2020-06", "2020-07"], "y": [-0.020061256363987923, -0.27442285418510437, 0.40729424357414246, 0.6232206225395203, 0.6605547666549683, -0.00683897640556097, 0.8277933597564697, 1.4439053535461426, 1.1150355339050293, 0.509249210357666, 0.43626439571380615, 0.021778052672743797, 0.6823351979255676, 0.4534764587879181, 1.1786247491836548, 1.251644253730774, 1.5133414268493652, 0.7791057825088501, 0.3107910752296448]}, "spi_06": {"px": [], "py": [], "pt": [], "pb": [], "x": ["2019-01", "2019-02", "2019-03", "2019-04", "2019-05", "2019-06", "2019-07", "2019-08", "2019-09", "2019-10", "2019-11", "2019-12", "2020-01", "2020-02", "2020-03", "2020-04", "2020-05", "2020-06", "2020-07"], "y": [-0.2717219293117523, -0.41435500979423523, 0.5062751173973083, 0.3084176778793335, 0.135649174451828, 0.16670940816402435, 0.8242313265800476, 1.089857578277588, 0.621331512928009, 0.7379713654518127, 1.028815746307373, 0.6607171893119812, 0.6435171365737915, 0.4783826172351837, 0.8834794759750366, 1.2691879272460938, 1.289985179901123, 1.2446999549865723, 0.9792357087135315]}, "spi_12": {"px": ["2021-01", "2021-02", "2021-03", "2021-04", "2021-05", "2021-06", "2021-07", "2021-08", "2021-09", "2021-10", "2021-11", "2021-12"], "py": [1.141750793375698, 1.1328183093574884, 1.0848178098892136, 1.4324851237011251, 1.6468116550305774, 1.4864028817602475, 1.414709717650957, 1.5451016930081964, 1.7794666258551497, 1.6188930774296644, 1.5568768755865001, 1.1048870802672055], "pt": [1.6978800961532126, 1.8139348190732583, 1.8713034093803809, 2.3118027549394444, 2.6100558582346025, 2.5268255330927456, 2.526968316990757, 2.7248300898033744, 3.0230095437331412, 2.9231318926027514, 2.9191098899433268, 2.522744154800204], "pb": [0.5856214905981836, 0.4517017996417185, 0.29833221039804636, 0.5531674924628058, 0.6835674518265522, 0.44598023042774937, 0.30245111831115734, 0.3653732962130183, 0.5359237079771582, 0.31465426225657755, 0.1946438612296737, -0.3129699942657933], "x": ["2019-01", "2019-02", "2019-03", "2019-04", "2019-05", "2019-06", "2019-07", "2019-08", "2019-09", "2019-10", "2019-11", "2019-12", "2020-01", "2020-02", "2020-03", "2020-04", "2020-05", "2020-06", "2020-07", "2020-08", "2020-09", "2020-10", "2020-11", "2020-12"], "y": [-0.2741122245788574, -0.22011123597621918, 0.08595332503318787, -0.1635286957025528, -0.31367939710617065, -0.22439973056316376, 0.3015954792499542, 0.4588765799999237, 0.6706525683403015, 0.6389599442481995, 0.7050667405128479, 0.4793490171432495, 0.8315027356147766, 0.8494539856910706, 0.8141247630119324, 1.1182770729064941, 1.3009042739868164, 1.1542181968688965, 0.9961215853691101, 0.9876652359962463, 0.9289523363113403, 0.8991411924362183, 0.9083677530288696, 0.7751315236091614],