{"IIS3": {"px": [], "py": [], "pt": [], "pb": [], "x": ["2019-01", "2019-02", "2019-03", "2019-04", "2019-05", "2019-06", "2019-07", "2019-08", "2019-09", "2019-10", "2019-11", "2019-12", "2020-01", "2020-02", "2020-03", "2020-04", "2020-05", "2020-06", "2020-07", "2020-08", "2020-09", "2020-10", "2020-11", "2020-12"], "y": [NaN, NaN, NaN, NaN, NaN, NaN, NaN, NaN, NaN, NaN, NaN, NaN, NaN, NaN, NaN, NaN, NaN, NaN, NaN, NaN, NaN, NaN, NaN, NaN]}, "VHI": {"px": ["2021-01", "2021-02", "2021-03", "2021-04", "2021-05", "2021-06", "2021-07", "2021-08", "2021-09", "2021-10", "2021-11", "2021-12"], "py": [21.42651374335111, 24.299101841044177, 42.776982043714675, 59.8775096643578, 71.62415862243029, 83.59478301147652, 39.30564972794487, 84.24112569285585, 105.64676926296666, 95.4111349575871, 76.30111600936672, 49.42392854711386], "pt": [65.5647579046165, 78.00192160127028, 104.58152154332737, 128.8384359583037, 147.0656432835827, 165.00255819566115, 126.27135626217938, 176.43029189777633, 202.7788989529838, 197.2465849280083, 182.63204811869235, 160.06784105836712], "pb": [-22.711730417914282, -29.40371791918193, -19.027557455898013, -9.083416629588115, -3.817326038722115, 2.187007827291893, -47.660056806289646, -7.948040512064651, 8.51463957294952, -6.4243150128341, -30.029816099958893, -61.2199839641394], "x": ["2019-01", "2019-02", "2019-03", "2019-04", "2019-05", "2019-06", "2019-07", "2019-08", "2019-09", "2019-10", "2019-11", "2019-12", "2020-01", "2020-02", "2020-03", "2020-04", "2020-05", "2020-06", "2020-07", "2020-08", "2020-09", "2020-10", "2020-11", "2020-12"], "y": [30.662500381469727, 29.60799789428711, 37.79249572753906, 26.528100967407227, 22.53849983215332, 20.13399887084961, 20.13399887084961, 46.47999954223633, 57.790794372558594, 51.892005920410156, 42.503997802734375, 28.2007999420166, 11.421499252319336, 14.336999893188477, 27.917430877685547, 40.1724967956543, 49.54999923706055, 60.51659393310547, 54.70050048828125, 55.33649826049805, 53.4567985534668, 51.201995849609375, 61.446495056152344, 49.30933380126953]}, "spi_01": {"px": [], "py": [], "pt": [], "pb": [], "x": ["2019-01", "2019-02", "2019-03", "2019-04", "2019-05", "2019-06", "2019-07", "2019-08", "2019-09", "2019-10", "2019-11", "2019-12", "2020-01", "2020-02", "2020-03", "2020-04", "2020-05", "2020-06", "2020-07", "2020-08", "2020-09", "2020-10", "2020-11", "2020-12"], "y": [NaN, NaN, NaN, NaN, NaN, NaN, NaN, NaN, NaN, NaN, NaN, NaN, NaN, NaN, NaN, NaN, NaN, NaN, NaN, NaN, NaN, NaN, NaN, NaN]}, "spi_03": {"px": [], "py": [], "pt": [], "pb": [], "x": ["2019-01", "2019-02", "2019-03", "2019-04", "2019-05", "2019-06", "2019-07", "2019-08", "2019-09", "2019-10", "2019-11", "2019-12", "2020-01", "2020-02", "2020-03", "2020-04", "2020-05", "2020-06", "2020-07"], "y": [NaN, NaN, NaN, NaN, NaN, NaN, NaN, NaN, NaN, NaN, NaN, NaN, NaN, NaN, NaN, NaN, NaN, NaN, NaN]}, "spi_06": {"px": [], "py": [], "pt": [], "pb": [], "x": ["2019-01", "2019-02", "2019-03", "2019-04", "2019-05", "2019-06", "2019-07", "2019-08", "2019-09", "2019-10", "2019-11", "2019-12", "2020-01", "2020-02", "2020-03", "2020-04", "2020-05", "2020-06", "2020-07"], "y": [NaN, NaN, NaN, NaN, NaN, NaN, NaN, NaN, NaN, NaN, NaN, NaN, NaN, NaN, NaN, NaN, NaN, NaN, NaN]}, "spi_12": {"px": [], "py": [], "pt": [], "pb": [], "x": ["2019-01", "2019-02", "2019-03", "2019-04", "2019-05", "2019-06", "2019-07", "2019-08", "2019-09", "2019-10", "2019-11", "2019-12", "2020-01", "2020-02", "2020-03", "2020-04", "2020-05", "2020-06", "2020-07", "2020-08", "2020-09", "2020-10", "2020-11", "2020-12"], "y": [NaN, NaN, NaN, NaN, NaN, NaN, NaN, NaN, NaN, NaN, NaN, NaN, NaN, NaN, NaN, NaN, NaN, NaN, NaN, NaN, NaN, NaN, NaN, NaN], "geox": [-37.68862690906642, -37.64120356724404, -37.64551661021226, -37.65015466118868, -37.65151067771251, -37.65141368768597, -37.65625474880521, -37.6567187544766, -37.659833784496435, -37.662357810792535, -37.661341805195136, -37.66166080954404, -37.66502684699905, -37.66625386261629, -37.66890789109118, -37.6681238863911, -37.663838853717586, -37.66343485193287, -37.66427786991748, -37.66118685239235, -37.66599089998377, -37.66652490680822, -37.66539389937465, -37.662762879130575, -37.66296788383754, -37.66421489666547, -37.669067929700574, -37.671921955764866, -37.67700400823642, -37.677786015290906, -37.67877002293747, -37.68326805936512, -37.68448206846905, -37.68464406817958, -37.6829900502438, -37.67591098641921, -37.67440197221456, -37.67390596666383, -37.675435975804824, -37.67750299149871, -37.68263103617861, -37.686091063283584, -37.68639906398379, -37.68262602586019, -37.68385103467111, -37.68635805427431, -37.691822106041684, -37.69468712992251, -37.696897145751805, -37.702843195329876, -37.70357219958647, -37.70268818752446, -37.704074197382674, -37.70637221629823, -37.707617230665896, -37.70844323851138, -37.710060252412354, -37.71459828918398, -37.713866280423, -37.7087612316649, -37.70679920655592, -37.702932169318196, -37.70104414833665, -37.697922117987225, -37.69694410576777, -37.693647071135096, -37.69511608298879, -37.696629097261386, -37.70218314909959, -37.70342415803407, -37.70409015857074, -37.705334168000455, -37.706579178907106, -37.70887919921604, -37.71257723386452, -37.7151402558838, -37.71592225924462, -37.71832627730511, -37.71965328488672, -37.71834926733747, -37.71568023777989, -37.71223920214743, -37.70810116481407, -37.706754151116236, -37.704940134986416, -37.70666514364755, -37.7045901203169, -37.704907118277944, -37.70046407057724, -37.69536602255497, -37.68862690906642], "geoy": [-10.533375320613574, -10.604555892134822, -10.608800918463032, -10.617660978136561, -10.621708006216467, -10.63145407748475, -10.647783191409282, -10.649179201091837, -10.651322213334355, -10.65482723615783, -10.657889259609018, -10.659251269198627, -10.666059315192598, -10.670298344774535, -10.674714374083901, -10.676731389651971, -10.681505429156127, -10.683114441332595, -10.692505508892006, -10.701343576717294, -10.705781603806008, -10.70764361679363, -10.709962634937762, -10.712724657956105, -10.715299676500129, -10.716872686596693, -10.707940616169944, -10.708606617894368, -10.715195660339207, -10.715300660246049, -10.714336652141133, -10.711244624672673, -10.709761612533553, -10.708222601140541, -10.705310581732922, -10.704387582768568, -10.703656579094783, -10.70262957215252, -10.698675541652914, -10.696318522206031, -10.69560151136053, -10.692403484258074, -10.690589470697438, -10.686425444473176, -10.684590429753753, -10.682239409869059, -10.685198425459372, -10.68383541238641, -10.680468385422103, -10.677657358422032, -10.675684343241397, -10.671907316673513, -10.669733299307737, -10.668428287280108, -10.671406307628864, -10.6718733101296, -10.67148430552469, -10.668390278005486, -10.666358263992997, -10.663226246741003, -10.656319198522045, -10.653673183449841, -10.649871157782322, -10.647478143735576, -10.644296121591596, -10.639451089842035, -10.638400080572463, -10.639170084540337, -10.641500095480373, -10.63964508059511, -10.634828044728737, -10.633393032903756, -10.633276030693004, -10.633204027660385, -10.634880035854348, -10.634252028478627, -10.631047004247302, -10.628130980355484, -10.624376951524127, -10.618993913672593, -10.613688877870583, -10.609071847922513, -10.608482848125004, -10.60690083804357, -10.606855839687737, -10.600886794243074, -10.596438764027434, -10.592068731779236, -10.584567681832189, -10.582012668703932, -10.533375320613574]}}