{"IIS3": {"px": [], "py": [], "pt": [], "pb": [], "x": ["2019-01", "2019-02", "2019-03", "2019-04", "2019-05", "2019-06", "2019-07", "2019-08", "2019-09", "2019-10", "2019-11", "2019-12", "2020-01", "2020-02", "2020-03", "2020-04", "2020-05", "2020-06", "2020-07", "2020-08", "2020-09", "2020-10", "2020-11", "2020-12"], "y": [NaN, NaN, NaN, NaN, NaN, NaN, NaN, NaN, NaN, NaN, NaN, NaN, NaN, NaN, NaN, NaN, NaN, NaN, NaN, NaN, NaN, NaN, NaN, NaN]}, "VHI": {"px": ["2021-01", "2021-02", "2021-03", "2021-04", "2021-05", "2021-06", "2021-07", "2021-08", "2021-09", "2021-10", "2021-11", "2021-12"], "py": [90.69411197570135, 97.78543541824158, 92.75945706559386, 83.53412163220766, 90.69405884923239, 96.09055511655649, 98.50122839231739, 89.25512784042756, 68.4738125336038, 70.84659809457287, 65.5025312325551, 61.33534608301228], "pt": [108.45312967965424, 119.49611192293327, 117.80589870454594, 111.52152957319947, 121.34150193568826, 129.18491312845347, 133.87363708471025, 126.76749994862314, 108.01048950152551, 112.3088651593132, 108.80484473460609, 106.40264153228424], "pb": [72.93509427174845, 76.07475891354989, 67.7130154266418, 55.54671369121586, 60.046615762776526, 62.9961971046595, 63.12881969992452, 51.742755732231984, 28.937135565682112, 29.384331029832552, 22.2002177305041, 16.26805063374033], "x": ["2019-01", "2019-02", "2019-03", "2019-04", "2019-05", "2019-06", "2019-07", "2019-08", "2019-09", "2019-10", "2019-11", "2019-12", "2020-01", "2020-02", "2020-03", "2020-04", "2020-05", "2020-06", "2020-07", "2020-08", "2020-09", "2020-10", "2020-11", "2020-12"], "y": [60.34656524658203, 58.16097640991211, 50.5338249206543, 52.34946060180664, 56.372596740722656, 58.819297790527344, 58.819297790527344, 51.968238830566406, 37.58827209472656, 39.15470886230469, 35.13513946533203, 32.13733673095703, 54.87977600097656, 59.627357482910156, 56.07910919189453, 49.527259826660156, 55.441810607910156, 61.33709716796875, 56.30508041381836, 53.40779113769531, 41.577999114990234, 39.96461868286133, 58.560482025146484, 58.25945281982422]}, "spi_01": {"px": ["2021-01", "2021-02", "2021-03", "2021-04", "2021-05", "2021-06", "2021-07", "2021-08", "2021-09", "2021-10", "2021-11", "2021-12"], "py": [1.1669262853422881, 1.1311612032150347, 2.7759865763114995, 0.6967910976700815, 0.04898571633790372, -0.7815471774458893, 0.792822169787955, 0.6583891633743955, 0.8900106586849699, 0.28450216506292003, 0.6032548559821671, -0.030377906195486526], "pt": [2.494393252192614, 2.458628170065361, 4.103453543161826, 2.0242580645204082, 1.37645268318823, 0.5459197894044374, 2.1202891366382817, 1.9858561302247226, 2.217477625535297, 1.6119691319132476, 1.9307218228324947, 1.2970890606548409], "pb": [-0.16054068150803769, -0.1963057636352914, 1.4485196094611732, -0.630675869180245, -1.2784812505124228, -2.109014144296216, -0.5346447970623718, -0.6690778034759315, -0.4374563081653571, -1.0429648017874074, -0.7242121108681603, -1.3578448730458141], "x": ["2019-01", "2019-02", "2019-03", "2019-04", "2019-05", "2019-06", "2019-07", "2019-08", "2019-09", "2019-10", "2019-11", "2019-12", "2020-01", "2020-02", "2020-03", "2020-04", "2020-05", "2020-06", "2020-07", "2020-08", "2020-09", "2020-10", "2020-11", "2020-12"], "y": [0.27459001541137695, 0.4729970097541809, 0.9703609347343445, 0.9150691628456116, 0.38514432311058044, -0.38627851009368896, 0.5471453666687012, 0.45745718479156494, 0.7330715656280518, 0.1787055879831314, 0.42909321188926697, -0.1957201063632965, 0.8782778978347778, 0.7738749980926514, 2.1748993396759033, 0.3169049620628357, -0.18892373144626617, -0.8734646439552307, -0.6761329174041748, 0.3679242730140686, 0.3216683864593506, -0.4052397906780243, 2.585557460784912, 0.16768451035022736]}, "spi_03": {"px": [], "py": [], "pt": [], "pb": [], "x": ["2019-01", "2019-02", "2019-03", "2019-04", "2019-05", "2019-06", "2019-07", "2019-08", "2019-09", "2019-10", "2019-11", "2019-12", "2020-01", "2020-02", "2020-03", "2020-04", "2020-05", "2020-06", "2020-07"], "y": [1.018884539604187, 0.82764732837677, 0.7900919914245605, 1.1324368715286255, 0.9308751821517944, 0.654404878616333, 0.2026578187942505, 0.043045155704021454, 0.5449899435043335, 0.2298351526260376, 0.24460369348526, -0.14185971021652222, 0.6703333258628845, 0.8580295443534851, 1.7820377349853516, 1.4592812061309814, 1.1405105590820312, -0.08295002579689026, -0.6523991823196411]}, "spi_06": {"px": [], "py": [], "pt": [], "pb": [], "x": ["2019-01", "2019-02", "2019-03", "2019-04", "2019-05", "2019-06", "2019-07", "2019-08", "2019-09", "2019-10", "2019-11", "2019-12", "2020-01", "2020-02", "2020-03", "2020-04", "2020-05", "2020-06", "2020-07"], "y": [0.9975714683532715, 0.9126013517379761, 1.1206958293914795, 1.2207705974578857, 1.0030442476272583, 0.7312736511230469, 0.830978512763977, 0.8158012628555298, 0.6508185267448425, 0.16281569004058838, 0.018242396414279938, -0.004450222477316856, 0.6082755327224731, 0.7765693664550781, 1.4822578430175781, 1.3477063179016113, 1.161839485168457, 1.1764655113220215, 1.0068954229354858]}, "spi_12": {"px": ["2021-01", "2021-02", "2021-03", "2021-04", "2021-05", "2021-06", "2021-07", "2021-08", "2021-09", "2021-10", "2021-11", "2021-12"], "py": [1.7684800758988755, 1.9211858343843629, 2.7177026416795114, 2.3825772105125678, 2.0759993970462403, 1.923867019501413, 2.137533111073273, 2.0856121781660146, 2.007180943296326, 1.9470059930929393, 1.8766519086521432, 1.5239683755796762], "pt": [2.278992338434657, 2.5464331081547593, 3.439676004425827, 3.1897679684336016, 2.9602325692531215, 2.878948003496464, 3.1585576304394163, 3.1685722200441884, 3.1487210588694428, 3.1442633666850153, 3.1271464515344807, 2.825524361673404], "pb": [1.257967813363094, 1.2959385606139664, 1.9957292789331955, 1.5753864525915335, 1.191766224839359, 0.9687860355063624, 1.1165085917071296, 1.0026521362878413, 0.865640827723209, 0.7497486195008634, 0.6261573657698059, 0.22241238948594844], "x": ["2019-01", "2019-02", "2019-03", "2019-04", "2019-05", "2019-06", "2019-07", "2019-08", "2019-09", "2019-10", "2019-11", "2019-12", "2020-01", "2020-02", "2020-03", "2020-04", "2020-05", "2020-06", "2020-07", "2020-08", "2020-09", "2020-10", "2020-11", "2020-12"], "y": [0.6641693115234375, 0.3382415473461151, 0.9545146226882935, 1.0083374977111816, 0.9288033246994019, 0.9499922394752502, 0.9573023319244385, 0.9551236629486084, 0.9494091272354126, 0.9393349885940552, 0.9030671119689941, 0.6599858999252319, 0.9387901425361633, 1.0402297973632812, 1.6077361106872559, 1.3524489402770996, 1.1356298923492432, 1.0588836669921875, 0.9612445831298828, 0.9474571347236633, 0.9379505515098572, 0.9446654319763184, 1.2557965517044067, 1.3697588443756104],