{"IIS3": {"px": [], "py": [], "pt": [], "pb": [], "x": ["2019-01", "2019-02", "2019-03", "2019-04", "2019-05", "2019-06", "2019-07", "2019-08", "2019-09", "2019-10", "2019-11", "2019-12", "2020-01", "2020-02", "2020-03", "2020-04", "2020-05", "2020-06", "2020-07", "2020-08", "2020-09", "2020-10", "2020-11", "2020-12"], "y": [NaN, NaN, NaN, NaN, NaN, NaN, NaN, NaN, NaN, NaN, NaN, NaN, NaN, NaN, NaN, NaN, NaN, NaN, NaN, NaN, NaN, NaN, NaN, NaN]}, "VHI": {"px": ["2021-01", "2021-02", "2021-03", "2021-04", "2021-05", "2021-06", "2021-07", "2021-08", "2021-09", "2021-10", "2021-11", "2021-12"], "py": [78.90254434292108, 81.1200285650799, 82.35439172400808, 75.38661534363273, 77.62615026507775, 87.5124095284169, 81.26614982975221, 89.37911971649964, 76.37127227750122, 74.13891937093788, 80.17349773513854, 67.6678492203065], "pt": [91.90140194552347, 97.0403127082783, 100.73755237248241, 95.93961375396339, 100.14083196130645, 111.83104518319686, 107.26386488968345, 116.9538606321423, 105.43760133351131, 104.62394246457677, 112.01406590291998, 100.80856329641801], "pb": [65.90368674031868, 65.1997444218815, 63.971231075533765, 54.83361693330207, 55.11146856884906, 63.19377387363693, 55.26843476982097, 61.80437880085701, 47.30494322149113, 43.653896277299, 48.3329295673571, 34.52713514419496], "x": ["2019-01", "2019-02", "2019-03", "2019-04", "2019-05", "2019-06", "2019-07", "2019-08", "2019-09", "2019-10", "2019-11", "2019-12", "2020-01", "2020-02", "2020-03", "2020-04", "2020-05", "2020-06", "2020-07", "2020-08", "2020-09", "2020-10", "2020-11", "2020-12"], "y": [54.45249938964844, 57.51201629638672, 63.212093353271484, 60.56367492675781, 57.4966926574707, 58.47346878051758, 58.47346878051758, 65.37029266357422, 54.622032165527344, 52.46040344238281, 57.15979766845703, 47.15571212768555, 59.31937026977539, 61.77725601196289, 63.04677200317383, 57.034393310546875, 58.980003356933594, 68.27599334716797, 70.61698150634766, 71.44528198242188, 58.201416015625, 51.529964447021484, 63.548709869384766, 65.0952377319336]}, "spi_01": {"px": ["2021-01", "2021-02", "2021-03", "2021-04", "2021-05", "2021-06", "2021-07", "2021-08", "2021-09", "2021-10", "2021-11", "2021-12"], "py": [2.0605125634273262, 1.893413316367849, 2.2954655397426267, 1.3424180397681633, 0.6211226424773599, 0.11510575024155756, 1.4833355232479954, 1.5379494246560066, 1.299591857418724, 1.7799781342010688, 2.7731933433396057, 0.9444714640391565], "pt": [3.735551804187687, 3.7049889073353333, 4.233984506761349, 3.4000636480286026, 2.7913657424308216, 2.3923858771907565, 3.862842707582579, 4.015469173114541, 3.871391571180311, 4.442721725200082, 5.523875639626922, 3.7803668709275353], "pb": [0.3854733226669653, 0.08183772540036482, 0.3569465727239054, -0.7152275684922755, -1.5491204574761022, -2.162174376707641, -0.896171661086588, -0.9395703238025277, -1.2722078563428627, -0.8827654567979448, 0.022511047052289346, -1.8914239428492228], "x": ["2019-01", "2019-02", "2019-03", "2019-04", "2019-05", "2019-06", "2019-07", "2019-08", "2019-09", "2019-10", "2019-11", "2019-12", "2020-01", "2020-02", "2020-03", "2020-04", "2020-05", "2020-06", "2020-07", "2020-08", "2020-09", "2020-10", "2020-11", "2020-12"], "y": [0.4252110421657562, 0.3647407591342926, 0.6160403490066528, 0.41734299063682556, -1.1936589479446411, -2.9419355392456055, -0.1096416786313057, -0.07238676398992538, -0.24585728347301483, 0.06623824685811996, 0.7635120153427124, -0.419942170381546, 0.6991111040115356, 0.5071370601654053, 0.7938607931137085, 0.08231503516435623, -0.3853675127029419, -0.6821848154067993, -0.8940009474754333, -0.13834521174430847, -0.09481106698513031, 0.6831910014152527, 2.8905088901519775, 1.0035089254379272]}, "spi_03": {"px": [], "py": [], "pt": [], "pb": [], "x": ["2019-01", "2019-02", "2019-03", "2019-04", "2019-05", "2019-06", "2019-07", "2019-08", "2019-09", "2019-10", "2019-11", "2019-12", "2020-01", "2020-02", "2020-03", "2020-04", "2020-05", "2020-06", "2020-07"], "y": [1.1099154949188232, 0.8841689825057983, 0.6543339490890503, 0.5790243148803711, 0.017719987779855728, -0.5869258046150208, -1.7730001211166382, -1.7630442380905151, -0.39945995807647705, -0.35195621848106384, 0.24747122824192047, -0.1952628791332245, 0.4240500330924988, 0.4680860638618469, 0.8729913234710693, 0.5492992401123047, 0.18113747239112854, -0.29662367701530457, -0.8252773880958557]}, "spi_06": {"px": [], "py": [], "pt": [], "pb": [], "x": ["2019-01", "2019-02", "2019-03", "2019-04", "2019-05", "2019-06", "2019-07", "2019-08", "2019-09", "2019-10", "2019-11", "2019-12", "2020-01", "2020-02", "2020-03", "2020-04", "2020-05", "2020-06", "2020-07"], "y": [1.0068517923355103, 0.9673797488212585, 1.0265024900436401, 0.8841245770454407, 0.41900256276130676, -0.019981734454631805, -0.1720036268234253, -0.2944614291191101, -0.6533161997795105, -1.7225664854049683, -1.4109593629837036, -0.49426326155662537, 0.30477041006088257, 0.4614134132862091, 0.6778544783592224, 0.5509085655212402, 0.3197859525680542, 0.34089434146881104, 0.07913168519735336]}, "spi_12": {"px": ["2021-01", "2021-02", "2021-03", "2021-04", "2021-05", "2021-06", "2021-07", "2021-08", "2021-09", "2021-10", "2021-11", "2021-12"], "py": [1.0276848582526634, 1.0713639573514566, 1.2595306380279747, 0.9667224014802236, 1.266140831577998, 1.372907716480936, 1.4515353041181283, 1.3904973414341546, 1.4042034145339, 1.4294762904719076, 1.4278731536583273, 0.8463154509145085], "pt": [1.7500862170683726, 1.9561213144499927, 2.281160433336036, 2.1089392357032155, 2.5173766822886456, 2.724396899502688, 2.8963380136760826, 2.9229420312246894, 3.0195419502558742, 3.1236576392978286, 3.1973878612634437, 2.6880847519269953], "pb": [0.3052834994369542, 0.1866066002529203, 0.23790084271991363, -0.17549443274276855, 0.014904980867350481, 0.02141853345918432, 0.0067325945601741655, -0.14194734835638068, -0.21113512118807476, -0.26470505835401337, -0.3416415539467892, -0.9954538500979786], "x": ["2019-01", "2019-02", "2019-03", "2019-04", "2019-05", "2019-06", "2019-07", "2019-08", "2019-09", "2019-10", "2019-11", "2019-12", "2020-01", "2020-02", "2020-03", "2020-04", "2020-05", "2020-06", "2020-07", "2020-08", "2020-09", "2020-10", "2020-11", "2020-12"], "y": [-0.36141613125801086, -0.36260083317756653, 0.40102270245552063, 0.5321409702301025, 0.28100231289863586, 0.24188663065433502, 0.2582135796546936, 0.24965254962444305, 0.2557739317417145, 0.2261345237493515, 0.18640103936195374, -0.14719460904598236, -0.02199576422572136, -0.00906209647655487, 0.08330854028463364, -0.08704710006713867, 0.08688551187515259, 0.19869954884052277, 0.14346690475940704, 0.1423683762550354, 0.14425340294837952, 0.1718902587890625, 0.5549129247665405, 0.7853891849517822], "geox": [-42.64046268143088, -42.30927086405693, -42.24552937761495, -42.276652658719, -42.27276269454717, -42.28883782972043, -42.29251086056294, -42.2987869120947, -42.3058649688031, -42.31365202975022, -42.32085308703484, -42.32411911338338, -42.33080016803684, -42.33731922265014, -42.34966832792997, -42.35429336709841, -42.35807839892122, -42.37005049857263, -42.37377252893474, -42.38531062168682, -42.38969665744335, -42.392652682047206, -42.39402269408463, -42.3923776825673, -42.39241268507297, -42.39534871224891, -42.398891743306415, -42.40085275996262, -42.40493579404418, -42.40967083283277, -42.412936859398314, -42.41613788495825, -42.417322894080904, -42.41782689710126, -42.41726488853438, -42.42315593535467, -42.432268010354285, -42.43631504454251, -42.443279107477544, -42.44823915094279, -42.453907199318444, -42.45868823967565, -42.461425262292394, -42.46672330551437, -42.47238235167777, -42.47485637149829, -42.48327343789588, -42.48476544932077, -42.487600469997126, -42.48649345571829, -42.487327460259266, -42.49107649033788, -42.49459751913876, -42.64046268143088],