{"IIS3": {"px": [], "py": [], "pt": [], "pb": [], "x": ["2019-01", "2019-02", "2019-03", "2019-04", "2019-05", "2019-06", "2019-07", "2019-08", "2019-09", "2019-10", "2019-11", "2019-12", "2020-01", "2020-02", "2020-03", "2020-04", "2020-05", "2020-06", "2020-07", "2020-08", "2020-09", "2020-10", "2020-11", "2020-12"], "y": [NaN, NaN, NaN, NaN, NaN, NaN, NaN, NaN, NaN, NaN, NaN, NaN, NaN, NaN, NaN, NaN, NaN, NaN, NaN, NaN, NaN, NaN, NaN, NaN]}, "VHI": {"px": ["2021-01", "2021-02", "2021-03", "2021-04", "2021-05", "2021-06", "2021-07", "2021-08", "2021-09", "2021-10", "2021-11", "2021-12"], "py": [69.19160047176763, 81.39698675122088, 99.56082347044605, 113.99549023117805, 105.96451507512461, 82.67873240709832, 71.72833884387084, 77.33487401694683, 97.53325461952019, 83.008167547694, 57.16035820594047, 55.50961303147167], "pt": [96.80436531172452, 115.21557878975491, 138.61116985598835, 157.65510473008163, 153.791226477383, 134.33748489800686, 126.95386821461557, 135.91039347380718, 159.27727347967428, 147.76584084101967, 124.79754203057306, 125.90862595842384], "pb": [41.57883563181073, 47.578394712686844, 60.51047708490377, 70.33587573227446, 58.13780367286623, 31.019979916189783, 16.502809473126128, 18.75935456008648, 35.78923575936611, 18.25049425436835, -10.476825618692118, -14.88939989548048], "x": ["2019-01", "2019-02", "2019-03", "2019-04", "2019-05", "2019-06", "2019-07", "2019-08", "2019-09", "2019-10", "2019-11", "2019-12", "2020-01", "2020-02", "2020-03", "2020-04", "2020-05", "2020-06", "2020-07", "2020-08", "2020-09", "2020-10", "2020-11", "2020-12"], "y": [75.63208770751953, 63.7470817565918, 57.670413970947266, 65.28616333007812, 58.82291793823242, 44.31229019165039, 44.31229019165039, 46.80665969848633, 61.4753303527832, 51.88187026977539, 33.793888092041016, 33.44132995605469, 46.21805191040039, 55.71305465698242, 69.56155395507812, 80.57138061523438, 75.68000030517578, 59.202999114990234, 47.435001373291016, 48.00166702270508, 58.75583267211914, 55.40299987792969, 61.052494049072266, 53.15083694458008]}, "spi_01": {"px": ["2021-01", "2021-02", "2021-03", "2021-04", "2021-05", "2021-06", "2021-07", "2021-08", "2021-09", "2021-10", "2021-11", "2021-12"], "py": [0.8219106986018727, 1.8326647117223214, 5.278676795275203, 2.6703155095419424, 2.364386803066285, 2.253418648579207, 2.5426757442393297, 2.584789370920782, 0.4534009660122349, 1.0574388168102238, -0.4411081002850916, 0.11901050764963417], "pt": [3.6377839447910887, 4.700445956718967, 8.1974430414321, 5.639191311972072, 5.382540321495302, 5.320058143426257, 5.657046454656778, 5.746170722870653, 3.661104066831684, 4.310804199541931, 2.8572874860731208, 3.4618297631071666], "pb": [-1.9939625475873437, -1.0351165332743246, 2.3599105491183057, -0.2985602928881863, -0.6537667153627318, -0.8132208462678427, -0.5716949661781188, -0.5765919810290896, -2.7543021348072143, -2.195926565921483, -3.7395036866433045, -3.2238087478078987], "x": ["2019-01", "2019-02", "2019-03", "2019-04", "2019-05", "2019-06", "2019-07", "2019-08", "2019-09", "2019-10", "2019-11", "2019-12", "2020-01", "2020-02", "2020-03", "2020-04", "2020-05", "2020-06", "2020-07", "2020-08", "2020-09", "2020-10", "2020-11", "2020-12"], "y": [0.551629364490509, -0.6202648282051086, 1.2303529977798462, -0.4376111924648285, -0.6251122355461121, 0.09445860236883163, 0.13038471341133118, 0.12947219610214233, -0.8764581680297852, -0.5034157633781433, -1.2597051858901978, -0.9179430603981018, -0.29249662160873413, 0.292590469121933, 2.4276387691497803, 0.7978006601333618, 0.6904311180114746, 0.7499695420265198, -0.18014763295650482, -0.23630425333976746, -0.0526808500289917, -0.8492209315299988, 1.3633776903152466, -0.1898048222064972]}, "spi_03": {"px": [], "py": [], "pt": [], "pb": [], "x": ["2019-01", "2019-02", "2019-03", "2019-04", "2019-05", "2019-06", "2019-07", "2019-08", "2019-09", "2019-10", "2019-11", "2019-12", "2020-01", "2020-02", "2020-03", "2020-04", "2020-05", "2020-06", "2020-07"], "y": [0.906823992729187, 0.40570133924484253, 0.5133714079856873, -0.027506500482559204, -0.2238388955593109, -0.7048909068107605, -0.4876171946525574, 0.060933809727430344, -0.28889399766921997, -0.7190078496932983, -1.2913936376571655, -1.6798969507217407, -0.8769493699073792, -0.34375375509262085, 1.2500618696212769, 1.797805666923523, 1.8985439538955688, 1.0409696102142334, 0.7964812517166138]}, "spi_06": {"px": [], "py": [], "pt": [], "pb": [], "x": ["2019-01", "2019-02", "2019-03", "2019-04", "2019-05", "2019-06", "2019-07", "2019-08", "2019-09", "2019-10", "2019-11", "2019-12", "2020-01", "2020-02", "2020-03", "2020-04", "2020-05", "2020-06", "2020-07"], "y": [-0.6490609049797058, -0.16835293173789978, 0.4935183823108673, 0.41836753487586975, -0.015484035015106201, -0.27046096324920654, -0.4378421902656555, -0.17121949791908264, -0.668321430683136, -0.713757336139679, -0.4229593276977539, -0.8397598266601562, -1.2005455493927002, -0.9936667680740356, 0.8405342102050781, 1.1024235486984253, 1.3263605833053589, 1.4278104305267334, 1.6747236251831055]}, "spi_12": {"px": ["2021-01", "2021-02", "2021-03", "2021-04", "2021-05", "2021-06", "2021-07", "2021-08", "2021-09", "2021-10", "2021-11", "2021-12"], "py": [0.3049524937264416, 0.70650289078938, 1.8545510608274123, 2.2528781234160338, 2.8164132414459537, 3.0718489015824604, 1.8984935330450812, 3.182150673793948, 3.199483382084467, 3.036548261677175, 2.5461802730206555, 1.4613895074632612], "pt": [1.6169197632574903, 2.313328071590565, 3.709952959875908, 4.327280507797803, 5.088807198854038, 5.526314901143419, 4.522428057444801, 5.965253516606765, 6.133131363524775, 6.11338422161147, 5.7598306226512435, 4.80626284064298], "pb": [-1.0070147758046073, -0.9003222900118049, -0.0008508382210834498, 0.1784757390342646, 0.5440192840378697, 0.6173829020215016, -0.7254409913546382, 0.3990478309811305, 0.2658354006441592, -0.04028769825712031, -0.667470076609932, -1.883483825716458], "x": ["2019-01", "2019-02", "2019-03", "2019-04", "2019-05", "2019-06", "2019-07", "2019-08", "2019-09", "2019-10", "2019-11", "2019-12", "2020-01", "2020-02", "2020-03", "2020-04", "2020-05", "2020-06", "2020-07", "2020-08", "2020-09", "2020-10", "2020-11", "2020-12"], "y": [-0.2783537209033966, -0.6598374843597412, -0.3628668487071991, -0.897548258304596, -1.439584493637085, -1.0066524744033813, -0.7716480493545532, -0.3359726071357727, -0.3335992097854614, -0.3384626805782318, -0.39729756116867065, -0.713945209980011, -1.0209507942199707, -0.7406575083732605, -0.043503496795892715, 0.26599153876304626, 0.6976695656776428, 0.9864663481712341, 0.9637607336044312, 0.8423981070518494, 0.8875008821487427, 0.9373493790626526, 1.0440393686294556, 1.0847041606903076],