{"IIS3": {"px": [], "py": [], "pt": [], "pb": [], "x": ["2019-01", "2019-02", "2019-03", "2019-04", "2019-05", "2019-06", "2019-07", "2019-08", "2019-09", "2019-10", "2019-11", "2019-12", "2020-01", "2020-02", "2020-03", "2020-04", "2020-05", "2020-06", "2020-07", "2020-08", "2020-09", "2020-10", "2020-11", "2020-12"], "y": [NaN, NaN, NaN, NaN, NaN, NaN, NaN, NaN, NaN, NaN, NaN, NaN, NaN, NaN, NaN, NaN, NaN, NaN, NaN, NaN, NaN, NaN, NaN, NaN]}, "VHI": {"px": ["2021-01", "2021-02", "2021-03", "2021-04", "2021-05", "2021-06", "2021-07", "2021-08", "2021-09", "2021-10", "2021-11", "2021-12"], "py": [40.523072395906894, 42.173901825015264, 43.705597555892396, 40.00185980339546, 52.13480097036634, 40.91176317015861, 37.82137707060113, 34.702364926400904, 41.59235289659753, 39.29386959135472, 37.5732972695499, 40.923129580319085], "pt": [52.24555823197174, 55.092566938715024, 57.718703652083406, 55.02991279126745, 68.11346207665028, 57.7875696662243, 55.548984891055525, 53.24268081311163, 60.91121795959232, 59.36110112600801, 58.36197244639956, 62.40903774710944], "pb": [28.800586559842053, 29.255236711315497, 29.692491459701387, 24.973806815523467, 36.156139864082405, 24.03595667409291, 20.093769250146735, 16.162049039690174, 22.273487833602744, 19.226638056701432, 16.784622092700232, 19.437221413528732], "x": ["2019-01", "2019-02", "2019-03", "2019-04", "2019-05", "2019-06", "2019-07", "2019-08", "2019-09", "2019-10", "2019-11", "2019-12", "2020-01", "2020-02", "2020-03", "2020-04", "2020-05", "2020-06", "2020-07", "2020-08", "2020-09", "2020-10", "2020-11", "2020-12"], "y": [55.810001373291016, 56.158409118652344, 61.740455627441406, 49.54586410522461, 44.72159194946289, 43.927955627441406, 43.927955627441406, 39.75239944458008, 46.13309097290039, 42.873863220214844, 41.291343688964844, 45.354305267333984, 41.469425201416016, 42.85115432739258, 44.222923278808594, 40.259422302246094, 52.653175354003906, 41.83399963378906, 36.78520965576172, 33.36136245727539, 41.900726318359375, 34.79927062988281, 47.423641204833984, 43.985755920410156]}, "spi_01": {"px": [], "py": [], "pt": [], "pb": [], "x": ["2019-01", "2019-02", "2019-03", "2019-04", "2019-05", "2019-06", "2019-07", "2019-08", "2019-09", "2019-10", "2019-11", "2019-12", "2020-01", "2020-02", "2020-03", "2020-04", "2020-05", "2020-06", "2020-07", "2020-08", "2020-09", "2020-10", "2020-11", "2020-12"], "y": [NaN, NaN, NaN, NaN, NaN, NaN, NaN, NaN, NaN, NaN, NaN, NaN, NaN, NaN, NaN, NaN, NaN, NaN, NaN, NaN, NaN, NaN, NaN, NaN]}, "spi_03": {"px": [], "py": [], "pt": [], "pb": [], "x": ["2019-01", "2019-02", "2019-03", "2019-04", "2019-05", "2019-06", "2019-07", "2019-08", "2019-09", "2019-10", "2019-11", "2019-12", "2020-01", "2020-02", "2020-03", "2020-04", "2020-05", "2020-06", "2020-07"], "y": [NaN, NaN, NaN, NaN, NaN, NaN, NaN, NaN, NaN, NaN, NaN, NaN, NaN, NaN, NaN, NaN, NaN, NaN, NaN]}, "spi_06": {"px": [], "py": [], "pt": [], "pb": [], "x": ["2019-01", "2019-02", "2019-03", "2019-04", "2019-05", "2019-06", "2019-07", "2019-08", "2019-09", "2019-10", "2019-11", "2019-12", "2020-01", "2020-02", "2020-03", "2020-04", "2020-05", "2020-06", "2020-07"], "y": [NaN, NaN, NaN, NaN, NaN, NaN, NaN, NaN, NaN, NaN, NaN, NaN, NaN, NaN, NaN, NaN, NaN, NaN, NaN]}, "spi_12": {"px": [], "py": [], "pt": [], "pb": [], "x": ["2019-01", "2019-02", "2019-03", "2019-04", "2019-05", "2019-06", "2019-07", "2019-08", "2019-09", "2019-10", "2019-11", "2019-12", "2020-01", "2020-02", "2020-03", "2020-04", "2020-05", "2020-06", "2020-07", "2020-08", "2020-09", "2020-10", "2020-11", "2020-12"], "y": [NaN, NaN, NaN, NaN, NaN, NaN, NaN, NaN, NaN, NaN, NaN, NaN, NaN, NaN, NaN, NaN, NaN, NaN, NaN, NaN, NaN, NaN, NaN, NaN], "geox": [-35.2239444849595, -35.20453330237644, -35.20457830008041, -35.20184227287751, -35.20080826327578, -35.20176527062446, -35.198965243467626, -35.197062225905675, -35.196780222433816, -35.195163207272145, -35.19551120918602, -35.193658191003365, -35.189220150510515, -35.187298131963146, -35.18623312109283, -35.18539011340358, -35.180367071036976, -35.178072050036725, -35.177268041575, -35.17233499387181, -35.17118298217346, -35.16968296860053, -35.16845495556674, -35.16844895430226, -35.16937196205095, -35.16879395594258, -35.166868938005244, -35.167358943456456, -35.16621893347649, -35.16488492074309, -35.16481691933011, -35.165602926088745, -35.1664919322308, -35.1663429291002, -35.16696993388143, -35.16569292078922, -35.164212906749896, -35.16242189078684, -35.159741867871205, -35.15805585269631, -35.156142833361045, -35.15445781851775, -35.15192479527135, -35.14882376862388, -35.145977743028915, -35.14138270043225, -35.13695566076685, -35.13038060355962, -35.126473567383464, -35.12019851045799, -35.117556485974674, -35.114694457053346, -35.112410435500806, -35.11132842546028, -35.1107634213558, -35.109031406570445, -35.102198344076655, -35.09889631614207, -35.09809330880946, -35.09460927596456, -35.092462254724815, -35.09213525031113, -35.09127824242602, -35.087624207998225, -35.07879612569983, -35.077100108927404, -35.07583809024375, -35.072445059852136, -35.06656300392031, -35.06366397800826, -35.05927093772539, -35.055152899069846, -35.051283863538124, -35.04927384593399, -35.04502581052742, -35.03542271693103, -35.03242169236219, -35.033507705102956, -35.03324970494136, -35.031759694515294, -35.03056668546191, -35.028587667746194, -35.02368162246704, -35.017421567555836, -35.01406554067751, -35.01381654227257, -35.00832049462, -35.01530057333177, -35.011861557400316, -35.004721495353685, -35.01684561045308, -35.01454859463186, -35.01296558600463, -35.010949569505556, -35.00924755394918, -35.006026522743426, -35.00185748482381, -34.998244453067386, -34.99563343120284, -34.99382941698306, -34.99494743062582, -34.9941664257224, -35.01511062117359, -35.04991994594535, -35.05345398379441, -35.05912204359544, -35.058522038850064, -35.05906804370466, -35.05973804945284, -35.06083606032742, -35.063489083987164, -35.065574104353594, -35.06650711019702, -35.06941413663954, -35.07108715062397, -35.07298316863604, -35.07402217752682, -35.07405117714957, -35.07492518624241, -35.0807822393169, -35.08209525233688, -35.08375026767797, -35.083928268716896, -35.0861632898774, -35.08745630152508, -35.087603302085, -35.089673321358305, -35.09145733666867, -35.09759339364491, -35.10160943016365, -35.10288344121775, -35.10301944143033, -35.104156450762055, -35.10662347277795, -35.107851482721856, -35.10794148194534, -35.111003508839104, -35.11327452980993, -35.11299752607485, -35.11616755514602, -35.11742456595405, -35.119527585414716, -35.12112059921313, -35.124353628316435, -35.12599164070735, -35.12912567023267, -35.128839671312015, -35.13261770624236, -35.13187070053581, -35.13242670618121, -35.134863728363754, -35.13461572789616, -35.13669074768912, -35.137172751478204, -35.13859776511183, -35.13795876167846, -35.13942577568198, -35.14276280605011, -35.143608813334474, -35.14394381505434, -35.145430828462715, -35.14571183019489, -35.14701684128949, -35.14868385798989, -35.1502828729625, -35.15101987916222, -35.15472191247966, -35.19576327583566, -35.20443532225574, -35.2239444849595],