{"IIS3": {"px": [], "py": [], "pt": [], "pb": [], "x": ["2019-01", "2019-02", "2019-03", "2019-04", "2019-05", "2019-06", "2019-07", "2019-08", "2019-09", "2019-10", "2019-11", "2019-12", "2020-01", "2020-02", "2020-03", "2020-04", "2020-05", "2020-06", "2020-07", "2020-08", "2020-09", "2020-10", "2020-11", "2020-12"], "y": [NaN, NaN, NaN, NaN, NaN, NaN, NaN, NaN, NaN, NaN, NaN, NaN, NaN, NaN, NaN, NaN, NaN, NaN, NaN, NaN, NaN, NaN, NaN, NaN]}, "VHI": {"px": ["2021-01", "2021-02", "2021-03", "2021-04", "2021-05", "2021-06", "2021-07", "2021-08", "2021-09", "2021-10", "2021-11", "2021-12"], "py": [58.34419427494957, 60.583485826800086, 56.997816878577595, 62.76194270674486, 55.552701863291816, 61.83907238028928, 65.0314664383296, 66.92620268156206, 60.83131481552162, 53.55877165071706, 53.720053899578446, 53.62243723660835], "pt": [65.99007096526412, 69.94773406729652, 67.81071934996731, 74.8511351777882, 68.79574869353735, 76.14319780249602, 80.32321973350038, 83.14555635507543, 77.92801474073107, 71.48994180435739, 72.44855031079489, 73.11567433492253], "pb": [50.69831758463502, 51.21923758630365, 46.184914407187875, 50.67275023570153, 42.30965503304628, 47.53494695808254, 49.73971314315882, 50.70684900804869, 43.73461489031217, 35.62760149707674, 34.991557488362005, 34.129200138294166], "x": ["2019-01", "2019-02", "2019-03", "2019-04", "2019-05", "2019-06", "2019-07", "2019-08", "2019-09", "2019-10", "2019-11", "2019-12", "2020-01", "2020-02", "2020-03", "2020-04", "2020-05", "2020-06", "2020-07", "2020-08", "2020-09", "2020-10", "2020-11", "2020-12"], "y": [45.111663818359375, 47.471710205078125, 43.48678207397461, 43.043521881103516, 39.661190032958984, 48.99488067626953, 48.99488067626953, 50.46409225463867, 45.20542907714844, 39.21249771118164, 39.6215934753418, 39.598724365234375, 45.68408966064453, 47.8367805480957, 44.73067855834961, 49.762611389160156, 43.930355072021484, 50.28133010864258, 53.20512008666992, 55.08833312988281, 45.338951110839844, 43.089332580566406, 51.48142623901367, 51.24047088623047]}, "spi_01": {"px": [], "py": [], "pt": [], "pb": [], "x": ["2019-01", "2019-02", "2019-03", "2019-04", "2019-05", "2019-06", "2019-07", "2019-08", "2019-09", "2019-10", "2019-11", "2019-12", "2020-01", "2020-02", "2020-03", "2020-04", "2020-05", "2020-06", "2020-07", "2020-08", "2020-09", "2020-10", "2020-11", "2020-12"], "y": [NaN, NaN, NaN, NaN, NaN, NaN, NaN, NaN, NaN, NaN, NaN, NaN, NaN, NaN, NaN, NaN, NaN, NaN, NaN, NaN, NaN, NaN, NaN, NaN]}, "spi_03": {"px": [], "py": [], "pt": [], "pb": [], "x": ["2019-01", "2019-02", "2019-03", "2019-04", "2019-05", "2019-06", "2019-07", "2019-08", "2019-09", "2019-10", "2019-11", "2019-12", "2020-01", "2020-02", "2020-03", "2020-04", "2020-05", "2020-06", "2020-07"], "y": [NaN, NaN, NaN, NaN, NaN, NaN, NaN, NaN, NaN, NaN, NaN, NaN, NaN, NaN, NaN, NaN, NaN, NaN, NaN]}, "spi_06": {"px": [], "py": [], "pt": [], "pb": [], "x": ["2019-01", "2019-02", "2019-03", "2019-04", "2019-05", "2019-06", "2019-07", "2019-08", "2019-09", "2019-10", "2019-11", "2019-12", "2020-01", "2020-02", "2020-03", "2020-04", "2020-05", "2020-06", "2020-07"], "y": [NaN, NaN, NaN, NaN, NaN, NaN, NaN, NaN, NaN, NaN, NaN, NaN, NaN, NaN, NaN, NaN, NaN, NaN, NaN]}, "spi_12": {"px": [], "py": [], "pt": [], "pb": [], "x": ["2019-01", "2019-02", "2019-03", "2019-04", "2019-05", "2019-06", "2019-07", "2019-08", "2019-09", "2019-10", "2019-11", "2019-12", "2020-01", "2020-02", "2020-03", "2020-04", "2020-05", "2020-06", "2020-07", "2020-08", "2020-09", "2020-10", "2020-11", "2020-12"], "y": [NaN, NaN, NaN, NaN, NaN, NaN, NaN, NaN, NaN, NaN, NaN, NaN, NaN, NaN, NaN, NaN, NaN, NaN, NaN, NaN, NaN, NaN, NaN, NaN], "geox": [-47.99148249733187, -47.98900747900993, -47.98350843605067, -47.98070541499575, -47.979839407537746, -47.97506936965183, -47.97253735123071, -47.967259305842916, -47.966145297261, -47.96211926361882, -47.96081125160034, -47.958422231964754, -47.958723232210374, -47.95568020715462, -47.95848022337102, -47.95848522172689, -47.956761206094086, -47.95695720711446, -47.958813220817134, -47.95748020925042, -47.95845621539947, -47.958920214913356, -47.96077322610768, -47.95985321634549, -47.95595418510835, -47.95530917914725, -47.95823219651989, -47.955870176426956, -47.95612317713763, -47.95814418883707, -47.963290226132365, -47.96559223997725, -47.967730255173386, -47.97011927041789, -47.97039726551241, -47.908400801398024, -47.90750679146787, -47.90628376813542, -47.90359174138729, -47.898873700914784, -47.897428683823634, -47.89750568194527, -47.89675767551451, -47.89183663459512, -47.89070462674611, -47.88925861574981, -47.888009605268515, -47.884976583920704, -47.87950954412761, -47.87797853584929, -47.86623244727344, -47.86332242583978, -47.85440035676472, -47.84847431264722, -47.84686229976282, -47.84387327714626, -47.840512249123904, -47.83789722894949, -47.833460193635226, -47.82993216663352, -47.82234911050755, -47.81915408558204, -47.812568036751735, -47.8065919899549, -47.796985918511865, -47.79045086916884, -47.788035847866674, -47.783040808248586, -47.78220880080394, -47.77203772150236, -47.76833969187124, -47.7655076700374, -47.76308865046914, -47.75262057500237, -47.74765253731701, -47.74098748781229, -47.73820446660335, -47.73236541931999, -47.72728538043359, -47.719791325663806, -47.71145226120028, -47.70692422705, -47.700924184894596, -47.69442313484022, -47.69276512272289, -47.693412128333954, -47.69829616778708, -47.70417421761711, -47.712310283302834, -47.713709299658895, -47.71434531260615, -47.719179360145056, -47.718733360609505, -47.71998737203805, -47.72743343356109, -47.737956524861985, -47.73992154120853, -47.746614593404075, -47.745570591491415, -47.7455655959599, -47.74623460832707, -47.747588622719725, -47.75062465008028, -47.7613707417818, -47.765847782013275, -47.76570778165102, -47.81384714599124, -47.81523015592313, -47.85245843707455, -47.862256514690486, -47.86794455839836, -47.87181358703546, -47.88398267266312, -47.8873626975299, -47.909997874713916, -47.916563929569826, -47.92097796456446, -47.92361298466252, -47.928010020206855, -47.93086004252507, -47.93373406630696, -47.93867910430497, -47.94520415685453, -47.950451201778804, -47.95404523022101, -47.956778253304755, -47.95897927028439, -47.962506299157454, -47.96672733053532, -47.97253937541756, -47.97461538961225, -47.97878642085478, -47.98275745181309, -47.98576147425986, -47.98640147881667, -47.98664947803433, -47.9885394914016, -47.99061650525342, -47.99057650422943, -47.99350852513059, -47.993043520978006, -47.9911485062638, -47.99015149629083, -47.989059487953796, -47.98851148172174, -47.98870348231657, -47.99014149234058, -47.9901494933315, -47.99158450433491, -47.993588517493684, -47.99331251447541, -47.99131349791878, -47.99148249733187],