{"IIS3": {"px": [], "py": [], "pt": [], "pb": [], "x": ["2019-01", "2019-02", "2019-03", "2019-04", "2019-05", "2019-06", "2019-07", "2019-08", "2019-09", "2019-10", "2019-11", "2019-12", "2020-01", "2020-02", "2020-03", "2020-04", "2020-05", "2020-06", "2020-07", "2020-08", "2020-09", "2020-10", "2020-11", "2020-12"], "y": [NaN, NaN, NaN, NaN, NaN, NaN, NaN, NaN, NaN, NaN, NaN, NaN, NaN, NaN, NaN, NaN, NaN, NaN, NaN, NaN, NaN, NaN, NaN, NaN]}, "VHI": {"px": ["2021-01", "2021-02", "2021-03", "2021-04", "2021-05", "2021-06", "2021-07", "2021-08", "2021-09", "2021-10", "2021-11", "2021-12"], "py": [93.16167847913144, 123.32573116616823, 128.24887845274918, 118.53221719600089, 98.74754767411785, 75.46861733003458, 91.57458428148266, 49.28845593221757, 43.88706451257008, 36.93641406087303, 40.79382448072196, 58.42441361287308], "pt": [121.96381099600342, 155.78044968237387, 163.98478015415907, 157.27238481127478, 140.2752071712073, 119.60808288811413, 138.17971636153987, 98.23520508521308, 95.06841042192414, 90.2587929044659, 96.17452510816372, 115.78962884329837], "pb": [64.35954596225945, 90.87101264996258, 92.5129767513393, 79.79204958072698, 57.219888177028395, 31.32915177195502, 44.969452201425426, 0.34170677922206494, -7.294281396783987, -16.385964782719846, -14.58687614671981, 1.0591983824478035], "x": ["2019-01", "2019-02", "2019-03", "2019-04", "2019-05", "2019-06", "2019-07", "2019-08", "2019-09", "2019-10", "2019-11", "2019-12", "2020-01", "2020-02", "2020-03", "2020-04", "2020-05", "2020-06", "2020-07", "2020-08", "2020-09", "2020-10", "2020-11", "2020-12"], "y": [40.421836853027344, 40.18874740600586, 66.63658905029297, 62.827274322509766, 54.9648323059082, 44.7203369140625, 44.7203369140625, 21.796409606933594, 19.202091217041016, 15.033011436462402, 16.997053146362305, 26.614835739135742, 48.78031539916992, 65.02327728271484, 68.01422882080078, 62.247501373291016, 51.749088287353516, 40.070865631103516, 24.188465118408203, 25.194374084472656, 25.170862197875977, 13.808135986328125, 43.835044860839844, 56.21563720703125]}, "spi_01": {"px": ["2021-01", "2021-02", "2021-03", "2021-04", "2021-05", "2021-06", "2021-07", "2021-08", "2021-09", "2021-10", "2021-11", "2021-12"], "py": [1.9900423049976323, 1.1752289681982044, 1.2271271979686613, 2.3310985712908865, 0.4723276259033331, 2.0866190627826917, 2.738142524477741, 0.19933568231539178, 0.8356666208448229, 1.517716152249493, -0.008954486180285492, -0.8623626926211796], "pt": [4.21861437008369, 3.403801033284262, 3.4556992630547185, 4.559670636376945, 2.7008996909893916, 4.31519112786875, 4.966714589563799, 2.4279077474014503, 3.0642386859308814, 3.746288217335552, 2.2196175789057744, 1.3662093724648803], "pb": [-0.23852976008842486, -1.0533430968878532, -1.0014448671173963, 0.1025265062048284, -1.756244439182725, -0.14195300230336638, 0.509570459391683, -2.029236382770667, -1.392905444241236, -0.7108559128365664, -2.237526551266345, -3.0909347577072395], "x": ["2019-01", "2019-02", "2019-03", "2019-04", "2019-05", "2019-06", "2019-07", "2019-08", "2019-09", "2019-10", "2019-11", "2019-12", "2020-01", "2020-02", "2020-03", "2020-04", "2020-05", "2020-06", "2020-07", "2020-08", "2020-09", "2020-10", "2020-11", "2020-12"], "y": [-1.0631108283996582, 0.43563854694366455, -0.013177222572267056, 0.69324791431427, 0.800544798374176, 1.0807050466537476, 0.9295523166656494, -0.7124430537223816, -0.32283589243888855, 0.10560177266597748, -0.925598680973053, -1.4951270818710327, 0.5253376960754395, 0.004185547586530447, 0.023820428177714348, 0.7536400556564331, -0.38173708319664, 0.9193713665008545, 1.4573683738708496, -0.07399313151836395, -0.8335384130477905, 0.7956662178039551, 2.435080051422119, -1.2965048551559448]}, "spi_03": {"px": [], "py": [], "pt": [], "pb": [], "x": ["2019-01", "2019-02", "2019-03", "2019-04", "2019-05", "2019-06", "2019-07", "2019-08", "2019-09", "2019-10", "2019-11", "2019-12", "2020-01", "2020-02", "2020-03", "2020-04", "2020-05", "2020-06", "2020-07"], "y": [-0.03068874031305313, 0.28717178106307983, -0.5559470057487488, 0.449707955121994, 0.48154619336128235, 0.8125470280647278, 0.9205352663993835, 0.9814127683639526, -0.048385705798864365, -0.11128806322813034, -0.9139196276664734, -1.6253736019134521, -0.4128885567188263, -0.2325005978345871, 0.1738731414079666, 0.23748840391635895, 0.2830435633659363, 0.526614248752594, -0.01544042956084013]}, "spi_06": {"px": [], "py": [], "pt": [], "pb": [], "x": ["2019-01", "2019-02", "2019-03", "2019-04", "2019-05", "2019-06", "2019-07", "2019-08", "2019-09", "2019-10", "2019-11", "2019-12", "2020-01", "2020-02", "2020-03", "2020-04", "2020-05", "2020-06", "2020-07"], "y": [0.21372869610786438, 0.32128018140792847, 0.2558073401451111, 0.22016125917434692, 0.42292872071266174, -0.10912181437015533, 0.5769609212875366, 0.5208750367164612, 0.8007962107658386, 0.4728293716907501, -0.6662304401397705, -1.6188637018203735, -0.4908566474914551, -0.5155965089797974, -0.5079936981201172, -0.19090060889720917, -0.06927423924207687, 0.3142244815826416, 0.17579321563243866]}, "spi_12": {"px": ["2021-01", "2021-02", "2021-03", "2021-04", "2021-05", "2021-06", "2021-07", "2021-08", "2021-09", "2021-10", "2021-11", "2021-12"], "py": [2.608487542708713, 2.334648948762475, 2.4151831389482066, 2.519864368559042, 2.0992364345701726, 1.9034819399185645, 2.940742178646402, 2.9744503052879194, 3.0195299466767365, 2.600919229561023, 2.645876505799257, 0.709123363157151], "pt": [3.8654571619877576, 3.874116039646214, 4.1928066154014125, 4.507307832952714, 4.276371667918037, 4.255056757866782, 5.4546814031567585, 5.640885514449257, 5.830199444283812, 5.548774267533947, 5.72481067609681, 3.913779651302484], "pb": [1.3515179234296686, 0.7951818578787355, 0.6375596624950006, 0.5324209041653707, -0.07789879877769135, -0.4480928780296538, 0.4268029541360452, 0.30801509612658107, 0.20886044906966106, -0.34693580841190075, -0.43305766449829664, -2.495532924988182], "x": ["2019-01", "2019-02", "2019-03", "2019-04", "2019-05", "2019-06", "2019-07", "2019-08", "2019-09", "2019-10", "2019-11", "2019-12", "2020-01", "2020-02", "2020-03", "2020-04", "2020-05", "2020-06", "2020-07", "2020-08", "2020-09", "2020-10", "2020-11", "2020-12"], "y": [0.1919315606355667, 0.18090809881687164, 0.09055829793214798, 0.20790426433086395, 0.42909735441207886, 0.4695613980293274, 0.48299640417099, 0.482003778219223, 0.48106440901756287, 0.2676454186439514, 0.24284233152866364, -0.6439015865325928, 0.10010594129562378, -0.07321025431156158, -0.1035117506980896, -0.11344531178474426, -0.267214834690094, -0.2740645110607147, -0.26210424304008484, -0.25994008779525757, -0.2607859969139099, -0.14673243463039398, 0.6824730038642883, 0.7061644196510315], "geox": [-41.73151175764181, -41.72467568961815, -41.71127255654471, -41.76832297413001, -41.629569789946835, -41.63067480076419, -41.63081980409365, -41.63681585551521, -41.639955884079725, -41.64310591405497, -41.64403192401693, -41.639280893505045, -41.638404891034355, -41.637508904080434, -41.63568890064554, -41.63555790620022, -41.63346889570111, -41.62856486667141, -41.628324867962576, -41.627939906101886, -41.630807930911416, -41.646542126426354, -41.48440282609937, -41.506676056672084, -41.56827158427946, -41.65362936122919, -41.67776457013874, -41.74579609970725, -41.76970226105926, -41.70565466184748, -41.73151175764181],