{"IIS3": {"px": [], "py": [], "pt": [], "pb": [], "x": ["2019-01", "2019-02", "2019-03", "2019-04", "2019-05", "2019-06", "2019-07", "2019-08", "2019-09", "2019-10", "2019-11", "2019-12", "2020-01", "2020-02", "2020-03", "2020-04", "2020-05", "2020-06", "2020-07", "2020-08", "2020-09", "2020-10", "2020-11", "2020-12"], "y": [NaN, NaN, NaN, NaN, NaN, NaN, NaN, NaN, NaN, NaN, NaN, NaN, NaN, NaN, NaN, NaN, NaN, NaN, NaN, NaN, NaN, NaN, NaN, NaN]}, "VHI": {"px": ["2021-01", "2021-02", "2021-03", "2021-04", "2021-05", "2021-06", "2021-07", "2021-08", "2021-09", "2021-10", "2021-11", "2021-12"], "py": [69.67303623390909, 76.69424860015357, 98.49910019658226, 146.0304985913731, 160.1919892436503, 158.2861929567153, 129.79680933103015, 132.6875865646892, 189.05103071970407, 137.08936952855422, 82.86546746246846, 60.26891886799811], "pt": [106.1635892406823, 121.38586613844916, 150.10453496501003, 203.72712862370355, 223.39548073373163, 226.5537661960355, 202.77791493676284, 210.09573855712648, 270.64638729306205, 222.6673014606978, 172.2487022060811, 153.30193920315077], "pb": [33.182483227135876, 32.002631061858, 46.8936654281545, 88.33386855904263, 96.98849775356899, 90.01861971739511, 56.81570372529745, 55.27943457225193, 107.45567414634607, 51.51143759641063, -6.517767281144188, -32.764101467154546], "x": ["2019-01", "2019-02", "2019-03", "2019-04", "2019-05", "2019-06", "2019-07", "2019-08", "2019-09", "2019-10", "2019-11", "2019-12", "2020-01", "2020-02", "2020-03", "2020-04", "2020-05", "2020-06", "2020-07", "2020-08", "2020-09", "2020-10", "2020-11", "2020-12"], "y": [32.91326904296875, 37.63865280151367, 36.58903884887695, 54.64369201660156, 52.72230911254883, 39.01134490966797, 39.01134490966797, 38.644309997558594, 57.61676788330078, 39.04615020751953, 20.264039993286133, 13.05815315246582, 20.01480484008789, 24.46346092224121, 35.3309211730957, 57.40114974975586, 66.3482666015625, 69.45476531982422, 68.44287872314453, 74.65192413330078, 77.1076889038086, 53.22307586669922, 65.06114959716797, 54.89717483520508]}, "spi_01": {"px": [], "py": [], "pt": [], "pb": [], "x": ["2019-01", "2019-02", "2019-03", "2019-04", "2019-05", "2019-06", "2019-07", "2019-08", "2019-09", "2019-10", "2019-11", "2019-12", "2020-01", "2020-02", "2020-03", "2020-04", "2020-05", "2020-06", "2020-07", "2020-08", "2020-09", "2020-10", "2020-11", "2020-12"], "y": [NaN, NaN, NaN, NaN, NaN, NaN, NaN, NaN, NaN, NaN, NaN, NaN, NaN, NaN, NaN, NaN, NaN, NaN, NaN, NaN, NaN, NaN, NaN, NaN]}, "spi_03": {"px": [], "py": [], "pt": [], "pb": [], "x": ["2019-01", "2019-02", "2019-03", "2019-04", "2019-05", "2019-06", "2019-07", "2019-08", "2019-09", "2019-10", "2019-11", "2019-12", "2020-01", "2020-02", "2020-03", "2020-04", "2020-05", "2020-06", "2020-07"], "y": [NaN, NaN, NaN, NaN, NaN, NaN, NaN, NaN, NaN, NaN, NaN, NaN, NaN, NaN, NaN, NaN, NaN, NaN, NaN]}, "spi_06": {"px": [], "py": [], "pt": [], "pb": [], "x": ["2019-01", "2019-02", "2019-03", "2019-04", "2019-05", "2019-06", "2019-07", "2019-08", "2019-09", "2019-10", "2019-11", "2019-12", "2020-01", "2020-02", "2020-03", "2020-04", "2020-05", "2020-06", "2020-07"], "y": [NaN, NaN, NaN, NaN, NaN, NaN, NaN, NaN, NaN, NaN, NaN, NaN, NaN, NaN, NaN, NaN, NaN, NaN, NaN]}, "spi_12": {"px": [], "py": [], "pt": [], "pb": [], "x": ["2019-01", "2019-02", "2019-03", "2019-04", "2019-05", "2019-06", "2019-07", "2019-08", "2019-09", "2019-10", "2019-11", "2019-12", "2020-01", "2020-02", "2020-03", "2020-04", "2020-05", "2020-06", "2020-07", "2020-08", "2020-09", "2020-10", "2020-11", "2020-12"], "y": [NaN, NaN, NaN, NaN, NaN, NaN, NaN, NaN, NaN, NaN, NaN, NaN, NaN, NaN, NaN, NaN, NaN, NaN, NaN, NaN, NaN, NaN, NaN, NaN], "geox": [-40.30847986866341, -40.30089681431309, -40.29571878400415, -40.29311381647729, -40.286634769717566, -40.27858371192204, -40.27252868074474, -40.23241339814174, -40.23118839215081, -40.22747436494524, -40.2288853787357, -40.22947738890218, -40.22825138189448, -40.226663369923514, -40.2313674143839, -40.23509745610864, -40.23519545979762, -40.2323114389413, -40.23280644567685, -40.236001476946285, -40.24089652154203, -40.24268353743466, -40.2450235548963, -40.244395545733475, -40.2489495767582, -40.25272360766266, -40.25606563295001, -40.258103651460964, -40.25780565444522, -40.258969667645246, -40.26205269425788, -40.26313470597543, -40.267915750194305, -40.272559788708044, -40.27435580121134, -40.2761218161331, -40.27827983734296, -40.281501865156, -40.28468789435601, -40.28779891913679, -40.29610699001629, -40.29722900046139, -40.29991602880061, -40.303135056596126, -40.305005068548965, -40.30799809181909, -40.309552105321345, -40.3138861474153, -40.31858118449321, -40.322988226471935, -40.32672925940934, -40.327299263301214, -40.32631624993336, -40.32676025088984, -40.32996327127289, -40.3332252954299, -40.33554331427094, -40.33508330406105, -40.33594130933007, -40.33791432564449, -40.34002534813496, -40.340665358274066, -40.33986935658756, -40.3409413691763, -40.34378539650756, -40.34740842858004, -40.348884443961765, -40.3587365301964, -40.36045154869286, -40.367725614284865, -40.367189615367415, -40.37058764399779, -40.38339763124567, -40.38547762574932, -40.36781644603431, -40.30847986866341], "geoy": [-11.430619657083902, -11.43913572545387, -11.45024880877995, -11.492901106879259, -11.4999061634132, -11.508852235334402, -11.525090355125043, -11.573802742090102, -11.577323767949558, -11.581031798241222, -11.582283805105067, -11.586181831271254, -11.588923851750607, -11.590247862897307, -11.593251877692216, -11.600608923757571, -11.602794938720285, -11.605874963624267, -11.607770976082456, -11.610630991774896, -11.612469998267374, -11.612843998585271, -11.610762981265559, -11.607883962196997, -11.601560912806901, -11.600311899414564, -11.597608876536945, -11.598335878975043, -11.602601908784075, -11.605034924095463, -11.605066920413769, -11.606903931715557, -11.609218941628923, -11.60806292777475, -11.605780909762132, -11.605553905960303, -11.607560917068191, -11.607599913255997, -11.608941918473617, -11.607389903831063, -11.606856889630336, -11.607454892331345, -11.611436916376253, -11.61148791264704, -11.608301888315582, -11.606376871253076, -11.606466869903931, -11.610120889594548, -11.607546865902409, -11.610632881580711, -11.611185880646335, -11.61040687455574, -11.60664884990703, -11.604450834197392, -11.598930792096844, -11.595915767185135, -11.595058758342153, -11.590262725871133, -11.588636713577657, -11.588120707522846, -11.59143372768223, -11.594985751349366, -11.59894877966645, -11.601524796057094, -11.60370680748459, -11.604382807546976, -11.606432819796852, -11.607525814825378, -11.61038583234592, -11.612669838839272, -11.617028869533836, -11.616557861974512, -11.52207019469433, -11.50400906750153, -11.482503941302465, -11.430619657083902]}}