{"IIS3": {"px": [], "py": [], "pt": [], "pb": [], "x": ["2019-01", "2019-02", "2019-03", "2019-04", "2019-05", "2019-06", "2019-07", "2019-08", "2019-09", "2019-10", "2019-11", "2019-12", "2020-01", "2020-02", "2020-03", "2020-04", "2020-05", "2020-06", "2020-07", "2020-08", "2020-09", "2020-10", "2020-11", "2020-12"], "y": [NaN, NaN, NaN, NaN, NaN, NaN, NaN, NaN, NaN, NaN, NaN, NaN, NaN, NaN, NaN, NaN, NaN, NaN, NaN, NaN, NaN, NaN, NaN, NaN]}, "VHI": {"px": ["2021-01", "2021-02", "2021-03", "2021-04", "2021-05", "2021-06", "2021-07", "2021-08", "2021-09", "2021-10", "2021-11", "2021-12"], "py": [100.76320317895055, 134.43480579082313, 140.38073963645303, 138.68829169610277, 129.15760664884513, 123.22083388656108, 130.08449438470532, 92.64379897456232, 64.94787371990704, 65.14508370907753, 56.8102385333375, 49.9094931025665], "pt": [124.8743708862716, 162.59936932991815, 172.0846332535607, 173.57426454511528, 166.9587353721941, 163.72786492928697, 173.1276563855797, 138.08175696312819, 112.66057912745896, 115.02891363867491, 108.77456013558835, 103.87415701071396], "pb": [76.6520354716295, 106.2702422517281, 108.67684601934536, 103.80231884709025, 91.35647792549616, 82.7138028438352, 87.04133238383093, 47.205840985996446, 17.2351683123551, 15.261253779480157, 4.845916931086649, -4.05517080558095], "x": ["2019-01", "2019-02", "2019-03", "2019-04", "2019-05", "2019-06", "2019-07", "2019-08", "2019-09", "2019-10", "2019-11", "2019-12", "2020-01", "2020-02", "2020-03", "2020-04", "2020-05", "2020-06", "2020-07", "2020-08", "2020-09", "2020-10", "2020-11", "2020-12"], "y": [65.84870910644531, 67.45722198486328, 61.00627899169922, 66.71382141113281, 63.87527084350586, 59.118553161621094, 59.118553161621094, 38.66328811645508, 24.596311569213867, 25.06144142150879, 20.88484764099121, 17.462045669555664, 49.330230712890625, 69.42977142333984, 75.11190795898438, 75.70869445800781, 71.41339111328125, 69.86963653564453, 62.98149871826172, 63.72843933105469, 52.12782287597656, 38.571998596191406, 47.17197799682617, 46.308109283447266]}, "spi_01": {"px": ["2021-01", "2021-02", "2021-03", "2021-04", "2021-05", "2021-06", "2021-07", "2021-08", "2021-09", "2021-10", "2021-11", "2021-12"], "py": [0.47482736481153287, 0.6089399407778622, 1.3630369685226285, 0.8881106334120266, 0.21895583262362672, 0.5476682021804189, 0.6046448658825949, -0.6458429565022152, 1.0660170976160082, 0.2722812427042247, 0.6836659122221493, 0.24273976294079924], "pt": [1.1223524546920935, 1.2706647415386163, 2.0386631091202907, 1.57735779646453, 0.9215600040409022, 1.2633801495516979, 1.333228808559772, 0.09538948439878325, 1.8196857923095613, 1.0381842857051753, 1.461610923900448, 1.032543163232404], "pb": [-0.1726977250690278, -0.052784859982892174, 0.6874108279249662, 0.19886347035952312, -0.48364833879364877, -0.16804374519086007, -0.12393907679458227, -1.3870753974032137, 0.312348402922455, -0.4936218002967261, -0.09427909945614954, -0.5470636373508053], "x": ["2019-01", "2019-02", "2019-03", "2019-04", "2019-05", "2019-06", "2019-07", "2019-08", "2019-09", "2019-10", "2019-11", "2019-12", "2020-01", "2020-02", "2020-03", "2020-04", "2020-05", "2020-06", "2020-07", "2020-08", "2020-09", "2020-10", "2020-11", "2020-12"], "y": [-0.39172855019569397, 0.6811513900756836, 0.5836595296859741, 0.11812502890825272, -0.06458190083503723, -0.537289559841156, 0.22541280090808868, -0.8198761343955994, 0.6558021903038025, 0.019547682255506516, 0.41436177492141724, 0.059808649122714996, 0.4367396831512451, 0.5569592714309692, 1.3008512258529663, 0.8501553535461426, 0.20946839451789856, 0.5217653512954712, 0.007789877243340015, -0.5655339360237122, 0.7940523028373718, 0.47285109758377075, 0.7648773789405823, -0.3373238146305084]}, "spi_03": {"px": [], "py": [], "pt": [], "pb": [], "x": ["2019-01", "2019-02", "2019-03", "2019-04", "2019-05", "2019-06", "2019-07", "2019-08", "2019-09", "2019-10", "2019-11", "2019-12", "2020-01", "2020-02", "2020-03", "2020-04", "2020-05", "2020-06", "2020-07"], "y": [0.3453303277492523, 0.3001903295516968, 0.12384239584207535, 0.5436474084854126, 0.3166412115097046, -0.13022954761981964, -0.2971632480621338, -0.4588416516780853, 0.045174676924943924, -0.45016539096832275, -0.10880671441555023, -0.037540189921855927, 0.2595694065093994, 0.4096573293209076, 1.0404542684555054, 1.4414540529251099, 1.2864272594451904, 0.6848768591880798, 0.14741241931915283]}, "spi_06": {"px": [], "py": [], "pt": [], "pb": [], "x": ["2019-01", "2019-02", "2019-03", "2019-04", "2019-05", "2019-06", "2019-07", "2019-08", "2019-09", "2019-10", "2019-11", "2019-12", "2020-01", "2020-02", "2020-03", "2020-04", "2020-05", "2020-06", "2020-07"], "y": [0.2079157680273056, 0.4205467998981476, 0.3959605097770691, 0.49049559235572815, 0.34131672978401184, 0.13378608226776123, 0.42779266834259033, 0.1348707377910614, -0.17581628262996674, -0.41074615716934204, -0.6011480093002319, -0.21380414068698883, 0.1645587980747223, 0.35922905802726746, 0.8605780601501465, 1.1386938095092773, 1.0329855680465698, 1.1431835889816284, 1.283643364906311]}, "spi_12": {"px": ["2021-01", "2021-02", "2021-03", "2021-04", "2021-05", "2021-06", "2021-07", "2021-08", "2021-09", "2021-10", "2021-11", "2021-12"], "py": [1.7311891378442787, 1.5094586671239751, 2.226100445310538, 2.621523560646356, 2.4640820668528334, 2.4567785309829993, 2.444732970714623, 2.429019045931698, 2.3612267763660406, 2.2634005176602128, 1.732504795559986, 1.3389570365526677], "pt": [2.328077616918693, 2.240494768847542, 3.0702282244972023, 3.565287107921854, 3.4979232339270867, 3.573454618444746, 3.6385099221927026, 3.6952107120911775, 3.695909982607559, 3.6632280736807967, 3.194576993560476, 2.860730028078475], "pb": [1.1343006587698645, 0.7784225654004084, 1.3819726661238732, 1.6777600133708575, 1.43024089977858, 1.340102443521252, 1.2509560192365434, 1.1628273797722182, 1.026543570124522, 0.8635729616396288, 0.2704325975594961, -0.18281595497313963], "x": ["2019-01", "2019-02", "2019-03", "2019-04", "2019-05", "2019-06", "2019-07", "2019-08", "2019-09", "2019-10", "2019-11", "2019-12", "2020-01", "2020-02", "2020-03", "2020-04", "2020-05", "2020-06", "2020-07", "2020-08", "2020-09", "2020-10", "2020-11", "2020-12"], "y": [0.5247109532356262, -0.20480507612228394, 0.10945151001214981, 0.07205129414796829, 0.2983575463294983, 0.30044177174568176, 0.33983251452445984, 0.33713650703430176, 0.3454883098602295, 0.3564818203449249, 0.16354696452617645, 0.013431115075945854, 0.3922778069972992, 0.30409958958625793, 0.7420171499252319, 1.0100603103637695, 0.9726194739341736, 1.0396808385849, 0.990192174911499, 0.9790006279945374, 0.9786449670791626, 1.0055278539657593, 1.067492961883545, 1.0708928108215332],