{"IIS3": {"px": [], "py": [], "pt": [], "pb": [], "x": ["2019-01", "2019-02", "2019-03", "2019-04", "2019-05", "2019-06", "2019-07", "2019-08", "2019-09", "2019-10", "2019-11", "2019-12", "2020-01", "2020-02", "2020-03", "2020-04", "2020-05", "2020-06", "2020-07", "2020-08", "2020-09", "2020-10", "2020-11", "2020-12"], "y": [NaN, NaN, NaN, NaN, NaN, NaN, NaN, NaN, NaN, NaN, NaN, NaN, NaN, NaN, NaN, NaN, NaN, NaN, NaN, NaN, NaN, NaN, NaN, NaN]}, "VHI": {"px": ["2021-01", "2021-02", "2021-03", "2021-04", "2021-05", "2021-06", "2021-07", "2021-08", "2021-09", "2021-10", "2021-11", "2021-12"], "py": [52.16439868331099, 50.8590036395932, 48.848977713512554, 45.675714509426754, 42.4410429090197, 47.55212271764603, 50.84255320605908, 58.856440002906325, 40.51182183753083, 41.007535193661695, 38.508823750226185, 46.95307724124848], "pt": [63.734686745186394, 65.02965456792458, 65.21183594887174, 63.96994615572183, 62.48136958864613, 69.19814949680321, 73.98312919763355, 83.40072730402133, 66.38377230550904, 68.1422657601398, 66.85012549896742, 76.45163935385061], "pb": [40.59411062143559, 36.688352711261814, 32.48611947815337, 27.381482863131673, 22.400716229393268, 25.906095938488846, 27.701977214484614, 34.31215270179132, 14.639871369552623, 13.872804627183605, 10.167522001484954, 17.45451512864635], "x": ["2019-01", "2019-02", "2019-03", "2019-04", "2019-05", "2019-06", "2019-07", "2019-08", "2019-09", "2019-10", "2019-11", "2019-12", "2020-01", "2020-02", "2020-03", "2020-04", "2020-05", "2020-06", "2020-07", "2020-08", "2020-09", "2020-10", "2020-11", "2020-12"], "y": [45.39963912963867, 44.01250076293945, 45.99142837524414, 43.19785690307617, 42.57999801635742, 46.93320846557617, 46.93320846557617, 55.09756851196289, 37.83928680419922, 38.52606964111328, 36.175533294677734, 44.32042694091797, 52.08053207397461, 52.11053466796875, 50.930999755859375, 47.59124755859375, 43.8341064453125, 48.79242706298828, 64.12053680419922, 72.50482177734375, 44.718997955322266, 33.573997497558594, 33.78499984741211, 44.85000228881836]}, "spi_01": {"px": [], "py": [], "pt": [], "pb": [], "x": ["2019-01", "2019-02", "2019-03", "2019-04", "2019-05", "2019-06", "2019-07", "2019-08", "2019-09", "2019-10", "2019-11", "2019-12", "2020-01", "2020-02", "2020-03", "2020-04", "2020-05", "2020-06", "2020-07", "2020-08", "2020-09", "2020-10", "2020-11", "2020-12"], "y": [NaN, NaN, NaN, NaN, NaN, NaN, NaN, NaN, NaN, NaN, NaN, NaN, NaN, NaN, NaN, NaN, NaN, NaN, NaN, NaN, NaN, NaN, NaN, NaN]}, "spi_03": {"px": [], "py": [], "pt": [], "pb": [], "x": ["2019-01", "2019-02", "2019-03", "2019-04", "2019-05", "2019-06", "2019-07", "2019-08", "2019-09", "2019-10", "2019-11", "2019-12", "2020-01", "2020-02", "2020-03", "2020-04", "2020-05", "2020-06", "2020-07"], "y": [NaN, NaN, NaN, NaN, NaN, NaN, NaN, NaN, NaN, NaN, NaN, NaN, NaN, NaN, NaN, NaN, NaN, NaN, NaN]}, "spi_06": {"px": [], "py": [], "pt": [], "pb": [], "x": ["2019-01", "2019-02", "2019-03", "2019-04", "2019-05", "2019-06", "2019-07", "2019-08", "2019-09", "2019-10", "2019-11", "2019-12", "2020-01", "2020-02", "2020-03", "2020-04", "2020-05", "2020-06", "2020-07"], "y": [NaN, NaN, NaN, NaN, NaN, NaN, NaN, NaN, NaN, NaN, NaN, NaN, NaN, NaN, NaN, NaN, NaN, NaN, NaN]}, "spi_12": {"px": [], "py": [], "pt": [], "pb": [], "x": ["2019-01", "2019-02", "2019-03", "2019-04", "2019-05", "2019-06", "2019-07", "2019-08", "2019-09", "2019-10", "2019-11", "2019-12", "2020-01", "2020-02", "2020-03", "2020-04", "2020-05", "2020-06", "2020-07", "2020-08", "2020-09", "2020-10", "2020-11", "2020-12"], "y": [NaN, NaN, NaN, NaN, NaN, NaN, NaN, NaN, NaN, NaN, NaN, NaN, NaN, NaN, NaN, NaN, NaN, NaN, NaN, NaN, NaN, NaN, NaN, NaN], "geox": [-44.44374500673091, -44.43872296006976, -44.431635907210705, -44.429758887927875, -44.428923876043775, -44.426752856536794, -44.42731187004339, -44.43161292659622, -44.43139292993589, -44.42836091123209, -44.42403387617756, -44.42366787855788, -44.42566590109262, -44.42558490318323, -44.42086286605521, -44.4183648396872, -44.41639082175552, -44.41430580693385, -44.411785798271005, -44.41228080783477, -44.41636084693851, -44.416808853224445, -44.41386283960896, -44.415528865459066, -44.4167588805574, -44.41991190840851, -44.4218949312391, -44.42091492437601, -44.41741589324894, -44.41517087791338, -44.4138678756594, -44.411726863710456, -44.4082798360225, -44.40253479552865, -44.40230979836129, -44.40425582298641, -44.403895827488014, -44.40255782051399, -44.39950579895074, -44.39730879033145, -44.39520377782826, -44.391497745696356, -44.388177725301304, -44.38590171631152, -44.38306269617066, -44.38347470652344, -44.38148169316608, -44.37961369102273, -44.378810696120595, -44.3794997100066, -44.378839706589496, -44.3737236603594, -44.37317365827846, -44.373665671752875, -44.375665688967885, -44.37614469880778, -44.375974699731415, -44.37319868120662, -44.37376969651601, -44.37289070217676, -44.36991968939841, -44.36700766510823, -44.363532617172815, -44.36152459847185, -44.360531591337555, -44.35889058487469, -44.35806057657905, -44.35664555236343, -44.3549955351316, -44.350948507032335, -44.34644447010055, -44.3440934448756, -44.34477944454945, -44.3434744287796, -44.341198409145356, -44.34033340329677, -44.338918402294766, -44.339474411551045, -44.3414844365119, -44.34308146189998, -44.34638949835706, -44.34635550342245, -44.342724490562176, -44.34324950064766, -44.3468015367898, -44.354274603682356, -44.355697622933896, -44.35514262110452, -44.357312653902056, -44.35877566731212, -44.363554703245626, -44.36561572584094, -44.36791174285199, -44.3714437767778, -44.374968813043374, -44.37519682001706, -44.379055851287575, -44.37978086214462, -44.38365489942404, -44.38662093862362, -44.38772594697735, -44.38888595130296, -44.3914189679286, -44.39372398614468, -44.39808301584392, -44.400257035136725, -44.405221088782085, -44.40663610353112, -44.41072313931212, -44.412782150183936, -44.41583817172105, -44.423008239673486, -44.42758827648404, -44.42999830227177, -44.43550435157957, -44.437408374554245, -44.437816387199, -44.4390904020202, -44.44008741109731, -44.44527844987425, -44.4491464750491, -44.45384751270053, -44.45768553872749, -44.458980545556486, -44.45888754198341, -44.45656451702546, -44.45773152270362, -44.46761160218871, -44.47144763749313, -44.479749705360796, -44.48225273053389, -44.482322737106415, -44.4831467475659, -44.484084755525636, -44.484564757426234, -44.48580976854084, -44.4879437953415, -44.49008981216554, -44.49221683156869, -44.50025091555786, -44.50523095753574, -44.507696972358566, -44.5088879825772, -44.50961499122582, -44.508750985348854, -44.50895499720709, -44.51181702519603, -44.51383504977472, -44.518455098034146, -44.52330916585275, -44.52400418400713, -44.52505719412222, -44.52692020757516, -44.527647207919195, -44.52681019468817, -44.52764219087379, -44.52747318000531, -44.52483915039036, -44.524614137868255, -44.521205095858384, -44.52383810134117, -44.523064082981755, -44.525339085155935, -44.52683709378401, -44.529976120662546, -44.53111411939016, -44.53186312359357, -44.534165143094455, -44.53448314266771, -44.53806216679474, -44.54216918522793, -44.54173318065927, -44.53273010256641, -44.53181109647829, -44.52717805670408, -44.523859032290034, -44.520091998218234, -44.51822697922409, -44.517286963917655, -44.51789595956991, -44.51878096503716, -44.51803095438137, -44.5179499384739, -44.518672939328205, -44.5209449536229, -44.5209769511564, -44.51907393293771, -44.51567090508463, -44.51708991061854, -44.51578188532783, -44.51708688439127, -44.51610786825272, -44.51430384952532, -44.512000830843554, -44.509501804101994, -44.50977979172654, -44.50925478504931, -44.5082017760582, -44.508507775979375, -44.5071737607865, -44.506248751988174, -44.505476747052896, -44.505000740816655, -44.50011069752007, -44.49797067183589, -44.49295962910041, -44.48872858534099, -44.486727569047765, -44.48725456868255, -44.485747550898566, -44.482140515542085, -44.481618500827025, -44.48342349343777, 