{"IIS3": {"px": [], "py": [], "pt": [], "pb": [], "x": ["2019-01", "2019-02", "2019-03", "2019-04", "2019-05", "2019-06", "2019-07", "2019-08", "2019-09", "2019-10", "2019-11", "2019-12", "2020-01", "2020-02", "2020-03", "2020-04", "2020-05", "2020-06", "2020-07", "2020-08", "2020-09", "2020-10", "2020-11", "2020-12"], "y": [NaN, NaN, NaN, NaN, NaN, NaN, NaN, NaN, NaN, NaN, NaN, NaN, NaN, NaN, NaN, NaN, NaN, NaN, NaN, NaN, NaN, NaN, NaN, NaN]}, "VHI": {"px": ["2021-01", "2021-02", "2021-03", "2021-04", "2021-05", "2021-06", "2021-07", "2021-08", "2021-09", "2021-10", "2021-11", "2021-12"], "py": [52.91179176297693, 51.28313342890338, 55.07436525381151, 57.28202162693617, 62.891773525220486, 68.83181265721382, 72.73785528053916, 68.11846141396603, 52.148879081727955, 49.17011576663681, 44.91773812910483, 48.25746834142949], "pt": [60.680032062178356, 59.411492078937655, 63.54755068439408, 66.08653912299958, 72.01559867347584, 78.26414229168836, 82.46891377028409, 78.1393474191198, 62.45144251641433, 59.746857718825424, 55.761728507219175, 59.36227740408728], "pb": [45.14355146377551, 43.15477477886911, 46.60117982322893, 48.47750413087276, 53.76794837696514, 59.399483022739275, 63.00679679079424, 58.09757540881226, 41.84631564704158, 38.5933738144482, 34.07374775099049, 37.152659278771694], "x": ["2019-01", "2019-02", "2019-03", "2019-04", "2019-05", "2019-06", "2019-07", "2019-08", "2019-09", "2019-10", "2019-11", "2019-12", "2020-01", "2020-02", "2020-03", "2020-04", "2020-05", "2020-06", "2020-07", "2020-08", "2020-09", "2020-10", "2020-11", "2020-12"], "y": [45.05701446533203, 46.54384231567383, 46.393653869628906, 51.01346206665039, 55.872398376464844, 63.20412826538086, 63.20412826538086, 58.913002014160156, 44.36107635498047, 41.77894592285156, 37.95399475097656, 41.049922943115234, 47.49189376831055, 46.76319885253906, 51.408958435058594, 53.86000061035156, 59.102596282958984, 64.97822570800781, 70.66797637939453, 76.18624877929688, 56.98176574707031, 41.376304626464844, 38.855384826660156, 47.82935333251953]}, "spi_01": {"px": ["2021-01", "2021-02", "2021-03", "2021-04", "2021-05", "2021-06", "2021-07", "2021-08", "2021-09", "2021-10", "2021-11", "2021-12"], "py": [1.913700095752584, 1.0864469039434672, 1.8582618746067645, 1.7327822871846843, 3.0900700786669892, 1.5859293965237686, -0.14014334173729415, 2.3881875705534004, 1.3536102274906665, 0.4514521047529816, 1.3442829234887914, -0.018700324170089377], "pt": [4.140852047612041, 3.3135988558029252, 4.0854138264662225, 3.959934239044143, 5.317222030526448, 3.8130813483832275, 2.087008610122165, 4.61533952241286, 3.580762179350126, 2.678604056612442, 3.5714348753482517, 2.208451627689371], "pb": [-0.31345185610687354, -1.1407050479159908, -0.3688900772526935, -0.49436966467477417, 0.8629181268075308, -0.6412225553356903, -2.367295293596753, 0.16103561869394056, -0.8735417243687933, -1.7756998471064787, -0.8828690283706688, -2.24585227602955], "x": ["2019-01", "2019-02", "2019-03", "2019-04", "2019-05", "2019-06", "2019-07", "2019-08", "2019-09", "2019-10", "2019-11", "2019-12", "2020-01", "2020-02", "2020-03", "2020-04", "2020-05", "2020-06", "2020-07", "2020-08", "2020-09", "2020-10", "2020-11", "2020-12"], "y": [-1.516798496246338, 1.2039012908935547, 0.22138524055480957, 0.6701076626777649, 1.148491382598877, -1.0682505369186401, -0.9518244862556458, 0.7858117818832397, 0.07361210882663727, -0.5086404085159302, 0.13325190544128418, -0.7367423176765442, 1.1106842756271362, 0.4824869930744171, 1.0677348375320435, 1.030316948890686, 2.2527875900268555, 0.9127821326255798, 0.6334555745124817, 1.051557183265686, -0.7515494227409363, 2.349757432937622, -0.6145822405815125, -0.7197935581207275]}, "spi_03": {"px": [], "py": [], "pt": [], "pb": [], "x": ["2019-01", "2019-02", "2019-03", "2019-04", "2019-05", "2019-06", "2019-07", "2019-08", "2019-09", "2019-10", "2019-11", "2019-12", "2020-01", "2020-02", "2020-03", "2020-04", "2020-05", "2020-06", "2020-07"], "y": [-1.6628860235214233, -0.6523653864860535, -0.14862369000911713, 1.035412311553955, 0.5995979905128479, 0.8423434495925903, 0.501081109046936, -0.325703501701355, -0.014428249560296535, -0.34349411725997925, -0.1899956613779068, -0.5556853413581848, 0.4222678244113922, 0.6387249231338501, 1.399409532546997, 1.068312644958496, 1.7339521646499634, 2.01705002784729, 2.2859609127044678]}, "spi_06": {"px": [], "py": [], "pt": [], "pb": [], "x": ["2019-01", "2019-02", "2019-03", "2019-04", "2019-05", "2019-06", "2019-07", "2019-08", "2019-09", "2019-10", "2019-11", "2019-12", "2020-01", "2020-02", "2020-03", "2020-04", "2020-05", "2020-06", "2020-07"], "y": [-1.1629436016082764, -0.7046307921409607, -0.7515153884887695, -0.8597836494445801, -0.39540964365005493, 0.034828659147024155, 1.1043803691864014, 0.4996320605278015, 0.48770755529403687, -0.21695254743099213, -0.2522760033607483, -0.5391303300857544, 0.28202325105667114, 0.33934831619262695, 0.6499109268188477, 0.8723041415214539, 1.3473576307296753, 1.759048342704773, 1.5191723108291626]}, "spi_12": {"px": ["2021-01", "2021-02", "2021-03", "2021-04", "2021-05", "2021-06", "2021-07", "2021-08", "2021-09", "2021-10", "2021-11", "2021-12"], "py": [3.693967519812885, 2.988040624996813, 3.362493365285803, 3.2316764229527237, 3.3224769882109566, 3.1617729765060103, 3.2045128319815586, 2.8819507182037114, 2.270317327424202, 1.1957022305493865, 2.3702676261159334, 2.451200976840508], "pt": [4.985879421252564, 4.514477124169112, 5.091938481769493, 5.14268464790969, 5.399235149571368, 5.391996392601575, 5.578300630127144, 5.391102075844131, 4.9078943519815255, 3.9557356697302524, 5.247550478099807, 5.44113887506588], "pb": [2.402055618373206, 1.4616041258245143, 1.6330482488021136, 1.320668197995757, 1.245718826850546, 0.9315495604104456, 0.8307250338359733, 0.3727993605632913, -0.36725969713312123, -1.564331208631479, -0.5070152258679403, -0.5387369213848632], "x": ["2019-01", "2019-02", "2019-03", "2019-04", "2019-05", "2019-06", "2019-07", "2019-08", "2019-09", "2019-10", "2019-11", "2019-12", "2020-01", "2020-02", "2020-03", "2020-04", "2020-05", "2020-06", "2020-07", "2020-08", "2020-09", "2020-10", "2020-11", "2020-12"], "y": [-0.8239130973815918, -0.7252883911132812, -0.761638879776001, -0.5562869906425476, -0.5375862717628479, -0.5405505895614624, -0.5289888381958008, -0.5342716574668884, -0.640712559223175, -0.912854015827179, -0.4601166844367981, -0.3508622348308563, 0.6411514282226562, 0.42096540331840515, 0.7068504691123962, 0.7784810662269592, 0.9853969216346741, 1.0251357555389404, 1.039803147315979, 1.0653234720230103, 0.9738693237304688, 1.4725894927978516, 1.711377739906311, 1.546836256980896],