{"IIS3": {"px": [], "py": [], "pt": [], "pb": [], "x": ["2019-01", "2019-02", "2019-03", "2019-04", "2019-05", "2019-06", "2019-07", "2019-08", "2019-09", "2019-10", "2019-11", "2019-12", "2020-01", "2020-02", "2020-03", "2020-04", "2020-05", "2020-06", "2020-07", "2020-08", "2020-09", "2020-10", "2020-11", "2020-12"], "y": [NaN, NaN, NaN, NaN, NaN, NaN, NaN, NaN, NaN, NaN, NaN, NaN, NaN, NaN, NaN, NaN, NaN, NaN, NaN, NaN, NaN, NaN, NaN, NaN]}, "VHI": {"px": ["2021-01", "2021-02", "2021-03", "2021-04", "2021-05", "2021-06", "2021-07", "2021-08", "2021-09", "2021-10", "2021-11", "2021-12"], "py": [55.02973528407634, 69.47846808436205, 96.93748420480483, 110.76816468289255, 127.10403252089071, 122.59854054669609, 97.4233931488856, 154.52193574030403, 178.88629487498818, 135.7798645686869, 82.73952823798528, 64.94542515610699], "pt": [96.41003775290795, 120.15878118383037, 155.4580689533212, 176.19616742450492, 198.77681847347236, 200.01399733442508, 180.1839976240879, 242.3028126814068, 271.4154635732812, 232.825275400139, 184.10015405932415, 170.44490937447472], "pb": [13.649432815244715, 18.798154984893728, 38.416899456288455, 45.34016194128017, 55.43124656830908, 45.1830837589671, 14.662788673683266, 66.74105879920127, 86.35712617669513, 38.73445373723477, -18.62109758335359, -40.55405906226072], "x": ["2019-01", "2019-02", "2019-03", "2019-04", "2019-05", "2019-06", "2019-07", "2019-08", "2019-09", "2019-10", "2019-11", "2019-12", "2020-01", "2020-02", "2020-03", "2020-04", "2020-05", "2020-06", "2020-07", "2020-08", "2020-09", "2020-10", "2020-11", "2020-12"], "y": [41.71217346191406, 21.71869468688965, 23.17293357849121, 32.4957160949707, 42.927608489990234, 35.63336944580078, 35.63336944580078, 62.34443283081055, 75.7154769897461, 56.60336685180664, 31.2738037109375, 23.374435424804688, 22.004348754882812, 31.197717666625977, 46.95347595214844, 54.33586883544922, 64.94000244140625, 65.0434341430664, 63.48869705200195, 72.047607421875, 67.50495910644531, 58.670692443847656, 61.98945236206055, 59.319129943847656]}, "spi_01": {"px": [], "py": [], "pt": [], "pb": [], "x": ["2019-01", "2019-02", "2019-03", "2019-04", "2019-05", "2019-06", "2019-07", "2019-08", "2019-09", "2019-10", "2019-11", "2019-12", "2020-01", "2020-02", "2020-03", "2020-04", "2020-05", "2020-06", "2020-07", "2020-08", "2020-09", "2020-10", "2020-11", "2020-12"], "y": [NaN, NaN, NaN, NaN, NaN, NaN, NaN, NaN, NaN, NaN, NaN, NaN, NaN, NaN, NaN, NaN, NaN, NaN, NaN, NaN, NaN, NaN, NaN, NaN]}, "spi_03": {"px": [], "py": [], "pt": [], "pb": [], "x": ["2019-01", "2019-02", "2019-03", "2019-04", "2019-05", "2019-06", "2019-07", "2019-08", "2019-09", "2019-10", "2019-11", "2019-12", "2020-01", "2020-02", "2020-03", "2020-04", "2020-05", "2020-06", "2020-07"], "y": [NaN, NaN, NaN, NaN, NaN, NaN, NaN, NaN, NaN, NaN, NaN, NaN, NaN, NaN, NaN, NaN, NaN, NaN, NaN]}, "spi_06": {"px": [], "py": [], "pt": [], "pb": [], "x": ["2019-01", "2019-02", "2019-03", "2019-04", "2019-05", "2019-06", "2019-07", "2019-08", "2019-09", "2019-10", "2019-11", "2019-12", "2020-01", "2020-02", "2020-03", "2020-04", "2020-05", "2020-06", "2020-07"], "y": [NaN, NaN, NaN, NaN, NaN, NaN, NaN, NaN, NaN, NaN, NaN, NaN, NaN, NaN, NaN, NaN, NaN, NaN, NaN]}, "spi_12": {"px": [], "py": [], "pt": [], "pb": [], "x": ["2019-01", "2019-02", "2019-03", "2019-04", "2019-05", "2019-06", "2019-07", "2019-08", "2019-09", "2019-10", "2019-11", "2019-12", "2020-01", "2020-02", "2020-03", "2020-04", "2020-05", "2020-06", "2020-07", "2020-08", "2020-09", "2020-10", "2020-11", "2020-12"], "y": [NaN, NaN, NaN, NaN, NaN, NaN, NaN, NaN, NaN, NaN, NaN, NaN, NaN, NaN, NaN, NaN, NaN, NaN, NaN, NaN, NaN, NaN, NaN, NaN], "geox": [-39.837265727184395, -39.832132674815846, -39.82840062016895, -39.825461585234734, -39.819909533198235, -39.8173005060365, -39.815099487006165, -39.8110744426274, -39.80207536314472, -39.79720731684408, -39.795490298703854, -39.790961240781556, -39.789714227935626, -39.781118153887626, -39.776679117399375, -39.77060406514454, -39.77109807984294, -39.76943506730662, -39.76826906176888, -39.76521203818285, -39.76336002669593, -39.75998900005397, -39.761800029264386, -39.76063302244513, -39.7577489960493, -39.75463396698598, -39.75005191478719, -39.74956889541183, -39.74891088668487, -39.75021089293648, -39.75282691409754, -39.7538139197644, -39.750511877742895, -39.751609881165166, -39.74962985493563, -39.65576711162362, -39.65917914806408, -39.66081718369606, -39.66246420092762, -39.66429021781642, -39.66445422444288, -39.65751217706173, -39.65582817365738, -39.65431916456582, -39.65215914928534, -39.65089413881814, -39.64954512909837, -39.645833131446444, -39.64437914321016, -39.643405137418476, -39.638766095557294, -39.637716088153994, -39.63793609795687, -39.63949111545489, -39.63874011029159, -39.63981823602755, -39.6442062725106, -39.648743315742614, -39.66376145213166, -39.66626147552056, -39.669066504594376, -39.67208853147025, -39.675739561455586, -39.67757357489864, -39.67818657745256, -39.678074566636255, -39.67918757550808, -39.68041058650019, -39.68257061300072, -39.686163643836665, -39.68898866526867, -39.69015167531074, -39.69171669223397, -39.694022714753515, -39.699314762518526, -39.70087577779665, -39.70092778517778, -39.70451581410324, -39.70801084515433, -39.713071886232385, -39.717874920324654, -39.725102987695934, -39.72701800465603, -39.72824301346851, -39.73009303338954, -39.733123058155385, -39.73387106358025, -39.7334290549581, -39.73429105709896, -39.73231603246112, -39.73319503755093, -39.73762907146632, -39.73895508358411, -39.738262084679384, -39.741622123605346, -39.742454130749664, -39.74481815522654, -39.74669016785241, -39.74821017221109, -39.74936017944618, -39.75140619524822, -39.75182319194588, -39.76079126775418, -39.76362528879878, -39.76660131611263, -39.76946234768011, -39.77086936135634, -39.774083387150796, -39.775185394831276, -39.774099375741784, -39.77703938621152, -39.78265443145345, -39.78717947135569, -39.79029349508107, -39.792380508958125, -39.79474152910138, -39.79648754136161, -39.79866055952569, -39.7983585505631, -39.80124056598073, -39.799936543579946, -39.80171755290311, -39.801536548271464, -39.80056953817538, -39.79896151652584, -39.799543520435094, -39.79812450530854, -39.796907496803094, -39.79651849186667, -39.79632748528219, -39.7954084747682, -39.79590647776162, -39.80037250922032, -39.80173751960592, -39.80402453937742, -39.80779356701307, -39.8125976104283, -39.81429562243274, -39.814683620465956, -39.81604762943787, -39.81568562493507, -39.81374360708447, -39.813602604465544, -39.8154366185745, -39.817213633497275, -39.823649693306166, -39.83018474931397, -39.831631760138556, -39.83221076358396, -39.83227175453304, -39.83168374088494, -39.833487751900485, -39.83582277087189, -39.83904279451028, -39.841377813819875, -39.84246082516083, -39.846294860421, -39.84968788634552, -39.85118189936361, -39.85256890278927, -39.85263088903412, -39.84798584420904, -39.8466538299956, -39.84550781389283, -39.843684795765256, -39.84307379199914, -39.83843274703606, -39.837265727184395],