{"IIS3": {"px": [], "py": [], "pt": [], "pb": [], "x": ["2019-01", "2019-02", "2019-03", "2019-04", "2019-05", "2019-06", "2019-07", "2019-08", "2019-09", "2019-10", "2019-11", "2019-12", "2020-01", "2020-02", "2020-03", "2020-04", "2020-05", "2020-06", "2020-07", "2020-08", "2020-09", "2020-10", "2020-11", "2020-12"], "y": [NaN, NaN, NaN, NaN, NaN, NaN, NaN, NaN, NaN, NaN, NaN, NaN, NaN, NaN, NaN, NaN, NaN, NaN, NaN, NaN, NaN, NaN, NaN, NaN]}, "VHI": {"px": ["2021-01", "2021-02", "2021-03", "2021-04", "2021-05", "2021-06", "2021-07", "2021-08", "2021-09", "2021-10", "2021-11", "2021-12"], "py": [49.303538036206376, 54.561343833148086, 77.81921904450967, 97.79691010652998, 99.51646686737345, 89.77987947776842, 39.88102911208503, 123.40374469488327, 120.19958066888466, 90.78431216227705, 66.26996085076921, 42.367384743747884], "pt": [95.15505543289456, 101.71182167915455, 126.23381885319026, 147.44345468077643, 150.3651178002211, 141.80286685083777, 93.05242300717191, 177.6992605527737, 175.59641230935284, 147.2609876073696, 123.80621709722888, 100.94405839791006], "pb": [3.452020639518196, 7.4108659871416265, 29.404619235829088, 48.15036553228353, 48.667815934525805, 37.756892104699055, -13.290364783001841, 69.10822883699286, 64.80274902841649, 34.30763671718448, 8.733704604309544, -16.209288910414287], "x": ["2019-01", "2019-02", "2019-03", "2019-04", "2019-05", "2019-06", "2019-07", "2019-08", "2019-09", "2019-10", "2019-11", "2019-12", "2020-01", "2020-02", "2020-03", "2020-04", "2020-05", "2020-06", "2020-07", "2020-08", "2020-09", "2020-10", "2020-11", "2020-12"], "y": [43.75333786010742, 34.426143646240234, 41.54281234741211, 41.516357421875, 24.72979164123535, 17.671457290649414, 17.671457290649414, 68.8498306274414, 67.74541473388672, 51.28156661987305, 38.219791412353516, 24.5823974609375, 37.052188873291016, 42.00156021118164, 59.46562194824219, 73.4643783569336, 75.20958709716797, 69.76625061035156, 58.49319839477539, 61.74020767211914, 49.66482925415039, 43.4808349609375, 67.6746826171875, 56.45111083984375]}, "spi_01": {"px": ["2021-01", "2021-02", "2021-03", "2021-04", "2021-05", "2021-06", "2021-07", "2021-08", "2021-09", "2021-10", "2021-11", "2021-12"], "py": [2.9861561599876865, 3.9818998329243804, 5.020130158495705, 4.5538741537795, 2.8540328937750026, 3.9449990361303637, 7.7531499598621565, 4.678416565297271, 1.0196782007574594, 1.5981199765696426, -0.1800757395477799, 0.5660225680090778], "pt": [5.985465311758006, 7.238131185562162, 8.514444090572981, 8.27105280026899, 6.781449897853578, 8.071958153680914, 12.070438320852386, 9.177990548014943, 5.6944352275940275, 6.441728186774711, 4.826692452407389, 5.730798938964757], "pb": [-0.013152991782631851, 0.7256684802865991, 1.5258162264184292, 0.8366955072900089, -1.0733841103035728, -0.18196008142018627, 3.435861598871927, 0.1788425825795974, -3.6550788260791096, -3.2454882336354265, -5.186843931502949, -4.598753802946602], "x": ["2019-01", "2019-02", "2019-03", "2019-04", "2019-05", "2019-06", "2019-07", "2019-08", "2019-09", "2019-10", "2019-11", "2019-12", "2020-01", "2020-02", "2020-03", "2020-04", "2020-05", "2020-06", "2020-07", "2020-08", "2020-09", "2020-10", "2020-11", "2020-12"], "y": [-0.5318171977996826, 0.22555088996887207, 1.7300658226013184, 0.02134525589644909, -1.4073630571365356, 0.6168573498725891, 2.6351022720336914, 1.2112810611724854, -0.6467770934104919, -0.3229500651359558, -1.1979726552963257, -0.7427303194999695, 0.8846591711044312, 1.2505332231521606, 1.7252845764160156, 1.5214289426803589, 0.6866040229797363, 1.4156166315078735, 0.21139146387577057, -0.13637645542621613, -0.5375237464904785, 1.228232741355896, 0.863831639289856, -0.3651403784751892]}, "spi_03": {"px": [], "py": [], "pt": [], "pb": [], "x": ["2019-01", "2019-02", "2019-03", "2019-04", "2019-05", "2019-06", "2019-07", "2019-08", "2019-09", "2019-10", "2019-11", "2019-12", "2020-01", "2020-02", "2020-03", "2020-04", "2020-05", "2020-06", "2020-07"], "y": [0.8546435236930847, 0.5041552186012268, 1.027579665184021, 1.166187047958374, 0.661084771156311, -0.39655783772468567, 1.166372299194336, 2.0635600090026855, 2.028524875640869, 0.07535860687494278, -1.326175570487976, -1.6316730976104736, 0.2216111570596695, 0.8072929382324219, 1.6281471252441406, 1.9653559923171997, 1.7167258262634277, 1.3957237005233765, 0.8804714679718018]}, "spi_06": {"px": [], "py": [], "pt": [], "pb": [], "x": ["2019-01", "2019-02", "2019-03", "2019-04", "2019-05", "2019-06", "2019-07", "2019-08", "2019-09", "2019-10", "2019-11", "2019-12", "2020-01", "2020-02", "2020-03", "2020-04", "2020-05", "2020-06", "2020-07"], "y": [0.11834936589002609, 0.37621501088142395, 1.338134765625, 1.2449309825897217, 0.6579738855361938, 0.3262650668621063, 1.2877998352050781, 1.425804615020752, 0.8707481026649475, 0.962306797504425, 1.618004560470581, 1.2738572359085083, 0.05953159183263779, 0.3260602355003357, 1.2497878074645996, 1.6348283290863037, 1.6526403427124023, 1.8514232635498047, 1.6964458227157593]}, "spi_12": {"px": ["2021-01", "2021-02", "2021-03", "2021-04", "2021-05", "2021-06", "2021-07", "2021-08", "2021-09", "2021-10", "2021-11", "2021-12"], "py": [2.3692745020720856, 2.6485738669190138, 2.723815859053932, 3.275684492281073, 3.6763150164221807, 3.604989754202201, 3.8228669141435185, 4.045410948693031, 3.8155095143926427, 3.7311756957973277, 3.241358118446785, 2.304563802149923], "pt": [3.4813901090416923, 4.010631749566877, 4.2965848274981155, 5.034093654142664, 5.6025557420161, 5.6855675310119, 6.047098115653872, 6.40456439647679, 6.3022755955928424, 6.339317964736198, 5.965473873594389, 5.139913374929478], "pb": [1.2571588951024784, 1.2865159842711504, 1.1510468906097482, 1.5172753304194813, 1.7500742908282616, 1.5244119773925018, 1.5986357126331652, 1.6862575009092726, 1.328743433192443, 1.123033426858457, 0.5172423632991809, -0.530785770629632], "x": ["2019-01", "2019-02", "2019-03", "2019-04", "2019-05", "2019-06", "2019-07", "2019-08", "2019-09", "2019-10", "2019-11", "2019-12", "2020-01", "2020-02", "2020-03", "2020-04", "2020-05", "2020-06", "2020-07", "2020-08", "2020-09", "2020-10", "2020-11", "2020-12"], "y": [-0.19490985572338104, -0.41856321692466736, 0.45025643706321716, 0.18928177654743195, 0.005926201120018959, 0.2969292402267456, 1.124107003211975, 1.3756628036499023, 1.3721375465393066, 1.427111268043518, 1.2915383577346802, 0.858074426651001, 1.2363075017929077, 1.422705054283142, 1.4522106647491455, 1.816125512123108, 2.0926899909973145, 2.082498073577881, 1.5315598249435425, 1.43353271484375, 1.4445654153823853, 1.6391016244888306, 1.7739704847335815, 1.8682525157928467],