{"IIS3": {"px": [], "py": [], "pt": [], "pb": [], "x": ["2019-01", "2019-02", "2019-03", "2019-04", "2019-05", "2019-06", "2019-07", "2019-08", "2019-09", "2019-10", "2019-11", "2019-12", "2020-01", "2020-02", "2020-03", "2020-04", "2020-05", "2020-06", "2020-07", "2020-08", "2020-09", "2020-10", "2020-11", "2020-12"], "y": [NaN, NaN, NaN, NaN, NaN, NaN, NaN, NaN, NaN, NaN, NaN, NaN, NaN, NaN, NaN, NaN, NaN, NaN, NaN, NaN, NaN, NaN, NaN, NaN]}, "VHI": {"px": ["2021-01", "2021-02", "2021-03", "2021-04", "2021-05", "2021-06", "2021-07", "2021-08", "2021-09", "2021-10", "2021-11", "2021-12"], "py": [38.38402874235268, 43.82202874811159, 52.09695493276185, 70.53057510557323, 71.37926391692915, 57.901362293727175, 42.71984037179796, 54.489743455069984, 63.745151893123634, 65.09494429337181, 44.745360500281606, 43.7334575937453], "pt": [65.09753119223484, 76.5392537892573, 89.87555225513584, 112.76833092781357, 117.6484071784194, 107.87774891186336, 96.14684497301562, 111.15763932135079, 123.47835893212962, 127.74366035697417, 110.17981033881068, 111.83979229855888], "pb": [11.670526292470527, 11.104803706965882, 14.31835761038785, 28.292819283332918, 25.110120655438905, 7.924975675591, -10.70716422941969, -2.17815241121081, 4.011944854117637, 2.446228229769453, -20.689089338247484, -24.372877111068277], "x": ["2019-01", "2019-02", "2019-03", "2019-04", "2019-05", "2019-06", "2019-07", "2019-08", "2019-09", "2019-10", "2019-11", "2019-12", "2020-01", "2020-02", "2020-03", "2020-04", "2020-05", "2020-06", "2020-07", "2020-08", "2020-09", "2020-10", "2020-11", "2020-12"], "y": [67.61499786376953, 74.77750396728516, 58.69131088256836, 54.36171340942383, 48.352500915527344, 40.29999923706055, 40.29999923706055, 48.99971389770508, 55.730567932128906, 57.15928268432617, 39.71178436279297, 40.20685577392578, 33.997501373291016, 39.467857360839844, 47.36571502685547, 65.03321075439453, 67.05892181396484, 55.36257553100586, 45.85678482055664, 48.458213806152344, 53.48628616333008, 59.4119987487793, 57.19571304321289, 46.18809127807617]}, "spi_01": {"px": [], "py": [], "pt": [], "pb": [], "x": ["2019-01", "2019-02", "2019-03", "2019-04", "2019-05", "2019-06", "2019-07", "2019-08", "2019-09", "2019-10", "2019-11", "2019-12", "2020-01", "2020-02", "2020-03", "2020-04", "2020-05", "2020-06", "2020-07", "2020-08", "2020-09", "2020-10", "2020-11", "2020-12"], "y": [NaN, NaN, NaN, NaN, NaN, NaN, NaN, NaN, NaN, NaN, NaN, NaN, NaN, NaN, NaN, NaN, NaN, NaN, NaN, NaN, NaN, NaN, NaN, NaN]}, "spi_03": {"px": [], "py": [], "pt": [], "pb": [], "x": ["2019-01", "2019-02", "2019-03", "2019-04", "2019-05", "2019-06", "2019-07", "2019-08", "2019-09", "2019-10", "2019-11", "2019-12", "2020-01", "2020-02", "2020-03", "2020-04", "2020-05", "2020-06", "2020-07"], "y": [NaN, NaN, NaN, NaN, NaN, NaN, NaN, NaN, NaN, NaN, NaN, NaN, NaN, NaN, NaN, NaN, NaN, NaN, NaN]}, "spi_06": {"px": [], "py": [], "pt": [], "pb": [], "x": ["2019-01", "2019-02", "2019-03", "2019-04", "2019-05", "2019-06", "2019-07", "2019-08", "2019-09", "2019-10", "2019-11", "2019-12", "2020-01", "2020-02", "2020-03", "2020-04", "2020-05", "2020-06", "2020-07"], "y": [NaN, NaN, NaN, NaN, NaN, NaN, NaN, NaN, NaN, NaN, NaN, NaN, NaN, NaN, NaN, NaN, NaN, NaN, NaN]}, "spi_12": {"px": [], "py": [], "pt": [], "pb": [], "x": ["2019-01", "2019-02", "2019-03", "2019-04", "2019-05", "2019-06", "2019-07", "2019-08", "2019-09", "2019-10", "2019-11", "2019-12", "2020-01", "2020-02", "2020-03", "2020-04", "2020-05", "2020-06", "2020-07", "2020-08", "2020-09", "2020-10", "2020-11", "2020-12"], "y": [NaN, NaN, NaN, NaN, NaN, NaN, NaN, NaN, NaN, NaN, NaN, NaN, NaN, NaN, NaN, NaN, NaN, NaN, NaN, NaN, NaN, NaN, NaN, NaN], "geox": [-36.21157162247044, -36.17888223940965, -36.1794482308707, -36.181903219605296, -36.11215559498345, -36.10881960559801, -36.15543313473877, -36.21157162247044], "geoy": [-9.45431976034989, -9.359343068084598, -9.344761956501651, -9.309000681745804, -9.311429764217642, -9.355066100049427, -9.472126948077472, -9.45431976034989]}}