{"IIS3": {"px": [], "py": [], "pt": [], "pb": [], "x": ["2019-01", "2019-02", "2019-03", "2019-04", "2019-05", "2019-06", "2019-07", "2019-08", "2019-09", "2019-10", "2019-11", "2019-12", "2020-01", "2020-02", "2020-03", "2020-04", "2020-05", "2020-06", "2020-07", "2020-08", "2020-09", "2020-10", "2020-11", "2020-12"], "y": [NaN, NaN, NaN, NaN, NaN, NaN, NaN, NaN, NaN, NaN, NaN, NaN, NaN, NaN, NaN, NaN, NaN, NaN, NaN, NaN, NaN, NaN, NaN, NaN]}, "VHI": {"px": ["2021-01", "2021-02", "2021-03", "2021-04", "2021-05", "2021-06", "2021-07", "2021-08", "2021-09", "2021-10", "2021-11", "2021-12"], "py": [28.0234603084836, 26.272396942556334, 36.68353417251879, 48.720506406893634, 61.39104768764982, 65.54739297093207, 35.03584953522294, 80.70073854667608, 93.74850249743186, 71.3909897692629, 51.984735331649176, 43.73106633254156], "pt": [58.06019449942225, 59.98956292861979, 73.71715623958653, 88.79707118833488, 104.29527738538138, 111.10411373999489, 83.09889863226852, 131.14574394641477, 146.46795290289717, 126.29073778625263, 108.98143886442921, 102.75026740200937], "pb": [-2.0132738824550565, -7.444769043507129, -0.35008789454894895, 8.643941625452378, 18.486817989918265, 19.99067220186923, -13.027199561822634, 30.255733146937402, 41.02905209196655, 16.49124175227317, -5.011968201130848, -15.288134736926253], "x": ["2019-01", "2019-02", "2019-03", "2019-04", "2019-05", "2019-06", "2019-07", "2019-08", "2019-09", "2019-10", "2019-11", "2019-12", "2020-01", "2020-02", "2020-03", "2020-04", "2020-05", "2020-06", "2020-07", "2020-08", "2020-09", "2020-10", "2020-11", "2020-12"], "y": [33.703182220458984, 27.78903579711914, 30.99580192565918, 32.235450744628906, 23.072547912597656, 23.563655853271484, 23.563655853271484, 59.27374267578125, 69.18251037597656, 51.9288444519043, 38.0938720703125, 33.715797424316406, 24.013710021972656, 23.329570770263672, 32.91899871826172, 43.53630828857422, 55.569095611572266, 60.37495040893555, 56.48176956176758, 64.9188461303711, 62.88882064819336, 47.20450973510742, 53.955772399902344, 42.249141693115234]}, "spi_01": {"px": ["2021-01", "2021-02", "2021-03", "2021-04", "2021-05", "2021-06", "2021-07", "2021-08", "2021-09", "2021-10", "2021-11", "2021-12"], "py": [-0.7218745697597622, -0.8107479098462345, -0.05140263055946548, -0.8804236167169224, -1.739507778253303, -1.7247845170438703, 0.702860428739299, -1.7936490218554144, -1.9315371264945347, -1.6539936291546535, -1.54820067338089, -1.7317560639144076], "pt": [1.1620083370721321, 1.0731349969856607, 1.8324802762724293, 1.0034592901149733, 0.14437512857859236, 0.1590983897880256, 2.586743335571195, 0.09023388497648188, -0.047654219662638386, 0.229889277677243, 0.3356822334510068, 0.15212684291748957], "pb": [-2.6057574765916565, -2.6946308166781296, -1.9352855373913604, -2.764306523548818, -3.6233906850851985, -3.608667423875766, -1.181022478092597, -3.6775319286873107, -3.815420033326431, -3.53787653598655, -3.4320835802127867, -3.615638970746305], "x": ["2019-01", "2019-02", "2019-03", "2019-04", "2019-05", "2019-06", "2019-07", "2019-08", "2019-09", "2019-10", "2019-11", "2019-12", "2020-01", "2020-02", "2020-03", "2020-04", "2020-05", "2020-06", "2020-07", "2020-08", "2020-09", "2020-10", "2020-11", "2020-12"], "y": [-0.8353371024131775, -1.2716546058654785, 2.286165952682495, -1.2635891437530518, -1.7907907962799072, 0.9657549858093262, 2.353290319442749, -1.135067343711853, -1.3750360012054443, -1.0391463041305542, -0.8642234802246094, -1.1923017501831055, -0.44583654403686523, -0.8027482032775879, -0.11697041988372803, -0.9437346458435059, -1.75725519657135, -1.7136417627334595, -2.287888765335083, -2.114661693572998, -1.8979520797729492, -1.1350274085998535, -0.35107097029685974, -1.1133930683135986]}, "spi_03": {"px": [], "py": [], "pt": [], "pb": [], "x": ["2019-01", "2019-02", "2019-03", "2019-04", "2019-05", "2019-06", "2019-07", "2019-08", "2019-09", "2019-10", "2019-11", "2019-12", "2020-01", "2020-02", "2020-03", "2020-04", "2020-05", "2020-06", "2020-07"], "y": [0.49645477533340454, -0.1134791225194931, 0.7183660268783569, 0.6175395250320435, 0.18241214752197266, -0.628372311592102, 1.077467441558838, 1.4277608394622803, 0.8739627003669739, -1.6463191509246826, -1.6916582584381104, -1.97999906539917, -1.4017326831817627, -1.4527003765106201, -0.7844681739807129, -1.1186376810073853, -1.562374234199524, -1.9941294193267822, -2.592928886413574]}, "spi_06": {"px": [], "py": [], "pt": [], "pb": [], "x": ["2019-01", "2019-02", "2019-03", "2019-04", "2019-05", "2019-06", "2019-07", "2019-08", "2019-09", "2019-10", "2019-11", "2019-12", "2020-01", "2020-02", "2020-03", "2020-04", "2020-05", "2020-06", "2020-07"], "y": [-1.002292513847351, -0.723185658454895, 0.7713764905929565, 0.6177754998207092, -0.01640796661376953, -0.059904277324676514, 0.9637610912322998, 0.9771652221679688, 0.07458463311195374, 0.18763723969459534, 0.6021535396575928, 0.07831164449453354, -2.0579473972320557, -1.9076869487762451, -1.5202605724334717, -1.5608068704605103, -1.896726131439209, -1.8761038780212402, -2.2269983291625977]}, "spi_12": {"px": ["2021-01", "2021-02", "2021-03", "2021-04", "2021-05", "2021-06", "2021-07", "2021-08", "2021-09", "2021-10", "2021-11", "2021-12"], "py": [-2.8298978133945663, -2.7827492588739418, -2.942382010233186, -2.883106567698931, -2.8425421711711825, -3.0178523627752107, -3.010467385600018, -3.069511603193625, -3.130548561639925, -3.1820045313641705, -3.25326660330396, -3.356986027120035], "pt": [-1.47603596667481, -1.1246139096491978, -1.0277322321552487, -0.7424630408502573, -0.4975846778710675, -0.48500878652941504, -0.302743707291091, -0.1975369420205748, -0.10322145827542561, -0.006917079480282862, 0.06300408279145486, 0.09469793868578424], "pb": [-4.1837596601143225, -4.440884608098685, -4.857031788311123, -5.023750094547604, -5.187499664471297, -5.550695939021006, -5.718191063908945, -5.9414862643666755, -6.157875665004424, -6.357091983248058, -6.569537289399375, -6.8086699929258545], "x": ["2019-01", "2019-02", "2019-03", "2019-04", "2019-05", "2019-06", "2019-07", "2019-08", "2019-09", "2019-10", "2019-11", "2019-12", "2020-01", "2020-02", "2020-03", "2020-04", "2020-05", "2020-06", "2020-07", "2020-08", "2020-09", "2020-10", "2020-11", "2020-12"], "y": [-1.3727989196777344, -1.5164587497711182, -0.799211859703064, -0.9921279549598694, -1.1299476623535156, -0.6878865957260132, 0.3134401738643646, 0.4116980731487274, 0.43155062198638916, 0.4444321393966675, 0.3398957848548889, -0.07053614407777786, -0.034546926617622375, 0.019690990447998047, -0.671678900718689, -0.6187443733215332, -0.6478139162063599, -1.3140125274658203, -2.64424991607666, -2.8559484481811523, -2.8846092224121094, -2.871361255645752, -2.784754753112793, -2.794312000274658],