{"IIS3": {"px": [], "py": [], "pt": [], "pb": [], "x": ["2019-01", "2019-02", "2019-03", "2019-04", "2019-05", "2019-06", "2019-07", "2019-08", "2019-09", "2019-10", "2019-11", "2019-12", "2020-01", "2020-02", "2020-03", "2020-04", "2020-05", "2020-06", "2020-07", "2020-08", "2020-09", "2020-10", "2020-11", "2020-12"], "y": [NaN, NaN, NaN, NaN, NaN, NaN, NaN, NaN, NaN, NaN, NaN, NaN, NaN, NaN, NaN, NaN, NaN, NaN, NaN, NaN, NaN, NaN, NaN, NaN]}, "VHI": {"px": ["2021-01", "2021-02", "2021-03", "2021-04", "2021-05", "2021-06", "2021-07", "2021-08", "2021-09", "2021-10", "2021-11", "2021-12"], "py": [79.17038830202289, 100.14045003038561, 90.71067646061215, 87.28449143611402, 81.21364141621855, 73.4431282550689, 73.41375045746796, 61.67969799200225, 68.66625133210091, 48.21917045845558, 32.26363310256596, 32.824015725034265], "pt": [93.06059508281692, 115.15902401528368, 106.7785725477325, 104.33726261246943, 99.19743203220877, 92.31205628626395, 93.12811489492975, 82.20470433304143, 89.97107720386853, 70.27626286776872, 55.048168333279364, 56.31347646397546], "pb": [65.28018152122885, 85.12187604548754, 74.6427803734918, 70.23172025975862, 63.229850800228334, 54.574200223873845, 53.69938602000616, 41.15469165096306, 47.361425460333294, 26.162078049142437, 9.479097871852566, 9.334554986093064], "x": ["2019-01", "2019-02", "2019-03", "2019-04", "2019-05", "2019-06", "2019-07", "2019-08", "2019-09", "2019-10", "2019-11", "2019-12", "2020-01", "2020-02", "2020-03", "2020-04", "2020-05", "2020-06", "2020-07", "2020-08", "2020-09", "2020-10", "2020-11", "2020-12"], "y": [57.05925369262695, 71.68058776855469, 58.7476692199707, 57.06892776489258, 52.20378494262695, 46.580623626708984, 46.580623626708984, 38.030399322509766, 43.067501068115234, 28.8648738861084, 17.7241268157959, 18.35915184020996, 56.667503356933594, 73.7682113647461, 67.20449829101562, 64.8547592163086, 61.0717887878418, 55.75449752807617, 54.00762176513672, 55.97075271606445, 48.7224006652832, 38.81189727783203, 37.949623107910156, 27.6458740234375]}, "spi_01": {"px": [], "py": [], "pt": [], "pb": [], "x": ["2019-01", "2019-02", "2019-03", "2019-04", "2019-05", "2019-06", "2019-07", "2019-08", "2019-09", "2019-10", "2019-11", "2019-12", "2020-01", "2020-02", "2020-03", "2020-04", "2020-05", "2020-06", "2020-07", "2020-08", "2020-09", "2020-10", "2020-11", "2020-12"], "y": [NaN, NaN, NaN, NaN, NaN, NaN, NaN, NaN, NaN, NaN, NaN, NaN, NaN, NaN, NaN, NaN, NaN, NaN, NaN, NaN, NaN, NaN, NaN, NaN]}, "spi_03": {"px": [], "py": [], "pt": [], "pb": [], "x": ["2019-01", "2019-02", "2019-03", "2019-04", "2019-05", "2019-06", "2019-07", "2019-08", "2019-09", "2019-10", "2019-11", "2019-12", "2020-01", "2020-02", "2020-03", "2020-04", "2020-05", "2020-06", "2020-07"], "y": [NaN, NaN, NaN, NaN, NaN, NaN, NaN, NaN, NaN, NaN, NaN, NaN, NaN, NaN, NaN, NaN, NaN, NaN, NaN]}, "spi_06": {"px": [], "py": [], "pt": [], "pb": [], "x": ["2019-01", "2019-02", "2019-03", "2019-04", "2019-05", "2019-06", "2019-07", "2019-08", "2019-09", "2019-10", "2019-11", "2019-12", "2020-01", "2020-02", "2020-03", "2020-04", "2020-05", "2020-06", "2020-07"], "y": [NaN, NaN, NaN, NaN, NaN, NaN, NaN, NaN, NaN, NaN, NaN, NaN, NaN, NaN, NaN, NaN, NaN, NaN, NaN]}, "spi_12": {"px": [], "py": [], "pt": [], "pb": [], "x": ["2019-01", "2019-02", "2019-03", "2019-04", "2019-05", "2019-06", "2019-07", "2019-08", "2019-09", "2019-10", "2019-11", "2019-12", "2020-01", "2020-02", "2020-03", "2020-04", "2020-05", "2020-06", "2020-07", "2020-08", "2020-09", "2020-10", "2020-11", "2020-12"], "y": [NaN, NaN, NaN, NaN, NaN, NaN, NaN, NaN, NaN, NaN, NaN, NaN, NaN, NaN, NaN, NaN, NaN, NaN, NaN, NaN, NaN, NaN, NaN, NaN], "geox": [-36.521051107986665, -36.52110510748778, -36.521231106296206, -36.52300711934607, -36.52447313124612, -36.524536130857086, -36.52190510577536, -36.51644805605733, -36.512676022071915, -36.507953980640664, -36.50566296130976, -36.50201693180825, -36.49843790094722, -36.49376685979029, -36.48928582277101, -36.4849897864916, -36.477127717722375, -36.47361768765109, -36.4717026720754, -36.468757650976706, -36.46639863272825, -36.46051158426963, -36.45827956412846, -36.45398752106695, -36.44934247814777, -36.43821638247921, -36.40603411614562, -36.40375509403564, -36.40133906758947, -36.39747002753748, -36.39309998680191, -36.39238597850489, -36.39014795733033, -36.386090920118235, -36.38494890894348, -36.38490190421447, -36.385947908403956, -36.383964886157464, -36.383978884754434, -36.38540789492783, -36.38029084319996, -36.30783223211731, -36.281694020348894, -36.28554105599349, -36.28685706886685, -36.29109410847109, -36.30176520467995, -36.309972277838966, -36.31227330056182, -36.313406314044364, -36.31515533170639, -36.32225339824196, -36.32528942542205, -36.3277124481674, -36.33013747014651, -36.33261149366806, -36.33348250293232, -36.33992756235692, -36.34167758002966, -36.34166158188831, -36.34356460253712, -36.344887626847225, -36.357324735623976, -36.368850837699654, -36.37316087781826, -36.37750192055403, -36.37943493829847, -36.383134970123066, -36.402540140049084, -36.44610551673647, -36.44777153126779, -36.45002554900034, -36.45412358549115, -36.45906862819891, -36.460958645783855, -36.46418367433738, -36.46504868292473, -36.470197729532714, -36.47242575041628, -36.47621778364925, -36.47807780044969, -36.48181183263907, -36.48670287807146, -36.487690887672755, -36.4896749056551, -36.49657996545637, -36.49980699425761, -36.501725012417616, -36.50813006832578, -36.511595100614976, -36.513834119972636, -36.5152581334105, -36.51973217297843, -36.523761209513516, -36.52538422273997, -36.527003236821315, -36.52841325159125, -36.53351229968471, -36.54227137682754, -36.54419839317624, -36.54921343162024, -36.55481247803589, -36.5579365028358, -36.558874508834585, -36.55868650618856, -36.55377345940479, -36.54740939756494, -36.545261374212615, -36.54327534983242, -36.54297234253546, -36.54173932775849, -36.53129921424551, -36.5251611518988, -36.52196411873492, -36.521051107986665],