{"IIS3": {"px": [], "py": [], "pt": [], "pb": [], "x": ["2019-01", "2019-02", "2019-03", "2019-04", "2019-05", "2019-06", "2019-07", "2019-08", "2019-09", "2019-10", "2019-11", "2019-12", "2020-01", "2020-02", "2020-03", "2020-04", "2020-05", "2020-06", "2020-07", "2020-08", "2020-09", "2020-10", "2020-11", "2020-12"], "y": [NaN, NaN, NaN, NaN, NaN, NaN, NaN, NaN, NaN, NaN, NaN, NaN, NaN, NaN, NaN, NaN, NaN, NaN, NaN, NaN, NaN, NaN, NaN, NaN]}, "VHI": {"px": ["2021-01", "2021-02", "2021-03", "2021-04", "2021-05", "2021-06", "2021-07", "2021-08", "2021-09", "2021-10", "2021-11", "2021-12"], "py": [82.76857471771332, 112.0042418513481, 134.93620102009805, 136.6793095973085, 133.91900664919888, 137.1531146482222, 135.30771826261508, 134.4519407303361, 121.66069358490822, 97.70052825798916, 75.74199133657233, 56.79653443394578], "pt": [111.62570121594584, 147.34685944538236, 175.74634053298487, 182.3064326243462, 183.90101565631642, 191.13985462250412, 193.0219709365766, 195.667149872975, 186.1871896856587, 165.37648830070532, 146.4272262613178, 130.36805953047758], "pb": [53.9114482194808, 76.66162425731383, 94.12606150721123, 91.0521865702708, 83.93699764208134, 83.16637467394031, 77.59346558865357, 73.23673158769722, 57.13419748415774, 30.024568215273007, 5.056756411826839, -16.774990662586006], "x": ["2019-01", "2019-02", "2019-03", "2019-04", "2019-05", "2019-06", "2019-07", "2019-08", "2019-09", "2019-10", "2019-11", "2019-12", "2020-01", "2020-02", "2020-03", "2020-04", "2020-05", "2020-06", "2020-07", "2020-08", "2020-09", "2020-10", "2020-11", "2020-12"], "y": [36.920997619628906, 37.68922805786133, 41.91090774536133, 53.82130813598633, 56.2462272644043, 52.31081771850586, 52.31081771850586, 52.18239974975586, 47.60690689086914, 37.318546295166016, 27.154491424560547, 18.36528778076172, 35.987586975097656, 53.17796325683594, 67.10698699951172, 68.26639556884766, 67.34127044677734, 71.40653991699219, 72.92691040039062, 73.97282409667969, 62.207786560058594, 37.19160079956055, 51.04686737060547, 51.05290603637695]}, "spi_01": {"px": ["2021-01", "2021-02", "2021-03", "2021-04", "2021-05", "2021-06", "2021-07", "2021-08", "2021-09", "2021-10", "2021-11", "2021-12"], "py": [2.495922415963597, 1.1408089327246849, 3.400831144659315, 3.2936029534296045, 1.5551810291458903, 1.7401957000890018, 2.2883058339589724, 3.3294515878853845, 2.7177892133414385, 2.1231095697327245, -0.6809938492869909, -0.21247501687546633], "pt": [5.867679087798827, 4.512565604559916, 6.772587816494546, 6.665359625264836, 4.926937700981123, 5.111952371924234, 5.660062505794205, 6.701208259720618, 6.089545885176673, 5.4948662415679586, 2.690762822548243, 3.159281654959768], "pb": [-0.8758342558716334, -2.2309477391105466, 0.029074472824083486, -0.07815371840562735, -1.8165756426893416, -1.631560971746231, -1.0834508378762604, -0.042305083949848665, -0.6539674584937947, -1.2486471021025096, -4.052750521122225, -3.584231688710701], "x": ["2019-01", "2019-02", "2019-03", "2019-04", "2019-05", "2019-06", "2019-07", "2019-08", "2019-09", "2019-10", "2019-11", "2019-12", "2020-01", "2020-02", "2020-03", "2020-04", "2020-05", "2020-06", "2020-07", "2020-08", "2020-09", "2020-10", "2020-11", "2020-12"], "y": [-1.430023431777954, 0.4519073963165283, 0.8618424534797668, -0.17346850037574768, -0.27591100335121155, -0.3522617816925049, 0.2855572998523712, 1.0155375003814697, 0.6239404678344727, 0.33563321828842163, -1.4408681392669678, -1.1068345308303833, 1.2064471244812012, 0.13981710374355316, 1.7488911151885986, 1.6405417919158936, 0.4820675253868103, 0.6912084817886353, 0.8994593024253845, 0.34785059094429016, 0.48622244596481323, 0.7773715257644653, 1.8877530097961426, -1.926430106163025]}, "spi_03": {"px": [], "py": [], "pt": [], "pb": [], "x": ["2019-01", "2019-02", "2019-03", "2019-04", "2019-05", "2019-06", "2019-07", "2019-08", "2019-09", "2019-10", "2019-11", "2019-12", "2020-01", "2020-02", "2020-03", "2020-04", "2020-05", "2020-06", "2020-07"], "y": [-0.07610383629798889, 0.2605624794960022, -0.055122047662734985, 0.49730920791625977, 0.32559439539909363, -0.5346261262893677, -0.32451868057250977, 0.4448575973510742, 0.7322347164154053, 0.503882646560669, -1.0129112005233765, -1.8375871181488037, -0.19231978058815002, 0.4618043899536133, 1.5103106498718262, 1.655845046043396, 2.0119643211364746, 1.6724567413330078, 0.8309938907623291]}, "spi_06": {"px": [], "py": [], "pt": [], "pb": [], "x": ["2019-01", "2019-02", "2019-03", "2019-04", "2019-05", "2019-06", "2019-07", "2019-08", "2019-09", "2019-10", "2019-11", "2019-12", "2020-01", "2020-02", "2020-03", "2020-04", "2020-05", "2020-06", "2020-07"], "y": [-0.37576210498809814, -0.14862941205501556, 0.27603456377983093, 0.2154725342988968, 0.29515036940574646, -0.31836652755737305, 0.328914076089859, 0.43059152364730835, -0.019556306302547455, 0.1862572729587555, -0.6639038920402527, -1.266767144203186, 0.01331073883920908, -0.16436375677585602, 0.8366997838020325, 1.379393458366394, 1.6453056335449219, 1.841284990310669, 1.7991080284118652]}, "spi_12": {"px": ["2021-01", "2021-02", "2021-03", "2021-04", "2021-05", "2021-06", "2021-07", "2021-08", "2021-09", "2021-10", "2021-11", "2021-12"], "py": [6.0828607018301835, 5.362372197451271, 7.143150654283852, 9.023687679114516, 8.940667996985496, 8.397493099121071, 6.622619360683277, 7.768524856771892, 8.440923588471641, 8.232761606242931, 6.607676006749742, 2.3190654797052597], "pt": [8.738602672796816, 8.614978548053957, 10.89893695379666, 13.222784413322401, 13.540547999644534, 13.36593135419577, 11.934103272935756, 13.402204294381391, 14.3793431308559, 14.461028565598355, 13.112888683720854, 9.08990550353191], "pb": [3.427118730863551, 2.1097658468485854, 3.3873643547710435, 4.824590944906633, 4.340787994326458, 3.429054844046374, 1.3111354484307984, 2.1348454191623922, 2.50250404608738, 2.0044946468875064, 0.1024633297786286, -4.451774544121391], "x": ["2019-01", "2019-02", "2019-03", "2019-04", "2019-05", "2019-06", "2019-07", "2019-08", "2019-09", "2019-10", "2019-11", "2019-12", "2020-01", "2020-02", "2020-03", "2020-04", "2020-05", "2020-06", "2020-07", "2020-08", "2020-09", "2020-10", "2020-11", "2020-12"], "y": [0.5813116431236267, 0.3707566261291504, 0.1989997923374176, 0.07909584045410156, -0.12464223802089691, -0.22564537823200226, -0.16006559133529663, 0.03753332793712616, 0.17064198851585388, 0.1915886402130127, -0.05761941149830818, -0.9527184963226318, 0.2053101360797882, 0.10054400563240051, 0.6879264116287231, 1.328830599784851, 1.4451179504394531, 1.4879095554351807, 1.506725788116455, 1.403717041015625, 1.3308758735656738, 1.3748856782913208, 2.077353000640869, 1.9460339546203613],