{"IIS3": {"px": [], "py": [], "pt": [], "pb": [], "x": ["2019-01", "2019-02", "2019-03", "2019-04", "2019-05", "2019-06", "2019-07", "2019-08", "2019-09", "2019-10", "2019-11", "2019-12", "2020-01", "2020-02", "2020-03", "2020-04", "2020-05", "2020-06", "2020-07", "2020-08", "2020-09", "2020-10", "2020-11", "2020-12"], "y": [NaN, NaN, NaN, NaN, NaN, NaN, NaN, NaN, NaN, NaN, NaN, NaN, NaN, NaN, NaN, NaN, NaN, NaN, NaN, NaN, NaN, NaN, NaN, NaN]}, "VHI": {"px": ["2021-01", "2021-02", "2021-03", "2021-04", "2021-05", "2021-06", "2021-07", "2021-08", "2021-09", "2021-10", "2021-11", "2021-12"], "py": [63.415162996307245, 70.95485520016605, 88.63559869595659, 114.45617791885772, 117.49441105931058, 95.53234071575629, 65.07426103047919, 120.51964321664602, 121.67844251587465, 101.15750311776104, 77.51603774652816, 75.7372887685709], "pt": [99.45721209979757, 112.54500487082342, 135.1162591438994, 165.35964579410398, 172.4659881494351, 154.2910467415426, 127.39036472666714, 186.20075180902077, 190.56036519499708, 173.09796821232288, 152.39021062390387, 153.43447668499692], "pb": [27.373113892816917, 29.364705529508676, 42.15493824801378, 63.552710043611455, 62.52283396918605, 36.773634689969974, 2.7581573342912336, 54.83853462427126, 52.79651983675224, 29.21703802319918, 2.6418648691524425, -1.9598991478551255], "x": ["2019-01", "2019-02", "2019-03", "2019-04", "2019-05", "2019-06", "2019-07", "2019-08", "2019-09", "2019-10", "2019-11", "2019-12", "2020-01", "2020-02", "2020-03", "2020-04", "2020-05", "2020-06", "2020-07", "2020-08", "2020-09", "2020-10", "2020-11", "2020-12"], "y": [51.251068115234375, 37.5860710144043, 41.3071403503418, 58.5533332824707, 49.18143081665039, 25.315000534057617, 25.315000534057617, 55.03799819946289, 55.426856994628906, 44.1778564453125, 31.655832290649414, 32.12299728393555, 29.981666564941406, 35.444580078125, 46.40999984741211, 63.30950164794922, 67.92143249511719, 56.72513961791992, 56.527496337890625, 53.914642333984375, 59.247711181640625, 60.75199508666992, 77.18678283691406, 70.98094940185547]}, "spi_01": {"px": [], "py": [], "pt": [], "pb": [], "x": ["2019-01", "2019-02", "2019-03", "2019-04", "2019-05", "2019-06", "2019-07", "2019-08", "2019-09", "2019-10", "2019-11", "2019-12", "2020-01", "2020-02", "2020-03", "2020-04", "2020-05", "2020-06", "2020-07", "2020-08", "2020-09", "2020-10", "2020-11", "2020-12"], "y": [NaN, NaN, NaN, NaN, NaN, NaN, NaN, NaN, NaN, NaN, NaN, NaN, NaN, NaN, NaN, NaN, NaN, NaN, NaN, NaN, NaN, NaN, NaN, NaN]}, "spi_03": {"px": [], "py": [], "pt": [], "pb": [], "x": ["2019-01", "2019-02", "2019-03", "2019-04", "2019-05", "2019-06", "2019-07", "2019-08", "2019-09", "2019-10", "2019-11", "2019-12", "2020-01", "2020-02", "2020-03", "2020-04", "2020-05", "2020-06", "2020-07"], "y": [NaN, NaN, NaN, NaN, NaN, NaN, NaN, NaN, NaN, NaN, NaN, NaN, NaN, NaN, NaN, NaN, NaN, NaN, NaN]}, "spi_06": {"px": [], "py": [], "pt": [], "pb": [], "x": ["2019-01", "2019-02", "2019-03", "2019-04", "2019-05", "2019-06", "2019-07", "2019-08", "2019-09", "2019-10", "2019-11", "2019-12", "2020-01", "2020-02", "2020-03", "2020-04", "2020-05", "2020-06", "2020-07"], "y": [NaN, NaN, NaN, NaN, NaN, NaN, NaN, NaN, NaN, NaN, NaN, NaN, NaN, NaN, NaN, NaN, NaN, NaN, NaN]}, "spi_12": {"px": [], "py": [], "pt": [], "pb": [], "x": ["2019-01", "2019-02", "2019-03", "2019-04", "2019-05", "2019-06", "2019-07", "2019-08", "2019-09", "2019-10", "2019-11", "2019-12", "2020-01", "2020-02", "2020-03", "2020-04", "2020-05", "2020-06", "2020-07", "2020-08", "2020-09", "2020-10", "2020-11", "2020-12"], "y": [NaN, NaN, NaN, NaN, NaN, NaN, NaN, NaN, NaN, NaN, NaN, NaN, NaN, NaN, NaN, NaN, NaN, NaN, NaN, NaN, NaN, NaN, NaN, NaN], "geox": [-36.573879978048375, -36.57218496116453, -36.57109895146692, -36.57018294489513, -36.55118182845677, -36.54382576935809, -36.54255077121437, -36.54100876422421, -36.53609873463788, -36.53706074471057, -36.544409814980256, -36.54851885609391, -36.5519678893368, -36.556489931798424, -36.56043396951104, -36.56640802493025, -36.57057906762323, -36.57579811824052, -36.578270144582376, -36.58349619559846, -36.58671722212711, -36.58585521112936, -36.587559224038145, -36.59483728919352, -36.594690281406585, -36.59904131520036, -36.601933337350786, -36.6042743533206, -36.60532836165975, -36.60810638556957, -36.60851638705751, -36.60999739878, -36.61051340099332, -36.60877238293428, -36.60786937090024, -36.609465382928235, -36.60874537527293, -36.60633435407311, -36.606994357054106, -36.60951437872224, -36.60913037313534, -36.61129438865897, -36.61018937264205, -36.60914936244824, -36.60894035891948, -36.61151738037403, -36.61532640913514, -36.617048424262784, -36.61938244786081, -36.62607351052488, -36.63032654633011, -36.630073543208944, -36.62663250989263, -36.626103502483204, -36.6240794838294, -36.62349147613374, -36.61590641019853, -36.61413239404518, -36.611518368563345, -36.61096036158497, -36.61498939110156, -36.61435938350812, -36.61690640402209, -36.61785041254724, -36.61840441873619, -36.61949042825171, -36.62382346265982, -36.62405746313352, -36.62465546195722, -36.622854444228146, -36.621771431649464, -36.62351744716979, -36.62351644601597, -36.6208234193983, -36.6208774185809, -36.62354744199001, -36.6224364295189, -36.62390844124364, -36.62094041160896, -36.61991140164971, -36.61474235805591, -36.61354534720449, -36.60821929667028, -36.60271724630484, -36.60163123542731, -36.6025712399573, -36.6013522264594, -36.59729919109715, -36.59535117577009, -36.59163714409391, -36.58974912732564, -36.58393607537801, -36.58291906519646, -36.575114990255585, -36.573879978048375], "geoy": [-9.565405260304074, -9.56363624856244, -9.563661249785683, -9.565345263373342, -9.62071769945598, -9.627689759105603, -9.641325863198068, -9.648324917469974, -9.663079033457093, -9.664569043767875, -9.66911307096031, -9.673520100228908, -9.675923115021504, -9.677926125762824, -9.680367140359225, -9.682325149355734, -9.68777618640545, -9.691735211195086, -9.696023241109073, -9.70032326844754, -9.697967247591318, -9.694625223253404, -9.692231203576291, -9.692224196494847, -9.68562614694234, -9.680363103101094, -9.676547071567136, -9.671456030959867, -9.670337021514237, -9.669360011476583, -9.667130994290059, -9.665563981058202, -9.66310596204381, -9.660574944652634, -9.656533915075562, -9.654224896141464, -9.652985887498552, -9.653374892749904, -9.650379869546192, -9.64947186027962, -9.647270844063017, -9.643333812312978, -9.637055766060318, -9.636147760215739, -9.634447747602923, -9.632797732690928, -9.62733368784778, -9.627043684008738, -9.629824702729245, -9.632684717856813, -9.630377696385292, -9.629498690004167, -9.626907673782004, -9.624162653600886, -9.623605651345411, -9.621107633080658, -9.623098655367341, -9.6228136549211, -9.620669641265641, -9.61863162643584, -9.611913571921772, -9.609903557370007, -9.607561537270342, -9.60764153696914, -9.608907545984032, -9.608699543375085, -9.604213505399501, -9.602547492613503, -9.595832441405529, -9.594170430595518, -9.591196409202631, -9.59109140674053, -9.589912397849622, -9.587314380830238, -9.585974370671469, -9.585479364385229, -9.582871345775738, -9.581381333129848, -9.578206312015404, -9.577430307144295, -9.580170332752521, -9.58002533280209, -9.577059315511082, -9.575894311973332, -9.574698303984924, -9.570690272842246, -9.568016253824956, -9.568955264777296, -9.571131283058168, -9.572746298789964, -9.572880301602389, -9.572965307788792, -9.571851300350025, -9.566596268119255, -9.565405260304074]}}