{"IIS3": {"px": [], "py": [], "pt": [], "pb": [], "x": ["2019-01", "2019-02", "2019-03", "2019-04", "2019-05", "2019-06", "2019-07", "2019-08", "2019-09", "2019-10", "2019-11", "2019-12", "2020-01", "2020-02", "2020-03", "2020-04", "2020-05", "2020-06", "2020-07", "2020-08", "2020-09", "2020-10", "2020-11", "2020-12"], "y": [NaN, NaN, NaN, NaN, NaN, NaN, NaN, NaN, NaN, NaN, NaN, NaN, NaN, NaN, NaN, NaN, NaN, NaN, NaN, NaN, NaN, NaN, NaN, NaN]}, "VHI": {"px": ["2021-01", "2021-02", "2021-03", "2021-04", "2021-05", "2021-06", "2021-07", "2021-08", "2021-09", "2021-10", "2021-11", "2021-12"], "py": [56.56778087804436, 56.098570024970485, 60.508657303123016, 56.213728122910496, 61.390352065564656, 61.968746687441495, 66.66425890738022, 53.727737272077704, 44.361368586144934, 45.57513356494806, 49.87039536304917, 60.86642330903234], "pt": [68.6946404213729, 69.62542774183882, 75.30362391346661, 72.17637810059163, 78.44090488999663, 80.04183466176195, 85.70504844553511, 73.68937106155221, 65.20320105965533, 67.26146885154395, 72.36955746903516, 84.1500538846152], "pb": [44.440921334715824, 42.57171230810215, 45.71369069277942, 40.25107814522936, 44.33979924113268, 43.89565871312104, 47.62346936922532, 33.7661034826032, 23.519536112634547, 23.88879827835217, 27.37123325706318, 37.58279273344948], "x": ["2019-01", "2019-02", "2019-03", "2019-04", "2019-05", "2019-06", "2019-07", "2019-08", "2019-09", "2019-10", "2019-11", "2019-12", "2020-01", "2020-02", "2020-03", "2020-04", "2020-05", "2020-06", "2020-07", "2020-08", "2020-09", "2020-10", "2020-11", "2020-12"], "y": [46.28062438964844, 34.59843826293945, 49.63312530517578, 53.90850067138672, 49.1875, 53.99593734741211, 53.99593734741211, 43.25325012207031, 35.60799789428711, 36.6896858215332, 40.6014289855957, 50.74485397338867, 51.53464126586914, 52.24463653564453, 57.64314651489258, 54.110355377197266, 59.47687530517578, 59.93674850463867, 67.10031127929688, 66.36000061035156, 48.137245178222656, 48.31574630737305, 45.00593566894531, 52.91374969482422]}, "spi_01": {"px": [], "py": [], "pt": [], "pb": [], "x": ["2019-01", "2019-02", "2019-03", "2019-04", "2019-05", "2019-06", "2019-07", "2019-08", "2019-09", "2019-10", "2019-11", "2019-12", "2020-01", "2020-02", "2020-03", "2020-04", "2020-05", "2020-06", "2020-07", "2020-08", "2020-09", "2020-10", "2020-11", "2020-12"], "y": [NaN, NaN, NaN, NaN, NaN, NaN, NaN, NaN, NaN, NaN, NaN, NaN, NaN, NaN, NaN, NaN, NaN, NaN, NaN, NaN, NaN, NaN, NaN, NaN]}, "spi_03": {"px": [], "py": [], "pt": [], "pb": [], "x": ["2019-01", "2019-02", "2019-03", "2019-04", "2019-05", "2019-06", "2019-07", "2019-08", "2019-09", "2019-10", "2019-11", "2019-12", "2020-01", "2020-02", "2020-03", "2020-04", "2020-05", "2020-06", "2020-07"], "y": [NaN, NaN, NaN, NaN, NaN, NaN, NaN, NaN, NaN, NaN, NaN, NaN, NaN, NaN, NaN, NaN, NaN, NaN, NaN]}, "spi_06": {"px": [], "py": [], "pt": [], "pb": [], "x": ["2019-01", "2019-02", "2019-03", "2019-04", "2019-05", "2019-06", "2019-07", "2019-08", "2019-09", "2019-10", "2019-11", "2019-12", "2020-01", "2020-02", "2020-03", "2020-04", "2020-05", "2020-06", "2020-07"], "y": [NaN, NaN, NaN, NaN, NaN, NaN, NaN, NaN, NaN, NaN, NaN, NaN, NaN, NaN, NaN, NaN, NaN, NaN, NaN]}, "spi_12": {"px": [], "py": [], "pt": [], "pb": [], "x": ["2019-01", "2019-02", "2019-03", "2019-04", "2019-05", "2019-06", "2019-07", "2019-08", "2019-09", "2019-10", "2019-11", "2019-12", "2020-01", "2020-02", "2020-03", "2020-04", "2020-05", "2020-06", "2020-07", "2020-08", "2020-09", "2020-10", "2020-11", "2020-12"], "y": [NaN, NaN, NaN, NaN, NaN, NaN, NaN, NaN, NaN, NaN, NaN, NaN, NaN, NaN, NaN, NaN, NaN, NaN, NaN, NaN, NaN, NaN, NaN, NaN], "geox": [-42.29969909519404, -42.29511105689056, -42.29348304751378, -42.28968602055377, -42.28839301762525, -42.28709000369298, -42.28249896271269, -42.28266697425553, -42.28200497432504, -42.27881595174904, -42.27494692954969, -42.26966687823762, -42.269388863408764, -42.26811984517738, -42.26654682806387, -42.265948818511916, -42.263919798373834, -42.26222678533091, -42.25945176874881, -42.25429572704825, -42.251221693791024, -42.2467286500174, -42.23347854271111, -42.233004535380324, -42.23355853288923, -42.231000502577395, -42.23013448372427, -42.228500465584354, -42.225725439372724, -42.2243914212267, -42.22077839335946, -42.215221341023366, -42.213032322041826, -42.21064730307227, -42.2091652955475, -42.20333124947606, -42.20215924529359, -42.20050623232969, -42.19936722584196, -42.19684020736978, -42.196945214061415, -42.19244617879561, -42.188254139020714, -42.18468709711694, -42.1779430396247, -42.175555025433255, -42.17870306081094, -42.17940208307613, -42.18294212221175, -42.186909158886834, -42.190001189715595, -42.19210921563434, -42.193086241082014, -42.19588027974355, -42.196054282994766, -42.194055270843045, -42.194081274746296, -42.19884232624672, -42.19958533673324, -42.19973435041879, -42.20370838855819, -42.20848943993813, -42.206788435256385, -42.206302442038535, -42.2053374379238, -42.20339042375273, -42.20278442770002, -42.19927140385111, -42.19586638948394, -42.195139386415654, -42.195037385986, -42.19555539458646, -42.20025944484382, -42.20123345786527, -42.202017473374674, -42.20319448798004, -42.20197548443109, -42.20197448593129, -42.202945508513004, -42.21177858938143, -42.216219634570045, -42.217974636847465, -42.22039965136932, -42.22313867055897, -42.22849971354174, -42.22892370757644, -42.23462176167971, -42.24883587213384, -42.24955887007694, -42.252141889492655, -42.253065888075184, -42.25441989649572, -42.254895894846946, -42.25580690370876, -42.25633690437491, -42.261884955994226, -42.262866969137846, -42.26425198015555, -42.26425197698016, -42.26480698193041, -42.26697600610197, -42.26736601399694, -42.27080605201855, -42.27056005241897, -42.2728640694818, -42.27535009585244, -42.2772221125527, -42.280974134535654, -42.286085177379746, -42.29123420482684, -42.296195237134384, -42.298754256413226, -42.30016627601356, -42.303183309434296, -42.311013387603154, -42.31298040254267, -42.314642417768546, -42.316528439252984, -42.31761145498311, -42.31530644481496, -42.31605845533271, -42.31833747734454, -42.31941949470333, -42.32158051838358, -42.327864579966175, -42.32883557543197, -42.332820591064305, -42.33274958123115, -42.33368257900908, -42.33689558925137, -42.335092571452385, -42.33369355334701, -42.331697534054776, -42.330028515351465, -42.32363846367467, -42.319862408171176, -42.318801386209934, -42.31917038359183, -42.32162140190917, -42.321401394820136, -42.322975401905545, -42.321118382504324, -42.32008336611065, -42.31910935623405, -42.31485632164318, -42.313951312476156, -42.31247529273628, -42.31269728601007, -42.31155727380256, -42.31083726235493, -42.308888242601576, -42.30897223789045, -42.31139525419521, -42.31200725214931, -42.30878121223542, -42.30978321292742, -42.3092532043288, -42.304865162212806, -42.303585148250185, -42.29969909519404],