{"IIS3": {"px": [], "py": [], "pt": [], "pb": [], "x": ["2019-01", "2019-02", "2019-03", "2019-04", "2019-05", "2019-06", "2019-07", "2019-08", "2019-09", "2019-10", "2019-11", "2019-12", "2020-01", "2020-02", "2020-03", "2020-04", "2020-05", "2020-06", "2020-07", "2020-08", "2020-09", "2020-10", "2020-11", "2020-12"], "y": [NaN, NaN, NaN, NaN, NaN, NaN, NaN, NaN, NaN, NaN, NaN, NaN, NaN, NaN, NaN, NaN, NaN, NaN, NaN, NaN, NaN, NaN, NaN, NaN]}, "VHI": {"px": ["2021-01", "2021-02", "2021-03", "2021-04", "2021-05", "2021-06", "2021-07", "2021-08", "2021-09", "2021-10", "2021-11", "2021-12"], "py": [45.12547417303183, 46.60244293415363, 47.93496108517566, 51.43954428218882, 45.01013704062474, 42.369901182348, 42.362661913591694, 55.355781502446675, 51.62739084200628, 50.85940340883654, 48.59498334812042, 39.65483686698356], "pt": [54.07023617588902, 56.32009779380533, 58.368410402389344, 62.54273811722662, 56.74491279570313, 54.703960153567905, 55.26820565994677, 68.80855475083823, 65.6059872220508, 65.34474791422365, 63.569937575873595, 55.103891945105886], "pb": [36.180712170174644, 36.88478807450193, 37.50151176796197, 40.33635044715102, 33.27536128554635, 30.0358422111281, 29.457118167236615, 41.90300825405512, 37.64879446196176, 36.37405890344944, 33.62002912036725, 24.20578178886123], "x": ["2019-01", "2019-02", "2019-03", "2019-04", "2019-05", "2019-06", "2019-07", "2019-08", "2019-09", "2019-10", "2019-11", "2019-12", "2020-01", "2020-02", "2020-03", "2020-04", "2020-05", "2020-06", "2020-07", "2020-08", "2020-09", "2020-10", "2020-11", "2020-12"], "y": [56.741615295410156, 60.037349700927734, 59.76838302612305, 56.13917922973633, 52.83749771118164, 52.05397033691406, 52.05397033691406, 66.19611358642578, 61.764705657958984, 60.936180114746094, 58.552330017089844, 48.53119659423828, 50.85333251953125, 52.29199981689453, 52.97800064086914, 55.75649642944336, 48.301177978515625, 45.354469299316406, 50.03117752075195, 57.6974983215332, 45.481998443603516, 48.8895263671875, 45.15867614746094, 49.44980239868164]}, "spi_01": {"px": ["2021-01", "2021-02", "2021-03", "2021-04", "2021-05", "2021-06", "2021-07", "2021-08", "2021-09", "2021-10", "2021-11", "2021-12"], "py": [3.265493794443193, 9.533765758073303, 9.922897171782486, 4.813305411911447, 8.079242461391193, 6.226651352466021, 5.019313695310829, 9.338192490862022, 7.539994228951821, 5.900003815835117, 3.52009138415316, 3.192572025752198], "pt": [5.990963359206482, 12.871770621360923, 13.777293179746977, 9.122651151706926, 12.799894198595943, 11.325537990042411, 10.470252794377693, 15.119786490843055, 13.634329410043973, 12.291796476613337, 10.19610108585815, 10.141183229161118], "pb": [0.5400242296799052, 6.195760894785682, 6.068501163817993, 0.5039596721159691, 3.358590724186441, 1.127764714889631, -0.4316254037560361, 3.5565984908809885, 1.4456590478596691, -0.4917888449431036, -3.15591831755183, -3.7560391776567226], "x": ["2019-01", "2019-02", "2019-03", "2019-04", "2019-05", "2019-06", "2019-07", "2019-08", "2019-09", "2019-10", "2019-11", "2019-12", "2020-01", "2020-02", "2020-03", "2020-04", "2020-05", "2020-06", "2020-07", "2020-08", "2020-09", "2020-10", "2020-11", "2020-12"], "y": [-1.2366081476211548, 0.1772778332233429, -0.1549021303653717, 0.7186103463172913, 1.301577091217041, 0.06080636382102966, -0.2774294912815094, 1.0080578327178955, 0.6662519574165344, 0.23076322674751282, -0.5088928937911987, -0.5894261002540588, -0.34679779410362244, 1.931601881980896, 2.1242454051971436, 0.29427778720855713, 1.5336660146713257, 1.0360709428787231, 1.4693419933319092, 1.9949103593826294, 1.181585669517517, 0.3702821433544159, 1.2900773286819458, 2.6744916439056396]}, "spi_03": {"px": [], "py": [], "pt": [], "pb": [], "x": ["2019-01", "2019-02", "2019-03", "2019-04", "2019-05", "2019-06", "2019-07", "2019-08", "2019-09", "2019-10", "2019-11", "2019-12", "2020-01", "2020-02", "2020-03", "2020-04", "2020-05", "2020-06", "2020-07"], "y": [-1.2454107999801636, -1.2346231937408447, -0.9252986311912537, 0.12344920635223389, 0.5303528904914856, 0.9712636470794678, 0.5459911227226257, 0.27521422505378723, 0.6284740567207336, 0.6130030751228333, -0.11138753592967987, -0.6209153532981873, -0.7604232430458069, 0.9577024579048157, 2.2269420623779297, 2.433285713195801, 2.4366350173950195, 1.1404032707214355, 2.054999589920044]}, "spi_06": {"px": [], "py": [], "pt": [], "pb": [], "x": ["2019-01", "2019-02", "2019-03", "2019-04", "2019-05", "2019-06", "2019-07", "2019-08", "2019-09", "2019-10", "2019-11", "2019-12", "2020-01", "2020-02", "2020-03", "2020-04", "2020-05", "2020-06", "2020-07"], "y": [-0.8862541913986206, -0.9240192174911499, -1.0232568979263306, -0.8281905055046082, -0.8460095524787903, -0.4539160132408142, 0.21068337559700012, 0.5222572088241577, 0.9818329811096191, 0.7108148336410522, -0.09699944406747818, -0.32529962062835693, -0.4218766987323761, 0.6245892643928528, 1.2606103420257568, 1.2577546834945679, 1.7333109378814697, 2.2333824634552, 2.564892292022705]}, "spi_12": {"px": ["2021-01", "2021-02", "2021-03", "2021-04", "2021-05", "2021-06", "2021-07", "2021-08", "2021-09", "2021-10", "2021-11", "2021-12"], "py": [3.3737402244973183, 5.885421331298885, 7.214140156067149, 6.546046734687762, 6.079363197365982, 5.606380040780858, 5.7596045129137226, 4.88096689757409, 4.499668999718722, 4.441885344432904, 2.9806044645710266, 3.580743870912995], "pt": [4.712049034153648, 7.52450817819294, 9.106794618275835, 8.662098750819645, 8.397382040394046, 8.110126549173932, 8.436222117269613, 7.719948585011544, 7.492218455160113, 7.5804976914614315, 6.258778146146986, 6.9927752172277735], "pb": [2.035431414840988, 4.24633448440483, 5.321485693858463, 4.4299947185558795, 3.7613443543379192, 3.1026335323877845, 3.0829869085578316, 2.041985210136635, 1.5071195442773297, 1.3032729974043753, -0.2975692170049329, 0.1687125245982175], "x": ["2019-01", "2019-02", "2019-03", "2019-04", "2019-05", "2019-06", "2019-07", "2019-08", "2019-09", "2019-10", "2019-11", "2019-12", "2020-01", "2020-02", "2020-03", "2020-04", "2020-05", "2020-06", "2020-07", "2020-08", "2020-09", "2020-10", "2020-11", "2020-12"], "y": [-0.5994970202445984, -0.5821228623390198, -0.6884286403656006, -0.6571525931358337, -0.5075234770774841, -0.5610525012016296, -0.5543676614761353, -0.6429926753044128, -0.606261670589447, -0.4997456967830658, -0.7045331597328186, -0.4877485930919647, -0.2198735922574997, 0.6787574291229248, 1.3029158115386963, 1.2607290744781494, 1.2850712537765503, 1.3200182914733887, 1.4410303831100464, 1.6170259714126587, 1.7521058320999146, 1.7026488780975342, 2.1862616539001465, 2.6936826705932617],