{"IIS3": {"px": [], "py": [], "pt": [], "pb": [], "x": ["2019-01", "2019-02", "2019-03", "2019-04", "2019-05", "2019-06", "2019-07", "2019-08", "2019-09", "2019-10", "2019-11", "2019-12", "2020-01", "2020-02", "2020-03", "2020-04", "2020-05", "2020-06", "2020-07", "2020-08", "2020-09", "2020-10", "2020-11", "2020-12"], "y": [NaN, NaN, NaN, NaN, NaN, NaN, NaN, NaN, NaN, NaN, NaN, NaN, NaN, NaN, NaN, NaN, NaN, NaN, NaN, NaN, NaN, NaN, NaN, NaN]}, "VHI": {"px": ["2021-01", "2021-02", "2021-03", "2021-04", "2021-05", "2021-06", "2021-07", "2021-08", "2021-09", "2021-10", "2021-11", "2021-12"], "py": [50.13648877905702, 48.10199898242786, 49.39876418440963, 48.43043485308303, 41.45800859919612, 34.14025510047746, 38.20201363747525, 57.862234332147736, 49.58832318026576, 45.931921480311885, 40.422585453467846, 48.65743245926555], "pt": [57.637597253703206, 55.965994466328965, 57.60962416331715, 56.974088533776865, 50.321970176168435, 43.31334680722769, 47.67415215434977, 67.62426305087553, 59.631878393818084, 56.24932415492347, 51.00675261827068, 59.501803865432834], "pb": [42.63538030441083, 40.23800349852675, 41.18790420550211, 39.88678117238919, 32.594047022223805, 24.967163393727233, 28.729875120600724, 48.100205613419945, 39.54476796671344, 35.6145188057003, 29.83841828866501, 37.81306105309827], "x": ["2019-01", "2019-02", "2019-03", "2019-04", "2019-05", "2019-06", "2019-07", "2019-08", "2019-09", "2019-10", "2019-11", "2019-12", "2020-01", "2020-02", "2020-03", "2020-04", "2020-05", "2020-06", "2020-07", "2020-08", "2020-09", "2020-10", "2020-11", "2020-12"], "y": [42.45840835571289, 37.2122688293457, 46.5938606262207, 40.23027038574219, 30.871477127075195, 31.245452880859375, 31.245452880859375, 49.2770881652832, 41.93654251098633, 38.67056655883789, 34.03324890136719, 41.74169921875, 45.999122619628906, 44.94487380981445, 46.6400032043457, 45.81850051879883, 39.209774017333984, 32.201725006103516, 46.293521881103516, 59.36408996582031, 46.93309020996094, 41.11390686035156, 39.88465881347656, 43.12302780151367]}, "spi_01": {"px": [], "py": [], "pt": [], "pb": [], "x": ["2019-01", "2019-02", "2019-03", "2019-04", "2019-05", "2019-06", "2019-07", "2019-08", "2019-09", "2019-10", "2019-11", "2019-12", "2020-01", "2020-02", "2020-03", "2020-04", "2020-05", "2020-06", "2020-07", "2020-08", "2020-09", "2020-10", "2020-11", "2020-12"], "y": [NaN, NaN, NaN, NaN, NaN, NaN, NaN, NaN, NaN, NaN, NaN, NaN, NaN, NaN, NaN, NaN, NaN, NaN, NaN, NaN, NaN, NaN, NaN, NaN]}, "spi_03": {"px": [], "py": [], "pt": [], "pb": [], "x": ["2019-01", "2019-02", "2019-03", "2019-04", "2019-05", "2019-06", "2019-07", "2019-08", "2019-09", "2019-10", "2019-11", "2019-12", "2020-01", "2020-02", "2020-03", "2020-04", "2020-05", "2020-06", "2020-07"], "y": [NaN, NaN, NaN, NaN, NaN, NaN, NaN, NaN, NaN, NaN, NaN, NaN, NaN, NaN, NaN, NaN, NaN, NaN, NaN]}, "spi_06": {"px": [], "py": [], "pt": [], "pb": [], "x": ["2019-01", "2019-02", "2019-03", "2019-04", "2019-05", "2019-06", "2019-07", "2019-08", "2019-09", "2019-10", "2019-11", "2019-12", "2020-01", "2020-02", "2020-03", "2020-04", "2020-05", "2020-06", "2020-07"], "y": [NaN, NaN, NaN, NaN, NaN, NaN, NaN, NaN, NaN, NaN, NaN, NaN, NaN, NaN, NaN, NaN, NaN, NaN, NaN]}, "spi_12": {"px": [], "py": [], "pt": [], "pb": [], "x": ["2019-01", "2019-02", "2019-03", "2019-04", "2019-05", "2019-06", "2019-07", "2019-08", "2019-09", "2019-10", "2019-11", "2019-12", "2020-01", "2020-02", "2020-03", "2020-04", "2020-05", "2020-06", "2020-07", "2020-08", "2020-09", "2020-10", "2020-11", "2020-12"], "y": [NaN, NaN, NaN, NaN, NaN, NaN, NaN, NaN, NaN, NaN, NaN, NaN, NaN, NaN, NaN, NaN, NaN, NaN, NaN, NaN, NaN, NaN, NaN, NaN], "geox": [-43.63841566877901, -43.634906624895876, -43.63185059136791, -43.62318950204493, -43.616788444652244, -43.6030053259166, -43.601173308031726, -43.59849327552114, -43.59641023055698, -43.59548622014412, -43.59207218784959, -43.59051517060654, -43.58385710974098, -43.58327510287326, -43.586690126207564, -43.58696912589703, -43.58635511846924, -43.58224508161569, -43.580301058904155, -43.57551902195422, -43.573433003686105, -43.56960697530688, -43.56990698290647, -43.565466946343534, -43.5620179227266, -43.56085491291284, -43.55829588670335, -43.556882864880215, -43.555025850072454, -43.55266183862415, -43.551993831092354, -43.55229982950595, -43.54890479580492, -43.54426775593644, -43.53210565646291, -43.529029626835765, -43.52105453917017, -43.51888250390309, -43.5195484961598, -43.52131149614173, -43.5248225103824, -43.525548512733685, -43.52860453191217, -43.52873953061576, -43.52426648330605, -43.523219467433734, -43.52548948083149, -43.52485747000521, -43.5269884735531, -43.52497244697609, -43.52529444280305, -43.52343741947828, -43.52551742903335, -43.530718469334715, -43.527685439603005, -43.52707243182387, -43.52686042682131, -43.52874143525304, -43.52882542558505, -43.5267984004917, -43.526545392191906, -43.528042395565535, -43.524658354351445, -43.524471346711955, -43.52513534332686, -43.528160361025115, -43.530244365970994, -43.53128235573125, -43.53101932918206, -43.53541134104188, -43.538259357954466, -43.538269352617576, -43.54099836588595, -43.538992339690346, -43.538909333612715, -43.536936315016526, -43.536518306131235, -43.534577282527586, -43.53494428079918, -43.537326296183345, -43.536744285384444, -43.53854028869964, -43.53799328174422, -43.536188268323976, -43.53163022929451, -43.52921221892242, -43.521904162865205, -43.51684912162454, -43.51526710538693, -43.514187097605536, -43.512713081312, -43.511771073787955, -43.5107160600659, -43.50957704958174, -43.50860604233647, -43.506611036501496, -43.50565802950465, -43.50468301936257, -43.50232600079505, -43.5005779840159, -43.49554395375568, -43.494489944890766, -43.49282892358116, -43.488298890242895, -43.48704889923384, -43.4841288859649, -43.47921783861326, -43.47888183062652, -43.47607380778641, -43.47349177973976, -43.46980174332071, -43.467578728980236, -43.4663767187745, -43.46479770133109, -43.463355689579906, -43.46207668288454, -43.45982766483976, -43.45921666295557, -43.45538163694494, -43.454631639509955, -43.45079260332078, -43.44985058619904, -43.448273568637156, -43.44377352702951, -43.43737948221992, -43.435463471637114, -43.43201543683318, -43.42943641604659, -43.428713408001336, -43.428929407034744, -43.42782839243742, -43.420737310553264, -43.41888029632171, -43.418458296963166, -43.416156276827444, -43.4155192678994, -43.413380246866275, -43.41335324397586, -43.411824227218055, -43.41037721863227, -43.40905120677506, -43.40816020397625, -43.4014091458331, -43.40021713294898, -43.398439118474265, -43.397819115537565, -43.396047097565095, -43.39435108602135, -43.3919890624745, -43.38913503709457, -43.38899604408347, -43.388105037569616, -43.38859604773617, -43.39021006278505, -43.389406062200955, -43.39085307846878, -43.389711070733, -43.38984707499893, -43.38865306942714, -43.3846870359558, -43.38363503040642, -43.38449104016067, -43.38659905783232, -43.388184075541105, -43.38993509158341, -43.39026309657842, -43.38893508990509, -43.391131113585075, -43.3902711076315, -43.390126109377825, -43.391097119232136, -43.39099712520005, -43.393822153926266, -43.39710018102411, -43.39935420790566, -43.39878220522195, -43.39672218874013, -43.3959631874287, -43.396102191330115, -43.39835221629849, -43.3974232147783, -43.39823722698593, -43.39763322635112, -43.39869024314817, -43.39807724018261, -43.39835324757239, -43.39793424658098, -43.39557222911389, -43.39546123128069, -43.39732325862949, -43.396440258571765, -43.39744127597983, -43.39601726883575, -43.393310249179954, -43.391854245188604, -43.38933022627896, -43.387941220941315, -43.38852024212576, -43.39348729517606, -43.39604433020428, -43.401459380318244, -43.40696443705002, -43.41937755477324, -43.4267456210807, -43.434545688705526, -43.43582570393734, -43.43391070805281, -43.42787766259622, -43.42480164283041, -43.42129661542792, -43.421045618829716, -43.42187863214798, 