{"IIS3": {"px": [], "py": [], "pt": [], "pb": [], "x": ["2019-01", "2019-02", "2019-03", "2019-04", "2019-05", "2019-06", "2019-07", "2019-08", "2019-09", "2019-10", "2019-11", "2019-12", "2020-01", "2020-02", "2020-03", "2020-04", "2020-05", "2020-06", "2020-07", "2020-08", "2020-09", "2020-10", "2020-11", "2020-12"], "y": [NaN, NaN, NaN, NaN, NaN, NaN, NaN, NaN, NaN, NaN, NaN, NaN, NaN, NaN, NaN, NaN, NaN, NaN, NaN, NaN, NaN, NaN, NaN, NaN]}, "VHI": {"px": ["2021-01", "2021-02", "2021-03", "2021-04", "2021-05", "2021-06", "2021-07", "2021-08", "2021-09", "2021-10", "2021-11", "2021-12"], "py": [23.783566468769394, 32.979140589330896, 42.58806999821137, 37.770484706098784, 49.144933732471955, 41.389997161296876, 40.22464828876636, 37.981806952935344, 39.11553878558145, 35.703486383428945, 31.597210533819613, 23.861672286277916], "pt": [36.648897651166614, 47.00207454628125, 57.68007473877584, 53.860684748902784, 66.17492104150067, 59.310555134582984, 58.993567501180735, 57.56236513523359, 59.47540590348268, 56.81391317652873, 53.43241261016996, 46.3983530543787], "pb": [10.918235286372173, 18.956206632380542, 27.49606525764689, 21.680284663294785, 32.11494642344324, 23.469439188010767, 21.455729076351986, 18.401248770637096, 18.755671667680218, 14.593059590329162, 9.762008457469271, 1.3249915181771357], "x": ["2019-01", "2019-02", "2019-03", "2019-04", "2019-05", "2019-06", "2019-07", "2019-08", "2019-09", "2019-10", "2019-11", "2019-12", "2020-01", "2020-02", "2020-03", "2020-04", "2020-05", "2020-06", "2020-07", "2020-08", "2020-09", "2020-10", "2020-11", "2020-12"], "y": [36.069252014160156, 54.092750549316406, 64.1032485961914, 61.59919357299805, 46.84049606323242, 51.16499710083008, 51.16499710083008, 47.68839645385742, 47.698997497558594, 42.459747314453125, 37.52463912963867, 29.15771484375, 24.630001068115234, 33.780357360839844, 43.37799835205078, 38.17606735229492, 49.5989990234375, 42.33440017700195, 41.97899627685547, 41.36649703979492, 40.681400299072266, 31.466999053955078, 37.967498779296875, 30.72466468811035]}, "spi_01": {"px": ["2021-01", "2021-02", "2021-03", "2021-04", "2021-05", "2021-06", "2021-07", "2021-08", "2021-09", "2021-10", "2021-11", "2021-12"], "py": [-1.3029803830090803, -0.007842664144027456, -0.2584738755692788, -1.3622076171410118, -1.3697683640547464, -2.3619327589234898, -0.4536134578498756, -1.1956553584096072, -1.3141773159729087, -1.097958243877204, -2.1814012102596445, -1.7806552656472183], "pt": [1.225721998800628, 2.6459204569574766, 2.5147159250153654, 1.5254739160643034, 1.6280354327877529, 0.7420889181128683, 2.753109719890902, 2.1105806443294917, 2.0886625969463752, 2.398817762690106, 1.4068526000571673, 1.8968015151187263], "pb": [-3.8316827648187886, -2.6616057852455315, -3.031663676153923, -4.249889150346327, -4.367572160897245, -5.465954435959849, -3.660336635590653, -4.501891361148706, -4.7170172288921925, -4.594734250444514, -5.769655020576457, -5.458112046413163], "x": ["2019-01", "2019-02", "2019-03", "2019-04", "2019-05", "2019-06", "2019-07", "2019-08", "2019-09", "2019-10", "2019-11", "2019-12", "2020-01", "2020-02", "2020-03", "2020-04", "2020-05", "2020-06", "2020-07", "2020-08", "2020-09", "2020-10", "2020-11", "2020-12"], "y": [-0.15566058456897736, 0.7732549905776978, 1.508198618888855, 0.021649561822414398, -0.13933967053890228, 0.2710268795490265, 1.532496452331543, 0.3036167025566101, 0.0805167406797409, 0.37785759568214417, -1.4283004999160767, -0.8488293290138245, -1.0741852521896362, 0.059543464332818985, -0.33741122484207153, -1.4696266651153564, -1.4664158821105957, -2.3806233406066895, -2.2396962642669678, -2.3464810848236084, -0.993495523929596, -1.2263131141662598, -0.6842072606086731, -1.1951141357421875]}, "spi_03": {"px": [], "py": [], "pt": [], "pb": [], "x": ["2019-01", "2019-02", "2019-03", "2019-04", "2019-05", "2019-06", "2019-07", "2019-08", "2019-09", "2019-10", "2019-11", "2019-12", "2020-01", "2020-02", "2020-03", "2020-04", "2020-05", "2020-06", "2020-07"], "y": [0.06646207720041275, 0.28314781188964844, 0.7101029753684998, 0.97029709815979, 0.3442721366882324, -0.15812917053699493, 0.9030013680458069, 0.9556118249893188, 1.0368621349334717, 0.14743688702583313, -0.13700473308563232, -0.6921263337135315, -1.4829316139221191, -1.020204782485962, -0.9326494336128235, -1.2919808626174927, -2.0348563194274902, -3.10308837890625, -3.15388822555542]}, "spi_06": {"px": [], "py": [], "pt": [], "pb": [], "x": ["2019-01", "2019-02", "2019-03", "2019-04", "2019-05", "2019-06", "2019-07", "2019-08", "2019-09", "2019-10", "2019-11", "2019-12", "2020-01", "2020-02", "2020-03", "2020-04", "2020-05", "2020-06", "2020-07"], "y": [-0.9577575922012329, -0.02347932942211628, 0.595857560634613, 0.5674205422401428, 0.3073583245277405, 0.3413059413433075, 1.3158681392669678, 1.0910907983779907, 0.5959795713424683, 0.6844730973243713, 0.7629782557487488, 0.7523860335350037, -0.7607768177986145, -0.8448638319969177, -1.091378927230835, -1.5637205839157104, -1.9918060302734375, -2.9078898429870605, -3.2165462970733643]}, "spi_12": {"px": ["2021-01", "2021-02", "2021-03", "2021-04", "2021-05", "2021-06", "2021-07", "2021-08", "2021-09", "2021-10", "2021-11", "2021-12"], "py": [-3.417143183899949, -3.450312832776405, -3.5343233891765613, -3.5933502816815057, -3.650935570993056, -3.8322639997005172, -3.8119051780174127, -3.869156677566181, -3.939743191318592, -4.007271210921189, -4.079815882438021, -4.147644903103763], "pt": [-1.8126588240600703, -1.4852288467148371, -1.2652398553284896, -1.056437769416788, -0.8718871536044497, -0.8305486371961117, -0.6029364762691731, -0.4655313838382389, -0.3520071152659714, -0.24442186996767568, -0.14964792495590906, -0.056996398853617514], "pb": [-5.021627543739828, -5.415396818837973, -5.8034069230246335, -6.130262793946224, -6.429983988381663, -6.833979362204923, -7.020873879765653, -7.2727819712941235, -7.527479267371213, -7.770120551874703, -8.009983839920134, -8.238293407353908], "x": ["2019-01", "2019-02", "2019-03", "2019-04", "2019-05", "2019-06", "2019-07", "2019-08", "2019-09", "2019-10", "2019-11", "2019-12", "2020-01", "2020-02", "2020-03", "2020-04", "2020-05", "2020-06", "2020-07", "2020-08", "2020-09", "2020-10", "2020-11", "2020-12"], "y": [-0.5197097063064575, -0.8173324465751648, -0.5192182660102844, -1.3578084707260132, -1.3384287357330322, -0.5699130296707153, 0.5293169021606445, 0.7411040663719177, 0.7823845744132996, 0.840414822101593, 0.7901320457458496, 0.6806930303573608, 0.6424698829650879, 0.47453808784484863, 0.008809552527964115, -0.3285028636455536, -0.6635473370552063, -1.6677504777908325, -3.012901782989502, -3.1325979232788086, -3.1394307613372803, -3.221106767654419, -3.2391769886016846, -3.3213253021240234],