{"IIS3": {"px": [], "py": [], "pt": [], "pb": [], "x": ["2019-01", "2019-02", "2019-03", "2019-04", "2019-05", "2019-06", "2019-07", "2019-08", "2019-09", "2019-10", "2019-11", "2019-12", "2020-01", "2020-02", "2020-03", "2020-04", "2020-05", "2020-06", "2020-07", "2020-08", "2020-09", "2020-10", "2020-11", "2020-12"], "y": [NaN, NaN, NaN, NaN, NaN, NaN, NaN, NaN, NaN, NaN, NaN, NaN, NaN, NaN, NaN, NaN, NaN, NaN, NaN, NaN, NaN, NaN, NaN, NaN]}, "VHI": {"px": ["2021-01", "2021-02", "2021-03", "2021-04", "2021-05", "2021-06", "2021-07", "2021-08", "2021-09", "2021-10", "2021-11", "2021-12"], "py": [50.93665534429233, 64.05279634981568, 76.8221826595902, 87.04180204523186, 75.87655654101717, 73.64484961539328, 76.09440436436667, 75.26056264071119, 78.61967979423389, 78.41525465524545, 49.989055944876455, 51.03450020250894], "pt": [69.64306082154243, 86.96337046308784, 103.27703488976113, 116.61922598378038, 108.27700109292209, 108.64132954525923, 113.50721510884233, 114.94284090346213, 120.44847380557064, 122.28566391665174, 95.81020399993645, 98.72666317929341], "pb": [32.23024986704223, 41.14222223654352, 50.36733042941927, 57.46437810668334, 43.476111989112226, 38.64836968552734, 38.681593619891004, 35.578284377960244, 36.79088578289715, 34.54484539383914, 4.167907889816469, 3.342337225724471], "x": ["2019-01", "2019-02", "2019-03", "2019-04", "2019-05", "2019-06", "2019-07", "2019-08", "2019-09", "2019-10", "2019-11", "2019-12", "2020-01", "2020-02", "2020-03", "2020-04", "2020-05", "2020-06", "2020-07", "2020-08", "2020-09", "2020-10", "2020-11", "2020-12"], "y": [50.0, 50.0, 50.0, 52.34300231933594, 50.0, 50.0, 50.0, 48.02299880981445, 50.0, 50.0, 29.128124237060547, 29.842498779296875, 30.48812484741211, 40.37874984741211, 49.946998596191406, 57.511871337890625, 50.0, 50.0, 51.92167282104492, 50.0, 50.0, 50.0, 50.0, 50.0]}, "spi_01": {"px": [], "py": [], "pt": [], "pb": [], "x": ["2019-01", "2019-02", "2019-03", "2019-04", "2019-05", "2019-06", "2019-07", "2019-08", "2019-09", "2019-10", "2019-11", "2019-12", "2020-01", "2020-02", "2020-03", "2020-04", "2020-05", "2020-06", "2020-07", "2020-08", "2020-09", "2020-10", "2020-11", "2020-12"], "y": [NaN, NaN, NaN, NaN, NaN, NaN, NaN, NaN, NaN, NaN, NaN, NaN, NaN, NaN, NaN, NaN, NaN, NaN, NaN, NaN, NaN, NaN, NaN, NaN]}, "spi_03": {"px": [], "py": [], "pt": [], "pb": [], "x": ["2019-01", "2019-02", "2019-03", "2019-04", "2019-05", "2019-06", "2019-07", "2019-08", "2019-09", "2019-10", "2019-11", "2019-12", "2020-01", "2020-02", "2020-03", "2020-04", "2020-05", "2020-06", "2020-07"], "y": [NaN, NaN, NaN, NaN, NaN, NaN, NaN, NaN, NaN, NaN, NaN, NaN, NaN, NaN, NaN, NaN, NaN, NaN, NaN]}, "spi_06": {"px": [], "py": [], "pt": [], "pb": [], "x": ["2019-01", "2019-02", "2019-03", "2019-04", "2019-05", "2019-06", "2019-07", "2019-08", "2019-09", "2019-10", "2019-11", "2019-12", "2020-01", "2020-02", "2020-03", "2020-04", "2020-05", "2020-06", "2020-07"], "y": [NaN, NaN, NaN, NaN, NaN, NaN, NaN, NaN, NaN, NaN, NaN, NaN, NaN, NaN, NaN, NaN, NaN, NaN, NaN]}, "spi_12": {"px": [], "py": [], "pt": [], "pb": [], "x": ["2019-01", "2019-02", "2019-03", "2019-04", "2019-05", "2019-06", "2019-07", "2019-08", "2019-09", "2019-10", "2019-11", "2019-12", "2020-01", "2020-02", "2020-03", "2020-04", "2020-05", "2020-06", "2020-07", "2020-08", "2020-09", "2020-10", "2020-11", "2020-12"], "y": [NaN, NaN, NaN, NaN, NaN, NaN, NaN, NaN, NaN, NaN, NaN, NaN, NaN, NaN, NaN, NaN, NaN, NaN, NaN, NaN, NaN, NaN, NaN, NaN], "geox": [-37.03974752248352, -37.03157245193312, -37.02804041903056, -37.025988397560106, -37.02529938749788, -37.02415937552775, -37.02191235460513, -37.02020734006116, -37.0183703232852, -37.01642930370098, -37.01651329411957, -37.01564828485042, -37.00920922781283, -37.00755421103252, -37.00608519371274, -37.001668156901346, -36.99850312744861, -36.99578010094936, -36.99514909344495, -36.996961108070465, -36.99760011071859, -36.99645209658473, -36.99514208291938, -36.99404107258652, -36.99397707510646, -36.991366054183686, -36.98960403844318, -36.98658700991074, -36.98255597077473, -36.98160495801443, -36.983934973646654, -36.98839901026717, -36.987002995321895, -36.98460497114527, -36.983373960316264, -36.98386496826939, -36.982668958010876, -36.980372936599466, -36.978896920426756, -36.97341387253916, -36.96895783247619, -36.96555979003488, -36.965269784357446, -36.96450877649838, -36.96025673673377, -36.96163274268198, -36.959683720909034, -36.957747705460775, -36.957022698884956, -36.954747674764604, -36.94976962619718, -36.94884661523022, -36.9475866026946, -36.93944652702492, -36.938760520096075, -36.93767750769016, -36.93784850443483, -36.93731749825081, -36.936512491051374, -36.9358934872101, -36.934718477064024, -36.9330614598421, -36.93036643891648, -36.92894642692727, -36.927493410128285, -36.92606939914441, -36.92486938583353, -36.92142035403564, -36.9138312796937, -36.90953623904576, -36.9055822030613, -36.9041361881024, -36.90395318448329, -36.90278717470779, -36.89941214270391, -36.886504007961676, -36.8841329789929, -36.88125794763191, -36.876760902849185, -36.875501891238365, -36.872805869911566, -36.87060785311083, -36.869455843038786, -36.86801982974924, -36.86634681278198, -36.86198677423707, -36.85585371969148, -36.854058704629686, -36.873513900093556, -36.902027190008354, -36.90771924640613, -36.911292283791404, -36.91904436132357, -36.92702144322499, -36.93749054897319, -36.964247825422085, -36.97766996532631, -36.98355402513323, -36.98779907071468, -36.9940671353554, -37.0103253041047, -37.026258475750566, -37.02671848504753, -37.026189491323834, -37.036538574976305, -37.040475599948614, -37.04241260791658, -37.040561577823695, -37.044773593102555, -37.04440557725639, -37.04273555530997, -37.03974752248352],