{"IIS3": {"px": [], "py": [], "pt": [], "pb": [], "x": ["2019-01", "2019-02", "2019-03", "2019-04", "2019-05", "2019-06", "2019-07", "2019-08", "2019-09", "2019-10", "2019-11", "2019-12", "2020-01", "2020-02", "2020-03", "2020-04", "2020-05", "2020-06", "2020-07", "2020-08", "2020-09", "2020-10", "2020-11", "2020-12"], "y": [NaN, NaN, NaN, NaN, NaN, NaN, NaN, NaN, NaN, NaN, NaN, NaN, NaN, NaN, NaN, NaN, NaN, NaN, NaN, NaN, NaN, NaN, NaN, NaN]}, "VHI": {"px": ["2021-01", "2021-02", "2021-03", "2021-04", "2021-05", "2021-06", "2021-07", "2021-08", "2021-09", "2021-10", "2021-11", "2021-12"], "py": [88.39171177603066, 111.37255124868688, 119.54162687769119, 114.66569218682423, 113.17850653935022, 109.84592676615125, 119.30121047914756, 99.2921911335215, 82.58577440741634, 83.76652629528932, 63.10079336874105, 66.38377190570779], "pt": [108.1315345412498, 133.7285671616035, 144.23823174951312, 141.49949804606112, 141.99141999126505, 140.51048002041946, 151.71179009414624, 133.35942635560087, 118.23275689363533, 120.92615768567208, 101.71386174934813, 106.39751822446374], "pb": [68.65188901081152, 89.01653533577024, 94.84502200586925, 87.83188632758734, 84.36559308743541, 79.18137351188304, 86.89063086414887, 65.22495591144212, 46.93879192119735, 46.606894904906554, 24.48772498813397, 26.370025586951833], "x": ["2019-01", "2019-02", "2019-03", "2019-04", "2019-05", "2019-06", "2019-07", "2019-08", "2019-09", "2019-10", "2019-11", "2019-12", "2020-01", "2020-02", "2020-03", "2020-04", "2020-05", "2020-06", "2020-07", "2020-08", "2020-09", "2020-10", "2020-11", "2020-12"], "y": [44.219879150390625, 54.74773406982422, 67.55213928222656, 73.65151977539062, 75.13428497314453, 70.67475891113281, 70.67475891113281, 57.777618408203125, 46.970184326171875, 47.98130798339844, 33.41984176635742, 35.615901947021484, 56.29975891113281, 73.32071685791016, 80.59152221679688, 77.82070922851562, 77.81654357910156, 77.09428405761719, 69.20249938964844, 72.93119049072266, 69.71180725097656, 56.562286376953125, 61.79825210571289, 60.43000030517578]}, "spi_01": {"px": ["2021-01", "2021-02", "2021-03", "2021-04", "2021-05", "2021-06", "2021-07", "2021-08", "2021-09", "2021-10", "2021-11", "2021-12"], "py": [0.2567080477289303, 0.5577705252386291, 2.680750941250082, 1.1814810168858028, 0.735034027982481, 1.421314271280436, 0.9126071941833955, 0.18839377573494565, 2.0695601878161516, -0.14695461029192503, 1.478882792412613, -0.5861685633086875], "pt": [1.496579711151031, 2.025413125647887, 4.345283266954516, 3.021959466662917, 2.7360472675371152, 3.5709065688224353, 3.201152606979666, 2.607925376522548, 4.613342062896791, 2.5152849147635745, 4.254529086439771, 2.2984294000695122], "pb": [-0.9831636156931707, -0.9098720751706286, 1.016218615545649, -0.6589974328913117, -1.2659792115721529, -0.7282780262615631, -1.375938218612875, -2.2311378250526563, -0.47422168726448755, -2.809194135347425, -1.296763501614545, -3.470766526686887], "x": ["2019-01", "2019-02", "2019-03", "2019-04", "2019-05", "2019-06", "2019-07", "2019-08", "2019-09", "2019-10", "2019-11", "2019-12", "2020-01", "2020-02", "2020-03", "2020-04", "2020-05", "2020-06", "2020-07", "2020-08", "2020-09", "2020-10", "2020-11", "2020-12"], "y": [-0.712346076965332, -0.0024251150898635387, 0.5094155669212341, 0.6786233186721802, -0.014593452215194702, -0.1801459789276123, 0.36347872018814087, -0.1874426007270813, 1.460483193397522, -0.38379356265068054, 1.0226043462753296, -0.7430126667022705, 0.04141781106591225, 0.2671413719654083, 1.9073305130004883, 0.5216165781021118, 0.16596610844135284, 0.7276885509490967, 0.003924742806702852, -0.9135761260986328, -0.9157005548477173, -0.7440961599349976, 1.331833004951477, -0.5757766366004944]}, "spi_03": {"px": [], "py": [], "pt": [], "pb": [], "x": ["2019-01", "2019-02", "2019-03", "2019-04", "2019-05", "2019-06", "2019-07", "2019-08", "2019-09", "2019-10", "2019-11", "2019-12", "2020-01", "2020-02", "2020-03", "2020-04", "2020-05", "2020-06", "2020-07"], "y": [0.3961813747882843, -0.013765471987426281, -0.4023005962371826, 0.5319992303848267, 0.5139687061309814, 0.268505722284317, -0.11743944883346558, -0.12949439883232117, 0.5710555911064148, 0.021975506097078323, 0.7235763072967529, -0.17293977737426758, -0.11516343802213669, -0.27448344230651855, 1.4372389316558838, 1.6598267555236816, 1.3988244533538818, 0.48442542552948, 0.31606560945510864]}, "spi_06": {"px": [], "py": [], "pt": [], "pb": [], "x": ["2019-01", "2019-02", "2019-03", "2019-04", "2019-05", "2019-06", "2019-07", "2019-08", "2019-09", "2019-10", "2019-11", "2019-12", "2020-01", "2020-02", "2020-03", "2020-04", "2020-05", "2020-06", "2020-07"], "y": [0.017908673733472824, 0.051150791347026825, 0.15700773894786835, 0.557610273361206, 0.3079245686531067, -0.09794434159994125, 0.2947186827659607, 0.34172123670578003, 0.3272981345653534, -0.14155389368534088, 0.20695272088050842, -0.009159102104604244, -0.17133300006389618, -0.037078045308589935, 1.1942237615585327, 1.3305383920669556, 1.0262762308120728, 1.2513666152954102, 1.385627031326294]}, "spi_12": {"px": ["2021-01", "2021-02", "2021-03", "2021-04", "2021-05", "2021-06", "2021-07", "2021-08", "2021-09", "2021-10", "2021-11", "2021-12"], "py": [1.5513326011705346, 1.543239900124763, 2.877517116540263, 2.9636908713288133, 2.8569441252774954, 3.114528966269286, 2.8604760682414323, 2.9489157823014045, 3.0876364811109944, 2.8027993408340537, 2.4808823497301646, 1.3419409023500206], "pt": [2.329164344035539, 2.4958853356383375, 3.9775373124463593, 4.19355083774683, 4.204188216967699, 4.569718901704039, 4.416139545278494, 4.598946072745637, 4.826921122847336, 4.6269764623264695, 4.386173213659552, 3.3250305074282256], "pb": [0.7735008583055301, 0.5905944646111885, 1.7774969206341664, 1.7338309049107967, 1.5097000335872912, 1.6593390308345324, 1.3048125912043709, 1.2988854918571722, 1.3483518393746525, 0.9786222193416383, 0.5755914858007771, -0.6411487027281844], "x": ["2019-01", "2019-02", "2019-03", "2019-04", "2019-05", "2019-06", "2019-07", "2019-08", "2019-09", "2019-10", "2019-11", "2019-12", "2020-01", "2020-02", "2020-03", "2020-04", "2020-05", "2020-06", "2020-07", "2020-08", "2020-09", "2020-10", "2020-11", "2020-12"], "y": [-0.005270263180136681, -0.2745930850505829, -0.1511969417333603, -0.25874149799346924, -0.1236378401517868, -0.02869526855647564, 0.16181343793869019, 0.20911261439323425, 0.31983256340026855, 0.30925020575523376, 0.2706354260444641, -0.13976988196372986, 0.16332924365997314, 0.20994706451892853, 0.9694046378135681, 1.0596314668655396, 1.0432182550430298, 1.2568057775497437, 1.2077780961990356, 1.1439194679260254, 1.0149303674697876, 0.9770897626876831, 0.9794644117355347, 1.035410761833191],