{"IIS3": {"px": [], "py": [], "pt": [], "pb": [], "x": ["2019-01", "2019-02", "2019-03", "2019-04", "2019-05", "2019-06", "2019-07", "2019-08", "2019-09", "2019-10", "2019-11", "2019-12", "2020-01", "2020-02", "2020-03", "2020-04", "2020-05", "2020-06", "2020-07", "2020-08", "2020-09", "2020-10", "2020-11", "2020-12"], "y": [NaN, NaN, NaN, NaN, NaN, NaN, NaN, NaN, NaN, NaN, NaN, NaN, NaN, NaN, NaN, NaN, NaN, NaN, NaN, NaN, NaN, NaN, NaN, NaN]}, "VHI": {"px": ["2021-01", "2021-02", "2021-03", "2021-04", "2021-05", "2021-06", "2021-07", "2021-08", "2021-09", "2021-10", "2021-11", "2021-12"], "py": [121.15356219485705, 214.7407176283836, 329.54244733300584, 348.13241041469433, 316.451205228712, 260.8977077261361, 234.11863440240847, 176.37443007775613, 186.77307953505593, 171.96268098517817, 130.48641255107677, 66.81440354562345], "pt": [195.6268633806102, 305.95151108471146, 434.8635995122424, 465.8850381976483, 445.4427460491081, 400.2244957342177, 383.0652359416108, 334.35615801965105, 353.3004425026352, 346.61805270435804, 312.90799878415913, 256.68481034253034], "pb": [46.68026100910389, 123.52992417205576, 224.2212951537693, 230.37978263174037, 187.45966440831594, 121.57091971805451, 85.17203286320617, 18.392702135861185, 20.24571656747665, -2.692690734001701, -51.9351736820056, -123.05600325128343], "x": ["2019-01", "2019-02", "2019-03", "2019-04", "2019-05", "2019-06", "2019-07", "2019-08", "2019-09", "2019-10", "2019-11", "2019-12", "2020-01", "2020-02", "2020-03", "2020-04", "2020-05", "2020-06", "2020-07", "2020-08", "2020-09", "2020-10", "2020-11", "2020-12"], "y": [27.779247283935547, 15.034250259399414, 23.693124771118164, 41.7685661315918, 41.429866790771484, 23.547998428344727, 23.547998428344727, 16.601598739624023, 20.037599563598633, 20.130374908447266, 15.13012409210205, 5.702300071716309, 18.438125610351562, 39.316123962402344, 66.83070373535156, 73.0478744506836, 68.2588119506836, 59.28179931640625, 54.488746643066406, 54.175743103027344, 50.32310104370117, 32.45929718017578, 52.2608757019043, 59.570831298828125]}, "spi_01": {"px": ["2021-01", "2021-02", "2021-03", "2021-04", "2021-05", "2021-06", "2021-07", "2021-08", "2021-09", "2021-10", "2021-11", "2021-12"], "py": [1.3653899869160924, 0.4355273196193741, 1.9617391210549382, 1.6340472686841512, 0.03992378105129024, 1.9474629656293025, 3.8026700834566114, 2.2463926134240637, 0.6331594382129166, 1.0698961409627978, -0.7015558883253523, -0.7900886427764107], "pt": [3.724498446210358, 2.7946357789136407, 4.320847580349205, 3.9931557279784187, 2.399032240345557, 4.30657142492357, 6.161778542750879, 4.605501072718331, 2.992267897507185, 3.429004600257066, 1.6575525709689156, 1.5690198165178586], "pb": [-0.9937184723781738, -1.9235811396748925, -0.3973693382393284, -0.7250611906101159, -2.319184678242977, -0.41164549366496495, 1.443561624162344, -0.11271584587020422, -1.7259490210813513, -1.2892123183314705, -3.0606643476196207, -3.1491971020706795], "x": ["2019-01", "2019-02", "2019-03", "2019-04", "2019-05", "2019-06", "2019-07", "2019-08", "2019-09", "2019-10", "2019-11", "2019-12", "2020-01", "2020-02", "2020-03", "2020-04", "2020-05", "2020-06", "2020-07", "2020-08", "2020-09", "2020-10", "2020-11", "2020-12"], "y": [-0.5929729342460632, -0.009703327901661396, 0.8195775151252747, 1.0762276649475098, 0.28915780782699585, 0.691297173500061, 2.923438549041748, 1.6167834997177124, 0.18653789162635803, 0.5763306021690369, -1.024800419807434, -1.1067259311676025, 0.9148263931274414, -0.03147049993276596, 1.2792342901229858, 1.0064057111740112, -0.3039866089820862, 1.4691176414489746, 1.085318922996521, 0.958077073097229, 0.6125746369361877, 0.7756198048591614, 1.7507034540176392, -2.399806261062622]}, "spi_03": {"px": [], "py": [], "pt": [], "pb": [], "x": ["2019-01", "2019-02", "2019-03", "2019-04", "2019-05", "2019-06", "2019-07", "2019-08", "2019-09", "2019-10", "2019-11", "2019-12", "2020-01", "2020-02", "2020-03", "2020-04", "2020-05", "2020-06", "2020-07"], "y": [-0.8220874667167664, -0.42360246181488037, -0.12988734245300293, 0.7847475409507751, 0.9776563048362732, 1.0754677057266235, 1.0022969245910645, 1.8685896396636963, 1.3962140083312988, 0.46505510807037354, -0.8902678489685059, -1.6109421253204346, -0.638822615146637, -0.17582917213439941, 1.3175987005233765, 1.1584644317626953, 1.2867718935012817, 1.007703423500061, 0.5449547171592712]}, "spi_06": {"px": [], "py": [], "pt": [], "pb": [], "x": ["2019-01", "2019-02", "2019-03", "2019-04", "2019-05", "2019-06", "2019-07", "2019-08", "2019-09", "2019-10", "2019-11", "2019-12", "2020-01", "2020-02", "2020-03", "2020-04", "2020-05", "2020-06", "2020-07"], "y": [-1.0884915590286255, -1.22194504737854, -0.5244518518447876, 0.06316933035850525, 0.46267861127853394, 0.29477131366729736, 0.8606762290000916, 1.0735359191894531, 1.2445721626281738, 0.6321889758110046, -0.5456286072731018, -1.3262271881103516, -0.6078539490699768, -0.8017473220825195, 0.39375418424606323, 0.6843946576118469, 1.0208982229232788, 1.4628334045410156, 1.192382574081421]}, "spi_12": {"px": ["2021-01", "2021-02", "2021-03", "2021-04", "2021-05", "2021-06", "2021-07", "2021-08", "2021-09", "2021-10", "2021-11", "2021-12"], "py": [3.0641724932940075, 2.9970280518998074, 3.8932118458384863, 3.963614917622418, 3.914107531541882, 3.707992968207372, 4.235625498498579, 4.061761184379935, 3.825804896400723, 3.9897968611089487, 3.8469884626266033, 2.027854713912655], "pt": [4.2300120277386934, 4.424884039030374, 5.541957920858836, 5.806969066939747, 5.933400828642583, 5.889079009523996, 6.5673045543586746, 6.534880291792078, 6.43270133073743, 6.723932907334126, 6.702700426249379, 5.0001739630998365], "pb": [1.8983329588493216, 1.5691720647692406, 2.2444657708181364, 2.120260768305089, 1.8948142344411818, 1.526906926890748, 1.9039464426384836, 1.5886420769677927, 1.2189084620640163, 1.2556608148837722, 0.9912764990038285, -0.9444645352745265], "x": ["2019-01", "2019-02", "2019-03", "2019-04", "2019-05", "2019-06", "2019-07", "2019-08", "2019-09", "2019-10", "2019-11", "2019-12", "2020-01", "2020-02", "2020-03", "2020-04", "2020-05", "2020-06", "2020-07", "2020-08", "2020-09", "2020-10", "2020-11", "2020-12"], "y": [-0.69783616065979, -0.9405901432037354, -0.7479928731918335, -0.15268701314926147, -0.10234890878200531, -0.09222778677940369, 0.0046603139489889145, 0.023482173681259155, 0.03619634360074997, 0.1702747493982315, 0.17172011733055115, -0.45621737837791443, 0.18664029240608215, 0.19192971289157867, 0.6169647574424744, 0.6800299286842346, 0.7294157147407532, 0.7671504020690918, 0.7070438265800476, 0.693925678730011, 0.7110396027565002, 0.7193122506141663, 1.739297866821289, 1.5891966819763184], "geox": [-41.95830082137937, -41.92437640689165, -41.86536291037133, -41.74759286120706, -41.750211911691316, -41.71978889684113, -41.819639669213394, -41.841859841247306, -41.95830082137937], "geoy": [-11.359057075361145, -11.26116045772598, -11.261570535780002, -11.218557393900543, -11.240374538623811, -11.424662825808287, -11.371358336884901, -11.35972822972122, -11.359057075361145]}}