{"IIS3": {"px": [], "py": [], "pt": [], "pb": [], "x": ["2019-01", "2019-02", "2019-03", "2019-04", "2019-05", "2019-06", "2019-07", "2019-08", "2019-09", "2019-10", "2019-11", "2019-12", "2020-01", "2020-02", "2020-03", "2020-04", "2020-05", "2020-06", "2020-07", "2020-08", "2020-09", "2020-10", "2020-11", "2020-12"], "y": [NaN, NaN, NaN, NaN, NaN, NaN, NaN, NaN, NaN, NaN, NaN, NaN, NaN, NaN, NaN, NaN, NaN, NaN, NaN, NaN, NaN, NaN, NaN, NaN]}, "VHI": {"px": ["2021-01", "2021-02", "2021-03", "2021-04", "2021-05", "2021-06", "2021-07", "2021-08", "2021-09", "2021-10", "2021-11", "2021-12"], "py": [31.24236040748879, 36.51195197183119, 31.923580623605652, 27.749098917896283, 16.336211012936168, 20.85480011869395, 24.72449384864111, 25.638799887592228, 24.4139501576556, 20.354523720299923, 20.52501521530806, 22.710364627015217], "pt": [65.70862565230107, 78.72433346104734, 80.66624019462702, 82.24504897954623, 76.03353326600887, 85.33527774760557, 93.65702395103861, 98.75278909200713, 101.48286171379905, 101.18508006821843, 104.94977787757078, 110.58244359209237], "pb": [-3.223904837323488, -5.700429517384961, -16.81907894741572, -26.74685114375366, -43.36111124013653, -43.62567751021766, -44.20803625375638, -47.47518931682268, -52.65496139848786, -60.47603262761858, -63.89974744695466, -65.16171433806193], "x": ["2019-01", "2019-02", "2019-03", "2019-04", "2019-05", "2019-06", "2019-07", "2019-08", "2019-09", "2019-10", "2019-11", "2019-12", "2020-01", "2020-02", "2020-03", "2020-04", "2020-05", "2020-06", "2020-07", "2020-08", "2020-09", "2020-10", "2020-11", "2020-12"], "y": [25.93733787536621, 42.524288177490234, 47.757728576660156, 63.54921340942383, 64.89747619628906, 48.90630340576172, 48.90630340576172, 52.84465408325195, 52.34438705444336, 45.438255310058594, 44.22465896606445, 46.3701171875, 47.96076202392578, 55.4301643371582, 48.66560363769531, 41.25144577026367, 24.762086868286133, 29.468109130859375, 37.173011779785156, 50.86956024169922, 25.324769973754883, 13.162642478942871, 13.702842712402344, 30.28363800048828]}, "spi_01": {"px": ["2021-01", "2021-02", "2021-03", "2021-04", "2021-05", "2021-06", "2021-07", "2021-08", "2021-09", "2021-10", "2021-11", "2021-12"], "py": [-1.4039832564032664, -1.0273736570095957, -2.2234364722192894, -1.4776761180695435, -1.6199902949496108, -0.8484972298284674, -1.4410426318319225, -0.8548185163474553, -1.2958817592611174, -1.6465351468433203, -1.2435597969187986, -1.3756575366610537], "pt": [0.28015986743089893, 0.7008811934283852, -0.4521681146385088, 0.3355856835110842, 0.23431419125968844, 1.0459609761186686, 0.492735706185377, 1.1174962219966709, 0.7142307235601715, 0.4006773384884963, 0.8400922197584064, 0.7438076065077341], "pb": [-3.0881263802374317, -2.755628507447577, -3.99470482980007, -3.2909379196501716, -3.4742947811589096, -2.7429554357756034, -3.374820969849222, -2.827133254691581, -3.3059942420824058, -3.693747632175137, -3.327211813596003, -3.4951226798298416], "x": ["2019-01", "2019-02", "2019-03", "2019-04", "2019-05", "2019-06", "2019-07", "2019-08", "2019-09", "2019-10", "2019-11", "2019-12", "2020-01", "2020-02", "2020-03", "2020-04", "2020-05", "2020-06", "2020-07", "2020-08", "2020-09", "2020-10", "2020-11", "2020-12"], "y": [-1.975502371788025, 1.2792707681655884, -1.0201753377914429, 0.9854745268821716, -0.48472270369529724, -0.07692578434944153, 0.09358308464288712, 1.375586986541748, 0.45332035422325134, -0.2961074411869049, 0.4861244857311249, 0.28037384152412415, -0.5104624629020691, 0.017835387960076332, -1.8628264665603638, -0.7823753356933594, -1.0173166990280151, -0.020655330270528793, -0.9174675345420837, -0.2779618501663208, -1.5254751443862915, -0.1805606484413147, -1.635938048362732, -0.945300817489624]}, "spi_03": {"px": [], "py": [], "pt": [], "pb": [], "x": ["2019-01", "2019-02", "2019-03", "2019-04", "2019-05", "2019-06", "2019-07", "2019-08", "2019-09", "2019-10", "2019-11", "2019-12", "2020-01", "2020-02", "2020-03", "2020-04", "2020-05", "2020-06", "2020-07"], "y": [-1.2482267618179321, -1.028817057609558, -0.7315700054168701, 0.7022075653076172, -0.8032150268554688, 0.08547253161668777, -0.6845857501029968, 0.6285907626152039, 0.8021973967552185, 0.6263840198516846, 0.2305181473493576, 0.23931439220905304, -0.1457756608724594, -0.4155997037887573, -1.2017344236373901, -1.1367013454437256, -2.5162041187286377, -1.4552011489868164, -1.212943196296692]}, "spi_06": {"px": [], "py": [], "pt": [], "pb": [], "x": ["2019-01", "2019-02", "2019-03", "2019-04", "2019-05", "2019-06", "2019-07", "2019-08", "2019-09", "2019-10", "2019-11", "2019-12", "2020-01", "2020-02", "2020-03", "2020-04", "2020-05", "2020-06", "2020-07"], "y": [-0.5368402600288391, 0.16169235110282898, -0.3763311803340912, -0.5131621360778809, -1.2023038864135742, -0.8193768858909607, 0.4703559875488281, -0.5397855043411255, 0.6001510620117188, -0.11992314457893372, 0.36155566573143005, 0.46051025390625, -0.03278767690062523, -0.3103322982788086, -0.8799423575401306, -0.928509533405304, -1.2878533601760864, -1.7478080987930298, -1.9012898206710815]}, "spi_12": {"px": ["2021-01", "2021-02", "2021-03", "2021-04", "2021-05", "2021-06", "2021-07", "2021-08", "2021-09", "2021-10", "2021-11", "2021-12"], "py": [-2.7025774766926505, -2.9586275789144967, -2.9524129245228763, -3.0127351117752803, -3.0513066544834784, -3.0463606483626275, -3.0646595421734126, -3.0753388252282945, -3.145245072003317, -3.2508380873763976, -3.379712444453687, -3.2495496041808414], "pt": [-1.7203366970018776, -1.7556332245042157, -1.5633146975430563, -1.4596760814567444, -1.3500157272433952, -1.2087564236817818, -1.1001779937692637, -0.9916914890708934, -0.9488879314336636, -0.9472792849173035, -0.973723744596132, -0.7453171686234468], "pb": [-3.684818256383423, -4.161621933324778, -4.341511151502696, -4.565794142093816, -4.7525975817235615, -4.883964873043473, -5.0291410905775615, -5.1589861613856955, -5.341602212572971, -5.554396889835491, -5.785701144311242, -5.753782039738236], "x": ["2019-01", "2019-02", "2019-03", "2019-04", "2019-05", "2019-06", "2019-07", "2019-08", "2019-09", "2019-10", "2019-11", "2019-12", "2020-01", "2020-02", "2020-03", "2020-04", "2020-05", "2020-06", "2020-07", "2020-08", "2020-09", "2020-10", "2020-11", "2020-12"], "y": [-1.5776933431625366, -0.8722537159919739, -0.5056087374687195, -0.3694790303707123, -0.32975223660469055, -0.29887843132019043, -0.2856754660606384, -0.1009528636932373, -0.2905803620815277, -0.7107393741607666, -1.3010622262954712, -0.5114360451698303, 0.17694677412509918, -0.7049121260643005, -0.7008237838745117, -0.9181928038597107, -1.0415029525756836, -1.0689268112182617, -1.1597188711166382, -1.4124234914779663, -1.8378726243972778, -1.7817102670669556, -2.4157040119171143, -2.86016845703125],