{"IIS3": {"px": [], "py": [], "pt": [], "pb": [], "x": ["2019-01", "2019-02", "2019-03", "2019-04", "2019-05", "2019-06", "2019-07", "2019-08", "2019-09", "2019-10", "2019-11", "2019-12", "2020-01", "2020-02", "2020-03", "2020-04", "2020-05", "2020-06", "2020-07", "2020-08", "2020-09", "2020-10", "2020-11", "2020-12"], "y": [NaN, NaN, NaN, NaN, NaN, NaN, NaN, NaN, NaN, NaN, NaN, NaN, NaN, NaN, NaN, NaN, NaN, NaN, NaN, NaN, NaN, NaN, NaN, NaN]}, "VHI": {"px": ["2021-01", "2021-02", "2021-03", "2021-04", "2021-05", "2021-06", "2021-07", "2021-08", "2021-09", "2021-10", "2021-11", "2021-12"], "py": [62.76883269993968, 45.147511824679285, 46.18789107778012, 43.86038231407689, 41.65055700297681, 52.06630080087575, 46.289300265979676, 57.6714602266309, 52.15776632984124, 61.47503366250238, 63.392390063080185, 58.641231036011234], "pt": [73.06699751051534, 55.445676635254955, 56.48605588835579, 54.15854712465256, 51.94872181355248, 62.36446561145142, 56.58746507655535, 67.96962503720657, 62.45593114041691, 71.77319847307805, 73.69055487365586, 68.9393958465869], "pb": [52.47066788936402, 34.849347014103614, 35.88972626720445, 33.562217503501216, 31.35239219240114, 41.76813599030008, 35.991135455404006, 47.37329541605523, 41.85960151926557, 51.17686885192671, 53.094225252504515, 48.343066225435564], "x": ["2019-01", "2019-02", "2019-03", "2019-04", "2019-05", "2019-06", "2019-07", "2019-08", "2019-09", "2019-10", "2019-11", "2019-12", "2020-01", "2020-02", "2020-03", "2020-04", "2020-05", "2020-06", "2020-07", "2020-08", "2020-09", "2020-10", "2020-11", "2020-12"], "y": [60.34912109375, 42.770999908447266, 46.0568962097168, 50.58980178833008, 45.93896484375, 44.297306060791016, 44.297306060791016, 55.42050552368164, 49.96690368652344, 58.54186248779297, 59.65117263793945, 55.02095413208008, 60.30291748046875, 43.613365173339844, 44.33871078491211, 41.524627685546875, 39.41725540161133, 50.4044303894043, 58.55411911010742, 55.29127502441406, 43.15733337402344, 51.804630279541016, 68.2506332397461, 67.92333221435547]}, "spi_01": {"px": ["2021-01", "2021-02", "2021-03", "2021-04", "2021-05", "2021-06", "2021-07", "2021-08", "2021-09", "2021-10", "2021-11", "2021-12"], "py": [0.5162297736065398, -0.08707355541472817, 0.0601691604068586, 0.21712943267388596, -0.842680776493911, -1.2110909502421745, -0.12897861848039405, -0.7204245934153521, -0.4277586284024595, 0.015818878721679752, 0.0665756320551445, -0.3397242480619338], "pt": [1.4033527123290361, 0.8000493833077682, 0.9472920991293554, 1.1042523713963828, 0.04444216222858577, -0.32396801151967747, 0.7581443202421028, 0.1666983453071449, 0.45936431032003755, 0.902941817444177, 0.9536985707776418, 0.5473986906605637], "pb": [-0.3708931651159566, -0.9741964941372248, -0.826953778315638, -0.6699935060486109, -1.7298037152164079, -2.0982138889646715, -1.0161015572028909, -1.6075475321378492, -1.3148815671249565, -0.8713040600008175, -0.8205473066673528, -1.2268471867844313], "x": ["2019-01", "2019-02", "2019-03", "2019-04", "2019-05", "2019-06", "2019-07", "2019-08", "2019-09", "2019-10", "2019-11", "2019-12", "2020-01", "2020-02", "2020-03", "2020-04", "2020-05", "2020-06", "2020-07", "2020-08", "2020-09", "2020-10", "2020-11", "2020-12"], "y": [-0.12550875544548035, 0.3185339570045471, 0.8519850969314575, -0.42017799615859985, -0.6871777772903442, -0.7231889963150024, 0.09602698683738708, -0.5435279607772827, -0.26333296298980713, 0.21145415306091309, 0.2904800772666931, -0.17680741846561432, 0.5884599089622498, -0.10251035541296005, 0.03649304807186127, 0.16362935304641724, -0.8626076579093933, -1.1968411207199097, -1.3305368423461914, -0.7965437173843384, -0.23588791489601135, -0.4407270848751068, 1.2439402341842651, 0.08351465314626694]}, "spi_03": {"px": [], "py": [], "pt": [], "pb": [], "x": ["2019-01", "2019-02", "2019-03", "2019-04", "2019-05", "2019-06", "2019-07", "2019-08", "2019-09", "2019-10", "2019-11", "2019-12", "2020-01", "2020-02", "2020-03", "2020-04", "2020-05", "2020-06", "2020-07"], "y": [0.8526304364204407, 0.5629385709762573, 0.5403419733047485, 0.4320064187049866, 0.028620105236768723, -0.8771070241928101, -0.8378070592880249, -0.5850474834442139, -0.38553929328918457, -0.44428756833076477, 0.01260891929268837, -0.19544446468353271, 0.22472795844078064, -0.0409574992954731, 0.152610644698143, -0.06837859749794006, -0.36547714471817017, -0.746280312538147, -1.4968336820602417]}, "spi_06": {"px": [], "py": [], "pt": [], "pb": [], "x": ["2019-01", "2019-02", "2019-03", "2019-04", "2019-05", "2019-06", "2019-07", "2019-08", "2019-09", "2019-10", "2019-11", "2019-12", "2020-01", "2020-02", "2020-03", "2020-04", "2020-05", "2020-06", "2020-07"], "y": [0.49722155928611755, 0.6106137037277222, 0.9697872996330261, 0.791801393032074, 0.32916221022605896, -0.14500705897808075, -0.03167963773012161, -0.2422723025083542, -0.8926354050636292, -0.8428401350975037, -0.5559232831001282, -0.47746309638023376, 0.003146891249343753, -0.1269112527370453, -0.034750111401081085, 0.0031743834260851145, -0.2672109007835388, -0.3872684836387634, -0.7882094383239746]}, "spi_12": {"px": ["2021-01", "2021-02", "2021-03", "2021-04", "2021-05", "2021-06", "2021-07", "2021-08", "2021-09", "2021-10", "2021-11", "2021-12"], "py": [-0.31166602523406617, -0.500897070179539, -0.726936701946675, -0.5352409751669771, -0.5540376606012716, -0.5864639184273657, -0.5028152648435558, -0.5337561251330167, -0.5233095341085561, -0.4802061853203077, -0.5939062471467587, -0.8359214375242755], "pt": [0.3418478164587446, 0.23684996705960404, 0.08636584976834971, 0.3471712812626393, 0.39245150466595113, 0.4200310341875402, 0.5603039379320869, 0.5831202283552983, 0.64485275712173, 0.7370832167215529, 0.670603079823378, 0.47410687807256835], "pb": [-0.9651798669268772, -1.238644107418682, -1.5402392536616998, -1.4176532315965937, -1.5005268258684945, -1.5929588710422715, -1.5659344676191986, -1.6506324786213318, -1.6914718253388423, -1.697495587362168, -1.858415574116895, -2.1459497531211196], "x": ["2019-01", "2019-02", "2019-03", "2019-04", "2019-05", "2019-06", "2019-07", "2019-08", "2019-09", "2019-10", "2019-11", "2019-12", "2020-01", "2020-02", "2020-03", "2020-04", "2020-05", "2020-06", "2020-07", "2020-08", "2020-09", "2020-10", "2020-11", "2020-12"], "y": [-0.1294999122619629, -0.3845368027687073, 0.3443450927734375, 0.29615798592567444, 0.17986370623111725, 0.2311795949935913, 0.19895334541797638, 0.19266264140605927, 0.20726679265499115, 0.23551876842975616, 0.028073836117982864, -0.3727627396583557, -0.04247882589697838, -0.31233474612236023, -0.6119228601455688, -0.4484937787055969, -0.5062508583068848, -0.5428885817527771, -0.6510964632034302, -0.6588988304138184, -0.675629734992981, -0.7042004466056824, -0.5050495266914368, -0.44565826654434204],