{"IIS3": {"px": [], "py": [], "pt": [], "pb": [], "x": ["2019-01", "2019-02", "2019-03", "2019-04", "2019-05", "2019-06", "2019-07", "2019-08", "2019-09", "2019-10", "2019-11", "2019-12", "2020-01", "2020-02", "2020-03", "2020-04", "2020-05", "2020-06", "2020-07", "2020-08", "2020-09", "2020-10", "2020-11", "2020-12"], "y": [NaN, NaN, NaN, NaN, NaN, NaN, NaN, NaN, NaN, NaN, NaN, NaN, NaN, NaN, NaN, NaN, NaN, NaN, NaN, NaN, NaN, NaN, NaN, NaN]}, "VHI": {"px": ["2021-01", "2021-02", "2021-03", "2021-04", "2021-05", "2021-06", "2021-07", "2021-08", "2021-09", "2021-10", "2021-11", "2021-12"], "py": [110.85609255201956, 148.1560878200234, 154.0059021035829, 154.45016122846627, 159.78587011939615, 154.31487510657786, 153.97234019080582, 86.69133932016217, 65.65778948857869, 66.55956695502003, 60.99742740624666, 48.063354374589814], "pt": [135.19085218718712, 177.7074879991732, 187.98221706849824, 192.33808416760354, 201.21773503866905, 199.01055897801842, 201.7092115041065, 137.28692814793945, 118.95899336688126, 122.43552834203555, 119.33461783371004, 108.76205710386567], "pb": [86.521332916852, 118.6046876408736, 120.02958713866758, 116.562238289329, 118.35400520012325, 109.6191912351373, 106.23546887750516, 36.09575049238489, 12.356585610276127, 10.683605568004502, 2.6602369787832743, -12.635348354686045], "x": ["2019-01", "2019-02", "2019-03", "2019-04", "2019-05", "2019-06", "2019-07", "2019-08", "2019-09", "2019-10", "2019-11", "2019-12", "2020-01", "2020-02", "2020-03", "2020-04", "2020-05", "2020-06", "2020-07", "2020-08", "2020-09", "2020-10", "2020-11", "2020-12"], "y": [60.00590896606445, 67.5279541015625, 77.00590515136719, 78.31890869140625, 73.6015853881836, 64.25431823730469, 64.25431823730469, 32.06439971923828, 22.060800552368164, 22.144996643066406, 19.560680389404297, 13.980907440185547, 49.040000915527344, 69.60159301757812, 75.38400268554688, 77.92090606689453, 83.15204620361328, 82.37127685546875, 73.4333267211914, 66.32899475097656, 52.569000244140625, 48.57981872558594, 49.52750015258789, 42.19333267211914]}, "spi_01": {"px": [], "py": [], "pt": [], "pb": [], "x": ["2019-01", "2019-02", "2019-03", "2019-04", "2019-05", "2019-06", "2019-07", "2019-08", "2019-09", "2019-10", "2019-11", "2019-12", "2020-01", "2020-02", "2020-03", "2020-04", "2020-05", "2020-06", "2020-07", "2020-08", "2020-09", "2020-10", "2020-11", "2020-12"], "y": [NaN, NaN, NaN, NaN, NaN, NaN, NaN, NaN, NaN, NaN, NaN, NaN, NaN, NaN, NaN, NaN, NaN, NaN, NaN, NaN, NaN, NaN, NaN, NaN]}, "spi_03": {"px": [], "py": [], "pt": [], "pb": [], "x": ["2019-01", "2019-02", "2019-03", "2019-04", "2019-05", "2019-06", "2019-07", "2019-08", "2019-09", "2019-10", "2019-11", "2019-12", "2020-01", "2020-02", "2020-03", "2020-04", "2020-05", "2020-06", "2020-07"], "y": [NaN, NaN, NaN, NaN, NaN, NaN, NaN, NaN, NaN, NaN, NaN, NaN, NaN, NaN, NaN, NaN, NaN, NaN, NaN]}, "spi_06": {"px": [], "py": [], "pt": [], "pb": [], "x": ["2019-01", "2019-02", "2019-03", "2019-04", "2019-05", "2019-06", "2019-07", "2019-08", "2019-09", "2019-10", "2019-11", "2019-12", "2020-01", "2020-02", "2020-03", "2020-04", "2020-05", "2020-06", "2020-07"], "y": [NaN, NaN, NaN, NaN, NaN, NaN, NaN, NaN, NaN, NaN, NaN, NaN, NaN, NaN, NaN, NaN, NaN, NaN, NaN]}, "spi_12": {"px": [], "py": [], "pt": [], "pb": [], "x": ["2019-01", "2019-02", "2019-03", "2019-04", "2019-05", "2019-06", "2019-07", "2019-08", "2019-09", "2019-10", "2019-11", "2019-12", "2020-01", "2020-02", "2020-03", "2020-04", "2020-05", "2020-06", "2020-07", "2020-08", "2020-09", "2020-10", "2020-11", "2020-12"], "y": [NaN, NaN, NaN, NaN, NaN, NaN, NaN, NaN, NaN, NaN, NaN, NaN, NaN, NaN, NaN, NaN, NaN, NaN, NaN, NaN, NaN, NaN, NaN, NaN], "geox": [-37.97986391730231, -37.97566088123747, -37.967680811499754, -37.95899973516376, -37.94323759516876, -37.9327205034345, -37.92608744584937, -37.91640236330389, -37.9040682611833, -37.88591210168444, -37.863344905126716, -37.86084488408078, -37.85535384168573, -37.85024179945054, -37.84228572984382, -37.837508688912834, -37.8267045956774, -37.82804260782048, -37.825847591618405, -37.825908595344075, -37.82783361761804, -37.82733861788001, -37.828792633494714, -37.83135065860513, -37.80052039088341, -37.788108283034575, -37.78595726861065, -37.78611527218689, -37.789672308537064, -37.78953030980144, -37.786870290164536, -37.78507127928452, -37.78520128227094, -37.78251026178413, -37.78248526297039, -37.78482128589891, -37.86214296105398, -37.877511086678766, -37.8828491334529, -37.88375214354901, -37.891133209447695, -37.89215721811992, -37.8958012470618, -37.901849294526386, -37.90637333244256, -37.911389376605925, -37.92591750762837, -37.94056863807544, -37.94443067197302, -37.950685724466204, -37.953414748047294, -37.95817679266339, -37.960559814165784, -37.96454684556573, -37.965574852879136, -37.966497856544024, -37.963287826790825, -37.96245281814096, -37.96330182260598, -37.970580882188806, -37.97363590480297, -37.97408990781631, -37.97335289869909, -37.96904085448712, -37.96230978976382, -37.97986391730231], "geoy": [-6.531634825760254, -6.532637836425396, -6.532682842177831, -6.5320448430772196, -6.528854828856584, -6.529225838859526, -6.5298698483667375, -6.533095880083555, -6.541664955288048, -6.540753960459983, -6.542193986958418, -6.543436998352793, -6.551833067614574, -6.555561100178946, -6.555647106237111, -6.556978119863416, -6.5590221431387254, -6.559649147128778, -6.564112183464533, -6.568821220190794, -6.576801281184976, -6.583570334360447, -6.587806366435327, -6.591784395741865, -6.595240443695727, -6.596577462578243, -6.603080514816154, -6.606298539832368, -6.613896596720899, -6.617573625518736, -6.62295466933402, -6.6301047263659, -6.63280574735571, -6.637332784524141, -6.639385800561727, -6.642970826935809, -6.639779749047565, -6.626760637028787, -6.626826633886806, -6.630024658194324, -6.631906667801874, -6.631482663795469, -6.627175627732608, -6.619193561383312, -6.616746539215985, -6.6171395388453575, -6.6228385732993695, -6.626153589076218, -6.626320587727473, -6.623085558242082, -6.622665553099475, -6.626989583504528, -6.627952589367232, -6.622899547285597, -6.620455527549632, -6.614027476860796, -6.611572459940532, -6.609604445184835, -6.6052804109252135, -6.599331359609921, -6.593334310810259, -6.591934299594892, -6.588019269601071, -6.578476198193733, -6.569862135652542, -6.531634825760254]}}