{"IIS3": {"px": [], "py": [], "pt": [], "pb": [], "x": ["2019-01", "2019-02", "2019-03", "2019-04", "2019-05", "2019-06", "2019-07", "2019-08", "2019-09", "2019-10", "2019-11", "2019-12", "2020-01", "2020-02", "2020-03", "2020-04", "2020-05", "2020-06", "2020-07", "2020-08", "2020-09", "2020-10", "2020-11", "2020-12"], "y": [NaN, NaN, NaN, NaN, NaN, NaN, NaN, NaN, NaN, NaN, NaN, NaN, NaN, NaN, NaN, NaN, NaN, NaN, NaN, NaN, NaN, NaN, NaN, NaN]}, "VHI": {"px": ["2021-01", "2021-02", "2021-03", "2021-04", "2021-05", "2021-06", "2021-07", "2021-08", "2021-09", "2021-10", "2021-11", "2021-12"], "py": [51.658431260207124, 59.805863283020045, 61.70376616572244, 62.500731936661225, 67.23661369860314, 60.06896828793552, 63.81336542118504, 38.63972079906354, 28.693262496893823, 39.72122737144614, 53.51707918099491, 46.51116564358091], "pt": [67.01505777619992, 75.16248979901286, 77.06039268171526, 77.85735845265404, 82.59324021459595, 75.42559480392833, 79.16999193717785, 53.996347315056354, 44.04988901288664, 55.07785388743896, 68.87370569698774, 61.86779215957374], "pb": [36.30180474421432, 44.44923676702723, 46.34713964972963, 47.14410542066841, 51.87998718261032, 44.712341771942704, 48.456738905192225, 23.283094283070724, 13.336635980901008, 24.364600855453318, 38.16045266500209, 31.15453912758808], "x": ["2019-01", "2019-02", "2019-03", "2019-04", "2019-05", "2019-06", "2019-07", "2019-08", "2019-09", "2019-10", "2019-11", "2019-12", "2020-01", "2020-02", "2020-03", "2020-04", "2020-05", "2020-06", "2020-07", "2020-08", "2020-09", "2020-10", "2020-11", "2020-12"], "y": [49.05046844482422, 44.450504302978516, 59.5314826965332, 57.19749450683594, 61.443729400634766, 57.641143798828125, 57.641143798828125, 34.38233947753906, 25.196880340576172, 35.21946334838867, 47.814632415771484, 41.07493591308594, 46.517337799072266, 53.590965270996094, 56.003971099853516, 56.450199127197266, 60.42161178588867, 54.95159149169922, 42.99475860595703, 41.07143783569336, 35.658878326416016, 21.623920440673828, 55.95478820800781, 61.28135299682617]}, "spi_01": {"px": ["2021-01", "2021-02", "2021-03", "2021-04", "2021-05", "2021-06", "2021-07", "2021-08", "2021-09", "2021-10", "2021-11", "2021-12"], "py": [1.8117086326020537, 1.9850250390723225, 4.303829459704773, 3.093901634698608, 1.3656298310132113, 1.7808427484362541, 5.750343039926321, 2.4213025797519077, 2.377701416471928, 1.6831575875684903, -1.3176850868560068, -0.40870022045199805], "pt": [5.994364190601052, 6.167680597071321, 8.486485017703773, 7.276557192697609, 5.548285389012211, 5.963498306435255, 9.932998597925323, 6.60395813775091, 6.560356974470931, 5.865813145567493, 2.864970471142996, 3.7739553375470063], "pb": [-2.370946925396945, -2.197630518926677, 0.1211739017057738, -1.0887539233003922, -2.817025726985789, -2.401812809562747, 1.5676874819273197, -1.7613529782470945, -1.804954141527074, -2.4994979704305127, -5.50034064485501, -4.5913557784510015], "x": ["2019-01", "2019-02", "2019-03", "2019-04", "2019-05", "2019-06", "2019-07", "2019-08", "2019-09", "2019-10", "2019-11", "2019-12", "2020-01", "2020-02", "2020-03", "2020-04", "2020-05", "2020-06", "2020-07", "2020-08", "2020-09", "2020-10", "2020-11", "2020-12"], "y": [-1.0499050617218018, 0.4124498963356018, -0.24671734869480133, 0.3070077896118164, 0.37991631031036377, -0.6406413316726685, 1.9733233451843262, 0.05460236221551895, 0.0362221784889698, -0.3318737745285034, -2.0854692459106445, -1.5923397541046143, -0.05751124769449234, -0.08270644396543503, 1.1735533475875854, 0.4230928421020508, -0.4396708011627197, -0.0580015704035759, -0.13388606905937195, 0.015695879235863686, -0.951119065284729, 0.43442654609680176, 1.0814995765686035, -0.6232312917709351]}, "spi_03": {"px": [], "py": [], "pt": [], "pb": [], "x": ["2019-01", "2019-02", "2019-03", "2019-04", "2019-05", "2019-06", "2019-07", "2019-08", "2019-09", "2019-10", "2019-11", "2019-12", "2020-01", "2020-02", "2020-03", "2020-04", "2020-05", "2020-06", "2020-07"], "y": [-0.45864138007164, -0.19698268175125122, -0.7869371175765991, 0.16645146906375885, 0.050086069852113724, 0.24785272777080536, 0.3740323781967163, 0.33282744884490967, 0.330441415309906, -0.5265862941741943, -1.8983962535858154, -2.360869884490967, -1.277500867843628, -0.8836156129837036, 0.24309667944908142, 0.543701708316803, 0.6316008567810059, 0.10874175280332565, -0.5771639347076416]}, "spi_06": {"px": [], "py": [], "pt": [], "pb": [], "x": ["2019-01", "2019-02", "2019-03", "2019-04", "2019-05", "2019-06", "2019-07", "2019-08", "2019-09", "2019-10", "2019-11", "2019-12", "2020-01", "2020-02", "2020-03", "2020-04", "2020-05", "2020-06", "2020-07"], "y": [-0.3034667372703552, -0.10194509476423264, -0.29557421803474426, -0.2852862775325775, -0.17847448587417603, -0.5180169939994812, 0.18519407510757446, 0.05343139171600342, 0.22747792303562164, -0.19713930785655975, -1.806440830230713, -2.2188353538513184, -1.600905179977417, -1.4098055362701416, -0.8556047677993774, -0.44905102252960205, -0.20686733722686768, 0.1709332913160324, 0.3773502707481384]}, "spi_12": {"px": ["2021-01", "2021-02", "2021-03", "2021-04", "2021-05", "2021-06", "2021-07", "2021-08", "2021-09", "2021-10", "2021-11", "2021-12"], "py": [1.0651651866135268, 0.8373582714428878, 1.860585882578973, 2.0705396991397116, 1.6619084493561664, 1.4776950825869735, 2.241997217471008, 2.3427430102332236, 2.2455443450603516, 1.8910141448962836, 1.4466597448894447, 0.1650714287050854], "pt": [2.17294548299508, 2.1941065046953288, 3.427223796015271, 3.8220941331206983, 3.580640196782282, 3.55016223599696, 4.457557797853704, 4.692699875524186, 4.722616377139868, 4.4889892093441635, 4.160156201285764, 2.9893680849113347], "pb": [-0.042615109768026294, -0.5193899618095528, 0.29394796914267474, 0.31898526515872483, -0.25682329806994875, -0.5947720708230131, 0.026436637088311787, -0.0072138550577389715, -0.23152768701916493, -0.7069609195515958, -1.2668367115068744, -2.659225227501164], "x": ["2019-01", "2019-02", "2019-03", "2019-04", "2019-05", "2019-06", "2019-07", "2019-08", "2019-09", "2019-10", "2019-11", "2019-12", "2020-01", "2020-02", "2020-03", "2020-04", "2020-05", "2020-06", "2020-07", "2020-08", "2020-09", "2020-10", "2020-11", "2020-12"], "y": [-0.28688856959342957, -0.5540497303009033, -0.6803101301193237, -0.32496172189712524, -0.15379245579242706, -0.15529537200927734, -0.12209566682577133, -0.12183558195829391, -0.1810072511434555, -0.3461189270019531, -0.5749362707138062, -1.1662814617156982, -0.8119053840637207, -0.9460283517837524, -0.5804989337921143, -0.5308793783187866, -0.6715236306190491, -0.6682206988334656, -0.6968259811401367, -0.6956448554992676, -0.719820499420166, -0.4986833333969116, -0.0009820535778999329, 0.15105612576007843], "geox": [-43.059885103845154, -43.05716403478636, -43.04897597113809, -43.04191278953196, -42.96829113419896, -42.8865174063847, -42.861489199715315, -42.80429667822554, -42.82369572655219, -42.79832647666576, -42.68224059304864, -42.678535668784754, -42.67925570293548, -42.702970916211555, -42.72734810838673, -42.72884013935148, -42.75881943261262, -42.80579777374388, -42.90331179438581, -43.059885103845154], "geoy": [-7.921179106625579, -7.870708752352225, -7.874543786990506, -7.739390836293988, -7.682838500977285, -7.620235128313013, -7.619227143282142, -7.561547782202933, -7.434144854736737, -7.386362534489861, -7.469961233323622, -7.591461106320591, -7.62338433391107, -7.643432456200662, -7.633631364656196, -7.654630513246169, -7.7064208559722385, -7.655375450292017, -7.8960590729926565, -7.921179106625579]}}