{"IIS3": {"px": [], "py": [], "pt": [], "pb": [], "x": ["2019-01", "2019-02", "2019-03", "2019-04", "2019-05", "2019-06", "2019-07", "2019-08", "2019-09", "2019-10", "2019-11", "2019-12", "2020-01", "2020-02", "2020-03", "2020-04", "2020-05", "2020-06", "2020-07", "2020-08", "2020-09", "2020-10", "2020-11", "2020-12"], "y": [NaN, NaN, NaN, NaN, NaN, NaN, NaN, NaN, NaN, NaN, NaN, NaN, NaN, NaN, NaN, NaN, NaN, NaN, NaN, NaN, NaN, NaN, NaN, NaN]}, "VHI": {"px": ["2021-01", "2021-02", "2021-03", "2021-04", "2021-05", "2021-06", "2021-07", "2021-08", "2021-09", "2021-10", "2021-11", "2021-12"], "py": [51.200078786758766, 47.486716406390755, 55.85280115470108, 88.68391533590047, 101.80747299502775, 92.67804767439974, 43.98860036275623, 105.86497392644699, 115.81394819910338, 72.3836660384093, 51.99021572269551, 47.81072926968011], "pt": [94.34916357491583, 95.75162356522628, 108.74097571240785, 145.8224903359992, 162.9014538608819, 157.48647492759574, 112.30982684492824, 177.52701222444472, 190.66784240654684, 150.29876870159381, 132.85071886242392, 131.51305129843553], "pb": [8.050993998601697, -0.7781907524447789, 2.9646265969943286, 31.545340335801754, 40.7134921291736, 27.869620421203734, -24.332626119415792, 34.20293562844928, 40.96005399165992, -5.5314366247752105, -28.8702874170329, -35.891592759075294], "x": ["2019-01", "2019-02", "2019-03", "2019-04", "2019-05", "2019-06", "2019-07", "2019-08", "2019-09", "2019-10", "2019-11", "2019-12", "2020-01", "2020-02", "2020-03", "2020-04", "2020-05", "2020-06", "2020-07", "2020-08", "2020-09", "2020-10", "2020-11", "2020-12"], "y": [64.79350280761719, 51.45249557495117, 53.071998596191406, 62.571998596191406, 47.989498138427734, 22.425500869750977, 22.425500869750977, 61.363197326660156, 65.6083984375, 37.23200225830078, 25.267915725708008, 24.864999771118164, 32.545413970947266, 31.817916870117188, 39.384334564208984, 66.67041778564453, 79.4885025024414, 74.08919525146484, 73.15249633789062, 84.46699523925781, 80.0592041015625, 56.219200134277344, 55.79349899291992, 44.10933303833008]}, "spi_01": {"px": [], "py": [], "pt": [], "pb": [], "x": ["2019-01", "2019-02", "2019-03", "2019-04", "2019-05", "2019-06", "2019-07", "2019-08", "2019-09", "2019-10", "2019-11", "2019-12", "2020-01", "2020-02", "2020-03", "2020-04", "2020-05", "2020-06", "2020-07", "2020-08", "2020-09", "2020-10", "2020-11", "2020-12"], "y": [NaN, NaN, NaN, NaN, NaN, NaN, NaN, NaN, NaN, NaN, NaN, NaN, NaN, NaN, NaN, NaN, NaN, NaN, NaN, NaN, NaN, NaN, NaN, NaN]}, "spi_03": {"px": [], "py": [], "pt": [], "pb": [], "x": ["2019-01", "2019-02", "2019-03", "2019-04", "2019-05", "2019-06", "2019-07", "2019-08", "2019-09", "2019-10", "2019-11", "2019-12", "2020-01", "2020-02", "2020-03", "2020-04", "2020-05", "2020-06", "2020-07"], "y": [NaN, NaN, NaN, NaN, NaN, NaN, NaN, NaN, NaN, NaN, NaN, NaN, NaN, NaN, NaN, NaN, NaN, NaN, NaN]}, "spi_06": {"px": [], "py": [], "pt": [], "pb": [], "x": ["2019-01", "2019-02", "2019-03", "2019-04", "2019-05", "2019-06", "2019-07", "2019-08", "2019-09", "2019-10", "2019-11", "2019-12", "2020-01", "2020-02", "2020-03", "2020-04", "2020-05", "2020-06", "2020-07"], "y": [NaN, NaN, NaN, NaN, NaN, NaN, NaN, NaN, NaN, NaN, NaN, NaN, NaN, NaN, NaN, NaN, NaN, NaN, NaN]}, "spi_12": {"px": [], "py": [], "pt": [], "pb": [], "x": ["2019-01", "2019-02", "2019-03", "2019-04", "2019-05", "2019-06", "2019-07", "2019-08", "2019-09", "2019-10", "2019-11", "2019-12", "2020-01", "2020-02", "2020-03", "2020-04", "2020-05", "2020-06", "2020-07", "2020-08", "2020-09", "2020-10", "2020-11", "2020-12"], "y": [NaN, NaN, NaN, NaN, NaN, NaN, NaN, NaN, NaN, NaN, NaN, NaN, NaN, NaN, NaN, NaN, NaN, NaN, NaN, NaN, NaN, NaN, NaN, NaN], "geox": [-37.35847504778293, -37.313642560260014, -37.305029466896634, -37.25535507051056, -37.235747926980785, -37.2498030716451, -37.253643105667344, -37.257997144374414, -37.264635205728965, -37.27354828559118, -37.27944233916241, -37.285772395406745, -37.28771941118332, -37.29035943383587, -37.303051548264854, -37.30933760440425, -37.312634635185724, -37.31655167007293, -37.32166471699922, -37.32897178239957, -37.35114198433671, -37.35847504778293], "geoy": [-9.643621088864844, -9.553119456581758, -9.535932336381407, -9.581326724153154, -9.612362975355765, -9.632333110938744, -9.632238106477402, -9.632264102417809, -9.634668113895033, -9.635363110374263, -9.636592113792084, -9.636617107787224, -9.63509209449124, -9.634294085948161, -9.636030086496925, -9.636358082794242, -9.637876090901992, -9.637988087903157, -9.639531094416363, -9.640069091275132, -9.645256108257074, -9.643621088864844]}}