{"IIS3": {"px": [], "py": [], "pt": [], "pb": [], "x": ["2019-01", "2019-02", "2019-03", "2019-04", "2019-05", "2019-06", "2019-07", "2019-08", "2019-09", "2019-10", "2019-11", "2019-12", "2020-01", "2020-02", "2020-03", "2020-04", "2020-05", "2020-06", "2020-07", "2020-08", "2020-09", "2020-10", "2020-11", "2020-12"], "y": [NaN, NaN, NaN, NaN, NaN, NaN, NaN, NaN, NaN, NaN, NaN, NaN, NaN, NaN, NaN, NaN, NaN, NaN, NaN, NaN, NaN, NaN, NaN, NaN]}, "VHI": {"px": ["2021-01", "2021-02", "2021-03", "2021-04", "2021-05", "2021-06", "2021-07", "2021-08", "2021-09", "2021-10", "2021-11", "2021-12"], "py": [74.4276892007918, 61.15950640961496, 51.6894331797353, 44.96152085110825, 44.06831122317509, 50.43123842179797, 49.55873050366998, 64.4155040564914, 69.91406029550781, 77.87063511971569, 74.80573852551076, 77.44614326048887], "pt": [80.50260531063053, 67.4373450682412, 58.16383745394509, 51.62669625675737, 50.918947373944874, 57.46244515694649, 56.76598522613968, 71.79460787177452, 77.46110114599283, 85.5819565422122, 82.67791297500168, 85.47594917628668], "pb": [68.35277309095308, 54.881667750988726, 45.215028905525514, 38.296345445459124, 37.2176750724053, 43.400031686649456, 42.35147578120028, 57.036400241208284, 62.36701944502279, 70.15931369721918, 66.93356407601985, 69.41633734469106], "x": ["2019-01", "2019-02", "2019-03", "2019-04", "2019-05", "2019-06", "2019-07", "2019-08", "2019-09", "2019-10", "2019-11", "2019-12", "2020-01", "2020-02", "2020-03", "2020-04", "2020-05", "2020-06", "2020-07", "2020-08", "2020-09", "2020-10", "2020-11", "2020-12"], "y": [66.05104064941406, 55.93708419799805, 48.25541305541992, 44.18599319458008, 40.34333419799805, 44.01041793823242, 44.01041793823242, 57.98216247558594, 63.01750183105469, 70.17082977294922, 67.05364227294922, 69.56855010986328, 68.73522186279297, 56.507957458496094, 47.541812896728516, 41.14590835571289, 40.729793548583984, 47.418331146240234, 52.963748931884766, 61.18062210083008, 64.58150482177734, 72.31816864013672, 80.41478729248047, 74.56499481201172]}, "spi_01": {"px": [], "py": [], "pt": [], "pb": [], "x": ["2019-01", "2019-02", "2019-03", "2019-04", "2019-05", "2019-06", "2019-07", "2019-08", "2019-09", "2019-10", "2019-11", "2019-12", "2020-01", "2020-02", "2020-03", "2020-04", "2020-05", "2020-06", "2020-07", "2020-08", "2020-09", "2020-10", "2020-11", "2020-12"], "y": [NaN, NaN, NaN, NaN, NaN, NaN, NaN, NaN, NaN, NaN, NaN, NaN, NaN, NaN, NaN, NaN, NaN, NaN, NaN, NaN, NaN, NaN, NaN, NaN]}, "spi_03": {"px": [], "py": [], "pt": [], "pb": [], "x": ["2019-01", "2019-02", "2019-03", "2019-04", "2019-05", "2019-06", "2019-07", "2019-08", "2019-09", "2019-10", "2019-11", "2019-12", "2020-01", "2020-02", "2020-03", "2020-04", "2020-05", "2020-06", "2020-07"], "y": [NaN, NaN, NaN, NaN, NaN, NaN, NaN, NaN, NaN, NaN, NaN, NaN, NaN, NaN, NaN, NaN, NaN, NaN, NaN]}, "spi_06": {"px": [], "py": [], "pt": [], "pb": [], "x": ["2019-01", "2019-02", "2019-03", "2019-04", "2019-05", "2019-06", "2019-07", "2019-08", "2019-09", "2019-10", "2019-11", "2019-12", "2020-01", "2020-02", "2020-03", "2020-04", "2020-05", "2020-06", "2020-07"], "y": [NaN, NaN, NaN, NaN, NaN, NaN, NaN, NaN, NaN, NaN, NaN, NaN, NaN, NaN, NaN, NaN, NaN, NaN, NaN]}, "spi_12": {"px": [], "py": [], "pt": [], "pb": [], "x": ["2019-01", "2019-02", "2019-03", "2019-04", "2019-05", "2019-06", "2019-07", "2019-08", "2019-09", "2019-10", "2019-11", "2019-12", "2020-01", "2020-02", "2020-03", "2020-04", "2020-05", "2020-06", "2020-07", "2020-08", "2020-09", "2020-10", "2020-11", "2020-12"], "y": [NaN, NaN, NaN, NaN, NaN, NaN, NaN, NaN, NaN, NaN, NaN, NaN, NaN, NaN, NaN, NaN, NaN, NaN, NaN, NaN, NaN, NaN, NaN, NaN], "geox": [-40.57389433530269, -40.57198231861266, -40.56858728946386, -40.56328624324745, -40.557172191479154, -40.53367899052951, -40.52534391809549, -40.519755868495956, -40.51906686140122, -40.52145587971731, -40.52080787379917, -40.518321852591306, -40.5147608227046, -40.51022778367812, -40.50247871816619, -40.501419708697924, -40.49964969351579, -40.49716767263223, -40.48428656639918, -40.45500332320242, -40.45500932405558, -40.459899366297556, -40.45853735585006, -40.46016837090876, -40.45736534876856, -40.45726334939727, -40.45835536009685, -40.45740135304732, -40.45754635530489, -40.45820336144784, -40.45724335344342, -40.45592734329645, -40.452873320741425, -40.452618319584104, -40.454871339414794, -40.45662235526984, -40.45842037188059, -40.45812337090837, -40.45472834334089, -40.45409633878191, -40.45600435672998, -40.4563693615587, -40.45911738603262, -40.45640036378254, -40.45528735433579, -40.4560673598637, -40.454677347800505, -40.44385825727805, -40.436559197116786, -40.43593519242517, -40.431397157327055, -40.431122156204786, -40.4315611616678, -40.435837201404205, -40.43556420082387, -40.433534185271405, -40.431058165125904, -40.42584212201884, -40.4209440807273, -40.41641904362231, -40.4124270101294, -40.409585988217266, -40.40686896846395, -40.511518846995294, -40.511258845348124, -40.5155858812683, -40.51747689711616, -40.51984091634984, -40.526704973066295, -40.52952699573639, -40.5301600004186, -40.52959999446927, -40.52685597002526, -40.52524295396438, -40.52808297581262, -40.53413002536825, -40.532384009121735, -40.532434008324444, -40.5341160214225, -40.53410302084373, -40.532727008386, -40.530429988380234, -40.53020498556275, -40.5284219691589, -40.52923397511341, -40.5378210464301, -40.55017614980955, -40.557402210565556, -40.56080823884527, -40.57370834270561, -40.57497235323632, -40.57725537273479, -40.577311370794156, -40.57849638014031, -40.58278441493417, -40.58489643123478, -40.58104039795889, -40.576730361266044, -40.573312331805504, -40.57201032013353, -40.572256321808375, -40.57389433530269], "geoy": [-2.8377914094203134, -2.835884394837379, -2.834067381434721, -2.8289643424592708, -2.8280493370847006, -2.818068264905023, -2.8108552100165616, -2.802634146222169, -2.798419112834223, -2.792489064820633, -2.790985053029698, -2.790122046915563, -2.7905030510511755, -2.7877720306712384, -2.7870660274268877, -2.785278013492782, -2.7844030070584362, -2.7845120086910424, -2.7921680737238943, -2.804208178816657, -2.806830199733985, -2.8101242244973936, -2.8135032518747005, -2.8177552852848917, -2.822612324897607, -2.827442363452659, -2.832273401640002, -2.8354904275930464, -2.8388334542061266, -2.840779469517811, -2.8410714721471044, -2.8441344969838322, -2.8544225799737086, -2.857609605463247, -2.86027562600686, -2.8637646532673906, -2.8683986896368174, -2.873289728714335, -2.876672756754256, -2.879126776513428, -2.8850358229985757, -2.8905918671564867, -2.894713899123542, -2.89680691666782, -2.896613915485731, -2.893290888759116, -2.892208880581074, -2.89448990221091, -2.8989289399190117, -2.900736954527456, -2.91077603598354, -2.91454606611347, -2.9200771100435627, -2.93156620019476, -2.936948243154041, -2.94185028285716, -2.944160302059717, -2.9469503259762586, -2.9470493283560453, -2.9503893564326082, -2.9509823624547034, -2.9573814143542942, -2.9672114935411473, -2.954929361589426, -2.956613375070179, -2.954931360277749, -2.954662357520742, -2.952536339838615, -2.949068310015986, -2.945635281791069, -2.9436132655020186, -2.9397842352267842, -2.9356572032872617, -2.927947142469559, -2.9214420897934374, -2.9170900532144244, -2.912265015383783, -2.9084349848896722, -2.9050619575068817, -2.9035839457488097, -2.900854924471329, -2.8987899087721063, -2.8958788856742164, -2.8915078514513564, -2.8887018288550177, -2.885462800331685, -2.883282779040522, -2.882961774182181, -2.881681762910273, -2.8665326382529366, -2.866176635019018, -2.8670596413218234, -2.8593605800339956, -2.857344563614549, -2.8531645289923713, -2.848423490593021, -2.8458104710098615, -2.8445024619548174, -2.842306445548276, -2.8400234277819925, -2.8387474175458456, -2.8377914094203134]}}