{"IIS3": {"px": [], "py": [], "pt": [], "pb": [], "x": ["2019-01", "2019-02", "2019-03", "2019-04", "2019-05", "2019-06", "2019-07", "2019-08", "2019-09", "2019-10", "2019-11", "2019-12", "2020-01", "2020-02", "2020-03", "2020-04", "2020-05", "2020-06", "2020-07", "2020-08", "2020-09", "2020-10", "2020-11", "2020-12"], "y": [NaN, NaN, NaN, NaN, NaN, NaN, NaN, NaN, NaN, NaN, NaN, NaN, NaN, NaN, NaN, NaN, NaN, NaN, NaN, NaN, NaN, NaN, NaN, NaN]}, "VHI": {"px": ["2021-01", "2021-02", "2021-03", "2021-04", "2021-05", "2021-06", "2021-07", "2021-08", "2021-09", "2021-10", "2021-11", "2021-12"], "py": [35.389135951875346, 50.378062108778465, 62.07577048927668, 71.66226383594874, 63.41649271393392, 56.3760422449985, 41.437845726679186, 80.12077830205776, 81.26916129751336, 56.36467387485885, 34.941846784481044, 34.67584003500567], "pt": [57.79039609430586, 73.45551551713339, 85.81016021517311, 96.0358900640397, 88.41301357889893, 81.98030859259332, 67.63576272487815, 106.89918854035363, 108.61574526583405, 84.26786463474079, 63.39075633174325, 63.66019537153598], "pb": [12.98787580944483, 27.30060870042354, 38.34138076338024, 47.288637607857765, 38.41997184896892, 30.771775897403685, 15.239928728480223, 53.342368063761896, 53.92257732919266, 28.461483114976915, 6.49293723721884, 5.691484698475367], "x": ["2019-01", "2019-02", "2019-03", "2019-04", "2019-05", "2019-06", "2019-07", "2019-08", "2019-09", "2019-10", "2019-11", "2019-12", "2020-01", "2020-02", "2020-03", "2020-04", "2020-05", "2020-06", "2020-07", "2020-08", "2020-09", "2020-10", "2020-11", "2020-12"], "y": [21.978750228881836, 37.15734100341797, 42.19890594482422, 46.00102996826172, 33.802032470703125, 30.871074676513672, 30.871074676513672, 64.11112976074219, 66.14930725097656, 45.96015167236328, 28.389999389648438, 29.23668670654297, 34.14015579223633, 48.4474983215332, 57.250328063964844, 64.212890625, 56.70906066894531, 50.82328796386719, 50.17195129394531, 44.865936279296875, 40.00318908691406, 41.256378173828125, 43.27531051635742, 36.44822692871094]}, "spi_01": {"px": ["2021-01", "2021-02", "2021-03", "2021-04", "2021-05", "2021-06", "2021-07", "2021-08", "2021-09", "2021-10", "2021-11", "2021-12"], "py": [1.482063274383005, 1.8478958800480996, 5.375149897713907, 2.734605989837613, 2.7637401539399367, 2.591639868747908, 4.289909913262354, 4.194256318752927, 2.8642847569419345, 3.1435761169440966, 0.2813399509939192, 0.4807456017676839], "pt": [3.9987012836846114, 4.606918907525042, 8.356919382840905, 5.923601201298585, 6.147293264947283, 6.159156210868009, 8.032357514442692, 8.10381578803677, 6.934100040238393, 7.367571575800547, 4.654082663837473, 4.9973394543310174], "pb": [-1.0345747349186016, -0.9111271474288434, 2.393380412586909, -0.4543892216233587, -0.6198129570674098, -0.9758764733721916, 0.5474623120820166, 0.284696849469086, -1.205530526354524, -1.0804193419123544, -4.0914027618496345, -4.035848250795649], "x": ["2019-01", "2019-02", "2019-03", "2019-04", "2019-05", "2019-06", "2019-07", "2019-08", "2019-09", "2019-10", "2019-11", "2019-12", "2020-01", "2020-02", "2020-03", "2020-04", "2020-05", "2020-06", "2020-07", "2020-08", "2020-09", "2020-10", "2020-11", "2020-12"], "y": [-0.39360669255256653, 0.3576997220516205, 0.08973345905542374, 0.4258454144001007, -0.2678588032722473, 0.43095433712005615, 1.1813604831695557, 1.1028492450714111, 0.4523979723453522, 0.6452109217643738, -0.8688685297966003, -0.7575321793556213, -0.13692018389701843, -0.07399487495422363, 1.5875813961029053, 0.25476720929145813, 0.34825679659843445, 0.3847987651824951, 0.05913762375712395, -1.1701034307479858, 0.50898677110672, 0.5110334157943726, 1.3226486444473267, 0.23368224501609802]}, "spi_03": {"px": [], "py": [], "pt": [], "pb": [], "x": ["2019-01", "2019-02", "2019-03", "2019-04", "2019-05", "2019-06", "2019-07", "2019-08", "2019-09", "2019-10", "2019-11", "2019-12", "2020-01", "2020-02", "2020-03", "2020-04", "2020-05", "2020-06", "2020-07"], "y": [-0.33605387806892395, -0.18754510581493378, -0.24218030273914337, 0.15657539665699005, -0.11520476639270782, 0.021168377250432968, 0.5342318415641785, 1.0840961933135986, 1.1775816679000854, 0.9183480739593506, 0.18776148557662964, -0.7766381502151489, -0.8787891864776611, -0.7466865181922913, 0.5998468995094299, 0.7275822758674622, 0.9281478524208069, 0.23688745498657227, 0.1709468811750412]}, "spi_06": {"px": [], "py": [], "pt": [], "pb": [], "x": ["2019-01", "2019-02", "2019-03", "2019-04", "2019-05", "2019-06", "2019-07", "2019-08", "2019-09", "2019-10", "2019-11", "2019-12", "2020-01", "2020-02", "2020-03", "2020-04", "2020-05", "2020-06", "2020-07"], "y": [-1.406914234161377, -0.4173393249511719, -0.2667970061302185, -0.1317058652639389, -0.32080984115600586, -0.25044071674346924, 0.33967506885528564, 0.5438394546508789, 0.6379830241203308, 0.701926589012146, 0.9946743845939636, 0.9974186420440674, -0.05398814380168915, -0.7162182927131653, 0.42896363139152527, 0.3318086266517639, 0.3358718454837799, 0.46092814207077026, 0.5361576080322266]}, "spi_12": {"px": ["2021-01", "2021-02", "2021-03", "2021-04", "2021-05", "2021-06", "2021-07", "2021-08", "2021-09", "2021-10", "2021-11", "2021-12"], "py": [0.328095432337026, 0.1682268558370721, 0.8104763664721428, 0.8179135622096645, 0.9377797316177405, 0.9782227454205983, 0.6250523267146662, 1.0857417967502125, 1.1158974012881369, 1.0228004579215968, 0.770316337286296, 0.49595545507030536], "pt": [1.291380139067431, 1.3480048571650762, 2.172766658081944, 2.3410004096386405, 2.6062377775415673, 2.7803634050819834, 2.5516217294099306, 3.1291772299358094, 3.2698674743846095, 3.281903328972856, 3.1298723311522725, 2.9518591979693785], "pb": [-0.6351892743933791, -1.0115511454909323, -0.5518139251376586, -0.7051732852193111, -0.7306783143060862, -0.8239179142407864, -1.3015170759805987, -0.9576936364353839, -1.0380726718083357, -1.2363024131296623, -1.589239656579681, -1.9599482878287682], "x": ["2019-01", "2019-02", "2019-03", "2019-04", "2019-05", "2019-06", "2019-07", "2019-08", "2019-09", "2019-10", "2019-11", "2019-12", "2020-01", "2020-02", "2020-03", "2020-04", "2020-05", "2020-06", "2020-07", "2020-08", "2020-09", "2020-10", "2020-11", "2020-12"], "y": [-0.02331768162548542, -0.20304542779922485, -0.18832539021968842, -1.1250630617141724, -1.2484432458877563, -0.8890575766563416, -0.14886154234409332, 0.20464669167995453, 0.27405163645744324, 0.32108473777770996, 0.2779650092124939, 0.1823842078447342, 0.298465371131897, 0.14343835413455963, 0.7491989135742188, 0.7213237881660461, 0.8047769069671631, 0.8241656422615051, 0.4407198429107666, 0.13575056195259094, 0.14318333566188812, 0.13190191984176636, 0.21815483272075653, 0.26751625537872314],