{"IIS3": {"px": [], "py": [], "pt": [], "pb": [], "x": ["2019-01", "2019-02", "2019-03", "2019-04", "2019-05", "2019-06", "2019-07", "2019-08", "2019-09", "2019-10", "2019-11", "2019-12", "2020-01", "2020-02", "2020-03", "2020-04", "2020-05", "2020-06", "2020-07", "2020-08", "2020-09", "2020-10", "2020-11", "2020-12"], "y": [NaN, NaN, NaN, NaN, NaN, NaN, NaN, NaN, NaN, NaN, NaN, NaN, NaN, NaN, NaN, NaN, NaN, NaN, NaN, NaN, NaN, NaN, NaN, NaN]}, "VHI": {"px": ["2021-01", "2021-02", "2021-03", "2021-04", "2021-05", "2021-06", "2021-07", "2021-08", "2021-09", "2021-10", "2021-11", "2021-12"], "py": [54.546762502202014, 63.246897100772756, 62.09724857294806, 55.20233229355598, 59.79285074951541, 51.19087588109082, 52.60387129800179, 37.30968068769987, 27.41308766420103, 33.698346468343324, 42.72331965070471, 38.15419527173673], "pt": [71.11533401734754, 79.81546861591849, 78.66582008809402, 71.77090380870214, 76.3614222646618, 67.75944739623742, 69.1724428131486, 53.878252202846895, 43.98165917934827, 50.266917983490785, 59.29189116585238, 54.72276678688462], "pb": [37.97819098705649, 46.67832558562702, 45.5286770578021, 38.633760778409815, 43.22427923436902, 34.62230436594422, 36.03529978285498, 20.74110917255284, 10.844516149053788, 17.129774953195863, 26.154748135557043, 21.585623756588845], "x": ["2019-01", "2019-02", "2019-03", "2019-04", "2019-05", "2019-06", "2019-07", "2019-08", "2019-09", "2019-10", "2019-11", "2019-12", "2020-01", "2020-02", "2020-03", "2020-04", "2020-05", "2020-06", "2020-07", "2020-08", "2020-09", "2020-10", "2020-11", "2020-12"], "y": [53.294002532958984, 49.2138671875, 62.6474609375, 57.38885498046875, 61.73920822143555, 50.70167922973633, 50.70167922973633, 35.92714309692383, 26.26605796813965, 31.87221336364746, 39.91694259643555, 35.079551696777344, 50.413055419921875, 57.397422790527344, 56.2664794921875, 49.40410232543945, 53.69474792480469, 47.28554153442383, 31.090604782104492, 32.937679290771484, 29.693086624145508, 20.367856979370117, 54.02799987792969, 57.989280700683594]}, "spi_01": {"px": [], "py": [], "pt": [], "pb": [], "x": ["2019-01", "2019-02", "2019-03", "2019-04", "2019-05", "2019-06", "2019-07", "2019-08", "2019-09", "2019-10", "2019-11", "2019-12", "2020-01", "2020-02", "2020-03", "2020-04", "2020-05", "2020-06", "2020-07", "2020-08", "2020-09", "2020-10", "2020-11", "2020-12"], "y": [NaN, NaN, NaN, NaN, NaN, NaN, NaN, NaN, NaN, NaN, NaN, NaN, NaN, NaN, NaN, NaN, NaN, NaN, NaN, NaN, NaN, NaN, NaN, NaN]}, "spi_03": {"px": [], "py": [], "pt": [], "pb": [], "x": ["2019-01", "2019-02", "2019-03", "2019-04", "2019-05", "2019-06", "2019-07", "2019-08", "2019-09", "2019-10", "2019-11", "2019-12", "2020-01", "2020-02", "2020-03", "2020-04", "2020-05", "2020-06", "2020-07"], "y": [NaN, NaN, NaN, NaN, NaN, NaN, NaN, NaN, NaN, NaN, NaN, NaN, NaN, NaN, NaN, NaN, NaN, NaN, NaN]}, "spi_06": {"px": [], "py": [], "pt": [], "pb": [], "x": ["2019-01", "2019-02", "2019-03", "2019-04", "2019-05", "2019-06", "2019-07", "2019-08", "2019-09", "2019-10", "2019-11", "2019-12", "2020-01", "2020-02", "2020-03", "2020-04", "2020-05", "2020-06", "2020-07"], "y": [NaN, NaN, NaN, NaN, NaN, NaN, NaN, NaN, NaN, NaN, NaN, NaN, NaN, NaN, NaN, NaN, NaN, NaN, NaN]}, "spi_12": {"px": [], "py": [], "pt": [], "pb": [], "x": ["2019-01", "2019-02", "2019-03", "2019-04", "2019-05", "2019-06", "2019-07", "2019-08", "2019-09", "2019-10", "2019-11", "2019-12", "2020-01", "2020-02", "2020-03", "2020-04", "2020-05", "2020-06", "2020-07", "2020-08", "2020-09", "2020-10", "2020-11", "2020-12"], "y": [NaN, NaN, NaN, NaN, NaN, NaN, NaN, NaN, NaN, NaN, NaN, NaN, NaN, NaN, NaN, NaN, NaN, NaN, NaN, NaN, NaN, NaN, NaN, NaN], "geox": [-42.75881943261262, -42.72884013935148, -42.72734810838673, -42.702970916211555, -42.67925570293548, -42.678535668784754, -42.58090885678216, -42.584133968570704, -42.614427243136, -42.59516618283727, -42.58066810393154, -42.57842608618202, -42.57294303975658, -42.56874900648715, -42.56740899447366, -42.564850974726234, -42.56167694848422, -42.55699691203709, -42.557267916911165, -42.55561690589453, -42.54642583787945, -42.54409382242282, -42.54130480654997, -42.54104780702188, -42.54643085205644, -42.55177389569017, -42.56041496224524, -42.56863303117429, -42.54874492039956, -42.52358483462129, -42.47197239747534, -42.46238044043384, -42.46491146387444, -42.46308845103106, -42.46330445743325, -42.4647634723979, -42.46426646903626, -42.464829475445114, -42.46463147894838, -42.46280746625462, -42.46221246412655, -42.46399748240536, -42.46100646190543, -42.47632359422792, -42.49216072732564, -42.50026979059086, -42.53321105030117, -42.53341305469836, -42.53591407944653, -42.540183118880556, -42.54549817050476, -42.54654918197262, -42.5468241892102, -42.546216186222495, -42.538466133302165, -42.536135119293746, -42.535244124152285, -42.53607113547445, -42.53729914707867, -42.539714167630954, -42.543383197693956, -42.559155333644405, -42.56538738890305, -42.569933428029515, -42.57132244188506, -42.57312945725956, -42.575813477613266, -42.60802374364841, -42.60320269764252, -42.60299269235709, -42.60168667989218, -42.600141662400056, -42.60099066580556, -42.598455641491945, -42.59894264021283, -42.596438617741406, -42.59605261346926, -42.59788462054849, -42.596015602929825, -42.59527159406846, -42.59147555565964, -42.58911853510813, -42.592044553315354, -42.59211755223826, -42.59082953980295, -42.58496648667854, -42.584159478402675, -42.58465147761865, -42.58830150416104, -42.58691348994353, -42.58819350049283, -42.588473501571215, -42.58648848409321, -42.58613948004846, -42.589257503448806, -42.587809487850244, -42.58972150141465, -42.58918749447148, -42.59004349878691, -42.593259519596906, -42.59285751515462, -42.590738496002594, -42.59082148553713, -42.58955147234114, -42.59096148054131, -42.59101847765146, -42.58910945545008, -42.58849544597809, -42.586687426308735, -42.5860464056197, -42.586621406523236, -42.58409338088648, -42.62946770041499, -42.6594259117015, -42.70495223089914, -42.68787591884353, -42.75881943261262],