{"IIS3": {"px": [], "py": [], "pt": [], "pb": [], "x": ["2019-01", "2019-02", "2019-03", "2019-04", "2019-05", "2019-06", "2019-07", "2019-08", "2019-09", "2019-10", "2019-11", "2019-12", "2020-01", "2020-02", "2020-03", "2020-04", "2020-05", "2020-06", "2020-07", "2020-08", "2020-09", "2020-10", "2020-11", "2020-12"], "y": [NaN, NaN, NaN, NaN, NaN, NaN, NaN, NaN, NaN, NaN, NaN, NaN, NaN, NaN, NaN, NaN, NaN, NaN, NaN, NaN, NaN, NaN, NaN, NaN]}, "VHI": {"px": ["2021-01", "2021-02", "2021-03", "2021-04", "2021-05", "2021-06", "2021-07", "2021-08", "2021-09", "2021-10", "2021-11", "2021-12"], "py": [55.04051342672298, 57.297024515181675, 53.61473262521932, 50.41115835442082, 62.30320584721389, 74.37568456958655, 67.48003711585592, 62.24900019145734, 56.707393046763414, 55.621626773298786, 48.944101630479366, 50.055712967751475], "pt": [61.105906312246546, 63.36241740070524, 59.68012551074288, 56.476551239944385, 68.36859873273745, 80.44107745511012, 73.54543000137949, 68.3143930769809, 62.77278593228698, 61.68701965882235, 55.00949451600293, 56.12110585327504], "pb": [48.975120541199416, 51.23163162965811, 47.54933973969575, 44.345765468897255, 56.237812961690324, 68.31029168406299, 61.41464423033236, 56.183607305933776, 50.64200016123985, 49.55623388777522, 42.8787087449558, 43.99032008222791], "x": ["2019-01", "2019-02", "2019-03", "2019-04", "2019-05", "2019-06", "2019-07", "2019-08", "2019-09", "2019-10", "2019-11", "2019-12", "2020-01", "2020-02", "2020-03", "2020-04", "2020-05", "2020-06", "2020-07", "2020-08", "2020-09", "2020-10", "2020-11", "2020-12"], "y": [51.25048828125, 49.715797424316406, 50.56471633911133, 52.77678298950195, 61.9772834777832, 63.106414794921875, 63.106414794921875, 58.31399917602539, 53.1955451965332, 51.975830078125, 45.27788543701172, 46.60024642944336, 52.86688995361328, 55.45374298095703, 52.11105728149414, 48.93980026245117, 60.814022064208984, 72.8345718383789, 68.14262390136719, 64.37351989746094, 55.934814453125, 50.7816276550293, 52.255104064941406, 43.99235916137695]}, "spi_01": {"px": ["2021-01", "2021-02", "2021-03", "2021-04", "2021-05", "2021-06", "2021-07", "2021-08", "2021-09", "2021-10", "2021-11", "2021-12"], "py": [1.663147637786694, 0.6163883542710855, 1.003327582399335, -0.5604429638625965, 0.22767525537893363, 0.30803027900403723, -0.023170834816888197, 0.65691255110056, -0.07378785840494961, 0.3009914698464611, 0.13729818060460564, 0.7644870811257802], "pt": [2.9442940227566137, 1.8975347392410047, 2.2844739673692542, 0.7207034211073235, 1.5088216403488532, 1.5891766639739573, 1.2579755501530316, 1.9380589360704805, 1.2073585265649704, 1.5821378548163816, 1.4184445655745264, 2.045633466095701], "pb": [0.3820012528167749, -0.6647580306988339, -0.27781880257058433, -1.8415893488325163, -1.0534711295909862, -0.9731161059658828, -1.3043172197868083, -0.6242338338693603, -1.35493424337487, -0.9801549151234596, -1.143848204365315, -0.5166593038441407], "x": ["2019-01", "2019-02", "2019-03", "2019-04", "2019-05", "2019-06", "2019-07", "2019-08", "2019-09", "2019-10", "2019-11", "2019-12", "2020-01", "2020-02", "2020-03", "2020-04", "2020-05", "2020-06", "2020-07", "2020-08", "2020-09", "2020-10", "2020-11", "2020-12"], "y": [-0.30575305223464966, 0.7396329641342163, 1.2449629306793213, 0.21206563711166382, -0.2256871461868286, -0.3394964039325714, -0.36107391119003296, 0.2130223661661148, -0.4307273030281067, -0.20571593940258026, -0.3628096282482147, 0.11959818750619888, 0.9814451336860657, 0.1620931476354599, 0.46744245290756226, -0.7803098559379578, -0.06692434847354889, 0.04973661154508591, 0.768204391002655, -0.31391641497612, 0.0811677798628807, 0.09954307973384857, 1.3195359706878662, -0.14074140787124634]}, "spi_03": {"px": [], "py": [], "pt": [], "pb": [], "x": ["2019-01", "2019-02", "2019-03", "2019-04", "2019-05", "2019-06", "2019-07", "2019-08", "2019-09", "2019-10", "2019-11", "2019-12", "2020-01", "2020-02", "2020-03", "2020-04", "2020-05", "2020-06", "2020-07"], "y": [0.26388823986053467, 0.474967360496521, 0.8307079672813416, 0.8671277761459351, 0.5028272867202759, -0.1477171778678894, -0.6596230864524841, -0.6680731773376465, -0.4400184750556946, -0.4894997179508209, -1.189743995666504, -0.3253670036792755, 0.9093588590621948, 0.6081191897392273, 0.6445432305335999, -0.2359708845615387, -0.2591880261898041, -0.6461855173110962, -0.053764570504426956]}, "spi_06": {"px": [], "py": [], "pt": [], "pb": [], "x": ["2019-01", "2019-02", "2019-03", "2019-04", "2019-05", "2019-06", "2019-07", "2019-08", "2019-09", "2019-10", "2019-11", "2019-12", "2020-01", "2020-02", "2020-03", "2020-04", "2020-05", "2020-06", "2020-07"], "y": [0.07108136266469955, 0.4739324450492859, 0.9442318081855774, 0.7618663907051086, 0.5203417539596558, 0.3554012179374695, 0.45379799604415894, 0.3172299563884735, -0.2904895842075348, -0.7814909815788269, -1.1477489471435547, -0.9922600388526917, 0.7659167647361755, 0.5244297981262207, 0.5734860301017761, 0.08549049496650696, 0.0010547601850703359, -0.023687228560447693, -0.23228824138641357]}, "spi_12": {"px": ["2021-01", "2021-02", "2021-03", "2021-04", "2021-05", "2021-06", "2021-07", "2021-08", "2021-09", "2021-10", "2021-11", "2021-12"], "py": [0.30917370459190563, 0.18488796174030475, -0.05109331952302876, -0.39694636487778745, -0.33736130046091584, -0.2972328140748409, -0.18696810545567177, -0.19811475400301148, -0.18931209235192736, -0.16061257662384731, -0.16985757828659542, -0.223630389706597], "pt": [0.7978527415156575, 0.7833951044828424, 0.6400031995674285, 0.3757230323964009, 0.5090556158806514, 0.617001945193411, 0.7903899629304183, 0.8385300224872285, 0.9034074468755957, 0.9854413445311394, 1.027156702739254, 1.0222615750178496], "pb": [-0.1795053323318463, -0.4136191810022328, -0.7421898386134861, -1.1696157621519756, -1.1837782168024833, -1.2114675733430929, -1.1643261738417618, -1.2347595304932515, -1.2820316315794504, -1.306666497778834, -1.366871859312445, -1.4695223544310438], "x": ["2019-01", "2019-02", "2019-03", "2019-04", "2019-05", "2019-06", "2019-07", "2019-08", "2019-09", "2019-10", "2019-11", "2019-12", "2020-01", "2020-02", "2020-03", "2020-04", "2020-05", "2020-06", "2020-07", "2020-08", "2020-09", "2020-10", "2020-11", "2020-12"], "y": [0.5695128440856934, 0.5340028405189514, 1.0034712553024292, 0.4513842463493347, 0.3290419578552246, 0.3585883677005768, 0.3584168553352356, 0.363515168428421, 0.3634476959705353, 0.3661666512489319, 0.3246636986732483, 0.2274060994386673, 0.6018722057342529, 0.4388847053050995, 0.14801812171936035, -0.26451441645622253, -0.20394401252269745, -0.16087447106838226, -0.03636512905359268, -0.036901798099279404, -0.034068673849105835, -0.03348243609070778, 0.011811356991529465, -0.004861344583332539],