{"IIS3": {"px": [], "py": [], "pt": [], "pb": [], "x": ["2019-01", "2019-02", "2019-03", "2019-04", "2019-05", "2019-06", "2019-07", "2019-08", "2019-09", "2019-10", "2019-11", "2019-12", "2020-01", "2020-02", "2020-03", "2020-04", "2020-05", "2020-06", "2020-07", "2020-08", "2020-09", "2020-10", "2020-11", "2020-12"], "y": [NaN, NaN, NaN, NaN, NaN, NaN, NaN, NaN, NaN, NaN, NaN, NaN, NaN, NaN, NaN, NaN, NaN, NaN, NaN, NaN, NaN, NaN, NaN, NaN]}, "VHI": {"px": ["2021-01", "2021-02", "2021-03", "2021-04", "2021-05", "2021-06", "2021-07", "2021-08", "2021-09", "2021-10", "2021-11", "2021-12"], "py": [64.28553136779558, 72.93866458231776, 83.17456250230197, 76.56803864716443, 80.730745200861, 66.53334721647091, 62.24737478895203, 34.412290805809974, 27.45804633129233, 37.855912526595844, 45.9733455690182, 45.93675942710622], "pt": [82.14900323603472, 91.50890667817457, 102.42564444099034, 96.47669053827586, 101.27593160626546, 87.69593091374611, 84.0098473749322, 56.75855396918699, 50.37323216248868, 61.32623433925157, 69.98597287843573, 70.47971227741226], "pb": [46.422059499556454, 54.36842248646094, 63.923480563613595, 56.659386756052996, 60.18555879545653, 45.37076351919573, 40.484902202971845, 12.06602764243296, 4.542860500095987, 14.385590713940118, 21.960718259600668, 21.393806576800174], "x": ["2019-01", "2019-02", "2019-03", "2019-04", "2019-05", "2019-06", "2019-07", "2019-08", "2019-09", "2019-10", "2019-11", "2019-12", "2020-01", "2020-02", "2020-03", "2020-04", "2020-05", "2020-06", "2020-07", "2020-08", "2020-09", "2020-10", "2020-11", "2020-12"], "y": [37.935420989990234, 41.206871032714844, 60.98958206176758, 54.77033615112305, 56.29375076293945, 41.48843765258789, 41.48843765258789, 21.3781681060791, 16.382665634155273, 24.159271240234375, 30.301902770996094, 30.548473358154297, 48.209163665771484, 54.625831604003906, 63.39057159423828, 57.92844772338867, 61.5660400390625, 51.60708236694336, 31.401351928710938, 28.861665725708008, 27.326749801635742, 18.0814151763916, 49.68437194824219, 50.50791549682617]}, "spi_01": {"px": ["2021-01", "2021-02", "2021-03", "2021-04", "2021-05", "2021-06", "2021-07", "2021-08", "2021-09", "2021-10", "2021-11", "2021-12"], "py": [2.111528280020692, 1.110627101569229, 1.9992367827455633, 3.368611678799363, 0.630573447472889, 2.8188861251235853, 4.988665190294467, 1.4029089985182162, 1.9699990681630402, 1.9436195102474052, -0.6776412148377169, -0.3128653945142821], "pt": [6.008635868970012, 5.007734690518557, 5.8963443716949, 7.2657192677487075, 4.52768103642224, 6.715993714072944, 8.885772779243833, 5.30001658746759, 5.867106657112423, 5.840727099196794, 3.219466374111681, 3.5842421944351237], "pb": [-1.7855793089286291, -2.7864804873800995, -1.8978708062037732, -0.5284959101499807, -3.2665341414764617, -1.0782214638257734, 1.0915576013451012, -2.494198590431158, -1.927108520786342, -1.9534880787019846, -4.574748803787115, -4.209972983463688], "x": ["2019-01", "2019-02", "2019-03", "2019-04", "2019-05", "2019-06", "2019-07", "2019-08", "2019-09", "2019-10", "2019-11", "2019-12", "2020-01", "2020-02", "2020-03", "2020-04", "2020-05", "2020-06", "2020-07", "2020-08", "2020-09", "2020-10", "2020-11", "2020-12"], "y": [-0.9601690173149109, 0.5400592684745789, -0.17871712148189545, 0.6016892790794373, 0.8578953146934509, 0.016764802858233452, 1.7341156005859375, -0.32435086369514465, -0.0642080083489418, -0.0913630798459053, -1.5628652572631836, -1.3954777717590332, 0.1772775501012802, -0.45018458366394043, 0.00021217823086772114, 0.7346474528312683, -0.6664520502090454, 0.8300519585609436, 1.252379059791565, -0.30781301856040955, -0.7976409792900085, 0.6644895076751709, 2.286275625228882, -0.6931430101394653]}, "spi_03": {"px": [], "py": [], "pt": [], "pb": [], "x": ["2019-01", "2019-02", "2019-03", "2019-04", "2019-05", "2019-06", "2019-07", "2019-08", "2019-09", "2019-10", "2019-11", "2019-12", "2020-01", "2020-02", "2020-03", "2020-04", "2020-05", "2020-06", "2020-07"], "y": [-0.06326938420534134, 0.3167124390602112, -0.5804638266563416, 0.3887679874897003, 0.34831172227859497, 0.7129238843917847, 0.8838761448860168, 0.6231127977371216, 0.4873920977115631, -0.18912211060523987, -1.7191756963729858, -2.192142963409424, -0.9407826066017151, -0.8478999733924866, -0.385852187871933, -0.026367653161287308, 0.2056717723608017, 0.4354130029678345, -0.4010864794254303]}, "spi_06": {"px": [], "py": [], "pt": [], "pb": [], "x": ["2019-01", "2019-02", "2019-03", "2019-04", "2019-05", "2019-06", "2019-07", "2019-08", "2019-09", "2019-10", "2019-11", "2019-12", "2020-01", "2020-02", "2020-03", "2020-04", "2020-05", "2020-06", "2020-07"], "y": [0.19443151354789734, 0.36746692657470703, 0.2321733683347702, 0.14802433550357819, 0.37338465452194214, -0.16119006276130676, 0.508198082447052, 0.35842788219451904, 0.7075135111808777, 0.3333127200603485, -1.5421987771987915, -2.1082212924957275, -1.1130812168121338, -1.2739330530166626, -1.2852040529251099, -0.7906222939491272, -0.5576002597808838, -0.1649748682975769, -0.13417808711528778]}, "spi_12": {"px": ["2021-01", "2021-02", "2021-03", "2021-04", "2021-05", "2021-06", "2021-07", "2021-08", "2021-09", "2021-10", "2021-11", "2021-12"], "py": [1.4992363341908677, 0.941554403747479, 1.0095511216597313, 1.231555695199122, 0.6992915989780917, 0.617865038198798, 1.7225626169420152, 1.8052732171278305, 1.8944256154212704, 1.5367117995003405, 1.5108902951168979, 0.1497581962302288], "pt": [2.734890438797496, 2.454915427419941, 2.757029908286543, 3.1852963718116722, 2.8395072781072352, 2.9295621798957754, 4.193870812345763, 4.42649139164316, 4.657432173529527, 4.434577524803876, 4.537612331186404, 3.300070372089708], "pb": [0.2635822295842387, -0.5718066199249829, -0.7379276649670807, -0.7221849814134287, -1.440924080151052, -1.693832103498179, -0.7487455784617318, -0.8159449573874991, -0.8685809426869855, -1.3611539258031944, -1.5158317409526076, -3.000553979629251], "x": ["2019-01", "2019-02", "2019-03", "2019-04", "2019-05", "2019-06", "2019-07", "2019-08", "2019-09", "2019-10", "2019-11", "2019-12", "2020-01", "2020-02", "2020-03", "2020-04", "2020-05", "2020-06", "2020-07", "2020-08", "2020-09", "2020-10", "2020-11", "2020-12"], "y": [0.30575746297836304, 0.1946299821138382, -0.13353070616722107, 0.16842801868915558, 0.41160473227500916, 0.41928109526634216, 0.4394380748271942, 0.43859219551086426, 0.4397568106651306, 0.16551312804222107, 0.06236884742975235, -0.7939450144767761, -0.31172165274620056, -0.6645128726959229, -0.7264819145202637, -0.7172263264656067, -0.9399791955947876, -0.9206273555755615, -0.9254193902015686, -0.9225842952728271, -0.9236152768135071, -0.740385890007019, 0.23440131545066833, 0.3513924181461334], "geox": [-42.42646573516427, -42.42363671035075, -42.41669965342111, -42.410417600452114, -42.40403954498077, -42.39488946802908, -42.390477428587914, -42.38784640588262, -42.386059387672475, -42.38368836715025, -42.37945633186862, -42.375938299130155, -42.37269627104134, -42.36908323791146, -42.36020216236249, -42.35875614861395, -42.35554912006909, -42.35537011567753, -42.189181736016714, -42.214476010228346, -42.23502223499957, -42.200078965583, -42.267508594653194, -42.27971271103633, -42.29545779423127, -42.31149588189078, -42.42646573516427], "geoy": [-7.758424524116846, -7.75686451547241, -7.75740952556327, -7.7563305234400515, -7.753350507784554, -7.752016506383739, -7.748767487038111, -7.747740482022888, -7.743926456285383, -7.742933451279637, -7.742670453160264, -7.738639427399211, -7.737253420347062, -7.733664397830539, -7.7314383897597185, -7.729454376817695, -7.727236363759308, -7.7239743405250465, -7.7224184764890955, -7.794357970892386, -7.85454238423343, -7.877401579586996, -7.95338906263002, -7.9698491691978885, -7.9180917847122, -7.868292413820921, -7.758424524116846]}}