{"IIS3": {"px": [], "py": [], "pt": [], "pb": [], "x": ["2019-01", "2019-02", "2019-03", "2019-04", "2019-05", "2019-06", "2019-07", "2019-08", "2019-09", "2019-10", "2019-11", "2019-12", "2020-01", "2020-02", "2020-03", "2020-04", "2020-05", "2020-06", "2020-07", "2020-08", "2020-09", "2020-10", "2020-11", "2020-12"], "y": [NaN, NaN, NaN, NaN, NaN, NaN, NaN, NaN, NaN, NaN, NaN, NaN, NaN, NaN, NaN, NaN, NaN, NaN, NaN, NaN, NaN, NaN, NaN, NaN]}, "VHI": {"px": ["2021-01", "2021-02", "2021-03", "2021-04", "2021-05", "2021-06", "2021-07", "2021-08", "2021-09", "2021-10", "2021-11", "2021-12"], "py": [35.573825577485295, 42.86602075652442, 47.52200338368367, 49.31835749075786, 46.93685811619841, 58.07668185929931, 54.95596881937425, 58.5621421585667, 43.57010781243278, 46.75794475784289, 38.945745851817904, 32.08134824867], "pt": [44.151553231488336, 52.40848885870682, 57.94025579260949, 60.5442770090427, 58.91611330197388, 70.76462261345043, 68.31505285817603, 72.560228175258, 58.179272672396834, 61.95363439933428, 54.70614779642098, 48.38691647643711], "pb": [26.996097923482246, 33.32355265434202, 37.103750974757844, 38.09243797247302, 34.95760293042294, 45.3887411051482, 41.596884780572466, 44.5640561418754, 28.960942952468727, 31.56225511635151, 23.185343907214822, 15.775780020902886], "x": ["2019-01", "2019-02", "2019-03", "2019-04", "2019-05", "2019-06", "2019-07", "2019-08", "2019-09", "2019-10", "2019-11", "2019-12", "2020-01", "2020-02", "2020-03", "2020-04", "2020-05", "2020-06", "2020-07", "2020-08", "2020-09", "2020-10", "2020-11", "2020-12"], "y": [38.09318542480469, 39.444252014160156, 52.16699981689453, 54.92479705810547, 52.71087646484375, 62.0753173828125, 62.0753173828125, 66.79814910888672, 51.14639663696289, 54.93231201171875, 46.480892181396484, 39.06957244873047, 42.682674407958984, 50.90458297729492, 55.89099884033203, 56.93803405761719, 53.340248107910156, 64.7761001586914, 64.86686706542969, 67.70487976074219, 45.57954788208008, 38.01285171508789, 38.693809509277344, 33.80474853515625]}, "spi_01": {"px": [], "py": [], "pt": [], "pb": [], "x": ["2019-01", "2019-02", "2019-03", "2019-04", "2019-05", "2019-06", "2019-07", "2019-08", "2019-09", "2019-10", "2019-11", "2019-12", "2020-01", "2020-02", "2020-03", "2020-04", "2020-05", "2020-06", "2020-07", "2020-08", "2020-09", "2020-10", "2020-11", "2020-12"], "y": [NaN, NaN, NaN, NaN, NaN, NaN, NaN, NaN, NaN, NaN, NaN, NaN, NaN, NaN, NaN, NaN, NaN, NaN, NaN, NaN, NaN, NaN, NaN, NaN]}, "spi_03": {"px": [], "py": [], "pt": [], "pb": [], "x": ["2019-01", "2019-02", "2019-03", "2019-04", "2019-05", "2019-06", "2019-07", "2019-08", "2019-09", "2019-10", "2019-11", "2019-12", "2020-01", "2020-02", "2020-03", "2020-04", "2020-05", "2020-06", "2020-07"], "y": [NaN, NaN, NaN, NaN, NaN, NaN, NaN, NaN, NaN, NaN, NaN, NaN, NaN, NaN, NaN, NaN, NaN, NaN, NaN]}, "spi_06": {"px": [], "py": [], "pt": [], "pb": [], "x": ["2019-01", "2019-02", "2019-03", "2019-04", "2019-05", "2019-06", "2019-07", "2019-08", "2019-09", "2019-10", "2019-11", "2019-12", "2020-01", "2020-02", "2020-03", "2020-04", "2020-05", "2020-06", "2020-07"], "y": [NaN, NaN, NaN, NaN, NaN, NaN, NaN, NaN, NaN, NaN, NaN, NaN, NaN, NaN, NaN, NaN, NaN, NaN, NaN]}, "spi_12": {"px": [], "py": [], "pt": [], "pb": [], "x": ["2019-01", "2019-02", "2019-03", "2019-04", "2019-05", "2019-06", "2019-07", "2019-08", "2019-09", "2019-10", "2019-11", "2019-12", "2020-01", "2020-02", "2020-03", "2020-04", "2020-05", "2020-06", "2020-07", "2020-08", "2020-09", "2020-10", "2020-11", "2020-12"], "y": [NaN, NaN, NaN, NaN, NaN, NaN, NaN, NaN, NaN, NaN, NaN, NaN, NaN, NaN, NaN, NaN, NaN, NaN, NaN, NaN, NaN, NaN, NaN, NaN], "geox": [-48.63509033523347, -48.62920529512148, -48.62720428023764, -48.62151723424541, -48.61959921949999, -48.61673620254063, -48.61334617945661, -48.60390411193115, -48.60226209955995, -48.598204066116416, -48.59565404679906, -48.59404303366527, -48.58840198093592, -48.5840449472002, -48.58145792159353, -48.58126491475576, -48.58395592850825, -48.57992490026205, -48.578286887035055, -48.57486185763455, -48.571373830894906, -48.565820784713125, -48.555761704835724, -48.54901264573392, -48.54051057652104, -48.53770755459303, -48.52995349646813, -48.52412245422244, -48.519814431466074, -48.51723842481793, -48.51556941486542, -48.51495641532481, -48.51340440429643, -48.50204131850385, -48.49739928028972, -48.49433325640935, -48.48856620971652, -48.48818020065287, -48.486182181395094, -48.483902162167205, -48.48034813449359, -48.47631709864856, -48.47376507044213, -48.47336905860172, -48.47209504569564, -48.46706700292998, -48.46443398308383, -48.46106195523302, -48.457671928503885, -48.45367989480954, -48.450840872526705, -48.449038859328205, -48.44812184989452, -48.44618283460721, -48.444566823370145, -48.44220480438803, -48.43993078471796, -48.43737476515223, -48.43398573735952, -48.43382173544779, -48.43526774460602, -48.430786703295645, -48.43031269474252, -48.427763672896546, -48.42795367191649, -48.42539965159199, -48.42256763032097, -48.41744159308316, -48.410931541849905, -48.40864852278189, -48.405786500681835, -48.40239647262708, -48.39554141806741, -48.39534241357079, -48.39387339834373, -48.3939603971666, -48.39566740769227, -48.39488439878115, -48.39559540112481, -48.39540339354856, -48.393350372697086, -48.390821349315004, -48.38873733185112, -48.38562330786779, -48.3827332874978, -48.380346266782226, -48.37853925324288, -48.37515122872345, -48.37081520194299, -48.36854518239882, -48.37043119644719, -48.37106020023557, -48.36806617503479, -48.361510128503824, -48.36035211831367, -48.361152118685204, -48.360039108465884, -48.358229093938306, -48.35786809292887, -48.35706908725827, -48.356407081520764, -48.35467607141734, -48.35304205840826, -48.351846048223265, -48.35195804571086, -48.350561035735375, -48.34911902426545, -48.348486018044426, -48.34884801597889, -48.344288979825954, -48.34301497077801, -48.34537498955854, -48.34584099422526, -48.34412498404263, -48.34285197481741, -48.34220997160149, -48.33892294955559, -48.333891911720045, -48.33168389430039, -48.32975088060445, -48.327372861707325, -48.32636985566139, -48.32564984927062, -48.323096830741875, -48.321904820108415, -48.323457831651325, -48.32473783862866, -48.324373834353025, -48.32281582267741, -48.31946179972289, -48.31917979961086, -48.318431794511845, -48.313347753136775, -48.3090597230259, -48.30434668730454, -48.3061777060345, -48.304621695617435, -48.30345668594858, -48.30018166119334, -48.299459656885844, -48.299732661445255, -48.29909965771591, -48.29617863649078, -48.29699164483337, -48.3032846980135, -48.30501271422825, -48.30404471028454, -48.31030976733463, -48.31423680127141, -48.317096831704816, -48.317591841394496, -48.31942686321002, -48.32484692302841, -48.32573593737789, -48.330512987561455, -48.33359301730172, -48.3337050221043, -48.33600704232847, -48.339851073229, -48.34278909904381, -48.34662313109215, -48.35517920095565, -48.352013189360214, -48.340907107123726, -48.3341810643629, -48.32845702142866, -48.32493199707928, -48.320540968394276, -48.313981927375636, -48.30973490664014, -48.30568387953412, -48.302427860852916, -48.29870283619907, -48.29729382903696, -48.289011778725445, -48.289461788521514, -48.28717277110229, -48.28387974747629, -48.28256474135605, -48.28631577083585, -48.29534284452295, -48.30078388413434, -48.30578792246775, -48.31684700349748, -48.3202680315896, -48.32431906098931, -48.32651407296269, -48.33110210930963, -48.33373713228291, -48.33356913299331, -48.338089168303604, -48.33651715892981, -48.33898118182849, -48.34212220896291, -48.346654252814496, -48.35132128885614, -48.353480308636975, -48.35464932326834, -48.360038373965686, -48.36409240678368, -48.36804143766443, -48.3700404554041, -48.37428948867307, -48.37707151235455, -48.378290524850094, -48.381708548481164, -48.3833725643335, -48.38712359370877, -48.390683618614666, -48.39334463994684, -48.39954268526981, -48.402931713328776, -48.410489767548086, 