{"IIS3": {"px": [], "py": [], "pt": [], "pb": [], "x": ["2019-01", "2019-02", "2019-03", "2019-04", "2019-05", "2019-06", "2019-07", "2019-08", "2019-09", "2019-10", "2019-11", "2019-12", "2020-01", "2020-02", "2020-03", "2020-04", "2020-05", "2020-06", "2020-07", "2020-08", "2020-09", "2020-10", "2020-11", "2020-12"], "y": [NaN, NaN, NaN, NaN, NaN, NaN, NaN, NaN, NaN, NaN, NaN, NaN, NaN, NaN, NaN, NaN, NaN, NaN, NaN, NaN, NaN, NaN, NaN, NaN]}, "VHI": {"px": ["2021-01", "2021-02", "2021-03", "2021-04", "2021-05", "2021-06", "2021-07", "2021-08", "2021-09", "2021-10", "2021-11", "2021-12"], "py": [42.484679262065086, 54.47614456414253, 69.62458416212765, 73.38024106181867, 73.15808217020346, 60.342350332579315, 49.17968061046621, 51.12985568151454, 56.40809811508673, 54.265239449114475, 41.61618691046961, 41.5056400203639], "pt": [58.3001519727341, 73.84606360696098, 91.99104008140027, 98.38669896877121, 100.55128431445112, 89.93039032138289, 80.81062585468021, 84.67953949084259, 91.77256998120278, 91.35581044812632, 80.35602485148536, 81.82734174982451], "pb": [26.66920655139608, 35.10622552132408, 47.25812824285502, 48.3737831548661, 45.76488002595579, 30.754310343775742, 17.548735366252203, 17.58017187218649, 21.043626248970682, 17.17466845010263, 2.876348969453865, 1.1839382909032778], "x": ["2019-01", "2019-02", "2019-03", "2019-04", "2019-05", "2019-06", "2019-07", "2019-08", "2019-09", "2019-10", "2019-11", "2019-12", "2020-01", "2020-02", "2020-03", "2020-04", "2020-05", "2020-06", "2020-07", "2020-08", "2020-09", "2020-10", "2020-11", "2020-12"], "y": [54.42000198364258, 64.594482421875, 67.5619125366211, 63.03670883178711, 45.31507110595703, 40.259708404541016, 40.259708404541016, 40.38688278198242, 43.74799728393555, 41.473453521728516, 31.245935440063477, 32.15381622314453, 33.17414093017578, 44.02093505859375, 57.652061462402344, 61.25812530517578, 61.817569732666016, 51.392234802246094, 45.20198440551758, 42.94264602661133, 46.573585510253906, 43.44941329956055, 43.395809173583984, 42.0447998046875]}, "spi_01": {"px": ["2021-01", "2021-02", "2021-03", "2021-04", "2021-05", "2021-06", "2021-07", "2021-08", "2021-09", "2021-10", "2021-11", "2021-12"], "py": [-1.6434753596691904, 2.1522757425330203, 2.7306847141341146, 1.805978573348912, 2.1886449123782237, 1.3569837218428713, 1.8826077511576242, 0.9220761949884784, -0.17122044025658, 0.12184132607973552, -0.5660343384876452, 0.5527464221122269], "pt": [2.7696879746803393, 7.016521671863476, 8.007593497348843, 7.465540760632447, 8.20657827833455, 7.713114608038598, 8.559828556838095, 7.905639435424767, 7.105800473450749, 7.680935929528928, 7.264980223448475, 8.646550652177122], "pb": [-6.056638694018719, -2.7119701867974344, -2.5462240690806137, -3.8535836139346236, -3.829288453578104, -4.999147164352856, -4.794613054522847, -6.0614870454478105, -7.448241353963908, -7.437253277369457, -8.397048900423766, -7.541057807952669], "x": ["2019-01", "2019-02", "2019-03", "2019-04", "2019-05", "2019-06", "2019-07", "2019-08", "2019-09", "2019-10", "2019-11", "2019-12", "2020-01", "2020-02", "2020-03", "2020-04", "2020-05", "2020-06", "2020-07", "2020-08", "2020-09", "2020-10", "2020-11", "2020-12"], "y": [0.917928159236908, 0.8578417301177979, 1.0536251068115234, 0.17817434668540955, -0.4470464587211609, 0.2709304690361023, 0.7218877673149109, -0.1418210119009018, -0.9504753351211548, -0.7239327430725098, -1.1853700876235962, -0.2818703353404999, -2.084825038909912, 0.42453041672706604, 0.8470286726951599, 0.26311787962913513, 0.6295160055160522, 0.204718217253685, -1.3462309837341309, -0.7973533868789673, -0.14014515280723572, -1.1547346115112305, 0.6901618838310242, 0.8077623248100281]}, "spi_03": {"px": [], "py": [], "pt": [], "pb": [], "x": ["2019-01", "2019-02", "2019-03", "2019-04", "2019-05", "2019-06", "2019-07", "2019-08", "2019-09", "2019-10", "2019-11", "2019-12", "2020-01", "2020-02", "2020-03", "2020-04", "2020-05", "2020-06", "2020-07"], "y": [1.353857398033142, 0.9965490698814392, 0.9051700830459595, 0.8010364770889282, 0.03990143537521362, -0.23421242833137512, 0.03951806575059891, 0.3143436312675476, 0.017741164192557335, -0.7603154182434082, -1.52938711643219, -1.3680238723754883, -1.8577239513397217, -0.6664101481437683, 0.030070455744862556, 0.5599457025527954, 0.6856534481048584, 0.42709439992904663, -0.06452760100364685]}, "spi_06": {"px": [], "py": [], "pt": [], "pb": [], "x": ["2019-01", "2019-02", "2019-03", "2019-04", "2019-05", "2019-06", "2019-07", "2019-08", "2019-09", "2019-10", "2019-11", "2019-12", "2020-01", "2020-02", "2020-03", "2020-04", "2020-05", "2020-06", "2020-07"], "y": [-0.32982733845710754, 0.6380061507225037, 0.9334642887115479, 1.084212064743042, 0.47321078181266785, 0.414835125207901, 0.4221085011959076, 0.179966539144516, -0.22078263759613037, -0.32012900710105896, -0.0934031680226326, -0.36904245615005493, -1.8036198616027832, -1.3170545101165771, -0.3574095368385315, -0.11930171400308609, 0.24687376618385315, 0.26783838868141174, 0.1897641271352768]}, "spi_12": {"px": ["2021-01", "2021-02", "2021-03", "2021-04", "2021-05", "2021-06", "2021-07", "2021-08", "2021-09", "2021-10", "2021-11", "2021-12"], "py": [-0.7713351930441292, -0.8158084181626737, -0.8014100022694837, -0.6967677503809298, -0.24668778000549452, -0.3049201157927035, -0.4218107003327276, -0.2463496431044896, -0.25822538135305195, -0.23606262125016464, -0.4635001779881185, -0.6024304289331117], "pt": [0.1555673937571007, 0.3194107684823826, 0.5094282021002678, 0.7687939147644052, 1.3587545860269388, 1.4291558303411644, 1.4319944629107884, 1.7199076593807603, 1.8143917989011369, 1.937716615975427, 1.8069381868439516, 1.760716744818362], "pb": [-1.6982377798453592, -1.95102760480773, -2.112248206639235, -2.1623294155262647, -1.8521301460379278, -2.0389960619265715, -2.2756158635762436, -2.2126069455897395, -2.3308425616072403, -2.4098418584757564, -2.733938542820189, -2.9655776026845855], "x": ["2019-01", "2019-02", "2019-03", "2019-04", "2019-05", "2019-06", "2019-07", "2019-08", "2019-09", "2019-10", "2019-11", "2019-12", "2020-01", "2020-02", "2020-03", "2020-04", "2020-05", "2020-06", "2020-07", "2020-08", "2020-09", "2020-10", "2020-11", "2020-12"], "y": [-0.004337560385465622, -0.15399321913719177, -0.16922681033611298, -0.6889964938163757, -1.1042934656143188, -0.4581199586391449, 0.1774720996618271, 0.4060313105583191, 0.3816259801387787, 0.4335581362247467, 0.21496476233005524, 0.1089015081524849, -0.3667196035385132, -0.47334805130958557, -0.5093032717704773, -0.4393050968647003, 0.027112936601042747, -0.07791200280189514, -0.643045961856842, -0.6753408312797546, -0.5530797839164734, -0.6057935953140259, -0.47926145792007446, -0.38854801654815674],