{"IIS3": {"px": [], "py": [], "pt": [], "pb": [], "x": ["2019-01", "2019-02", "2019-03", "2019-04", "2019-05", "2019-06", "2019-07", "2019-08", "2019-09", "2019-10", "2019-11", "2019-12", "2020-01", "2020-02", "2020-03", "2020-04", "2020-05", "2020-06", "2020-07", "2020-08", "2020-09", "2020-10", "2020-11", "2020-12"], "y": [NaN, NaN, NaN, NaN, NaN, NaN, NaN, NaN, NaN, NaN, NaN, NaN, NaN, NaN, NaN, NaN, NaN, NaN, NaN, NaN, NaN, NaN, NaN, NaN]}, "VHI": {"px": ["2021-01", "2021-02", "2021-03", "2021-04", "2021-05", "2021-06", "2021-07", "2021-08", "2021-09", "2021-10", "2021-11", "2021-12"], "py": [54.3811089973877, 65.98770036018607, 87.3033638090801, 96.20173445268509, 96.4404365896591, 67.19340169514892, 49.67088862941905, 83.23553110274177, 90.66643773024633, 78.84217943761863, 60.037242873957126, 58.61709405273842], "pt": [88.53569379743413, 107.75738116022481, 135.49959608309388, 150.06310629451855, 155.42533252037862, 130.89103524013532, 117.75582889160137, 155.4416919325387, 166.77097263488957, 158.6549027611942, 143.39335468106572, 145.37198986198223], "pb": [20.22652419734127, 24.218019560147326, 39.107131535066316, 42.34036261085163, 37.45554065893957, 3.495768150162526, -18.414051632763275, 11.029370272944846, 14.561902825603084, -0.9705438859569426, -23.318868933151464, -28.137801756505397], "x": ["2019-01", "2019-02", "2019-03", "2019-04", "2019-05", "2019-06", "2019-07", "2019-08", "2019-09", "2019-10", "2019-11", "2019-12", "2020-01", "2020-02", "2020-03", "2020-04", "2020-05", "2020-06", "2020-07", "2020-08", "2020-09", "2020-10", "2020-11", "2020-12"], "y": [69.65071105957031, 72.62677764892578, 60.02714157104492, 59.515716552734375, 59.612857818603516, 31.271427154541016, 31.271427154541016, 54.348854064941406, 58.43971633911133, 49.947853088378906, 36.58464431762695, 36.413143157958984, 34.49214172363281, 43.44750213623047, 59.269996643066406, 66.45785522460938, 68.78070831298828, 47.92571258544922, 42.84714126586914, 43.97249984741211, 56.82942581176758, 59.87200164794922, 69.90357208251953, 58.00857162475586]}, "spi_01": {"px": [], "py": [], "pt": [], "pb": [], "x": ["2019-01", "2019-02", "2019-03", "2019-04", "2019-05", "2019-06", "2019-07", "2019-08", "2019-09", "2019-10", "2019-11", "2019-12", "2020-01", "2020-02", "2020-03", "2020-04", "2020-05", "2020-06", "2020-07", "2020-08", "2020-09", "2020-10", "2020-11", "2020-12"], "y": [NaN, NaN, NaN, NaN, NaN, NaN, NaN, NaN, NaN, NaN, NaN, NaN, NaN, NaN, NaN, NaN, NaN, NaN, NaN, NaN, NaN, NaN, NaN, NaN]}, "spi_03": {"px": [], "py": [], "pt": [], "pb": [], "x": ["2019-01", "2019-02", "2019-03", "2019-04", "2019-05", "2019-06", "2019-07", "2019-08", "2019-09", "2019-10", "2019-11", "2019-12", "2020-01", "2020-02", "2020-03", "2020-04", "2020-05", "2020-06", "2020-07"], "y": [NaN, NaN, NaN, NaN, NaN, NaN, NaN, NaN, NaN, NaN, NaN, NaN, NaN, NaN, NaN, NaN, NaN, NaN, NaN]}, "spi_06": {"px": [], "py": [], "pt": [], "pb": [], "x": ["2019-01", "2019-02", "2019-03", "2019-04", "2019-05", "2019-06", "2019-07", "2019-08", "2019-09", "2019-10", "2019-11", "2019-12", "2020-01", "2020-02", "2020-03", "2020-04", "2020-05", "2020-06", "2020-07"], "y": [NaN, NaN, NaN, NaN, NaN, NaN, NaN, NaN, NaN, NaN, NaN, NaN, NaN, NaN, NaN, NaN, NaN, NaN, NaN]}, "spi_12": {"px": [], "py": [], "pt": [], "pb": [], "x": ["2019-01", "2019-02", "2019-03", "2019-04", "2019-05", "2019-06", "2019-07", "2019-08", "2019-09", "2019-10", "2019-11", "2019-12", "2020-01", "2020-02", "2020-03", "2020-04", "2020-05", "2020-06", "2020-07", "2020-08", "2020-09", "2020-10", "2020-11", "2020-12"], "y": [NaN, NaN, NaN, NaN, NaN, NaN, NaN, NaN, NaN, NaN, NaN, NaN, NaN, NaN, NaN, NaN, NaN, NaN, NaN, NaN, NaN, NaN, NaN, NaN], "geox": [-36.48560403608498, -36.444847661157894, -36.42879948689487, -36.42765847359004, -36.425181448846054, -36.41838238495693, -36.41551835649008, -36.410348308241, -36.40854228807855, -36.39885219500117, -36.3764609928985, -36.3907440786563, -36.339885616933245, -36.366083921801916, -36.366072923074206, -36.36460091052015, -36.365552919599835, -36.365919924680824, -36.36533992037242, -36.36606292820324, -36.36566192681121, -36.366235932141194, -36.366538936771136, -36.36583293097191, -36.36659193861912, -36.365325930034665, -36.366403940365984, -36.3655019337645, -36.365481935495005, -36.36328091600987, -36.36321091633575, -36.362134906572855, -36.362820913671264, -36.365813941073576, -36.36658294755608, -36.36784795619262, -36.37214899156641, -36.373957005146956, -36.374177006709985, -36.38926718975543, -36.46029685363226, -36.48560403608498], "geoy": [-9.407151146466735, -9.396784105924102, -9.36451687602928, -9.361246852266767, -9.358541834032131, -9.355397816473648, -9.352421796533655, -9.350386785875589, -9.34615675542421, -9.339528714055731, -9.338061723637537, -9.292881367007855, -9.286714366905047, -9.361433910839287, -9.362891921926245, -9.363578928510883, -9.364155932011299, -9.36605894612765, -9.367007953875104, -9.368439964082368, -9.370781982245038, -9.370975983185815, -9.373007998339363, -9.373573003286543, -9.37446600936461, -9.377406032871079, -9.378111037224214, -9.379690050054856, -9.381717065468198, -9.38198606955677, -9.382998077307802, -9.382878077396505, -9.383882084384052, -9.384477086120462, -9.384038082071648, -9.381165059076999, -9.377774029326948, -9.374980006427684, -9.374545002919586, -9.425080372460325, -9.453727523118841, -9.407151146466735]}}