{"IIS3": {"px": [], "py": [], "pt": [], "pb": [], "x": ["2019-01", "2019-02", "2019-03", "2019-04", "2019-05", "2019-06", "2019-07", "2019-08", "2019-09", "2019-10", "2019-11", "2019-12", "2020-01", "2020-02", "2020-03", "2020-04", "2020-05", "2020-06", "2020-07", "2020-08", "2020-09", "2020-10", "2020-11", "2020-12"], "y": [NaN, NaN, NaN, NaN, NaN, NaN, NaN, NaN, NaN, NaN, NaN, NaN, NaN, NaN, NaN, NaN, NaN, NaN, NaN, NaN, NaN, NaN, NaN, NaN]}, "VHI": {"px": ["2021-01", "2021-02", "2021-03", "2021-04", "2021-05", "2021-06", "2021-07", "2021-08", "2021-09", "2021-10", "2021-11", "2021-12"], "py": [74.53163732427976, 93.00742591244067, 98.55149334904056, 100.29407803478063, 93.12359737486548, 86.45411734058547, 81.32826379865975, 78.92416580374793, 72.9765616574324, 64.71558419923113, 44.94353290855743, 39.547421774084896], "pt": [98.27983071256998, 122.09290389733019, 132.1365103955057, 137.84326857749696, 134.25667470704522, 130.88291871105844, 128.82465030983346, 129.30169126918406, 126.07913609994438, 120.41003412760719, 103.11448866163278, 100.0936721421144], "pb": [50.78344393598954, 63.921947927551145, 64.9664763025754, 62.744887492064294, 51.990520042685745, 42.0253159701125, 33.831877287486044, 28.546640338311803, 19.87398721492042, 9.021134270855072, -13.227422844517918, -20.99882859394461], "x": ["2019-01", "2019-02", "2019-03", "2019-04", "2019-05", "2019-06", "2019-07", "2019-08", "2019-09", "2019-10", "2019-11", "2019-12", "2020-01", "2020-02", "2020-03", "2020-04", "2020-05", "2020-06", "2020-07", "2020-08", "2020-09", "2020-10", "2020-11", "2020-12"], "y": [50.56911087036133, 62.651309967041016, 66.95886993408203, 69.67204284667969, 65.76976013183594, 57.955352783203125, 57.955352783203125, 56.26890182495117, 51.76456832885742, 45.235477447509766, 29.539749145507812, 25.240346908569336, 52.81256103515625, 66.11344146728516, 68.65999603271484, 68.22355651855469, 62.949462890625, 59.30342483520508, 48.48744201660156, 42.5576171875, 32.53057098388672, 31.6737117767334, 45.83059310913086, 39.02594757080078]}, "spi_01": {"px": ["2021-01", "2021-02", "2021-03", "2021-04", "2021-05", "2021-06", "2021-07", "2021-08", "2021-09", "2021-10", "2021-11", "2021-12"], "py": [1.4821284120074067, 2.438407932071738, 2.378614977073357, 1.5504966822846855, 1.374814673267096, 0.950150411091514, 2.0607531559366397, 0.8471530123612183, 0.7227355891167617, 0.654245511491653, 2.469703852483317, -0.548755473318866], "pt": [2.8704712766745484, 4.006869369811951, 4.108541753987347, 3.4280541448647144, 3.3892122003445806, 3.0926659346996432, 4.32414621519695, 3.225287472923462, 3.2103245592482033, 3.2466718375664243, 5.162889629204163, 2.241553649294146], "pb": [0.09378554734026467, 0.8699464943315247, 0.6486882001593672, -0.32706078029534336, -0.6395828538103889, -1.1923651125166153, -0.20263990332367054, -1.5309814482010258, -1.7648533810146798, -1.9381808145831187, -0.22348192423752966, -3.3390645959318785], "x": ["2019-01", "2019-02", "2019-03", "2019-04", "2019-05", "2019-06", "2019-07", "2019-08", "2019-09", "2019-10", "2019-11", "2019-12", "2020-01", "2020-02", "2020-03", "2020-04", "2020-05", "2020-06", "2020-07", "2020-08", "2020-09", "2020-10", "2020-11", "2020-12"], "y": [-0.24247638881206512, 1.192163109779358, 0.622724711894989, 0.152528777718544, 0.5197128057479858, -1.019761085510254, 0.7839409112930298, -0.06223062425851822, -0.15224453806877136, -0.18946456909179688, 1.1036044359207153, -1.0441257953643799, 0.5054578185081482, 1.0477408170700073, 0.9311327934265137, 0.3733587861061096, 0.29884564876556396, 0.04549296945333481, -0.7002683877944946, -1.3405778408050537, 0.0013283416628837585, 0.19852295517921448, 1.995226263999939, -0.5000647902488708]}, "spi_03": {"px": [], "py": [], "pt": [], "pb": [], "x": ["2019-01", "2019-02", "2019-03", "2019-04", "2019-05", "2019-06", "2019-07", "2019-08", "2019-09", "2019-10", "2019-11", "2019-12", "2020-01", "2020-02", "2020-03", "2020-04", "2020-05", "2020-06", "2020-07"], "y": [0.17749503254890442, 0.5861434936523438, 0.3369157910346985, 0.7643810510635376, 0.4282076358795166, 0.01739439368247986, 0.21240688860416412, -0.13876020908355713, 0.4851181209087372, -0.5600774884223938, 0.1886831521987915, -0.47363170981407166, 0.2518720030784607, 0.605697751045227, 1.1516581773757935, 0.9905946254730225, 0.601394772529602, 0.1995631754398346, -0.1287529617547989]}, "spi_06": {"px": [], "py": [], "pt": [], "pb": [], "x": ["2019-01", "2019-02", "2019-03", "2019-04", "2019-05", "2019-06", "2019-07", "2019-08", "2019-09", "2019-10", "2019-11", "2019-12", "2020-01", "2020-02", "2020-03", "2020-04", "2020-05", "2020-06", "2020-07"], "y": [-0.09066924452781677, 0.624759316444397, 0.5270194411277771, 0.6088932156562805, 0.5277930498123169, 0.33684277534484863, 0.5989769697189331, 0.3021332621574402, 0.07475994527339935, 0.06216725334525108, -0.20654639601707458, -0.1048634946346283, 0.06038229912519455, 0.5691260099411011, 0.9342234134674072, 0.8321065902709961, 0.6834800243377686, 0.7597712278366089, 0.6730477809906006]}, "spi_12": {"px": ["2021-01", "2021-02", "2021-03", "2021-04", "2021-05", "2021-06", "2021-07", "2021-08", "2021-09", "2021-10", "2021-11", "2021-12"], "py": [1.0298013960120822, 0.936009111163564, 1.1704308541015562, 1.2590582241338653, 1.1007362563548604, 1.1917665064770833, 1.1737763089462554, 1.1925887034506872, 1.1898530712787938, 1.1361894319266517, 1.0458510965403414, 0.7817331741921649], "pt": [1.3714586005852216, 1.354452019199289, 1.653607104691397, 1.7992656944475578, 1.6925038905081498, 1.8309486046932673, 1.857090714274217, 1.9173530778354717, 1.9538218011532766, 1.9374465954357794, 1.8827369094941488, 1.6527915452397188], "pb": [0.688144191438943, 0.517566203127839, 0.6872546035117155, 0.7188507538201727, 0.508968622201571, 0.5525844082608993, 0.4904619036182938, 0.46782432906590277, 0.425884341404311, 0.334932268417524, 0.20896528358653388, -0.08932519685538876], "x": ["2019-01", "2019-02", "2019-03", "2019-04", "2019-05", "2019-06", "2019-07", "2019-08", "2019-09", "2019-10", "2019-11", "2019-12", "2020-01", "2020-02", "2020-03", "2020-04", "2020-05", "2020-06", "2020-07", "2020-08", "2020-09", "2020-10", "2020-11", "2020-12"], "y": [0.15984337031841278, 0.3158114552497864, 0.43499085307121277, 0.16632527112960815, 0.252280592918396, 0.28298676013946533, 0.42925941944122314, 0.45686420798301697, 0.46213507652282715, 0.44863051176071167, 0.413074254989624, 0.24381276965141296, 0.5275289416313171, 0.4542774558067322, 0.6310027837753296, 0.6963255405426025, 0.5794719457626343, 0.6695092916488647, 0.5415260195732117, 0.5116481781005859, 0.5127787590026855, 0.5280759334564209, 0.6325087547302246, 0.6669973134994507],