{"IIS3": {"px": [], "py": [], "pt": [], "pb": [], "x": ["2019-01", "2019-02", "2019-03", "2019-04", "2019-05", "2019-06", "2019-07", "2019-08", "2019-09", "2019-10", "2019-11", "2019-12", "2020-01", "2020-02", "2020-03", "2020-04", "2020-05", "2020-06", "2020-07", "2020-08", "2020-09", "2020-10", "2020-11", "2020-12"], "y": [NaN, NaN, NaN, NaN, NaN, NaN, NaN, NaN, NaN, NaN, NaN, NaN, NaN, NaN, NaN, NaN, NaN, NaN, NaN, NaN, NaN, NaN, NaN, NaN]}, "VHI": {"px": ["2021-01", "2021-02", "2021-03", "2021-04", "2021-05", "2021-06", "2021-07", "2021-08", "2021-09", "2021-10", "2021-11", "2021-12"], "py": [63.46123305762538, 62.440517492392416, 64.58329079579472, 67.70473045684881, 53.96712210479063, 57.525673474459666, 65.71580184403643, 64.94567630792311, 54.95487527210662, 53.99630698059731, 59.1497301635025, 57.26996747572211], "pt": [71.97938366710886, 71.63392669942763, 74.40564570132304, 78.11811314127524, 64.9397435770947, 69.03038142453926, 77.72905236414051, 77.44679910153397, 67.92553270120763, 67.42008577739105, 73.01182669423714, 71.55694067754347], "pb": [54.943082448141894, 53.2471082853572, 54.76093589026641, 57.29134777242237, 42.99450063248656, 46.020965524380074, 53.702551323932354, 52.44455351431225, 41.98421784300561, 40.57252818380357, 45.28763363276785, 42.98299427390076], "x": ["2019-01", "2019-02", "2019-03", "2019-04", "2019-05", "2019-06", "2019-07", "2019-08", "2019-09", "2019-10", "2019-11", "2019-12", "2020-01", "2020-02", "2020-03", "2020-04", "2020-05", "2020-06", "2020-07", "2020-08", "2020-09", "2020-10", "2020-11", "2020-12"], "y": [46.847267150878906, 48.39125061035156, 46.17988586425781, 44.800540924072266, 44.497047424316406, 53.601585388183594, 53.601585388183594, 53.511085510253906, 45.19172668457031, 45.29875183105469, 50.67499542236328, 48.87034606933594, 58.212825775146484, 57.712825775146484, 60.05451583862305, 63.029022216796875, 49.92647933959961, 53.378360748291016, 59.1070442199707, 66.34556579589844, 46.47154235839844, 51.06036376953125, 54.084774017333984, 53.85075378417969]}, "spi_01": {"px": [], "py": [], "pt": [], "pb": [], "x": ["2019-01", "2019-02", "2019-03", "2019-04", "2019-05", "2019-06", "2019-07", "2019-08", "2019-09", "2019-10", "2019-11", "2019-12", "2020-01", "2020-02", "2020-03", "2020-04", "2020-05", "2020-06", "2020-07", "2020-08", "2020-09", "2020-10", "2020-11", "2020-12"], "y": [NaN, NaN, NaN, NaN, NaN, NaN, NaN, NaN, NaN, NaN, NaN, NaN, NaN, NaN, NaN, NaN, NaN, NaN, NaN, NaN, NaN, NaN, NaN, NaN]}, "spi_03": {"px": [], "py": [], "pt": [], "pb": [], "x": ["2019-01", "2019-02", "2019-03", "2019-04", "2019-05", "2019-06", "2019-07", "2019-08", "2019-09", "2019-10", "2019-11", "2019-12", "2020-01", "2020-02", "2020-03", "2020-04", "2020-05", "2020-06", "2020-07"], "y": [NaN, NaN, NaN, NaN, NaN, NaN, NaN, NaN, NaN, NaN, NaN, NaN, NaN, NaN, NaN, NaN, NaN, NaN, NaN]}, "spi_06": {"px": [], "py": [], "pt": [], "pb": [], "x": ["2019-01", "2019-02", "2019-03", "2019-04", "2019-05", "2019-06", "2019-07", "2019-08", "2019-09", "2019-10", "2019-11", "2019-12", "2020-01", "2020-02", "2020-03", "2020-04", "2020-05", "2020-06", "2020-07"], "y": [NaN, NaN, NaN, NaN, NaN, NaN, NaN, NaN, NaN, NaN, NaN, NaN, NaN, NaN, NaN, NaN, NaN, NaN, NaN]}, "spi_12": {"px": [], "py": [], "pt": [], "pb": [], "x": ["2019-01", "2019-02", "2019-03", "2019-04", "2019-05", "2019-06", "2019-07", "2019-08", "2019-09", "2019-10", "2019-11", "2019-12", "2020-01", "2020-02", "2020-03", "2020-04", "2020-05", "2020-06", "2020-07", "2020-08", "2020-09", "2020-10", "2020-11", "2020-12"], "y": [NaN, NaN, NaN, NaN, NaN, NaN, NaN, NaN, NaN, NaN, NaN, NaN, NaN, NaN, NaN, NaN, NaN, NaN, NaN, NaN, NaN, NaN, NaN, NaN], "geox": [-43.13509054143208, -43.13389852017451, -43.129674473901936, -43.12964246170852, -43.12698842886782, -43.12445639656908, -43.12420838535393, -43.12509538316178, -43.12112033557075, -43.117789305507834, -43.11626528869236, -43.11404026822144, -43.111402246644595, -43.11100823358323, -43.108539205026474, -43.102430156215284, -43.100181134770736, -43.09810011789609, -43.09452308324798, -43.09073803980804, -43.089237018765374, -43.08412497249027, -43.08190393756032, -43.07934290622513, -43.076205873198994, -43.07595086234623, -43.06246473396372, -43.060064714059365, -43.059538705646155, -43.058009691856945, -43.0576826932244, -43.056781686243674, -43.05053762732855, -43.0481496069491, -43.04784261022245, -43.04614559539399, -43.045706594798474, -43.04354157884889, -43.04090154443758, -43.04192454877422, -43.04051153379247, -43.03942551863305, -43.03637049001909, -43.03470847211921, -43.03293045882933, -43.032536449657776, -43.03081342860149, -43.03178643589098, -43.03034841564639, -43.03179142435157, -43.03186442226622, -43.030125399275356, -43.033289413118254, -43.03087038470899, -43.02953936098711, -43.02962135360239, -43.02531531274442, -43.02069725193643, -43.017094214985164, -43.01335518044342, -43.01117715472986, -43.00951714075119, -43.006141119027205, -43.00503210637415, -43.00185106620077, -42.9952589979907, -42.992752969009246, -42.98752992143414, -42.9848728925792, -42.98317486636475, -42.980599839203606, -42.97990382309682, -42.97332076189093, -42.9699817280076, -42.96745469707198, -42.96712668924122, -42.970799706913034, -42.97177870665749, -42.96909467687851, -42.9653096243634, -42.96348860595902, -42.961201591453694, -42.96382062260309, -42.96426063916812, -42.96170362415386, -42.953926561111714, -42.95006553386206, -42.94940253385973, -42.95026455604595, -42.94890055456719, -42.94895756323648, -42.94798756398987, -42.94478754916055, -42.950005602480786, -42.95015161064465, -42.94879261044949, -42.95151163898349, -42.95223365298778, -42.953731668838216, -42.9556266972999, -42.95476069588711, -42.95573172139441, -42.95256770058266, -42.95220670349844, -42.95589574225388, -42.95768076508992, -42.96401282017171, -42.96453783997881, -42.968310886535264, -42.96724288511492, -42.96768490560579, -42.96628289503462, -42.96359588063112, -42.9627928805509, -42.960058863037254, -42.95400580601778, -42.94928875493309, -42.94752574436344, -42.944297717464856, -42.939768672866, -42.93464662899445, -42.92953157616262, -42.92578753197416, -42.91918646305243, -42.91506742297974, -42.913365411327895, -42.910996383005575, -42.90695134361384, -42.90385931774449, -42.901032286940925, -42.895345237716924, -42.894514243070844, -42.890571223124105, -42.89072923034511, -42.894374271791676, -42.89420327338646, -42.89271426137947, -42.89014624739346, -42.88492619926611, -42.882027177178294, -42.88383120282166, -42.88800225375227, -42.887771256148746, -42.88412423596794, -42.885660263723075, -42.88692628099539, -42.88295726069409, -42.884342278925594, -42.88270726773142, -42.8842032926385, -42.88695632279587, -42.891980371861955, -42.89409740099886, -42.89637142425347, -42.897093437235554, -42.90006746699826, -42.90236849303549, -42.90783054576692, -42.91203358198942, -42.914171604121144, -42.91517662979627, -42.916263640384024, -42.92006167032582, -42.92327870271777, -42.92394271339041, -42.92289872109199, -42.927171768953585, -42.92840178865793, -42.933608847539986, -42.935706867657636, -42.93645087962504, -42.94474897246295, -42.94831100664388, -42.94955702421226, -42.953346058971846, -42.95505308010935, -42.95506808729559, -42.95620510024432, -42.9565611099159, -42.96150416279149, -42.9630331877529, -42.9671532361929, -42.96830725271779, -42.974602312729075, -42.97912335246686, -42.98362538520696, -42.986337415086254, -42.98934744358402, -42.99144146165935, -42.99517449003092, -42.99834351792465, -43.00072754286228, -43.00547758026968, -43.01132162025593, -43.01355665065838, -43.014924677488004, -43.01642369081294, -43.020904746489144, -43.021618764307306, -43.02331478487129, -43.02273778370902, -43.02431780601482, -43.02567282026282, -43.02762284649232, -43.02854385459018, -43.03045687663696, -43.029677883986594, -43.0311098930444, -43.03153688684147, -43.03350888934284, -43.031047850998654, -43.03128885109549, -43.03382087114515, 