{"IIS3": {"px": [], "py": [], "pt": [], "pb": [], "x": ["2019-01", "2019-02", "2019-03", "2019-04", "2019-05", "2019-06", "2019-07", "2019-08", "2019-09", "2019-10", "2019-11", "2019-12", "2020-01", "2020-02", "2020-03", "2020-04", "2020-05", "2020-06", "2020-07", "2020-08", "2020-09", "2020-10", "2020-11", "2020-12"], "y": [NaN, NaN, NaN, NaN, NaN, NaN, NaN, NaN, NaN, NaN, NaN, NaN, NaN, NaN, NaN, NaN, NaN, NaN, NaN, NaN, NaN, NaN, NaN, NaN]}, "VHI": {"px": ["2021-01", "2021-02", "2021-03", "2021-04", "2021-05", "2021-06", "2021-07", "2021-08", "2021-09", "2021-10", "2021-11", "2021-12"], "py": [52.13401789415286, 75.40112144127343, 73.10582962097854, 70.37239144673856, 69.10928105990001, 60.861585444934065, 52.891144621829085, 66.23799044305377, 62.48634363294407, 48.44095580908861, 43.47604204165036, 36.33021852770647], "pt": [68.32390700215805, 95.22960503966937, 96.00179027551776, 95.97085364227992, 97.15099140821707, 91.15009435080897, 85.27092263563911, 100.58193134543082, 98.68803598548911, 86.40961106142366, 83.13300907334633, 77.60649847921583], "pb": [35.94412878614767, 55.5726378428775, 50.209868966439316, 44.7739292511972, 41.06757071158296, 30.57307653905916, 20.51136660801906, 31.894049540676733, 26.284651280399025, 10.472300556753552, 3.819075009954382, -4.946061423802888], "x": ["2019-01", "2019-02", "2019-03", "2019-04", "2019-05", "2019-06", "2019-07", "2019-08", "2019-09", "2019-10", "2019-11", "2019-12", "2020-01", "2020-02", "2020-03", "2020-04", "2020-05", "2020-06", "2020-07", "2020-08", "2020-09", "2020-10", "2020-11", "2020-12"], "y": [26.083831787109375, 49.49049758911133, 68.53616333007812, 68.52333068847656, 53.310829162597656, 40.954166412353516, 40.954166412353516, 53.534000396728516, 50.427734375, 37.52199935913086, 32.981361389160156, 27.238182067871094, 43.84840393066406, 64.6170425415039, 62.177635192871094, 59.664546966552734, 58.992496490478516, 52.12013626098633, 47.45433044433594, 51.5706672668457, 50.324398040771484, 41.78506088256836, 44.218997955322266, 33.78511047363281]}, "spi_01": {"px": ["2021-01", "2021-02", "2021-03", "2021-04", "2021-05", "2021-06", "2021-07", "2021-08", "2021-09", "2021-10", "2021-11", "2021-12"], "py": [2.212440592461099, 2.366832511395166, 3.84102717041209, 2.2530811390219583, 4.26348614721492, 1.7879015398385203, 0.9920515050364207, -0.09179757324263038, 0.966622884524746, 4.293172403160266, -0.2593062272164892, 1.0031071146835644], "pt": [5.088996152687908, 5.300431040205851, 6.8305804422921295, 5.297560930805293, 7.361918918753707, 4.93936375235416, 4.195665482107069, 3.1631326796584744, 4.272072837015222, 7.648381461562995, 3.1449346959198525, 4.455683645323344], "pb": [-0.6641149677657103, -0.5667660174155187, 0.8514738985320505, -0.7913986527613761, 1.1650533756761323, -1.3635606726771194, -2.211562472034227, -3.3467278261437357, -2.33882706796573, 0.9379633447575371, -3.663547150352831, -2.4494694159562145], "x": ["2019-01", "2019-02", "2019-03", "2019-04", "2019-05", "2019-06", "2019-07", "2019-08", "2019-09", "2019-10", "2019-11", "2019-12", "2020-01", "2020-02", "2020-03", "2020-04", "2020-05", "2020-06", "2020-07", "2020-08", "2020-09", "2020-10", "2020-11", "2020-12"], "y": [-1.2681366205215454, -0.5040642619132996, 0.1788506656885147, 0.9469594359397888, -1.341623067855835, 0.6213343739509583, -0.9942753911018372, -1.4168137311935425, -0.91858971118927, 0.5527682304382324, -1.4409757852554321, -0.8093696236610413, 0.17259815335273743, 0.33139267563819885, 1.2296388149261475, 0.29990261793136597, 1.591101884841919, 0.20317435264587402, 0.7978305220603943, -0.8092533349990845, 0.1400667428970337, 0.3141646683216095, 1.570106863975525, -0.29272791743278503]}, "spi_03": {"px": [], "py": [], "pt": [], "pb": [], "x": ["2019-01", "2019-02", "2019-03", "2019-04", "2019-05", "2019-06", "2019-07", "2019-08", "2019-09", "2019-10", "2019-11", "2019-12", "2020-01", "2020-02", "2020-03", "2020-04", "2020-05", "2020-06", "2020-07"], "y": [-1.6362335681915283, -1.2973566055297852, -0.6815875172615051, 0.34308022260665894, 0.08065621554851532, 0.3730119466781616, -0.5886988639831543, -0.29430073499679565, -1.474156141281128, -1.1283262968063354, -0.8329722881317139, -0.7030057907104492, -0.232887402176857, 0.008071624673902988, 0.7910746335983276, 0.9153092503547668, 1.672097086906433, 0.9826809763908386, 1.175602912902832]}, "spi_06": {"px": [], "py": [], "pt": [], "pb": [], "x": ["2019-01", "2019-02", "2019-03", "2019-04", "2019-05", "2019-06", "2019-07", "2019-08", "2019-09", "2019-10", "2019-11", "2019-12", "2020-01", "2020-02", "2020-03", "2020-04", "2020-05", "2020-06", "2020-07"], "y": [-2.3843979835510254, -1.8014891147613525, -0.9680427312850952, -0.25477999448776245, -0.5877982378005981, -0.23576880991458893, -0.2527225613594055, -0.3151218295097351, -0.45368310809135437, -0.8542792797088623, -0.45982229709625244, -1.5500680208206177, -0.8585774302482605, -0.3378089666366577, 0.6408513784408569, 0.5899403691291809, 1.1471068859100342, 1.1357839107513428, 1.3696318864822388]}, "spi_12": {"px": ["2021-01", "2021-02", "2021-03", "2021-04", "2021-05", "2021-06", "2021-07", "2021-08", "2021-09", "2021-10", "2021-11", "2021-12"], "py": [1.3573935067707463, 1.4045654416956346, 1.9751803117709752, 1.2706737578656302, 2.5044493114878703, 2.0858209382069886, 2.2610161465771696, 2.6062970030545367, 2.5420000742047337, 2.4973672389774304, 2.1427604262672766, 1.7207412088645482], "pt": [2.182648959689911, 2.4152928227361556, 3.14226776136387, 2.5755171933817316, 3.933833678067301, 3.629732510685767, 3.9115270431925513, 4.356928173820762, 4.387327354735357, 4.432762818305532, 4.1642151808178145, 3.824738024667079], "pb": [0.5321380538515812, 0.39383806065511306, 0.8080928621780803, -0.03416967765047163, 1.0750649449084397, 0.5419093657282099, 0.610505249961788, 0.8556658322883108, 0.6966727936741113, 0.5619716596493287, 0.12130567171673912, -0.3832556069379831], "x": ["2019-01", "2019-02", "2019-03", "2019-04", "2019-05", "2019-06", "2019-07", "2019-08", "2019-09", "2019-10", "2019-11", "2019-12", "2020-01", "2020-02", "2020-03", "2020-04", "2020-05", "2020-06", "2020-07", "2020-08", "2020-09", "2020-10", "2020-11", "2020-12"], "y": [-0.7135176062583923, -1.3233067989349365, -1.627099633216858, -1.8921306133270264, -1.9818135499954224, -1.422995686531067, -1.1388295888900757, -0.9976480603218079, -0.9345282912254333, -0.8377826809883118, -0.8363211750984192, -0.8778447508811951, -0.6062864065170288, -0.4662984013557434, -0.020130446180701256, -0.3464115262031555, 0.5363497734069824, 0.3825283348560333, 0.8219006657600403, 0.8181386590003967, 0.8710209131240845, 0.8483428359031677, 0.9514493346214294, 1.0027492046356201],