{"IIS3": {"px": [], "py": [], "pt": [], "pb": [], "x": ["2019-01", "2019-02", "2019-03", "2019-04", "2019-05", "2019-06", "2019-07", "2019-08", "2019-09", "2019-10", "2019-11", "2019-12", "2020-01", "2020-02", "2020-03", "2020-04", "2020-05", "2020-06", "2020-07", "2020-08", "2020-09", "2020-10", "2020-11", "2020-12"], "y": [NaN, NaN, NaN, NaN, NaN, NaN, NaN, NaN, NaN, NaN, NaN, NaN, NaN, NaN, NaN, NaN, NaN, NaN, NaN, NaN, NaN, NaN, NaN, NaN]}, "VHI": {"px": ["2021-01", "2021-02", "2021-03", "2021-04", "2021-05", "2021-06", "2021-07", "2021-08", "2021-09", "2021-10", "2021-11", "2021-12"], "py": [74.53026371042131, 73.19218455469488, 70.06470867509944, 64.56186146044486, 74.51447974080355, 73.46568022757643, 78.68741240434451, 93.65623345630007, 76.47271205079664, 55.97688828971451, 52.010807796861684, 54.98439858693881], "pt": [89.34804238137482, 89.78061423624314, 88.25221630693228, 84.2187907327469, 95.53837811799781, 95.77293773568121, 102.20810907963889, 118.33076702128383, 102.24948534009368, 82.81066319683713, 79.86149738122262, 83.81615789646996], "pb": [59.71248503946779, 56.60375487314661, 51.877201043266595, 44.90493218814282, 53.490581363609294, 51.158422719471645, 55.16671572905014, 68.98169989131631, 50.69593876149962, 29.143113382591892, 24.160118212500755, 26.15263927740766], "x": ["2019-01", "2019-02", "2019-03", "2019-04", "2019-05", "2019-06", "2019-07", "2019-08", "2019-09", "2019-10", "2019-11", "2019-12", "2020-01", "2020-02", "2020-03", "2020-04", "2020-05", "2020-06", "2020-07", "2020-08", "2020-09", "2020-10", "2020-11", "2020-12"], "y": [61.23749923706055, 66.23124694824219, 49.196250915527344, 50.657997131347656, 53.63749694824219, 56.01249694824219, 56.01249694824219, 66.39299774169922, 51.959999084472656, 35.63249969482422, 32.18499755859375, 34.207000732421875, 49.938751220703125, 48.85124969482422, 47.072998046875, 43.26374816894531, 51.741249084472656, 52.628997802734375, 53.80249786376953, 69.51249694824219, 66.45800018310547, 35.400997161865234, 50.86124801635742, 58.30833053588867]}, "spi_01": {"px": [], "py": [], "pt": [], "pb": [], "x": ["2019-01", "2019-02", "2019-03", "2019-04", "2019-05", "2019-06", "2019-07", "2019-08", "2019-09", "2019-10", "2019-11", "2019-12", "2020-01", "2020-02", "2020-03", "2020-04", "2020-05", "2020-06", "2020-07", "2020-08", "2020-09", "2020-10", "2020-11", "2020-12"], "y": [NaN, NaN, NaN, NaN, NaN, NaN, NaN, NaN, NaN, NaN, NaN, NaN, NaN, NaN, NaN, NaN, NaN, NaN, NaN, NaN, NaN, NaN, NaN, NaN]}, "spi_03": {"px": [], "py": [], "pt": [], "pb": [], "x": ["2019-01", "2019-02", "2019-03", "2019-04", "2019-05", "2019-06", "2019-07", "2019-08", "2019-09", "2019-10", "2019-11", "2019-12", "2020-01", "2020-02", "2020-03", "2020-04", "2020-05", "2020-06", "2020-07"], "y": [NaN, NaN, NaN, NaN, NaN, NaN, NaN, NaN, NaN, NaN, NaN, NaN, NaN, NaN, NaN, NaN, NaN, NaN, NaN]}, "spi_06": {"px": [], "py": [], "pt": [], "pb": [], "x": ["2019-01", "2019-02", "2019-03", "2019-04", "2019-05", "2019-06", "2019-07", "2019-08", "2019-09", "2019-10", "2019-11", "2019-12", "2020-01", "2020-02", "2020-03", "2020-04", "2020-05", "2020-06", "2020-07"], "y": [NaN, NaN, NaN, NaN, NaN, NaN, NaN, NaN, NaN, NaN, NaN, NaN, NaN, NaN, NaN, NaN, NaN, NaN, NaN]}, "spi_12": {"px": [], "py": [], "pt": [], "pb": [], "x": ["2019-01", "2019-02", "2019-03", "2019-04", "2019-05", "2019-06", "2019-07", "2019-08", "2019-09", "2019-10", "2019-11", "2019-12", "2020-01", "2020-02", "2020-03", "2020-04", "2020-05", "2020-06", "2020-07", "2020-08", "2020-09", "2020-10", "2020-11", "2020-12"], "y": [NaN, NaN, NaN, NaN, NaN, NaN, NaN, NaN, NaN, NaN, NaN, NaN, NaN, NaN, NaN, NaN, NaN, NaN, NaN, NaN, NaN, NaN, NaN, NaN], "geox": [-42.73615691344077, -42.72470580954525, -42.691080533728424, -42.684507483556466, -42.682212468147625, -42.68103748839224, -42.6766284516503, -42.672995420523385, -42.6703123983714, -42.665993364260444, -42.65951931229775, -42.65429127293684, -42.65181425301924, -42.70459268576167, -42.71554276656757, -42.72820286191012, -42.7342639059472, -42.73615691344077], "geoy": [-6.034928784268172, -6.020775688403141, -6.021310715791167, -6.0268167608149215, -6.0317667987709465, -6.07451311341117, -6.073788111191465, -6.071979100468398, -6.071835101297579, -6.073813118853767, -6.075598136509908, -6.080749178002462, -6.081384184407468, -6.079968136854017, -6.066952033666741, -6.054638934446932, -6.046447870106131, -6.034928784268172]}}