{"IIS3": {"px": [], "py": [], "pt": [], "pb": [], "x": ["2019-01", "2019-02", "2019-03", "2019-04", "2019-05", "2019-06", "2019-07", "2019-08", "2019-09", "2019-10", "2019-11", "2019-12", "2020-01", "2020-02", "2020-03", "2020-04", "2020-05", "2020-06", "2020-07", "2020-08", "2020-09", "2020-10", "2020-11", "2020-12"], "y": [NaN, NaN, NaN, NaN, NaN, NaN, NaN, NaN, NaN, NaN, NaN, NaN, NaN, NaN, NaN, NaN, NaN, NaN, NaN, NaN, NaN, NaN, NaN, NaN]}, "VHI": {"px": ["2021-01", "2021-02", "2021-03", "2021-04", "2021-05", "2021-06", "2021-07", "2021-08", "2021-09", "2021-10", "2021-11", "2021-12"], "py": [61.286009880455694, 88.11717419352328, 89.51936055180614, 78.75531839283411, 86.07966484434772, 92.99211382003986, 87.79984373849484, 55.57503111473315, 40.046797967994884, 42.86520207980826, 39.840155233934645, 32.55905560788126], "pt": [82.9912294136606, 114.70053042942766, 120.21517626902354, 113.07428365004645, 123.67420766782308, 133.59886109049356, 131.21028254838103, 101.61875458978726, 88.58114400487506, 93.76845363614797, 93.00686749629273, 87.89672421226639], "pb": [39.58079034725078, 61.53381795761891, 58.82354483458873, 44.43635313562178, 48.48512202087235, 52.385366549586166, 44.38940492860864, 9.531307639679042, -8.487548068885282, -8.038049476531434, -13.32655702842343, -22.778612996503867], "x": ["2019-01", "2019-02", "2019-03", "2019-04", "2019-05", "2019-06", "2019-07", "2019-08", "2019-09", "2019-10", "2019-11", "2019-12", "2020-01", "2020-02", "2020-03", "2020-04", "2020-05", "2020-06", "2020-07", "2020-08", "2020-09", "2020-10", "2020-11", "2020-12"], "y": [46.05339813232422, 63.09819793701172, 68.13310241699219, 64.5674057006836, 68.70809936523438, 58.21879959106445, 58.21879959106445, 34.626590728759766, 23.353281021118164, 25.1127986907959, 22.7050838470459, 17.802465438842773, 44.24324417114258, 67.0876693725586, 70.86439514160156, 63.69057846069336, 71.05259704589844, 77.68519592285156, 70.51738739013672, 67.83929443359375, 53.56087875366211, 45.081119537353516, 39.382999420166016, 27.915334701538086]}, "spi_01": {"px": ["2021-01", "2021-02", "2021-03", "2021-04", "2021-05", "2021-06", "2021-07", "2021-08", "2021-09", "2021-10", "2021-11", "2021-12"], "py": [1.3866074977119505, 0.4326842562643982, 2.1846430024036074, 0.2521358647224021, 0.4621420797446376, 0.40100718983586425, 1.4087325009550242, 0.16296647676634768, 2.2806131949022275, 1.8600019836662534, 0.579648487236434, -0.11731634525803347], "pt": [2.791095210026379, 1.8905855436754528, 3.6940689176533095, 1.8113847298558658, 2.069670447523131, 2.055406743451973, 3.108711416353028, 1.9073341967698925, 4.06826785181529, 3.6899199059172902, 2.450875366042995, 1.7943270476792414], "pb": [-0.01788021460247813, -1.0252170311466562, 0.6752170871539049, -1.3071130004110616, -1.145386288033856, -1.2533923637802444, -0.2912464144429796, -1.5814012432371973, 0.492958537989165, 0.03008406141521669, -1.2915783915701267, -2.0289597381953084], "x": ["2019-01", "2019-02", "2019-03", "2019-04", "2019-05", "2019-06", "2019-07", "2019-08", "2019-09", "2019-10", "2019-11", "2019-12", "2020-01", "2020-02", "2020-03", "2020-04", "2020-05", "2020-06", "2020-07", "2020-08", "2020-09", "2020-10", "2020-11", "2020-12"], "y": [0.728036642074585, 1.1422089338302612, -0.11905734986066818, 0.1594797521829605, -0.24933771789073944, -0.8291547298431396, 0.08801324665546417, -0.734437882900238, 0.42206233739852905, 0.1898922324180603, -0.5543133616447449, -0.9266879558563232, 0.07128060609102249, -0.44500282406806946, 0.7664492130279541, -0.4716062843799591, -0.2657143473625183, -0.23020711541175842, 0.8573743104934692, 0.49868375062942505, 1.357974886894226, 0.4131461977958679, 1.4564985036849976, -0.2437841296195984]}, "spi_03": {"px": [], "py": [], "pt": [], "pb": [], "x": ["2019-01", "2019-02", "2019-03", "2019-04", "2019-05", "2019-06", "2019-07", "2019-08", "2019-09", "2019-10", "2019-11", "2019-12", "2020-01", "2020-02", "2020-03", "2020-04", "2020-05", "2020-06", "2020-07"], "y": [0.8202699422836304, 1.0968072414398193, 0.8093298077583313, 0.5227515697479248, -0.13757099211215973, -0.29310792684555054, -0.5886685848236084, -0.7029494047164917, -0.2009185552597046, -0.341639906167984, -0.19932323694229126, -0.7264605164527893, -0.22622695565223694, -0.5104953646659851, 0.07881563901901245, -0.09271195530891418, 0.03888796642422676, -0.5786384344100952, -0.14869295060634613]}, "spi_06": {"px": [], "py": [], "pt": [], "pb": [], "x": ["2019-01", "2019-02", "2019-03", "2019-04", "2019-05", "2019-06", "2019-07", "2019-08", "2019-09", "2019-10", "2019-11", "2019-12", "2020-01", "2020-02", "2020-03", "2020-04", "2020-05", "2020-06", "2020-07"], "y": [0.6439290046691895, 0.9960324168205261, 0.822303295135498, 0.698604941368103, 0.5502716302871704, 0.31992918252944946, 0.10421992838382721, -0.3590352237224579, -0.34857964515686035, -0.6981261968612671, -0.7870861291885376, -0.7280223369598389, -0.3560018837451935, -0.5350911617279053, -0.0873875692486763, -0.27433446049690247, -0.35086220502853394, -0.3147564232349396, -0.17237189412117004]}, "spi_12": {"px": ["2021-01", "2021-02", "2021-03", "2021-04", "2021-05", "2021-06", "2021-07", "2021-08", "2021-09", "2021-10", "2021-11", "2021-12"], "py": [-0.37943935506430204, -0.7634994450324244, -0.5480404493774744, -0.78376537509959, -0.7880641325222297, -0.7095367558105775, -0.5543265112359501, -0.55822189779657, -0.5416684014127096, -0.5314369713995069, -0.517239884515238, -0.5937346005201614], "pt": [0.16275368567140802, -0.15567130300030962, 0.11899538704377055, -0.062364956542623196, -0.016118330850801277, 0.10984232467788702, 0.30988632965806184, 0.34861082723604353, 0.4058691165854187, 0.45512732191240435, 0.506865023031839, 0.4665826248826823], "pb": [-0.9216323958000122, -1.3713275870645392, -1.2150762857987194, -1.5051657936565568, -1.5600099341936582, -1.528915836299042, -1.418539352129962, -1.4650546228291836, -1.4892059194108378, -1.5180012647114178, -1.5413447920623151, -1.654051825923005], "x": ["2019-01", "2019-02", "2019-03", "2019-04", "2019-05", "2019-06", "2019-07", "2019-08", "2019-09", "2019-10", "2019-11", "2019-12", "2020-01", "2020-02", "2020-03", "2020-04", "2020-05", "2020-06", "2020-07", "2020-08", "2020-09", "2020-10", "2020-11", "2020-12"], "y": [-0.0013430416584014893, 0.29032066464424133, 0.3724094033241272, 0.15581214427947998, 0.2401072084903717, 0.23917585611343384, 0.28301364183425903, 0.2843794822692871, 0.2946738004684448, 0.29623037576675415, 0.2945586144924164, 0.13564562797546387, -0.06513993442058563, -0.5614761114120483, -0.3120120167732239, -0.6114567518234253, -0.6259783506393433, -0.53328537940979, -0.39289867877960205, -0.32227185368537903, -0.28645792603492737, -0.26717519760131836, -0.18382301926612854, -0.15576580166816711],