{"IIS3": {"px": [], "py": [], "pt": [], "pb": [], "x": ["2019-01", "2019-02", "2019-03", "2019-04", "2019-05", "2019-06", "2019-07", "2019-08", "2019-09", "2019-10", "2019-11", "2019-12", "2020-01", "2020-02", "2020-03", "2020-04", "2020-05", "2020-06", "2020-07", "2020-08", "2020-09", "2020-10", "2020-11", "2020-12"], "y": [NaN, NaN, NaN, NaN, NaN, NaN, NaN, NaN, NaN, NaN, NaN, NaN, NaN, NaN, NaN, NaN, NaN, NaN, NaN, NaN, NaN, NaN, NaN, NaN]}, "VHI": {"px": ["2021-01", "2021-02", "2021-03", "2021-04", "2021-05", "2021-06", "2021-07", "2021-08", "2021-09", "2021-10", "2021-11", "2021-12"], "py": [50.0377029794916, 51.938663482506854, 55.11111861754783, 55.27352613382766, 47.920136819075324, 54.73835759093045, 55.29490006868379, 67.84764258939784, 52.20249580083647, 47.425727849245746, 43.817540058625454, 48.871056556802245], "pt": [59.81202762323227, 63.44941978772364, 68.12870668888193, 69.64076969937605, 63.52070655702539, 71.4816507146112, 73.10775927495236, 86.66938644004034, 71.98173062061781, 68.11819552550182, 65.38460539004582, 71.27860875436738], "pb": [40.26337833575093, 40.427907177290066, 42.09353054621373, 40.906282568279266, 32.31956708112526, 37.99506446724969, 37.48204086241522, 49.02589873875533, 32.42326098105514, 26.733260172989674, 22.250474727205088, 26.463504359237106], "x": ["2019-01", "2019-02", "2019-03", "2019-04", "2019-05", "2019-06", "2019-07", "2019-08", "2019-09", "2019-10", "2019-11", "2019-12", "2020-01", "2020-02", "2020-03", "2020-04", "2020-05", "2020-06", "2020-07", "2020-08", "2020-09", "2020-10", "2020-11", "2020-12"], "y": [46.67095947265625, 42.597694396972656, 51.16057586669922, 52.73368835449219, 44.94211196899414, 54.799034118652344, 54.799034118652344, 68.35384368896484, 53.64384460449219, 49.49326705932617, 46.37931823730469, 52.030906677246094, 57.141357421875, 60.15727233886719, 63.9379997253418, 63.83932113647461, 55.30345916748047, 61.95769500732422, 74.05422973632812, 78.64423370361328, 57.60261535644531, 45.68784713745117, 43.0357666015625, 45.16307830810547]}, "spi_01": {"px": [], "py": [], "pt": [], "pb": [], "x": ["2019-01", "2019-02", "2019-03", "2019-04", "2019-05", "2019-06", "2019-07", "2019-08", "2019-09", "2019-10", "2019-11", "2019-12", "2020-01", "2020-02", "2020-03", "2020-04", "2020-05", "2020-06", "2020-07", "2020-08", "2020-09", "2020-10", "2020-11", "2020-12"], "y": [NaN, NaN, NaN, NaN, NaN, NaN, NaN, NaN, NaN, NaN, NaN, NaN, NaN, NaN, NaN, NaN, NaN, NaN, NaN, NaN, NaN, NaN, NaN, NaN]}, "spi_03": {"px": [], "py": [], "pt": [], "pb": [], "x": ["2019-01", "2019-02", "2019-03", "2019-04", "2019-05", "2019-06", "2019-07", "2019-08", "2019-09", "2019-10", "2019-11", "2019-12", "2020-01", "2020-02", "2020-03", "2020-04", "2020-05", "2020-06", "2020-07"], "y": [NaN, NaN, NaN, NaN, NaN, NaN, NaN, NaN, NaN, NaN, NaN, NaN, NaN, NaN, NaN, NaN, NaN, NaN, NaN]}, "spi_06": {"px": [], "py": [], "pt": [], "pb": [], "x": ["2019-01", "2019-02", "2019-03", "2019-04", "2019-05", "2019-06", "2019-07", "2019-08", "2019-09", "2019-10", "2019-11", "2019-12", "2020-01", "2020-02", "2020-03", "2020-04", "2020-05", "2020-06", "2020-07"], "y": [NaN, NaN, NaN, NaN, NaN, NaN, NaN, NaN, NaN, NaN, NaN, NaN, NaN, NaN, NaN, NaN, NaN, NaN, NaN]}, "spi_12": {"px": [], "py": [], "pt": [], "pb": [], "x": ["2019-01", "2019-02", "2019-03", "2019-04", "2019-05", "2019-06", "2019-07", "2019-08", "2019-09", "2019-10", "2019-11", "2019-12", "2020-01", "2020-02", "2020-03", "2020-04", "2020-05", "2020-06", "2020-07", "2020-08", "2020-09", "2020-10", "2020-11", "2020-12"], "y": [NaN, NaN, NaN, NaN, NaN, NaN, NaN, NaN, NaN, NaN, NaN, NaN, NaN, NaN, NaN, NaN, NaN, NaN, NaN, NaN, NaN, NaN, NaN, NaN], "geox": [-43.58310304152, -43.585853046061814, -43.58352401318108, -43.58452701874316, -43.58391600764926, -43.58425000114329, -43.580568968876086, -43.578322947512355, -43.577763939176684, -43.57591192000338, -43.57193388410287, -43.570437867171755, -43.569905855429056, -43.56863484238918, -43.56630482343816, -43.56552281881028, -43.563884809596395, -43.5592467884107, -43.55501775741797, -43.55704378634304, -43.55642978585827, -43.55368976520941, -43.54752372797527, -43.54758374171208, -43.54891476403502, -43.54915879282741, -43.543909776865824, -43.542719773728685, -43.53879474899193, -43.53163269441334, -43.529798684577074, -43.52977268908405, -43.52802468042307, -43.528876703478915, -43.53059772800236, -43.5314067368368, -43.533463754338044, -43.53718978064414, -43.539683805972395, -43.541215828552126, -43.5409098283173, -43.53896481402117, -43.54082083553511, -43.53948584589814, -43.53968486014437, -43.541548884564236, -43.54290491671203, -43.54226992936835, -43.541073929614065, -43.539550922663636, -43.5397029284006, -43.54296297605724, -43.542716981009185, -43.54357599869063, -43.54696005071461, -43.547546074247755, -43.546442072407224, -43.54672508158103, -43.549832129976316, -43.549252130909345, -43.546910115630446, -43.545439117785094, -43.543861131746, -43.54507914994612, -43.544607153198484, -43.54529816073288, -43.54455015587508, -43.54207513441391, -43.538932112934845, -43.53680109436149, -43.53912913169753, -43.5392181391497, -43.53843613681938, -43.53887214548043, -43.53746514019156, -43.537130148402476, -43.536047143661946, -43.534664152091096, -43.53082712713004, -43.528018115132646, -43.532741166560136, -43.53568018974453, -43.537044205509964, -43.53718922240388, -43.53455120717411, -43.53679323274639, -43.539221272628815, -43.53918727466293, -43.54512731136135, -43.547545334192804, -43.54887734437936, -43.55109835678583, -43.55549738718949, -43.55907540869626, -43.563966449482834, -43.56285642977041, -43.566187453253825, -43.56848946803331, -43.568659467186556, -43.569600476401284, -43.56958047865832, -43.572160496649374, -43.57518652889629, -43.57820955575235, -43.576831547221495, -43.576329556437415, -43.577684577408846, -43.58196262829254, -43.58526765746882, -43.589291689639175, -43.59438573851001, -43.596130757762126, -43.59586476540741, -43.59685677929865, -43.600078815029526, -43.601054824968934, -43.601768829299544, -43.60338583680302, -43.60429683589463, -43.60415383159517, -43.60140279985851, -43.59977077686111, -43.60444179382434, -43.601468759148325, -43.60024074159244, -43.596632703403614, -43.595164684409106, -43.59438266956109, -43.592486644378575, -43.59418564756934, -43.59893768519006, -43.59957268306653, -43.602601697477795, -43.60577472234107, -43.607271731538724, -43.6118467718333, -43.614074789049965, -43.618185817525735, -43.62456986569571, -43.62944089573702, -43.63049789581917, -43.634357919123104, -43.63032187988987, -43.63032687753102, -43.63232688937652, -43.63190687510717, -43.62705583019152, -43.62460380986434, -43.62446380619988, -43.62246378883809, -43.6211327735133, -43.6199107622457, -43.61813174929111, -43.617382740866894, -43.61721973695797, -43.618326742359166, -43.62132276881803, -43.62546379596368, -43.62643879455267, -43.62621479025252, -43.62410377433844, -43.62279375712414, -43.619495727504, -43.617217701901886, -43.61559967280247, -43.61418365666021, -43.61160563169963, -43.61119062316122, -43.61293263146091, -43.61266462669608, -43.614352636769084, -43.61218060884625, -43.60989058199753, -43.60546753502867, -43.604190513920855, -43.60010847392306, -43.59940646256912, -43.60002045916937, -43.59957742825691, -43.597077397968064, -43.596803390765146, -43.59668738334164, -43.59587937377811, -43.59695836881974, -43.59573935161166, -43.595849347390995, -43.594245317436936, -43.59385129259912, -43.58968923808627, -43.58924321919183, -43.58827920675474, -43.58929621137319, -43.586729169444716, -43.58538215260943, -43.57649606760383, -43.576077061775585, -43.57582205135772, -43.576964056377285, -43.57718705115038, -43.580269080344294, -43.58129808834085, -43.58143108284761, -43.582954088513624, -43.58431508199013, -43.58302605681689, -43.58310304152],