{"IIS3": {"px": [], "py": [], "pt": [], "pb": [], "x": ["2019-01", "2019-02", "2019-03", "2019-04", "2019-05", "2019-06", "2019-07", "2019-08", "2019-09", "2019-10", "2019-11", "2019-12", "2020-01", "2020-02", "2020-03", "2020-04", "2020-05", "2020-06", "2020-07", "2020-08", "2020-09", "2020-10", "2020-11", "2020-12"], "y": [NaN, NaN, NaN, NaN, NaN, NaN, NaN, NaN, NaN, NaN, NaN, NaN, NaN, NaN, NaN, NaN, NaN, NaN, NaN, NaN, NaN, NaN, NaN, NaN]}, "VHI": {"px": ["2021-01", "2021-02", "2021-03", "2021-04", "2021-05", "2021-06", "2021-07", "2021-08", "2021-09", "2021-10", "2021-11", "2021-12"], "py": [101.90442359497845, 124.21040474396091, 129.20048747695594, 144.36016857528557, 155.08315256939153, 145.73145228993585, 141.39469133307796, 136.38546390366326, 157.50744256528765, 141.8874466580102, 101.49349978701918, 75.04992980595145], "pt": [131.20172138148442, 160.09211986450305, 170.63312319316734, 190.68326351498936, 205.82756060804488, 200.54167733594238, 199.98928657866708, 198.53441734935654, 223.0181915824946, 210.59569986820335, 173.25692976076382, 149.7436758895232], "pb": [72.60712580847249, 88.32868962341877, 87.76785176074455, 98.03707363558178, 104.33874453073818, 90.92122724392932, 82.80009608748884, 74.23651045796998, 91.99669354808069, 73.17919344781703, 29.730069813274525, 0.3561837223797113], "x": ["2019-01", "2019-02", "2019-03", "2019-04", "2019-05", "2019-06", "2019-07", "2019-08", "2019-09", "2019-10", "2019-11", "2019-12", "2020-01", "2020-02", "2020-03", "2020-04", "2020-05", "2020-06", "2020-07", "2020-08", "2020-09", "2020-10", "2020-11", "2020-12"], "y": [64.48318481445312, 60.362953186035156, 57.330909729003906, 64.85126495361328, 72.64159393310547, 67.05636596679688, 67.05636596679688, 63.224727630615234, 75.11763000488281, 66.69522094726562, 44.22833251953125, 29.58119773864746, 47.96616744995117, 61.08133316040039, 64.092529296875, 73.03500366210938, 80.75318145751953, 78.18563842773438, 66.42977905273438, 68.50341033935547, 78.49345397949219, 69.77362823486328, 76.5956802368164, 70.70514678955078]}, "spi_01": {"px": [], "py": [], "pt": [], "pb": [], "x": ["2019-01", "2019-02", "2019-03", "2019-04", "2019-05", "2019-06", "2019-07", "2019-08", "2019-09", "2019-10", "2019-11", "2019-12", "2020-01", "2020-02", "2020-03", "2020-04", "2020-05", "2020-06", "2020-07", "2020-08", "2020-09", "2020-10", "2020-11", "2020-12"], "y": [NaN, NaN, NaN, NaN, NaN, NaN, NaN, NaN, NaN, NaN, NaN, NaN, NaN, NaN, NaN, NaN, NaN, NaN, NaN, NaN, NaN, NaN, NaN, NaN]}, "spi_03": {"px": [], "py": [], "pt": [], "pb": [], "x": ["2019-01", "2019-02", "2019-03", "2019-04", "2019-05", "2019-06", "2019-07", "2019-08", "2019-09", "2019-10", "2019-11", "2019-12", "2020-01", "2020-02", "2020-03", "2020-04", "2020-05", "2020-06", "2020-07"], "y": [NaN, NaN, NaN, NaN, NaN, NaN, NaN, NaN, NaN, NaN, NaN, NaN, NaN, NaN, NaN, NaN, NaN, NaN, NaN]}, "spi_06": {"px": [], "py": [], "pt": [], "pb": [], "x": ["2019-01", "2019-02", "2019-03", "2019-04", "2019-05", "2019-06", "2019-07", "2019-08", "2019-09", "2019-10", "2019-11", "2019-12", "2020-01", "2020-02", "2020-03", "2020-04", "2020-05", "2020-06", "2020-07"], "y": [NaN, NaN, NaN, NaN, NaN, NaN, NaN, NaN, NaN, NaN, NaN, NaN, NaN, NaN, NaN, NaN, NaN, NaN, NaN]}, "spi_12": {"px": [], "py": [], "pt": [], "pb": [], "x": ["2019-01", "2019-02", "2019-03", "2019-04", "2019-05", "2019-06", "2019-07", "2019-08", "2019-09", "2019-10", "2019-11", "2019-12", "2020-01", "2020-02", "2020-03", "2020-04", "2020-05", "2020-06", "2020-07", "2020-08", "2020-09", "2020-10", "2020-11", "2020-12"], "y": [NaN, NaN, NaN, NaN, NaN, NaN, NaN, NaN, NaN, NaN, NaN, NaN, NaN, NaN, NaN, NaN, NaN, NaN, NaN, NaN, NaN, NaN, NaN, NaN], "geox": [-39.6794063944183, -39.575517506183274, -39.529269079433114, -39.52017499296967, -39.474791560688296, -39.47432455910043, -39.477931599464874, -39.47235955493289, -39.4697365395595, -39.46931354379117, -39.465495511868504, -39.46438350356397, -39.46399451543701, -39.46562353913414, -39.466933553262656, -39.463534540090066, -39.46292654141377, -39.46418156138202, -39.46398656827656, -39.46243255824919, -39.45857352555808, -39.45712851440729, -39.45514650023908, -39.45450049725709, -39.45452149875433, -39.45666251975018, -39.457879533957055, -39.46032355875689, -39.46107456944924, -39.45857055124437, -39.458011549731445, -39.45957156791189, -39.462931600651714, -39.46410461094237, -39.46538062929997, -39.468187657469684, -39.470280681083715, -39.47068868919006, -39.47310571872746, -39.472911730263476, -39.47359073914895, -39.47406374362418, -39.477903779087505, -39.478827788943214, -39.4787437930758, -39.479521803086726, -39.48334384222683, -39.486657872407385, -39.49398893686183, -39.50180500300313, -39.50343501836062, -39.506769053169805, -39.50799107324103, -39.510100096507394, -39.51078110678549, -39.510801110670094, -39.511761120189924, -39.51821017938671, -39.52082620046886, -39.522853218110114, -39.53196330416724, -39.533740316341, -39.537070342501565, -39.53870635232805, -39.5380883449933, -39.53780234015083, -39.53890834672697, -39.5412093652655, -39.5431063814174, -39.54601540922499, -39.54652241290368, -39.548381425085246, -39.54910542801947, -39.54888042220837, -39.54624739375465, -39.54682839562055, -39.55029742170675, -39.55338344210164, -39.55935448652839, -39.56468752108433, -39.566820537371825, -39.56704553750863, -39.57422158524218, -39.57522559321657, -39.58320765899634, -39.583150656419065, -39.58251964896938, -39.583194651504925, -39.63215903238252, -39.67980540206597, -39.6794063944183], "geoy": [-12.884198444991544, -12.89727067739822, -12.881512634082224, -12.876645613502168, -12.851835507016967, -12.853585519579589, -12.859763556704431, -12.862707584414, -12.868008624123652, -12.873560662515352, -12.874593674801762, -12.875589683114177, -12.886274756407053, -12.892876799110649, -12.89474080999491, -12.906307893410455, -12.910943925799703, -12.917212966727769, -12.923209007793268, -12.925697026865775, -12.92644703729671, -12.927488046374503, -12.929701064167771, -12.93156207772117, -12.932477083917188, -12.934051091667701, -12.93652810683624, -12.938904119620467, -12.941772138089133, -12.944352159098115, -12.946703175860325, -12.949853195124765, -12.95217320625254, -12.952191204751978, -12.9571902369749, -12.959696250125763, -12.963377272249792, -12.966527293095501, -12.972349329314568, -12.981529391963347, -12.983570404888845, -12.98380340581572, -12.985093409252178, -12.986320416305553, -12.989693439335104, -12.991912453327963, -12.995857474815177, -12.996676475774281, -12.996892467057048, -12.99534344568024, -12.996103448575413, -13.0000084704525, -13.00649651279365, -13.0098265324611, -13.012812551778126, -13.015375569143076, -13.016150573065891, -13.018073577136045, -13.016830565060308, -13.016769561824194, -13.021173579011592, -13.018849560772535, -13.016805542269715, -13.013712519011122, -13.012379510829476, -13.0107625002586, -13.008624484215096, -13.00753147359727, -13.007230468914688, -13.008868475976024, -13.00834747173612, -13.00553445006684, -13.003188433145093, -13.000532415440514, -12.99677739362849, -12.994555377744339, -12.991621353012578, -12.987067317821817, -12.98169127304324, -12.973344208992005, -12.971713194960884, -12.97044618605032, -12.960068105655322, -12.95951410050173, -12.956763070751942, -12.955322061051733, -12.953980052819698, -12.951649036062616, -12.9191807478141, -12.887096464105253, -12.884198444991544]}}