{"IIS3": {"px": [], "py": [], "pt": [], "pb": [], "x": ["2019-01", "2019-02", "2019-03", "2019-04", "2019-05", "2019-06", "2019-07", "2019-08", "2019-09", "2019-10", "2019-11", "2019-12", "2020-01", "2020-02", "2020-03", "2020-04", "2020-05", "2020-06", "2020-07", "2020-08", "2020-09", "2020-10", "2020-11", "2020-12"], "y": [NaN, NaN, NaN, NaN, NaN, NaN, NaN, NaN, NaN, NaN, NaN, NaN, NaN, NaN, NaN, NaN, NaN, NaN, NaN, NaN, NaN, NaN, NaN, NaN]}, "VHI": {"px": ["2021-01", "2021-02", "2021-03", "2021-04", "2021-05", "2021-06", "2021-07", "2021-08", "2021-09", "2021-10", "2021-11", "2021-12"], "py": [59.251234768635754, 58.72453418903207, 54.79695576164029, 64.40416614025999, 54.776020710373345, 53.82252939341943, 61.96792757266394, 66.47210710043052, 33.25301981595109, 25.388118740245936, 47.39278883634397, 56.46518370963558], "pt": [73.6058144667846, 73.6748571640234, 70.32017565322849, 80.47987932968478, 71.38585976120983, 70.9498453547935, 79.59753763037043, 84.59009124693071, 51.84655493649443, 44.44534170228647, 66.90268237195741, 76.41748043249478], "pb": [44.896655070486915, 43.774211214040754, 39.273735870052086, 48.3284529508352, 38.16618165953686, 36.69521343204536, 44.33831751495746, 48.35412295393033, 14.659484695407755, 6.330895778205406, 27.882895300730524, 36.51288698677639], "x": ["2019-01", "2019-02", "2019-03", "2019-04", "2019-05", "2019-06", "2019-07", "2019-08", "2019-09", "2019-10", "2019-11", "2019-12", "2020-01", "2020-02", "2020-03", "2020-04", "2020-05", "2020-06", "2020-07", "2020-08", "2020-09", "2020-10", "2020-11", "2020-12"], "y": [44.365623474121094, 42.332496643066406, 30.120624542236328, 37.55799865722656, 44.69874954223633, 45.39750289916992, 45.39750289916992, 49.38299560546875, 23.393997192382812, 17.77750015258789, 36.617496490478516, 44.18466567993164, 51.350830078125, 51.35166549682617, 48.11199951171875, 57.71999740600586, 49.37624740600586, 48.16499710083008, 57.49937438964844, 56.31187438964844, 32.47850036621094, 35.429500579833984, 39.792503356933594, 42.18583297729492]}, "spi_01": {"px": [], "py": [], "pt": [], "pb": [], "x": ["2019-01", "2019-02", "2019-03", "2019-04", "2019-05", "2019-06", "2019-07", "2019-08", "2019-09", "2019-10", "2019-11", "2019-12", "2020-01", "2020-02", "2020-03", "2020-04", "2020-05", "2020-06", "2020-07", "2020-08", "2020-09", "2020-10", "2020-11", "2020-12"], "y": [NaN, NaN, NaN, NaN, NaN, NaN, NaN, NaN, NaN, NaN, NaN, NaN, NaN, NaN, NaN, NaN, NaN, NaN, NaN, NaN, NaN, NaN, NaN, NaN]}, "spi_03": {"px": [], "py": [], "pt": [], "pb": [], "x": ["2019-01", "2019-02", "2019-03", "2019-04", "2019-05", "2019-06", "2019-07", "2019-08", "2019-09", "2019-10", "2019-11", "2019-12", "2020-01", "2020-02", "2020-03", "2020-04", "2020-05", "2020-06", "2020-07"], "y": [NaN, NaN, NaN, NaN, NaN, NaN, NaN, NaN, NaN, NaN, NaN, NaN, NaN, NaN, NaN, NaN, NaN, NaN, NaN]}, "spi_06": {"px": [], "py": [], "pt": [], "pb": [], "x": ["2019-01", "2019-02", "2019-03", "2019-04", "2019-05", "2019-06", "2019-07", "2019-08", "2019-09", "2019-10", "2019-11", "2019-12", "2020-01", "2020-02", "2020-03", "2020-04", "2020-05", "2020-06", "2020-07"], "y": [NaN, NaN, NaN, NaN, NaN, NaN, NaN, NaN, NaN, NaN, NaN, NaN, NaN, NaN, NaN, NaN, NaN, NaN, NaN]}, "spi_12": {"px": [], "py": [], "pt": [], "pb": [], "x": ["2019-01", "2019-02", "2019-03", "2019-04", "2019-05", "2019-06", "2019-07", "2019-08", "2019-09", "2019-10", "2019-11", "2019-12", "2020-01", "2020-02", "2020-03", "2020-04", "2020-05", "2020-06", "2020-07", "2020-08", "2020-09", "2020-10", "2020-11", "2020-12"], "y": [NaN, NaN, NaN, NaN, NaN, NaN, NaN, NaN, NaN, NaN, NaN, NaN, NaN, NaN, NaN, NaN, NaN, NaN, NaN, NaN, NaN, NaN, NaN, NaN], "geox": [-44.00474799618732, -44.003807989495655, -44.004636998060434, -44.00457799999233, -44.003608991635964, -44.00430199949919, -44.00350399735641, -44.00057697557414, -43.99963996617116, -43.99830195836206, -43.998691969548624, -43.99775196247487, -43.99772396455887, -43.9981359703112, -43.99863897243637, -43.999220979292474, -43.999580986843156, -43.99874497797089, -43.993744945359005, -43.9945809567962, -43.99380395510819, -43.99438596199144, -43.992078955143576, -43.99210795810943, -43.99285796305641, -43.992471967733444, -43.99149895979367, -43.991245954733344, -43.99036294823111, -43.98882994510219, -43.98696692998438, -43.98660492986832, -43.98560992072515, -43.98534691608658, -43.982884894419534, -43.98249388882206, -43.9833588944544, -43.982497885539715, -43.980496869176235, -43.98124087732814, -43.98085487620975, -43.979694865363875, -43.97855585146009, -43.97746884296031, -43.9780218390187, -43.9769718302703, -43.97755283044461, -43.97685282224285, -43.97169378178685, -43.96933375039067, -43.967216729205916, -43.96688472155011, -43.96608071335434, -43.96724671932858, -43.965825701532964, -43.96143666520099, -43.961003663688814, -43.95996665534365, -43.9594166482412, -43.9555486202761, -43.951716612185926, -43.94721559254946, -43.94341856998192, -43.940690548179596, -43.93866553484841, -43.93800454191999, -43.93563053269378, -43.93607654875065, -43.93815656783129, -43.948605651494546, -43.95332370103064, -43.95550172628401, -43.95733175971523, -43.96005179021181, -43.96066779501539, -43.96411481126364, -43.97035885561959, -43.977581962747905, -43.980177988007064, -43.98354102653375, -43.98588604517127, -43.98816606672808, -43.99244708178088, -43.99455809473203, -43.997189113839895, -43.999994137892564, -44.00005513984863, -44.00219715256797, -44.00258514819818, -44.00763819331591, -44.010026209366046, -44.00852018055005, -44.00661116131467, -44.00747614885958, -44.008567156698454, -44.011624191395335, -44.017302247131106, -44.019251262584056, -44.01941326641345, -44.0211502838097, -44.02311230059524, -44.02425530580889, -44.026217323718754, -44.030191355045126, -44.031749364950215, -44.03502739208796, -44.037113404257184, -44.03999641474117, -44.039529408364125, -44.03470336045281, -44.03441735278218, -44.041922399986795, -44.0423864008595, -44.04189138434243, -44.041172376345585, -44.03578132631043, -44.03093927525908, -44.02466621699605, -44.02199518948165, -44.01318711614889, -44.012358101678934, -44.013103097328475, -44.01177807972206, -44.013136081337095, -44.00967004367461, -44.004896997787995, -44.00474799618732],