{"IIS3": {"px": [], "py": [], "pt": [], "pb": [], "x": ["2019-01", "2019-02", "2019-03", "2019-04", "2019-05", "2019-06", "2019-07", "2019-08", "2019-09", "2019-10", "2019-11", "2019-12", "2020-01", "2020-02", "2020-03", "2020-04", "2020-05", "2020-06", "2020-07", "2020-08", "2020-09", "2020-10", "2020-11", "2020-12"], "y": [NaN, NaN, NaN, NaN, NaN, NaN, NaN, NaN, NaN, NaN, NaN, NaN, NaN, NaN, NaN, NaN, NaN, NaN, NaN, NaN, NaN, NaN, NaN, NaN]}, "VHI": {"px": ["2021-01", "2021-02", "2021-03", "2021-04", "2021-05", "2021-06", "2021-07", "2021-08", "2021-09", "2021-10", "2021-11", "2021-12"], "py": [55.37478848082047, 57.73481211143266, 64.21563063518175, 74.04264976531987, 82.17999248381909, 79.13516575393496, 73.30945242695968, 85.41871368001927, 96.14179246933146, 81.47380719235682, 64.03903648485769, 56.579015955008174], "pt": [73.42291530144209, 79.83916281831723, 89.7395362652505, 102.57924376412012, 113.44026496331082, 112.90011909214905, 109.40570586649937, 123.70457204588575, 136.49863066623305, 123.80041617170457, 108.24773773393656, 102.59289108599467], "pb": [37.32666166019885, 35.630461404548086, 38.691725005113, 45.50605576651962, 50.919720004327345, 45.37021241572086, 37.21319898741997, 47.13285531415278, 55.78495427242987, 39.14719821300906, 19.830335235778804, 10.565140824021682], "x": ["2019-01", "2019-02", "2019-03", "2019-04", "2019-05", "2019-06", "2019-07", "2019-08", "2019-09", "2019-10", "2019-11", "2019-12", "2020-01", "2020-02", "2020-03", "2020-04", "2020-05", "2020-06", "2020-07", "2020-08", "2020-09", "2020-10", "2020-11", "2020-12"], "y": [43.284183502197266, 28.553409576416016, 29.72645378112793, 41.121891021728516, 48.41151428222656, 40.08677291870117, 40.08677291870117, 47.83189010620117, 55.65502166748047, 46.2673225402832, 34.671634674072266, 30.07956314086914, 33.175315856933594, 35.845680236816406, 41.332435607910156, 48.97913360595703, 55.888362884521484, 55.070655822753906, 58.263954162597656, 62.90486526489258, 64.60545349121094, 50.200687408447266, 54.73999786376953, 52.01666259765625]}, "spi_01": {"px": [], "py": [], "pt": [], "pb": [], "x": ["2019-01", "2019-02", "2019-03", "2019-04", "2019-05", "2019-06", "2019-07", "2019-08", "2019-09", "2019-10", "2019-11", "2019-12", "2020-01", "2020-02", "2020-03", "2020-04", "2020-05", "2020-06", "2020-07", "2020-08", "2020-09", "2020-10", "2020-11", "2020-12"], "y": [NaN, NaN, NaN, NaN, NaN, NaN, NaN, NaN, NaN, NaN, NaN, NaN, NaN, NaN, NaN, NaN, NaN, NaN, NaN, NaN, NaN, NaN, NaN, NaN]}, "spi_03": {"px": [], "py": [], "pt": [], "pb": [], "x": ["2019-01", "2019-02", "2019-03", "2019-04", "2019-05", "2019-06", "2019-07", "2019-08", "2019-09", "2019-10", "2019-11", "2019-12", "2020-01", "2020-02", "2020-03", "2020-04", "2020-05", "2020-06", "2020-07"], "y": [NaN, NaN, NaN, NaN, NaN, NaN, NaN, NaN, NaN, NaN, NaN, NaN, NaN, NaN, NaN, NaN, NaN, NaN, NaN]}, "spi_06": {"px": [], "py": [], "pt": [], "pb": [], "x": ["2019-01", "2019-02", "2019-03", "2019-04", "2019-05", "2019-06", "2019-07", "2019-08", "2019-09", "2019-10", "2019-11", "2019-12", "2020-01", "2020-02", "2020-03", "2020-04", "2020-05", "2020-06", "2020-07"], "y": [NaN, NaN, NaN, NaN, NaN, NaN, NaN, NaN, NaN, NaN, NaN, NaN, NaN, NaN, NaN, NaN, NaN, NaN, NaN]}, "spi_12": {"px": [], "py": [], "pt": [], "pb": [], "x": ["2019-01", "2019-02", "2019-03", "2019-04", "2019-05", "2019-06", "2019-07", "2019-08", "2019-09", "2019-10", "2019-11", "2019-12", "2020-01", "2020-02", "2020-03", "2020-04", "2020-05", "2020-06", "2020-07", "2020-08", "2020-09", "2020-10", "2020-11", "2020-12"], "y": [NaN, NaN, NaN, NaN, NaN, NaN, NaN, NaN, NaN, NaN, NaN, NaN, NaN, NaN, NaN, NaN, NaN, NaN, NaN, NaN, NaN, NaN, NaN, NaN], "geox": [-40.16612911046132, -40.158385048538555, -40.15703803648426, -40.15513001614754, -40.1493559654587, -40.14860496136442, -40.14568893644353, -40.14435092712085, -40.14074189437319, -40.13860287642658, -40.13874788300585, -40.13588386150148, -40.133636842603636, -40.13213682422153, -40.1276047836751, -40.1216837350993, -40.11882170999439, -40.12079273231659, -40.12110573841818, -40.117521713075256, -40.11694471120012, -40.11218367446422, -40.11084666577764, -40.10693563449649, -40.10618562981311, -40.107248648994855, -40.10674264743249, -40.10535563744914, -40.105989645619566, -40.10561264446975, -40.10251161919013, -40.10023659786194, -40.09652756651375, -40.08601947789895, -40.08477046642144, -40.083065441070225, -40.081080422632375, -40.07290635455533, -40.068322312596976, -40.065636284765425, -40.06516228452603, -40.06596530034613, -40.06207627112692, -40.060801263120645, -40.05921325056723, -40.051211179388034, -40.04601913963619, -40.04396811860642, -40.04253010676404, -40.0387130833743, -40.032860034409396, -40.03240503606906, -40.03141402699717, -40.02796299122417, -40.02696997967414, -40.02502396149742, -40.02429495081814, -40.02210193199413, -40.02093992421788, -40.01821390222556, -40.011657841634864, -40.01034783159449, -40.00862581553006, -40.00735680237229, -40.00835180448001, -40.007858791590245, -40.00357274939286, -39.99377264627075, -39.99041261472305, -39.98718458703811, -39.985377564846566, -39.98495955174221, -39.983772540064976, -39.98368853479644, -39.98287952627898, -39.98040850495468, -39.97907549055527, -39.97679946954294, -39.973819439648786, -39.973797437180615, -39.972353422364, -39.97262542121491, -39.971601411967264, -39.969837399445, -39.96896739102618, -39.96881738711613, -39.96738137393491, -39.966323366416766, -39.96335933944719, -39.914695006066374, -39.87190371368839, -39.87348973100927, -39.87523874813005, -39.87546975414632, -39.8773247721752, -39.87729777634023, -39.87992881101889, -39.88218583232456, -39.88279683986603, -39.88188183818507, -39.88216184401527, -39.885330880551955, -39.888522927875556, -39.88918393352889, -39.89104295314825, -39.893203970795554, -39.894594984284936, -39.89610300368486, -39.89598900715763, -39.8967630157581, -39.8992590378534, -39.89977804460456, -39.899189044434834, -39.900430056219655, -39.900242058596305, -39.898942051773474, -39.89550202348001, -39.89837105428808, -39.90013207580095, -39.89946007425676, -39.90124809786236, -39.89973908668168, -39.900298094896804, -39.90274011942974, -39.9061521476696, -39.90820816644233, -39.91029818233855, -39.91118619262623, -39.909792191136304, -39.91132020571135, -39.914869235263595, -39.9163202445873, -39.91632123990629, -39.91821125426884, -39.92068129413654, -39.92516233787755, -39.925959347135084, -39.927875362068995, -39.9288013676484, -39.93285240329708, -39.93415441709319, -39.93807845090205, -39.940881477895935, -39.94171748415418, -39.94224248418847, -39.944380500580976, -39.944527500496434, -39.94274447021708, -39.946347500263684, -39.94765351261214, -39.94929152399453, -39.95113453636193, -39.95204254424494, -39.95358356520244, -39.95649059275577, -39.96079164163467, -39.96228765576374, -39.96799369776924, -39.97190872987957, -39.97523975917455, -39.98348983444605, -39.9844338411326, -39.98752586698187, -39.98868488135348, -39.99001189330808, -39.99165890689317, -39.992740911724084, -39.994713925576825, -39.99832296051694, -39.998378968080196, -40.00015298607382, -40.00127100009294, -40.0067900546365, -40.01505212820036, -40.02240719541943, -40.02576824171787, -40.02481923939517, -40.02799227550254, -40.02821228170025, -40.03266233046571, -40.03935839830241, -40.03824739681096, -40.04327745507123, -40.044441472816644, -40.04199445272366, -40.03887442376499, -40.03633040360274, -40.0345423930689, -40.03268838541845, -40.032660389761695, -40.033984406814206, -40.032550400516044, -40.0304083872339, -40.028690380202, -40.02607636081929, -40.025017357269135, -40.0186843126766, -40.017682311474864, -40.01349228623147, -40.01579031488613, -40.017715335984434, -40.018964351942564, -40.018942354615895, -40.02023737007729, -40.022958398086345, -40.02365441045684, -40.03152646930094, -40.033631481395346, -40.08398587646194, -40.086241895019235, -40.085186883789156, -40.08502387935047, 