{"IIS3": {"px": [], "py": [], "pt": [], "pb": [], "x": ["2019-01", "2019-02", "2019-03", "2019-04", "2019-05", "2019-06", "2019-07", "2019-08", "2019-09", "2019-10", "2019-11", "2019-12", "2020-01", "2020-02", "2020-03", "2020-04", "2020-05", "2020-06", "2020-07", "2020-08", "2020-09", "2020-10", "2020-11", "2020-12"], "y": [NaN, NaN, NaN, NaN, NaN, NaN, NaN, NaN, NaN, NaN, NaN, NaN, NaN, NaN, NaN, NaN, NaN, NaN, NaN, NaN, NaN, NaN, NaN, NaN]}, "VHI": {"px": ["2021-01", "2021-02", "2021-03", "2021-04", "2021-05", "2021-06", "2021-07", "2021-08", "2021-09", "2021-10", "2021-11", "2021-12"], "py": [91.13153094631568, 115.2107396309859, 104.30147059483446, 90.0650141269054, 84.64457615570447, 89.09663142415857, 85.37412116748125, 64.49235461047667, 51.7366524004682, 41.55362477448493, 35.961209870708856, 39.6005497913588], "pt": [106.01812041477507, 131.88252847156303, 122.58497519015589, 109.82923780074307, 105.78606462203136, 111.53099193909591, 109.03080159514326, 89.31122900072396, 77.66568098121567, 68.54718919794642, 63.97889209865042, 68.60621328261959], "pb": [76.24494147785629, 98.53895079040875, 86.01796599951304, 70.30079045306772, 63.50308768937758, 66.66227090922123, 61.71744073981925, 39.67348022022938, 25.80762381972073, 14.560060351023438, 7.94352764276729, 10.594886300098004], "x": ["2019-01", "2019-02", "2019-03", "2019-04", "2019-05", "2019-06", "2019-07", "2019-08", "2019-09", "2019-10", "2019-11", "2019-12", "2020-01", "2020-02", "2020-03", "2020-04", "2020-05", "2020-06", "2020-07", "2020-08", "2020-09", "2020-10", "2020-11", "2020-12"], "y": [68.48729705810547, 85.98619842529297, 76.8046646118164, 73.85519409179688, 60.510498046875, 58.287296295166016, 58.287296295166016, 42.209999084472656, 32.433677673339844, 24.50870132446289, 20.116500854492188, 22.84789276123047, 64.40479278564453, 83.15179443359375, 75.56002807617188, 65.3582992553711, 62.476097106933594, 67.18949890136719, 60.74740219116211, 53.725399017333984, 42.00688171386719, 38.3400764465332, 43.0198974609375, 32.77199935913086]}, "spi_01": {"px": [], "py": [], "pt": [], "pb": [], "x": ["2019-01", "2019-02", "2019-03", "2019-04", "2019-05", "2019-06", "2019-07", "2019-08", "2019-09", "2019-10", "2019-11", "2019-12", "2020-01", "2020-02", "2020-03", "2020-04", "2020-05", "2020-06", "2020-07", "2020-08", "2020-09", "2020-10", "2020-11", "2020-12"], "y": [NaN, NaN, NaN, NaN, NaN, NaN, NaN, NaN, NaN, NaN, NaN, NaN, NaN, NaN, NaN, NaN, NaN, NaN, NaN, NaN, NaN, NaN, NaN, NaN]}, "spi_03": {"px": [], "py": [], "pt": [], "pb": [], "x": ["2019-01", "2019-02", "2019-03", "2019-04", "2019-05", "2019-06", "2019-07", "2019-08", "2019-09", "2019-10", "2019-11", "2019-12", "2020-01", "2020-02", "2020-03", "2020-04", "2020-05", "2020-06", "2020-07"], "y": [NaN, NaN, NaN, NaN, NaN, NaN, NaN, NaN, NaN, NaN, NaN, NaN, NaN, NaN, NaN, NaN, NaN, NaN, NaN]}, "spi_06": {"px": [], "py": [], "pt": [], "pb": [], "x": ["2019-01", "2019-02", "2019-03", "2019-04", "2019-05", "2019-06", "2019-07", "2019-08", "2019-09", "2019-10", "2019-11", "2019-12", "2020-01", "2020-02", "2020-03", "2020-04", "2020-05", "2020-06", "2020-07"], "y": [NaN, NaN, NaN, NaN, NaN, NaN, NaN, NaN, NaN, NaN, NaN, NaN, NaN, NaN, NaN, NaN, NaN, NaN, NaN]}, "spi_12": {"px": [], "py": [], "pt": [], "pb": [], "x": ["2019-01", "2019-02", "2019-03", "2019-04", "2019-05", "2019-06", "2019-07", "2019-08", "2019-09", "2019-10", "2019-11", "2019-12", "2020-01", "2020-02", "2020-03", "2020-04", "2020-05", "2020-06", "2020-07", "2020-08", "2020-09", "2020-10", "2020-11", "2020-12"], "y": [NaN, NaN, NaN, NaN, NaN, NaN, NaN, NaN, NaN, NaN, NaN, NaN, NaN, NaN, NaN, NaN, NaN, NaN, NaN, NaN, NaN, NaN, NaN, NaN], "geox": [-36.33403999596628, -36.332334983300825, -36.32066486285001, -36.284746539494826, -36.276085454432945, -36.272377420931555, -36.2694583940843, -36.263614336278195, -36.259155295241506, -36.25620426864739, -36.25395724902907, -36.25295724189637, -36.258091295196465, -36.25989131593247, -36.25993531875906, -36.25909331326162, -36.224172023621016, -36.25479534702938, -36.28135061796919, -36.302210846647675, -36.29569379272255, -36.30454087064629, -36.3209780119937, -36.32892307910316, -36.34336420250314, -36.41169381425003, -36.41196381506246, -36.413916830919305, -36.414761835958565, -36.41568184331622, -36.41995487921452, -36.42674994110604, -36.444161065093965, -36.44872408774038, -36.41063775492592, -36.39467060799089, -36.39244157447873, -36.37962145844048, -36.37251338984406, -36.37044436677709, -36.363079300812174, -36.37368436137067, -36.37199933706262, -36.338511046006474, -36.338068040680994, -36.33329099486548, -36.33403999596628], "geoy": [-5.889802779990439, -5.894100815551916, -5.865576592911771, -5.859294563234748, -5.845548457575725, -5.844706452942618, -5.843223442688952, -5.8332213655019425, -5.8309123494760335, -5.830365346773344, -5.831046353558067, -5.834124378935652, -5.847263481812323, -5.855406546354979, -5.859614580218293, -5.863070608538368, -5.89995592588316, -5.98616860143254, -6.04404505053626, -6.115375610235323, -6.122168668651018, -6.120741651840879, -6.112463575509751, -6.1064725226699625, -6.097952445629386, -6.104202454278037, -6.101579433108793, -6.099080411910915, -6.094989378635205, -6.093626367161408, -6.090148336716941, -6.092569351987233, -6.041422931782354, -6.011493689188993, -6.021219789965771, -6.012963733309437, -5.989970550178531, -5.986593530709445, -5.977546462318131, -5.969674400348955, -5.968927398718941, -5.9115379314815515, -5.895606804438971, -5.907364918585514, -5.90499889982334, -5.89933885711323, -5.889802779990439]}}