{"IIS3": {"px": [], "py": [], "pt": [], "pb": [], "x": ["2019-01", "2019-02", "2019-03", "2019-04", "2019-05", "2019-06", "2019-07", "2019-08", "2019-09", "2019-10", "2019-11", "2019-12", "2020-01", "2020-02", "2020-03", "2020-04", "2020-05", "2020-06", "2020-07", "2020-08", "2020-09", "2020-10", "2020-11", "2020-12"], "y": [NaN, NaN, NaN, NaN, NaN, NaN, NaN, NaN, NaN, NaN, NaN, NaN, NaN, NaN, NaN, NaN, NaN, NaN, NaN, NaN, NaN, NaN, NaN, NaN]}, "VHI": {"px": ["2021-01", "2021-02", "2021-03", "2021-04", "2021-05", "2021-06", "2021-07", "2021-08", "2021-09", "2021-10", "2021-11", "2021-12"], "py": [53.76389073383385, 57.538231811137564, 61.1075002508351, 66.6973216785817, 60.75491875507208, 62.3155169822991, 60.51700764371195, 64.77499265684894, 46.895449599041655, 46.54707919467678, 51.73113121289259, 51.26038736061986], "pt": [67.16767581461382, 73.95444880371741, 80.06331482587237, 87.8905666415156, 83.97095540895965, 87.39170257282262, 87.32457764970293, 93.20871445829158, 76.86722400993636, 77.98174138776056, 84.56356507103078, 85.43346797833337], "pb": [40.36010565305388, 41.122014818557716, 42.151685675797836, 45.5040767156478, 37.53888210118451, 37.23933139177558, 33.70943763772097, 36.34127085540629, 16.923675188146944, 15.112417001593002, 18.898697354754404, 17.08730674290635], "x": ["2019-01", "2019-02", "2019-03", "2019-04", "2019-05", "2019-06", "2019-07", "2019-08", "2019-09", "2019-10", "2019-11", "2019-12", "2020-01", "2020-02", "2020-03", "2020-04", "2020-05", "2020-06", "2020-07", "2020-08", "2020-09", "2020-10", "2020-11", "2020-12"], "y": [39.36021423339844, 43.31556701660156, 45.0919303894043, 48.972984313964844, 47.30793380737305, 49.8463020324707, 49.8463020324707, 54.5366096496582, 39.36886978149414, 40.047061920166016, 45.71144104003906, 45.888999938964844, 52.11182403564453, 56.76557159423828, 61.02146530151367, 66.31009674072266, 59.301631927490234, 60.13347244262695, 63.254783630371094, 70.03825378417969, 46.813392639160156, 33.10243225097656, 34.65434646606445, 47.826663970947266]}, "spi_01": {"px": [], "py": [], "pt": [], "pb": [], "x": ["2019-01", "2019-02", "2019-03", "2019-04", "2019-05", "2019-06", "2019-07", "2019-08", "2019-09", "2019-10", "2019-11", "2019-12", "2020-01", "2020-02", "2020-03", "2020-04", "2020-05", "2020-06", "2020-07", "2020-08", "2020-09", "2020-10", "2020-11", "2020-12"], "y": [NaN, NaN, NaN, NaN, NaN, NaN, NaN, NaN, NaN, NaN, NaN, NaN, NaN, NaN, NaN, NaN, NaN, NaN, NaN, NaN, NaN, NaN, NaN, NaN]}, "spi_03": {"px": [], "py": [], "pt": [], "pb": [], "x": ["2019-01", "2019-02", "2019-03", "2019-04", "2019-05", "2019-06", "2019-07", "2019-08", "2019-09", "2019-10", "2019-11", "2019-12", "2020-01", "2020-02", "2020-03", "2020-04", "2020-05", "2020-06", "2020-07"], "y": [NaN, NaN, NaN, NaN, NaN, NaN, NaN, NaN, NaN, NaN, NaN, NaN, NaN, NaN, NaN, NaN, NaN, NaN, NaN]}, "spi_06": {"px": [], "py": [], "pt": [], "pb": [], "x": ["2019-01", "2019-02", "2019-03", "2019-04", "2019-05", "2019-06", "2019-07", "2019-08", "2019-09", "2019-10", "2019-11", "2019-12", "2020-01", "2020-02", "2020-03", "2020-04", "2020-05", "2020-06", "2020-07"], "y": [NaN, NaN, NaN, NaN, NaN, NaN, NaN, NaN, NaN, NaN, NaN, NaN, NaN, NaN, NaN, NaN, NaN, NaN, NaN]}, "spi_12": {"px": [], "py": [], "pt": [], "pb": [], "x": ["2019-01", "2019-02", "2019-03", "2019-04", "2019-05", "2019-06", "2019-07", "2019-08", "2019-09", "2019-10", "2019-11", "2019-12", "2020-01", "2020-02", "2020-03", "2020-04", "2020-05", "2020-06", "2020-07", "2020-08", "2020-09", "2020-10", "2020-11", "2020-12"], "y": [NaN, NaN, NaN, NaN, NaN, NaN, NaN, NaN, NaN, NaN, NaN, NaN, NaN, NaN, NaN, NaN, NaN, NaN, NaN, NaN, NaN, NaN, NaN, NaN], "geox": [-44.15250526897556, -44.15194326232202, -44.14869923496129, -44.148089227669566, -44.14822122038902, -44.145808183498225, -44.147483187824896, -44.152083223107425, -44.15525524437201, -44.15569124105359, -44.15471922325647, -44.15449119532661, -44.15544819388016, -44.15899821134956, -44.15697418620458, -44.15702718113433, -44.15356314289696, -44.15330313473284, -44.1550541293409, -44.156717140161525, -44.15897415820742, -44.157247121458504, -44.153139077469405, -44.148832027456265, -44.146780009098485, -44.143772985217275, -44.14141395540436, -44.129228846645105, -44.12042476414545, -44.11961275573633, -44.120110755130526, -44.119442744376585, -44.11949973870511, -44.12338876330294, -44.12682979186123, -44.12930280790644, -44.13351184160695, -44.13416184467139, -44.13207981701403, -44.132666817065605, -44.13200080029062, -44.125831740505404, -44.122187703047494, -44.12164170574387, -44.122634724685746, -44.12008170844766, -44.117196681373485, -44.11433764649858, -44.11324863632698, -44.09996452726881, -44.098940514234336, -44.10072752617707, -44.104469555681206, -44.104972554895426, -44.10318953241775, -44.100163505571125, -44.09836548736982, -44.09727047123121, -44.09577745530238, -44.092083435662026, -44.08710739157244, -44.083302360599305, -44.082554355822964, -44.08237236570977, -44.08150436577467, -44.08199437255261, -44.08383339309946, -44.08719342480624, -44.08805543748726, -44.08805444074541, -44.085115425023304, -44.085054430543806, -44.085912442764105, -44.08544244132091, -44.08260541857524, -44.07905638729126, -44.07185830823626, -44.06949729091053, -44.06669327499215, -44.066642281117055, -44.07058031914728, -44.070781323343574, -44.06925031360117, -44.06660728809231, -44.06436327221798, -44.064224275914206, -44.069157338499245, -44.074052388075536, -44.07441339347205, -44.07285938122159, -44.069250348289124, -44.068308342701044, -44.069303367505896, -44.07182839612518, -44.07063738879721, -44.069251377154124, -44.065220338952905, -44.06477734071177, -44.06405333621309, -44.06244632229631, -44.06069130417183, -44.060551294860815, -44.05921827863095, -44.05271822381254, -44.05166621382231, -44.05011219218114, -44.043927135735984, -44.03858308770276, -44.034581064291686, -44.034640067942114, -44.036164086433175, -44.03666710130548, -44.03461509404597, -44.034885101375025, -44.042025179289304, -44.036640141449915, -44.03372513496972, -44.030136105461146, -44.028470097441534, -44.02858010133292, -44.02780709729289, -44.02452707187211, -44.01768901248491, -44.01072194383395, -44.00971693602118, -44.008143929614064, -44.00712992188979, -44.00335388113578, -43.99969584723358, -43.998969845687114, -43.99682882890053, -43.99246680194713, -43.98969177285652, -43.98739275270524, -43.985222749120624, -43.98133672881893, -43.980441722242254, -43.977073689206684, -43.9760216805724, -43.97341366317284, -43.969522632066344, -43.96828162317286, -43.967830624873145, -43.96560560844416, -43.96302359289005, -43.96143958014332, -43.9580765416202, -43.95596852321503, -43.94921946990839, -43.94505644434762, -43.94318843550295, -43.93482735813465, -43.93280334268788, -43.92955531313204, -43.928047304231875, -43.93080136026352, -43.932803380623525, -43.93302338571326, -43.93033136912739, -43.927250340797194, -43.9183612725129, -43.9162762616381, -43.915920265011955, -43.917490281593565, -43.92100231435392, -43.92329934538832, -43.92393836205535, -43.92280035994511, -43.924840381191814, -43.92646740427422, -43.92453240208115, -43.92502941381911, -43.926193427842094, -43.93066247053353, -43.931990483605695, -43.93393649445175, -43.94004755355117, -43.94472059233441, -43.94530559494073, -43.94721961067925, -43.94985465669553, -43.952496684224315, -43.953886704156915, -43.95816975336502, -43.961857807126584, -43.96830288756795, -43.970326919220376, -43.970333927646294, -43.97465997779493, -43.9766609945621, -43.977972996474676, -43.982138029082726, -43.986073073778165, -43.987392078147124, -43.986275056370395, -43.986944060248646, -43.990108090346205, -43.9932491176179, -43.99230510252823, -43.993223109662004, -43.99530513026424, -43.9984471552532, -44.000655175028555, -44.00141518571358, -44.00235719440358, -44.00233019743703, -44.008022250112184, -44.01194328286205, -44.01421930773252, -44.01613632548447, -44.01849635179354, 