{"IIS3": {"px": [], "py": [], "pt": [], "pb": [], "x": ["2019-01", "2019-02", "2019-03", "2019-04", "2019-05", "2019-06", "2019-07", "2019-08", "2019-09", "2019-10", "2019-11", "2019-12", "2020-01", "2020-02", "2020-03", "2020-04", "2020-05", "2020-06", "2020-07", "2020-08", "2020-09", "2020-10", "2020-11", "2020-12"], "y": [NaN, NaN, NaN, NaN, NaN, NaN, NaN, NaN, NaN, NaN, NaN, NaN, NaN, NaN, NaN, NaN, NaN, NaN, NaN, NaN, NaN, NaN, NaN, NaN]}, "VHI": {"px": ["2021-01", "2021-02", "2021-03", "2021-04", "2021-05", "2021-06", "2021-07", "2021-08", "2021-09", "2021-10", "2021-11", "2021-12"], "py": [27.899179090776627, 41.62790258808194, 55.304796375023614, 62.94010733504243, 64.52447960060704, 63.549765846875275, 49.825407825294036, 85.04298983162467, 69.65532466732415, 44.23136979395973, 33.73004122783882, 27.360515647103377], "pt": [48.92685534878768, 62.65557884609299, 76.33247263303467, 83.9677835930535, 85.55215585861811, 84.57744210488634, 70.8530840833051, 106.07066608963572, 90.68300092533522, 65.25904605197081, 54.757717485849895, 48.388191905114454], "pb": [6.871502832765572, 20.600226330070882, 34.27712011701256, 41.91243107703136, 43.49680334259597, 42.522089588864205, 28.797731567282966, 64.0153135736136, 48.62764840931308, 23.203693535948652, 12.702364969827741, 6.332839389092296], "x": ["2019-01", "2019-02", "2019-03", "2019-04", "2019-05", "2019-06", "2019-07", "2019-08", "2019-09", "2019-10", "2019-11", "2019-12", "2020-01", "2020-02", "2020-03", "2020-04", "2020-05", "2020-06", "2020-07", "2020-08", "2020-09", "2020-10", "2020-11", "2020-12"], "y": [28.122270584106445, 32.02363586425781, 43.24681854248047, 49.432003021240234, 37.94136047363281, 41.36469650268555, 41.36469650268555, 72.86290740966797, 59.91145324707031, 37.61886215209961, 28.966665267944336, 24.1404972076416, 27.637916564941406, 41.32875061035156, 52.63299560546875, 58.29638671875, 60.04068374633789, 59.826908111572266, 68.68954467773438, 51.52999496459961, 35.330543518066406, 32.443634033203125, 43.95295333862305, 28.533031463623047]}, "spi_01": {"px": [], "py": [], "pt": [], "pb": [], "x": ["2019-01", "2019-02", "2019-03", "2019-04", "2019-05", "2019-06", "2019-07", "2019-08", "2019-09", "2019-10", "2019-11", "2019-12", "2020-01", "2020-02", "2020-03", "2020-04", "2020-05", "2020-06", "2020-07", "2020-08", "2020-09", "2020-10", "2020-11", "2020-12"], "y": [NaN, NaN, NaN, NaN, NaN, NaN, NaN, NaN, NaN, NaN, NaN, NaN, NaN, NaN, NaN, NaN, NaN, NaN, NaN, NaN, NaN, NaN, NaN, NaN]}, "spi_03": {"px": [], "py": [], "pt": [], "pb": [], "x": ["2019-01", "2019-02", "2019-03", "2019-04", "2019-05", "2019-06", "2019-07", "2019-08", "2019-09", "2019-10", "2019-11", "2019-12", "2020-01", "2020-02", "2020-03", "2020-04", "2020-05", "2020-06", "2020-07"], "y": [NaN, NaN, NaN, NaN, NaN, NaN, NaN, NaN, NaN, NaN, NaN, NaN, NaN, NaN, NaN, NaN, NaN, NaN, NaN]}, "spi_06": {"px": [], "py": [], "pt": [], "pb": [], "x": ["2019-01", "2019-02", "2019-03", "2019-04", "2019-05", "2019-06", "2019-07", "2019-08", "2019-09", "2019-10", "2019-11", "2019-12", "2020-01", "2020-02", "2020-03", "2020-04", "2020-05", "2020-06", "2020-07"], "y": [NaN, NaN, NaN, NaN, NaN, NaN, NaN, NaN, NaN, NaN, NaN, NaN, NaN, NaN, NaN, NaN, NaN, NaN, NaN]}, "spi_12": {"px": [], "py": [], "pt": [], "pb": [], "x": ["2019-01", "2019-02", "2019-03", "2019-04", "2019-05", "2019-06", "2019-07", "2019-08", "2019-09", "2019-10", "2019-11", "2019-12", "2020-01", "2020-02", "2020-03", "2020-04", "2020-05", "2020-06", "2020-07", "2020-08", "2020-09", "2020-10", "2020-11", "2020-12"], "y": [NaN, NaN, NaN, NaN, NaN, NaN, NaN, NaN, NaN, NaN, NaN, NaN, NaN, NaN, NaN, NaN, NaN, NaN, NaN, NaN, NaN, NaN, NaN, NaN], "geox": [-35.87422295953824, -35.87212093901174, -35.872310943143496, -35.871784938195134, -35.86916691128545, -35.86691289277301, -35.86444287047288, -35.862147846897216, -35.859546821885296, -35.8558387899517, -35.85394677299924, -35.85118574491211, -35.85058473575907, -35.84728670328599, -35.84604669166889, -35.84063964316, -35.836277602601534, -35.83571759640396, -35.83602159358646, -35.83515258506165, -35.8353015853947, -35.83720660078602, -35.83585458631706, -35.83712159452606, -35.83203154511702, -35.82485247819369, -35.82671149660905, -35.830259529860804, -35.83180654499435, -35.831823547111426, -35.8298785356112, -35.83040254747149, -35.829988549120245, -35.82649152195958, -35.82530751665084, -35.82347550152758, -35.818763465114266, -35.81741645719856, -35.813001420722436, -35.811464408782605, -35.8077803761029, -35.8066093666005, -35.79598027419621, -35.79073823139798, -35.75829396272917, -35.745258854850356, -35.7452708563954, -35.74744187811169, -35.74638487088528, -35.73938381079041, -35.73411976463295, -35.72973073336453, -35.73406877626138, -35.73395377592792, -35.73331877174287, -35.73456278447557, -35.73457978668331, -35.73214176733379, -35.73029575052563, -35.72953574469774, -35.73046775429483, -35.732004768049606, -35.733703784316305, -35.73355578354259, -35.729885752847935, -35.72835073938806, -35.72637372418398, -35.7246907101185, -35.71900765960636, -35.71656063922969, -35.713785613287826, -35.71240460121099, -35.71149459413006, -35.721841688515376, -35.72433571205981, -35.72873175094449, -35.734207801616094, -35.73685282534195, -35.740691862682475, -35.742398878379674, -35.74729292203859, -35.74993194706144, -35.759187029349704, -35.76078604327762, -35.76287905891441, -35.763406058597006, -35.766170081751824, -35.769995115573366, -35.774790158284176, -35.77545216452481, -35.77597217192164, -35.77841219672012, -35.78732228119429, -35.79287933298045, -35.79466635083169, -35.798011382002066, -35.79964439676818, -35.800986408224034, -35.802247417636046, -35.803416423694486, -35.80800946232628, -35.80985147896682, -35.81183449908223, -35.81259350856156, -35.814097523612354, -35.81293451820738, -35.813370523309665, -35.81729956075518, -35.8239706212341, -35.82770965262626, -35.830124674018236, -35.83494171777334, -35.83619172851414, -35.84382679759161, -35.84959085147495, -35.856703916961294, -35.86428898421937, -35.865922997684486, -35.866958004957, -35.86694400309684, -35.865732991869166, -35.8660479901435, -35.86859201175339, -35.868796012602346, -35.86730199857865, -35.864644970844786, -35.86484697208336, -35.866968990193435, -35.86641298348444, -35.86724098993275, -35.8684679977049, -35.87105501905616, -35.8734380362625, -35.873698036501764, -35.874934045362686, -35.87692206186281, -35.878296071894894, -35.878917074060205, -35.878200065556314, -35.87223001008224, -35.871417000062756, -35.86901697548881, -35.86814196330148, -35.86474693159584, -35.85834487189894, -35.857259860470194, -35.85091979835078, -35.847430766879356, -35.84453873995752, -35.84095370735358, -35.834111646171834, -35.82699458119963, -35.82624457386571, -35.82613957151626, -35.82883359535862, -35.82776258022612, -35.84706674876543, -35.84917576844255, -35.85153478935297, -35.85304280216724, -35.854976820232984, -35.85768584441732, -35.86756092528983, -35.87117295656263, -35.8762020024381, -35.87973103355479, -35.88223205491669, -35.88397706799493, -35.88460807151675, -35.88290805330023, -35.882885050625525, -35.87979502031305, -35.87743299503358, -35.87379496114, -35.873317955530766, -35.87477796559744, -35.87422295953824],