{"IIS3": {"px": [], "py": [], "pt": [], "pb": [], "x": ["2019-01", "2019-02", "2019-03", "2019-04", "2019-05", "2019-06", "2019-07", "2019-08", "2019-09", "2019-10", "2019-11", "2019-12", "2020-01", "2020-02", "2020-03", "2020-04", "2020-05", "2020-06", "2020-07", "2020-08", "2020-09", "2020-10", "2020-11", "2020-12"], "y": [NaN, NaN, NaN, NaN, NaN, NaN, NaN, NaN, NaN, NaN, NaN, NaN, NaN, NaN, NaN, NaN, NaN, NaN, NaN, NaN, NaN, NaN, NaN, NaN]}, "VHI": {"px": ["2021-01", "2021-02", "2021-03", "2021-04", "2021-05", "2021-06", "2021-07", "2021-08", "2021-09", "2021-10", "2021-11", "2021-12"], "py": [57.91055980364207, 68.79112675239318, 77.38415329439168, 68.09790693866135, 57.07613876964338, 63.10431970529518, 74.96023884176812, 60.97925766607186, 45.253175265270485, 46.86849544020858, 40.04740820013923, 55.18810669392484], "pt": [72.43271619268552, 84.72283722998239, 94.61046373208018, 86.5281034609317, 76.6362644441731, 83.73257433231795, 96.60397376694165, 83.59291800810996, 68.7968369732325, 71.3067928271553, 65.34872736983347, 81.32396566738556], "pb": [43.38840341459863, 52.859416274803976, 60.15784285670318, 49.667710416391, 37.516013095113664, 42.47606507827241, 53.316503916594584, 38.36559732403376, 21.70951355730847, 22.430198053261847, 14.746089030444992, 29.05224772046411], "x": ["2019-01", "2019-02", "2019-03", "2019-04", "2019-05", "2019-06", "2019-07", "2019-08", "2019-09", "2019-10", "2019-11", "2019-12", "2020-01", "2020-02", "2020-03", "2020-04", "2020-05", "2020-06", "2020-07", "2020-08", "2020-09", "2020-10", "2020-11", "2020-12"], "y": [38.24708557128906, 35.007080078125, 45.16208267211914, 45.77333450317383, 50.07374954223633, 52.61916732788086, 52.61916732788086, 42.62933349609375, 31.3663330078125, 33.619998931884766, 28.109580993652344, 40.357666015625, 47.99166488647461, 58.93000411987305, 68.21599578857422, 60.05582809448242, 49.9275016784668, 55.672664642333984, 66.4191665649414, 67.70291137695312, 48.40633010864258, 35.07733154296875, 37.58833312988281, 47.33222579956055]}, "spi_01": {"px": [], "py": [], "pt": [], "pb": [], "x": ["2019-01", "2019-02", "2019-03", "2019-04", "2019-05", "2019-06", "2019-07", "2019-08", "2019-09", "2019-10", "2019-11", "2019-12", "2020-01", "2020-02", "2020-03", "2020-04", "2020-05", "2020-06", "2020-07", "2020-08", "2020-09", "2020-10", "2020-11", "2020-12"], "y": [NaN, NaN, NaN, NaN, NaN, NaN, NaN, NaN, NaN, NaN, NaN, NaN, NaN, NaN, NaN, NaN, NaN, NaN, NaN, NaN, NaN, NaN, NaN, NaN]}, "spi_03": {"px": [], "py": [], "pt": [], "pb": [], "x": ["2019-01", "2019-02", "2019-03", "2019-04", "2019-05", "2019-06", "2019-07", "2019-08", "2019-09", "2019-10", "2019-11", "2019-12", "2020-01", "2020-02", "2020-03", "2020-04", "2020-05", "2020-06", "2020-07"], "y": [NaN, NaN, NaN, NaN, NaN, NaN, NaN, NaN, NaN, NaN, NaN, NaN, NaN, NaN, NaN, NaN, NaN, NaN, NaN]}, "spi_06": {"px": [], "py": [], "pt": [], "pb": [], "x": ["2019-01", "2019-02", "2019-03", "2019-04", "2019-05", "2019-06", "2019-07", "2019-08", "2019-09", "2019-10", "2019-11", "2019-12", "2020-01", "2020-02", "2020-03", "2020-04", "2020-05", "2020-06", "2020-07"], "y": [NaN, NaN, NaN, NaN, NaN, NaN, NaN, NaN, NaN, NaN, NaN, NaN, NaN, NaN, NaN, NaN, NaN, NaN, NaN]}, "spi_12": {"px": [], "py": [], "pt": [], "pb": [], "x": ["2019-01", "2019-02", "2019-03", "2019-04", "2019-05", "2019-06", "2019-07", "2019-08", "2019-09", "2019-10", "2019-11", "2019-12", "2020-01", "2020-02", "2020-03", "2020-04", "2020-05", "2020-06", "2020-07", "2020-08", "2020-09", "2020-10", "2020-11", "2020-12"], "y": [NaN, NaN, NaN, NaN, NaN, NaN, NaN, NaN, NaN, NaN, NaN, NaN, NaN, NaN, NaN, NaN, NaN, NaN, NaN, NaN, NaN, NaN, NaN, NaN], "geox": [-42.3993900457178, -42.395362012417884, -42.39259098573593, -42.389869961943944, -42.38733793507427, -42.38455391187336, -42.38208788882577, -42.37589282694866, -42.3719227893856, -42.369975768104844, -42.36516972797993, -42.36275470430666, -42.36108469122385, -42.359535676498524, -42.356533643976896, -42.34775756589154, -42.34714855532766, -42.34756954836661, -42.34909855652965, -42.35358758777441, -42.35217757000415, -42.35175354510731, -42.35100653507943, -42.348975514391974, -42.34475848003505, -42.34236645779898, -42.34016743253684, -42.33344536581464, -42.32681130464708, -42.32447928153892, -42.32325726670739, -42.321420227364264, -42.31916620083526, -42.31431616120554, -42.31259214503918, -42.307560085419404, -42.305862069288324, -42.3032050478759, -42.30100603201709, -42.297392002792236, -42.292088955787335, -42.28897994489167, -42.28759293246165, -42.28670492640787, -42.285591934791626, -42.284753929603006, -42.280895893973316, -42.27866987613704, -42.27414483179955, -42.27008879610649, -42.26895178843105, -42.26661978574949, -42.26680779542025, -42.26553079958941, -42.264115793938736, -42.26516581687858, -42.26425081993437, -42.26692383853107, -42.26758784599362, -42.26758985534492, -42.26842386696777, -42.277118959664264, -42.27684196081018, -42.266760891529344, -42.266480894870114, -42.268560928794145, -42.26946194038718, -42.27195098936638, -42.279230070227236, -42.28464812392641, -42.285395137147006, -42.28489914052881, -42.28566517268504, -42.29075622136077, -42.297254293755216, -42.30453836666486, -42.31149944229596, -42.31369746403197, -42.3251505642965, -42.32576256761271, -42.32539356191917, -42.3216375205167, -42.31984149689104, -42.320486500446954, -42.32209051385066, -42.323371521108456, -42.32318050958946, -42.3215054850125, -42.324199504041815, -42.32550450362964, -42.32722851465214, -42.33108654643154, -42.333342562869326, -42.341197635770826, -42.346475677809295, -42.34856769906814, -42.351979740022486, -42.355703774512044, -42.358698797239086, -42.36536285678681, -42.373761915195914, -42.38141998079342, -42.3839279967238, -42.387425012010894, -42.393482057317115, -42.395669071212716, -42.399594091578344, -42.40063009080261, -42.40098408333623, -42.4004270704129, -42.398229039414865, -42.3993900457178],