{"VHI": {"cat": [0, 0, 0, 0, 0, 0, 0, 0, 0, 0, 0, 0, 0, 0, 0, 0, 0, 0, 1, 1, 1, 0, 0, 0], "lim": [100, 0], "catlims": [40, 30, 20, 12, 6], "x": ["2019-01", "2019-02", "2019-03", "2019-04", "2019-05", "2019-06", "2019-07", "2019-08", "2019-09", "2019-10", "2019-11", "2019-12", "2020-01", "2020-02", "2020-03", "2020-04", "2020-05", "2020-06", "2020-07", "2020-08", "2020-09", "2020-10", "2020-11", "2020-12"], "y": [52.71860885620117, 43.717506408691406, 47.239463806152344, 52.686702728271484, 57.103309631347656, 50.44901657104492, 50.44901657104492, 48.09914779663086, 49.62765121459961, 58.88888931274414, 49.378570556640625, 41.9114990234375, 50.55765914916992, 47.42881774902344, 50.21189498901367, 55.9722900390625, 52.07332992553711, 52.75886917114258, 37.738956451416016, 36.95102310180664, 35.82285690307617, 42.56923294067383, 54.785911560058594, 49.101680755615234]}, "spi_01": {"cat": [0, 1, 2, 2, 0, 3, 0, 0, 2, 2, 4, 0, 0, 0, 0, 0, 0, 0, 0, 0, 0, 1, 0, 0], "lim": [4, -4], "catlims": [-0.5, -0.8, -1.3, -1.6, -2], "x": ["2019-01", "2019-02", "2019-03", "2019-04", "2019-05", "2019-06", "2019-07", "2019-08", "2019-09", "2019-10", "2019-11", "2019-12", "2020-01", "2020-02", "2020-03", "2020-04", "2020-05", "2020-06", "2020-07", "2020-08", "2020-09", "2020-10", "2020-11", "2020-12"], "y": [-0.19325849413871765, -0.6197265982627869, -1.0622762441635132, -0.8216062784194946, -0.3141013979911804, -1.478156328201294, 0.14280466735363007, -0.318643718957901, -1.0996843576431274, -0.8716205358505249, -1.6093659400939941, -0.16876845061779022, 0.20330138504505157, 0.2078084945678711, 0.6037914156913757, 0.3420407176017761, -0.19159650802612305, -0.4148224890232086, -0.1784408986568451, 0.9311175346374512, 0.44237232208251953, -0.5665478706359863, 2.6258583068847656, 0.11767978966236115]}, "spi_03": {"cat": [0, 0, 1, 2, 2, 2, 1, 2, 1, 2, 4, 2, 0, 0, 0, 0, 0, 0, 0], "lim": [4, -4], "catlims": [-0.5, -0.8, -1.3, -1.6, -2], "x": ["2019-01", "2019-02", "2019-03", "2019-04", "2019-05", "2019-06", "2019-07", "2019-08", "2019-09", "2019-10", "2019-11", "2019-12", "2020-01", "2020-02", "2020-03", "2020-04", "2020-05", "2020-06", "2020-07"], "y": [0.5895698666572571, -0.07245887815952301, -0.7800831198692322, -0.9432308673858643, -0.9358991384506226, -0.868621826171875, -0.6153342127799988, -0.8681347370147705, -0.7521111369132996, -1.126238465309143, -1.8428380489349365, -1.101029396057129, -0.4626317620277405, 0.05550895258784294, 0.3767765164375305, 0.40396395325660706, 0.3493715226650238, 0.044709235429763794, -0.4157743752002716, 0, 0, 0, 0, 0]}, "spi_06": {"cat": [0, 0, 0, 0, 1, 2, 2, 2, 2, 2, 4, 2, 1, 0, 0, 0, 0, 0, 0], "lim": [4, -4], "catlims": [-0.5, -0.8, -1.3, -1.6, -2], "x": ["2019-01", "2019-02", "2019-03", "2019-04", "2019-05", "2019-06", "2019-07", "2019-08", "2019-09", "2019-10", "2019-11", "2019-12", "2020-01", "2020-02", "2020-03", "2020-04", "2020-05", "2020-06", "2020-07"], "y": [0.3993534445762634, 0.0845065638422966, -0.29764115810394287, -0.3505067825317383, -0.5482742786407471, -0.8825092911720276, -0.990803599357605, -1.0320985317230225, -1.010467290878296, -1.0232338905334473, -1.7706871032714844, -1.154956579208374, -0.745725691318512, -0.4285391867160797, -0.046337418258190155, 0.10969439148902893, 0.2123463749885559, 0.2546069622039795, 0.23513200879096985, 0, 0, 0, 0, 0]}, "spi_12": {"cat": [0, 0, 0, 1, 1, 1, 0, 0, 1, 1, 2, 2, 2, 2, 0, 0, 0, 0, 0, 0, 0, 0, 0, 0], "lim": [4, -4], "catlims": [-0.5, -0.8, -1.3, -1.6, -2], "x": ["2019-01", "2019-02", "2019-03", "2019-04", "2019-05", "2019-06", "2019-07", "2019-08", "2019-09", "2019-10", "2019-11", "2019-12", "2020-01", "2020-02", "2020-03", "2020-04", "2020-05", "2020-06", "2020-07", "2020-08", "2020-09", "2020-10", "2020-11", "2020-12"], "y": [0.06111408770084381, -0.18664543330669403, -0.43433311581611633, -0.5893242359161377, -0.5165548324584961, -0.5138933658599854, -0.46865516901016235, -0.4708218574523926, -0.5691224932670593, -0.57262122631073, -0.8504576086997986, -1.051587700843811, -1.02497136592865, -0.8222610950469971, -0.42117223143577576, -0.1736559420824051, -0.142887681722641, -0.10824727267026901, -0.12083166092634201, -0.06642515957355499, -0.007179871201515198, 0.005130589008331299, 0.6460753679275513, 0.6812009811401367]},