{"IIS3": {"px": [], "py": [], "pt": [], "pb": [], "x": ["2019-01", "2019-02", "2019-03", "2019-04", "2019-05", "2019-06", "2019-07", "2019-08", "2019-09", "2019-10", "2019-11", "2019-12", "2020-01", "2020-02", "2020-03", "2020-04", "2020-05", "2020-06", "2020-07", "2020-08", "2020-09", "2020-10", "2020-11", "2020-12"], "y": [NaN, NaN, NaN, NaN, NaN, NaN, NaN, NaN, NaN, NaN, NaN, NaN, NaN, NaN, NaN, NaN, NaN, NaN, NaN, NaN, NaN, NaN, NaN, NaN]}, "VHI": {"px": ["2021-01", "2021-02", "2021-03", "2021-04", "2021-05", "2021-06", "2021-07", "2021-08", "2021-09", "2021-10", "2021-11", "2021-12"], "py": [59.07480214561363, 89.74159394023022, 81.28281748941116, 67.64074072261674, 54.90517901381416, 81.6021034355619, 79.92316597743276, 79.54970839492039, 59.6308157275071, 37.10465728901629, 32.44345026924885, 24.978952017485852], "pt": [74.32664473157567, 108.42120987966034, 102.85218004425406, 91.75602115639785, 81.32214514881068, 110.13568801856164, 110.42685097667257, 111.90375215934796, 93.73497232590637, 72.87339848388905, 69.80268200711299, 63.86367325116686], "pb": [43.82295955965159, 71.0619780008001, 59.71345493456826, 43.52546028883563, 28.48821287881764, 53.068518852562164, 49.41948097819295, 47.195664630492814, 25.52665912910782, 1.3359160941435206, -4.915781468615293, -13.905769216195154], "x": ["2019-01", "2019-02", "2019-03", "2019-04", "2019-05", "2019-06", "2019-07", "2019-08", "2019-09", "2019-10", "2019-11", "2019-12", "2020-01", "2020-02", "2020-03", "2020-04", "2020-05", "2020-06", "2020-07", "2020-08", "2020-09", "2020-10", "2020-11", "2020-12"], "y": [47.99492263793945, 61.60954666137695, 59.69363784790039, 50.6014518737793, 41.936134338378906, 61.399539947509766, 61.399539947509766, 61.2225456237793, 45.318180084228516, 26.89545249938965, 22.956388473510742, 16.810001373291016, 44.696205139160156, 68.55889129638672, 60.45288848876953, 48.96944046020508, 39.29249954223633, 61.181087493896484, 55.853782653808594, 49.158180236816406, 33.46763610839844, 24.183998107910156, 34.017574310302734, 24.548519134521484]}, "spi_01": {"px": [], "py": [], "pt": [], "pb": [], "x": ["2019-01", "2019-02", "2019-03", "2019-04", "2019-05", "2019-06", "2019-07", "2019-08", "2019-09", "2019-10", "2019-11", "2019-12", "2020-01", "2020-02", "2020-03", "2020-04", "2020-05", "2020-06", "2020-07", "2020-08", "2020-09", "2020-10", "2020-11", "2020-12"], "y": [NaN, NaN, NaN, NaN, NaN, NaN, NaN, NaN, NaN, NaN, NaN, NaN, NaN, NaN, NaN, NaN, NaN, NaN, NaN, NaN, NaN, NaN, NaN, NaN]}, "spi_03": {"px": [], "py": [], "pt": [], "pb": [], "x": ["2019-01", "2019-02", "2019-03", "2019-04", "2019-05", "2019-06", "2019-07", "2019-08", "2019-09", "2019-10", "2019-11", "2019-12", "2020-01", "2020-02", "2020-03", "2020-04", "2020-05", "2020-06", "2020-07"], "y": [NaN, NaN, NaN, NaN, NaN, NaN, NaN, NaN, NaN, NaN, NaN, NaN, NaN, NaN, NaN, NaN, NaN, NaN, NaN]}, "spi_06": {"px": [], "py": [], "pt": [], "pb": [], "x": ["2019-01", "2019-02", "2019-03", "2019-04", "2019-05", "2019-06", "2019-07", "2019-08", "2019-09", "2019-10", "2019-11", "2019-12", "2020-01", "2020-02", "2020-03", "2020-04", "2020-05", "2020-06", "2020-07"], "y": [NaN, NaN, NaN, NaN, NaN, NaN, NaN, NaN, NaN, NaN, NaN, NaN, NaN, NaN, NaN, NaN, NaN, NaN, NaN]}, "spi_12": {"px": [], "py": [], "pt": [], "pb": [], "x": ["2019-01", "2019-02", "2019-03", "2019-04", "2019-05", "2019-06", "2019-07", "2019-08", "2019-09", "2019-10", "2019-11", "2019-12", "2020-01", "2020-02", "2020-03", "2020-04", "2020-05", "2020-06", "2020-07", "2020-08", "2020-09", "2020-10", "2020-11", "2020-12"], "y": [NaN, NaN, NaN, NaN, NaN, NaN, NaN, NaN, NaN, NaN, NaN, NaN, NaN, NaN, NaN, NaN, NaN, NaN, NaN, NaN, NaN, NaN, NaN, NaN], "geox": [-40.8907582953737, -40.88824527209482, -40.88624725511252, -40.88212221920275, -40.875318161383966, -40.87282513911885, -40.87099812355828, -40.87274813759331, -40.872206131742054, -40.86998611282564, -40.87051911637252, -40.867810092995406, -40.8679040931949, -40.86317705357985, -40.86215604546262, -40.863234055614654, -40.861094038598694, -40.858511016898284, -40.857826010793445, -40.855422990843394, -40.84822593034429, -40.84695791942322, -40.84485490060622, -40.84163587271485, -40.837981842410365, -40.83671283144058, -40.836807831687935, -40.833042797735786, -40.8329427964654, -40.83001777170872, -40.82896476253714, -40.825359732189824, -40.82442472464011, -40.824240723659074, -40.822812711691725, -40.82197170502551, -40.82042569187327, -40.81920968184894, -40.75904320583429, -40.763378244678584, -40.76848028828974, -40.768592289851036, -40.76695127661078, -40.76695327702723, -40.7684022902845, -40.77014730540996, -40.7707853120221, -40.77323133382575, -40.775568353821335, -40.77953438845531, -40.780707399026966, -40.78184441002247, -40.78131540618294, -40.78170641011745, -40.78356542647915, -40.78241541950518, -40.779818398557275, -40.779869399538924, -40.780787407540615, -40.77983940085473, -40.77937439732616, -40.78000940325832, -40.78517144850025, -40.78489744751952, -40.78667646355142, -40.78426044384435, -40.7838964415739, -40.7816494225877, -40.78323243861324, -40.78098442085412, -40.781125422627504, -40.77964741048219, -40.77970341149189, -40.84412795396077, -40.849782000811054, -40.851339013428834, -40.85564304921467, -40.86540213127384, -40.86755814839889, -40.87515621268767, -40.8785152405471, -40.88847832414099, -40.89078634269855, -40.894041369716156, -40.89544638137739, -40.87538118889083, -40.89041029345217, -40.8907582953737], "geoy": [-3.667910849428463, -3.6624938080374463, -3.6619598046708526, -3.6587587812840536, -3.656984770161382, -3.653658745122863, -3.653097741471469, -3.6514767280610134, -3.6482427029459408, -3.64753869833233, -3.6452346800647004, -3.643644668706341, -3.642177657173684, -3.6423336603131284, -3.6434616695662285, -3.646205690630041, -3.6485617099595364, -3.6485187106718273, -3.6476377040466277, -3.6481917093636715, -3.647999710781597, -3.647315705935819, -3.6444296841701713, -3.6422796686235124, -3.643218677465123, -3.642436671849584, -3.641065661063833, -3.635238616906535, -3.634163608518726, -3.633679605906544, -3.6328585998949032, -3.6326775999326038, -3.633433606238531, -3.6348426173612514, -3.6349066184404983, -3.6358976265513476, -3.6354786238910117, -3.635949628076149, -3.7089892253110177, -3.7148742696570722, -3.7166492814638414, -3.7181642932916996, -3.719515304558278, -3.720491312206919, -3.723122332227683, -3.724240340267428, -3.7272873638811674, -3.7303203866343444, -3.7311813924119552, -3.734349415587904, -3.736084428693574, -3.7395834556320717, -3.741055467382958, -3.7426294795501307, -3.7444214928136135, -3.7509415443607548, -3.7530665620870836, -3.75440457254527, -3.755097577589823, -3.75819560224845, -3.759112609624274, -3.760550620620645, -3.765038653606811, -3.7682256786760155, -3.770830698327019, -3.772267710590647, -3.7741657256035315, -3.7739207246277204, -3.780463775189322, -3.783186797451447, -3.784598808446011, -3.7852628142657445, -3.7865558243643402, -3.789506820316556, -3.7880038061780725, -3.7869117969818653, -3.786066788559797, -3.7863657867842426, -3.7840317676263413, -3.7852457739157357, -3.784441766214372, -3.7843757614986773, -3.782430745322792, -3.781714738354746, -3.7814047353397737, -3.7232452888872474, -3.6703768688789955, -3.667910849428463]}}