{"IIS3": {"px": [], "py": [], "pt": [], "pb": [], "x": ["2019-01", "2019-02", "2019-03", "2019-04", "2019-05", "2019-06", "2019-07", "2019-08", "2019-09", "2019-10", "2019-11", "2019-12", "2020-01", "2020-02", "2020-03", "2020-04", "2020-05", "2020-06", "2020-07", "2020-08", "2020-09", "2020-10", "2020-11", "2020-12"], "y": [NaN, NaN, NaN, NaN, NaN, NaN, NaN, NaN, NaN, NaN, NaN, NaN, NaN, NaN, NaN, NaN, NaN, NaN, NaN, NaN, NaN, NaN, NaN, NaN]}, "VHI": {"px": ["2021-01", "2021-02", "2021-03", "2021-04", "2021-05", "2021-06", "2021-07", "2021-08", "2021-09", "2021-10", "2021-11", "2021-12"], "py": [66.10242618026041, 63.980372807716165, 48.9607547134642, 43.31909965479764, 52.2838656024734, 67.13876672661036, 63.15745172046, 65.27218759432155, 50.17103547453338, 53.87030252210886, 55.03861924970067, 48.224051434507686], "pt": [75.57931373496315, 73.45726036241891, 58.43764226816694, 52.79598720950038, 61.76075315717614, 76.6156542813131, 72.63433927516274, 74.74907514902429, 59.647923029236125, 63.347190076811614, 64.51550680440343, 57.70093898921044], "pb": [56.62553862555767, 54.50348525301342, 39.483867158761456, 33.8422121000949, 42.806978047770656, 57.661879171907614, 53.68056416575726, 55.79530003961881, 40.69414791983064, 44.3934149674061, 45.56173169499792, 38.74716387980493], "x": ["2019-01", "2019-02", "2019-03", "2019-04", "2019-05", "2019-06", "2019-07", "2019-08", "2019-09", "2019-10", "2019-11", "2019-12", "2020-01", "2020-02", "2020-03", "2020-04", "2020-05", "2020-06", "2020-07", "2020-08", "2020-09", "2020-10", "2020-11", "2020-12"], "y": [65.8925552368164, 56.3763313293457, 48.99601745605469, 47.228084564208984, 46.65972900390625, 58.598506927490234, 58.598506927490234, 60.520423889160156, 46.0247688293457, 49.041542053222656, 49.84969711303711, 43.60063552856445, 62.069149017333984, 60.090545654296875, 45.58631896972656, 39.98939895629883, 48.61669921875, 63.93510437011719, 63.32489776611328, 59.325801849365234, 48.26987075805664, 44.285614013671875, 57.136966705322266, 61.12921905517578]}, "spi_01": {"px": ["2021-01", "2021-02", "2021-03", "2021-04", "2021-05", "2021-06", "2021-07", "2021-08", "2021-09", "2021-10", "2021-11", "2021-12"], "py": [1.0728335454420996, 0.34677410127903574, 2.0394978335778253, 1.3139976201109764, 0.9405432639911782, -0.5580303076814532, 2.1000401099962778, -0.9481146558673856, 0.5655355185833759, 1.9129416343959065, 0.7167150649917851, -0.05691744288525857], "pt": [3.355168632340515, 2.676186536029003, 4.415054848984518, 3.7348197894840443, 3.4057996031998012, 1.950873369283542, 4.651844668062716, 1.6458813627974127, 3.2010476485363, 4.589325954595301, 3.4333567181527886, 2.699393626999548], "pb": [-1.2095015414563153, -1.9826383334709314, -0.33605918182886674, -1.106824549262091, -1.5247130752174445, -3.0669339846464485, -0.45176444807016036, -3.542110674532184, -2.0699766113695484, -0.7634426858034882, -1.999926588169219, -2.813228512770065], "x": ["2019-01", "2019-02", "2019-03", "2019-04", "2019-05", "2019-06", "2019-07", "2019-08", "2019-09", "2019-10", "2019-11", "2019-12", "2020-01", "2020-02", "2020-03", "2020-04", "2020-05", "2020-06", "2020-07", "2020-08", "2020-09", "2020-10", "2020-11", "2020-12"], "y": [-1.2307243347167969, -1.262972354888916, -0.9738442897796631, -2.136017084121704, -1.0010498762130737, -1.2673743963241577, -0.1020808294415474, -1.876084566116333, -0.8993854522705078, 0.10578465461730957, -0.5796034336090088, -1.0973929166793823, -0.0479707308113575, -0.6950108408927917, 0.587547779083252, 0.04917822405695915, -0.23138175904750824, -1.214914083480835, -1.6032508611679077, -2.2917680740356445, 1.4597721099853516, -1.7613856792449951, 1.7740287780761719, 0.6455539464950562]}, "spi_03": {"px": [], "py": [], "pt": [], "pb": [], "x": ["2019-01", "2019-02", "2019-03", "2019-04", "2019-05", "2019-06", "2019-07", "2019-08", "2019-09", "2019-10", "2019-11", "2019-12", "2020-01", "2020-02", "2020-03", "2020-04", "2020-05", "2020-06", "2020-07"], "y": [-0.7790758609771729, -1.3092375993728638, -1.637763500213623, -1.8124345541000366, -1.6695642471313477, -1.855236530303955, -1.277130126953125, -1.4333570003509521, -1.449343204498291, -0.7148682475090027, -0.6826173067092896, -1.1191827058792114, -0.7300506830215454, -0.8565210700035095, -0.09328347444534302, -0.014336769469082355, 0.12961339950561523, -0.2897703945636749, -0.750901997089386]}, "spi_06": {"px": [], "py": [], "pt": [], "pb": [], "x": ["2019-01", "2019-02", "2019-03", "2019-04", "2019-05", "2019-06", "2019-07", "2019-08", "2019-09", "2019-10", "2019-11", "2019-12", "2020-01", "2020-02", "2020-03", "2020-04", "2020-05", "2020-06", "2020-07"], "y": [-1.0499322414398193, -1.4693464040756226, -1.4730110168457031, -1.757337212562561, -1.6899651288986206, -1.9608668088912964, -1.8003816604614258, -1.7617267370224, -2.0115177631378174, -1.4460654258728027, -1.4884874820709229, -1.4834054708480835, -0.9086610078811646, -1.032028317451477, -0.43644216656684875, -0.3312687575817108, -0.2758289873600006, -0.24261918663978577, -0.27190640568733215]}, "spi_12": {"px": ["2021-01", "2021-02", "2021-03", "2021-04", "2021-05", "2021-06", "2021-07", "2021-08", "2021-09", "2021-10", "2021-11", "2021-12"], "py": [0.9830575713103133, 0.8499638504731255, 1.925382003001622, 3.334252539907215, 3.596416873999897, 3.237080600972692, 3.1061262947840937, 3.007969514688063, 2.728865471895473, 2.6351840846746217, 1.9993559168049186, 0.4289172223212496], "pt": [2.1709905212753506, 2.304878634886566, 3.605372885773603, 5.212539446236798, 5.653977089104506, 5.459499637759745, 5.481992181437983, 5.5279558336306565, 5.385164284896376, 5.421133782756442, 4.909185474791839, 3.4575638495834218], "pb": [-0.20487537865472394, -0.604950933940315, 0.24539112022964105, 1.455965633577633, 1.5388566588952877, 1.014661564185638, 0.7302604081302051, 0.4879831957454699, 0.07256665889456837, -0.15076561340719863, -0.9104736411820018, -2.5997294049409225], "x": ["2019-01", "2019-02", "2019-03", "2019-04", "2019-05", "2019-06", "2019-07", "2019-08", "2019-09", "2019-10", "2019-11", "2019-12", "2020-01", "2020-02", "2020-03", "2020-04", "2020-05", "2020-06", "2020-07", "2020-08", "2020-09", "2020-10", "2020-11", "2020-12"], "y": [-2.0689783096313477, -2.2295241355895996, -1.8957616090774536, -2.184436082839966, -1.9520639181137085, -1.8657572269439697, -1.827942967414856, -1.8356688022613525, -1.8718210458755493, -1.8250739574432373, -1.8847607374191284, -2.2269816398620605, -1.858300805091858, -1.8342578411102295, -1.3770562410354614, -0.7583082914352417, -0.5329141020774841, -0.5147809386253357, -0.540919840335846, -0.5309017300605774, -0.43161070346832275, -0.5017192363739014, -0.20663262903690338, -0.011433304287493229],