{"IIS3": {"px": [], "py": [], "pt": [], "pb": [], "x": ["2019-01", "2019-02", "2019-03", "2019-04", "2019-05", "2019-06", "2019-07", "2019-08", "2019-09", "2019-10", "2019-11", "2019-12", "2020-01", "2020-02", "2020-03", "2020-04", "2020-05", "2020-06", "2020-07", "2020-08", "2020-09", "2020-10", "2020-11", "2020-12"], "y": [NaN, NaN, NaN, NaN, NaN, NaN, NaN, NaN, NaN, NaN, NaN, NaN, NaN, NaN, NaN, NaN, NaN, NaN, NaN, NaN, NaN, NaN, NaN, NaN]}, "VHI": {"px": ["2021-01", "2021-02", "2021-03", "2021-04", "2021-05", "2021-06", "2021-07", "2021-08", "2021-09", "2021-10", "2021-11", "2021-12"], "py": [45.69982746219655, 34.10446325008188, 30.520938472529963, 37.674015435141186, 37.84209367216086, 35.969852846741674, 31.689637061228737, 43.60920681101574, 42.00627100316268, 47.2187590989668, 45.846782875486596, 37.903916795611764], "pt": [62.641334081210374, 52.288676110053174, 49.868200504957244, 58.11826888118463, 59.32740143771814, 58.44805118636339, 55.11868636780602, 67.95199428954183, 67.22971749723527, 73.29313740131563, 72.74518719003018, 65.6018428097254], "pb": [28.75832084318273, 15.920250390110581, 11.173676440102682, 17.229761989097746, 16.356785906603577, 13.49165450711996, 8.260587754651453, 19.266419332489654, 16.78282450909009, 21.144380796617966, 18.94837856094302, 10.20599078149813], "x": ["2019-01", "2019-02", "2019-03", "2019-04", "2019-05", "2019-06", "2019-07", "2019-08", "2019-09", "2019-10", "2019-11", "2019-12", "2020-01", "2020-02", "2020-03", "2020-04", "2020-05", "2020-06", "2020-07", "2020-08", "2020-09", "2020-10", "2020-11", "2020-12"], "y": [56.220829010009766, 47.62249755859375, 43.1775016784668, 50.86000061035156, 67.29666900634766, 48.07832717895508, 48.07832717895508, 63.4119987487793, 61.92266845703125, 68.8699951171875, 66.75708770751953, 56.43499755859375, 61.88124465942383, 48.804996490478516, 44.125, 50.94791793823242, 49.288330078125, 46.11466598510742, 55.63749694824219, 65.23332977294922, 40.66600036621094, 39.42599868774414, 42.12999725341797, 46.93333053588867]}, "spi_01": {"px": [], "py": [], "pt": [], "pb": [], "x": ["2019-01", "2019-02", "2019-03", "2019-04", "2019-05", "2019-06", "2019-07", "2019-08", "2019-09", "2019-10", "2019-11", "2019-12", "2020-01", "2020-02", "2020-03", "2020-04", "2020-05", "2020-06", "2020-07", "2020-08", "2020-09", "2020-10", "2020-11", "2020-12"], "y": [NaN, NaN, NaN, NaN, NaN, NaN, NaN, NaN, NaN, NaN, NaN, NaN, NaN, NaN, NaN, NaN, NaN, NaN, NaN, NaN, NaN, NaN, NaN, NaN]}, "spi_03": {"px": [], "py": [], "pt": [], "pb": [], "x": ["2019-01", "2019-02", "2019-03", "2019-04", "2019-05", "2019-06", "2019-07", "2019-08", "2019-09", "2019-10", "2019-11", "2019-12", "2020-01", "2020-02", "2020-03", "2020-04", "2020-05", "2020-06", "2020-07"], "y": [NaN, NaN, NaN, NaN, NaN, NaN, NaN, NaN, NaN, NaN, NaN, NaN, NaN, NaN, NaN, NaN, NaN, NaN, NaN]}, "spi_06": {"px": [], "py": [], "pt": [], "pb": [], "x": ["2019-01", "2019-02", "2019-03", "2019-04", "2019-05", "2019-06", "2019-07", "2019-08", "2019-09", "2019-10", "2019-11", "2019-12", "2020-01", "2020-02", "2020-03", "2020-04", "2020-05", "2020-06", "2020-07"], "y": [NaN, NaN, NaN, NaN, NaN, NaN, NaN, NaN, NaN, NaN, NaN, NaN, NaN, NaN, NaN, NaN, NaN, NaN, NaN]}, "spi_12": {"px": [], "py": [], "pt": [], "pb": [], "x": ["2019-01", "2019-02", "2019-03", "2019-04", "2019-05", "2019-06", "2019-07", "2019-08", "2019-09", "2019-10", "2019-11", "2019-12", "2020-01", "2020-02", "2020-03", "2020-04", "2020-05", "2020-06", "2020-07", "2020-08", "2020-09", "2020-10", "2020-11", "2020-12"], "y": [NaN, NaN, NaN, NaN, NaN, NaN, NaN, NaN, NaN, NaN, NaN, NaN, NaN, NaN, NaN, NaN, NaN, NaN, NaN, NaN, NaN, NaN, NaN, NaN], "geox": [-45.23675911202891, -45.236179115021294, -45.23665212481666, -45.24008916085308, -45.24534422271851, -45.247024272837045, -45.2475652847585, -45.24645429453934, -45.25234336102338, -45.25601241489842, -45.2660705134284, -45.26853854522224, -45.26737454064749, -45.25912248584742, -45.25831548385864, -45.25979150335384, -45.251369459662236, -45.260397553294865, -45.276368707709764, -45.2794477399604, -45.28389678332496, -45.28925982820121, -45.29331387040956, -45.29612189198419, -45.29917590618466, -45.302193927467414, -45.3105409868408, -45.323419087122794, -45.32554010632593, -45.33067414665237, -45.33484618213128, -45.332481143127566, -45.325980068764075, -45.325348055443065, -45.3277610689705, -45.33097709585045, -45.33373411408102, -45.33860115218142, -45.339789146659555, -45.339342137146716, -45.336874107758156, -45.331316050881625, -45.32406798689803, -45.31926293811575, -45.31481989799539, -45.313477880949, -45.311255858795825, -45.305317807364354, -45.302622779164764, -45.297958736560645, -45.29370168786554, -45.28756362559935, -45.28534359863598, -45.2812065560486, -45.2771764947244, -45.27104843196578, -45.26875440587439, -45.2639293608584, -45.260012316050535, -45.25692228952364, -45.252028237371825, -45.24826820216641, -45.244483169427824, -45.23675911202891], "geoy": [-22.040594813064683, -22.04321382731641, -22.045126835370542, -22.04739983738624, -22.053112851331687, -22.0649669044825, -22.067388914819027, -22.07373394854339, -22.0791849595052, -22.086689986261916, -22.091038980872618, -22.094617991726782, -22.09636600326805, -22.10138504934075, -22.10298705923406, -22.105284066481612, -22.114441133065288, -22.12004213641361, -22.126256124396114, -22.128271126030846, -22.130118123234485, -22.12991210808421, -22.132482109824316, -22.131743098835372, -22.127893072140118, -22.12647305730147, -22.122716017087086, -22.11978096889165, -22.120181965232767, -22.119128946584546, -22.119164935743896, -22.112930911827142, -22.106596898329876, -22.103975887310302, -22.101694869902996, -22.10156886080921, -22.09987684534606, -22.09883882748224, -22.093705799503063, -22.091820791557154, -22.08903078455853, -22.08581278363085, -22.084973798673797, -22.082320798486194, -22.081511806274598, -22.07964280075436, -22.078549801311837, -22.078191815219252, -22.07642781376744, -22.075419821164047, -22.07126381222218, -22.067892812031175, -22.065206804844852, -22.06272980371381, -22.053762770800134, -22.050198769613385, -22.048005764996926, -22.0466537711149, -22.04282376280795, -22.042719770422345, -22.03920176618939, -22.038107770750443, -22.037900779685934, -22.040594813064683]}}