{"IIS3": {"px": [], "py": [], "pt": [], "pb": [], "x": ["2019-01", "2019-02", "2019-03", "2019-04", "2019-05", "2019-06", "2019-07", "2019-08", "2019-09", "2019-10", "2019-11", "2019-12", "2020-01", "2020-02", "2020-03", "2020-04", "2020-05", "2020-06", "2020-07", "2020-08", "2020-09", "2020-10", "2020-11", "2020-12"], "y": [NaN, NaN, NaN, NaN, NaN, NaN, NaN, NaN, NaN, NaN, NaN, NaN, NaN, NaN, NaN, NaN, NaN, NaN, NaN, NaN, NaN, NaN, NaN, NaN]}, "VHI": {"px": ["2021-01", "2021-02", "2021-03", "2021-04", "2021-05", "2021-06", "2021-07", "2021-08", "2021-09", "2021-10", "2021-11", "2021-12"], "py": [30.748789433038922, 30.50381762787041, 47.389823888770636, 80.87061623197746, 91.20003600969802, 89.86994218535536, 77.88560286603715, 92.96549183088892, 65.85765326112073, 35.804756630042164, 39.39553501802796, 38.31306237863843], "pt": [49.64799329160759, 53.65052056955105, 74.11733420404464, 110.75288117685318, 123.9344171527473, 125.22711485797004, 115.6840103719594, 133.0567572208268, 108.11755755761791, 80.12731817302807, 85.68894072893286, 86.49676670797695], "pb": [11.849585574470254, 7.357114686189767, 20.662313573496633, 50.988351287101736, 58.46565486664875, 54.512769512740675, 40.087195360114876, 52.874226440951034, 23.59774896462354, -8.517804912943738, -6.89787069287695, -9.870641950700083], "x": ["2019-01", "2019-02", "2019-03", "2019-04", "2019-05", "2019-06", "2019-07", "2019-08", "2019-09", "2019-10", "2019-11", "2019-12", "2020-01", "2020-02", "2020-03", "2020-04", "2020-05", "2020-06", "2020-07", "2020-08", "2020-09", "2020-10", "2020-11", "2020-12"], "y": [26.167499542236328, 23.845001220703125, 30.231250762939453, 51.73899841308594, 59.897499084472656, 64.53624725341797, 64.53624725341797, 77.84600067138672, 54.79399871826172, 29.266250610351562, 33.654998779296875, 33.678001403808594, 27.877500534057617, 27.127500534057617, 41.244998931884766, 70.34249877929688, 79.35874938964844, 78.35899353027344, 71.19624328613281, 55.04499816894531, 32.81800079345703, 24.93400001525879, 35.127498626708984, 37.42333221435547]}, "spi_01": {"px": [], "py": [], "pt": [], "pb": [], "x": ["2019-01", "2019-02", "2019-03", "2019-04", "2019-05", "2019-06", "2019-07", "2019-08", "2019-09", "2019-10", "2019-11", "2019-12", "2020-01", "2020-02", "2020-03", "2020-04", "2020-05", "2020-06", "2020-07", "2020-08", "2020-09", "2020-10", "2020-11", "2020-12"], "y": [NaN, NaN, NaN, NaN, NaN, NaN, NaN, NaN, NaN, NaN, NaN, NaN, NaN, NaN, NaN, NaN, NaN, NaN, NaN, NaN, NaN, NaN, NaN, NaN]}, "spi_03": {"px": [], "py": [], "pt": [], "pb": [], "x": ["2019-01", "2019-02", "2019-03", "2019-04", "2019-05", "2019-06", "2019-07", "2019-08", "2019-09", "2019-10", "2019-11", "2019-12", "2020-01", "2020-02", "2020-03", "2020-04", "2020-05", "2020-06", "2020-07"], "y": [NaN, NaN, NaN, NaN, NaN, NaN, NaN, NaN, NaN, NaN, NaN, NaN, NaN, NaN, NaN, NaN, NaN, NaN, NaN]}, "spi_06": {"px": [], "py": [], "pt": [], "pb": [], "x": ["2019-01", "2019-02", "2019-03", "2019-04", "2019-05", "2019-06", "2019-07", "2019-08", "2019-09", "2019-10", "2019-11", "2019-12", "2020-01", "2020-02", "2020-03", "2020-04", "2020-05", "2020-06", "2020-07"], "y": [NaN, NaN, NaN, NaN, NaN, NaN, NaN, NaN, NaN, NaN, NaN, NaN, NaN, NaN, NaN, NaN, NaN, NaN, NaN]}, "spi_12": {"px": [], "py": [], "pt": [], "pb": [], "x": ["2019-01", "2019-02", "2019-03", "2019-04", "2019-05", "2019-06", "2019-07", "2019-08", "2019-09", "2019-10", "2019-11", "2019-12", "2020-01", "2020-02", "2020-03", "2020-04", "2020-05", "2020-06", "2020-07", "2020-08", "2020-09", "2020-10", "2020-11", "2020-12"], "y": [NaN, NaN, NaN, NaN, NaN, NaN, NaN, NaN, NaN, NaN, NaN, NaN, NaN, NaN, NaN, NaN, NaN, NaN, NaN, NaN, NaN, NaN, NaN, NaN], "geox": [-36.09763834003557, -36.08056117686685, -36.05116488643927, -36.04819586249956, -36.04777186045799, -36.04994788490935, -36.04830087417974, -36.04174481798571, -36.039549800172495, -36.03223473490075, -36.031398727977475, -36.03150873004951, -36.030460721336404, -36.02628368384828, -36.026322685290864, -36.02401966490381, -36.022462650115045, -36.02047963223405, -36.01838361488895, -36.015030584255314, -36.013078568405206, -36.011796556853625, -36.00947653909613, -36.008789534971065, -36.009575546976045, -36.01125056496721, -36.01619861012719, -36.03560778559214, -36.03764180337672, -36.042861850216845, -36.0571429825343, -36.065539060542115, -36.07333713098139, -36.07719316687223, -36.079480189806716, -36.08211621484592, -36.08503724014505, -36.08673125326245, -36.08975527836039, -36.09177629578803, -36.09753234683866, -36.10077137442332, -36.10098737534108, -36.096321329662196, -36.096219327580336, -36.09763834003557], "geoy": [-8.004671695711876, -7.991906609575198, -7.957819366538359, -7.9612213954321716, -7.9634554132114035, -7.9697244604628015, -7.974842501717836, -7.9781245324867065, -7.980492552698966, -7.980904561654873, -7.981631567987859, -7.983006578638825, -7.983874586239225, -7.983839589243439, -7.985223600020686, -7.985562604475246, -7.984518597543979, -7.984397598154819, -7.986239614184846, -7.985531611286215, -7.987632629226756, -7.9875666297172465, -7.991432661731638, -7.994011682412397, -8.000278730735197, -8.00402775869237, -8.005007762453115, -8.006757760844236, -8.006181754747516, -8.00621875092764, -8.011598781664201, -8.015042801916222, -8.015711800985333, -8.017379810954274, -8.02044383304758, -8.022218844809972, -8.021106833831439, -8.01850581220948, -8.015979790122858, -8.015115781789838, -8.014439771975823, -8.012622755250412, -8.01134074508253, -8.0064737108048, -8.005001699404213, -8.004671695711876]}}