{"IIS3": {"px": [], "py": [], "pt": [], "pb": [], "x": ["2019-01", "2019-02", "2019-03", "2019-04", "2019-05", "2019-06", "2019-07", "2019-08", "2019-09", "2019-10", "2019-11", "2019-12", "2020-01", "2020-02", "2020-03", "2020-04", "2020-05", "2020-06", "2020-07", "2020-08", "2020-09", "2020-10", "2020-11", "2020-12"], "y": [NaN, NaN, NaN, NaN, NaN, NaN, NaN, NaN, NaN, NaN, NaN, NaN, NaN, NaN, NaN, NaN, NaN, NaN, NaN, NaN, NaN, NaN, NaN, NaN]}, "VHI": {"px": ["2021-01", "2021-02", "2021-03", "2021-04", "2021-05", "2021-06", "2021-07", "2021-08", "2021-09", "2021-10", "2021-11", "2021-12"], "py": [90.74159864781467, 106.76712221028038, 117.48489974502968, 113.23172427226561, 108.1352797327572, 106.50184498095595, 113.47779743010764, 76.01151060278627, 55.34415903268987, 52.30035317096663, 50.42367823091023, 74.9203294506951], "pt": [115.60101338704206, 135.22677427461818, 149.1379105033986, 147.78421165762862, 145.36209371088216, 146.22333756882546, 155.54629238600575, 120.30281406408298, 101.75192623546451, 100.732183109481, 100.79830920364716, 127.16556598079111], "pb": [65.8821839085873, 78.30747014594257, 85.83188898666077, 78.6792368869026, 70.90846575463223, 66.78035239308645, 71.40930247420955, 31.720207141489567, 8.936391829915237, 3.8685232324522616, 0.049047258173281705, 22.67509292059909], "x": ["2019-01", "2019-02", "2019-03", "2019-04", "2019-05", "2019-06", "2019-07", "2019-08", "2019-09", "2019-10", "2019-11", "2019-12", "2020-01", "2020-02", "2020-03", "2020-04", "2020-05", "2020-06", "2020-07", "2020-08", "2020-09", "2020-10", "2020-11", "2020-12"], "y": [43.33967971801758, 48.4949951171875, 61.43528366088867, 69.70284271240234, 65.45941925048828, 58.278846740722656, 58.278846740722656, 36.53346252441406, 24.660999298095703, 23.00971221923828, 21.87567138671875, 37.173091888427734, 55.134071350097656, 67.19682312011719, 77.3489990234375, 76.41634368896484, 74.33817291259766, 74.70368957519531, 65.58971405029297, 68.0013427734375, 62.19438171386719, 45.09161376953125, 52.122657775878906, 58.9858283996582]}, "spi_01": {"px": [], "py": [], "pt": [], "pb": [], "x": ["2019-01", "2019-02", "2019-03", "2019-04", "2019-05", "2019-06", "2019-07", "2019-08", "2019-09", "2019-10", "2019-11", "2019-12", "2020-01", "2020-02", "2020-03", "2020-04", "2020-05", "2020-06", "2020-07", "2020-08", "2020-09", "2020-10", "2020-11", "2020-12"], "y": [NaN, NaN, NaN, NaN, NaN, NaN, NaN, NaN, NaN, NaN, NaN, NaN, NaN, NaN, NaN, NaN, NaN, NaN, NaN, NaN, NaN, NaN, NaN, NaN]}, "spi_03": {"px": [], "py": [], "pt": [], "pb": [], "x": ["2019-01", "2019-02", "2019-03", "2019-04", "2019-05", "2019-06", "2019-07", "2019-08", "2019-09", "2019-10", "2019-11", "2019-12", "2020-01", "2020-02", "2020-03", "2020-04", "2020-05", "2020-06", "2020-07"], "y": [NaN, NaN, NaN, NaN, NaN, NaN, NaN, NaN, NaN, NaN, NaN, NaN, NaN, NaN, NaN, NaN, NaN, NaN, NaN]}, "spi_06": {"px": [], "py": [], "pt": [], "pb": [], "x": ["2019-01", "2019-02", "2019-03", "2019-04", "2019-05", "2019-06", "2019-07", "2019-08", "2019-09", "2019-10", "2019-11", "2019-12", "2020-01", "2020-02", "2020-03", "2020-04", "2020-05", "2020-06", "2020-07"], "y": [NaN, NaN, NaN, NaN, NaN, NaN, NaN, NaN, NaN, NaN, NaN, NaN, NaN, NaN, NaN, NaN, NaN, NaN, NaN]}, "spi_12": {"px": [], "py": [], "pt": [], "pb": [], "x": ["2019-01", "2019-02", "2019-03", "2019-04", "2019-05", "2019-06", "2019-07", "2019-08", "2019-09", "2019-10", "2019-11", "2019-12", "2020-01", "2020-02", "2020-03", "2020-04", "2020-05", "2020-06", "2020-07", "2020-08", "2020-09", "2020-10", "2020-11", "2020-12"], "y": [NaN, NaN, NaN, NaN, NaN, NaN, NaN, NaN, NaN, NaN, NaN, NaN, NaN, NaN, NaN, NaN, NaN, NaN, NaN, NaN, NaN, NaN, NaN, NaN], "geox": [-38.45058680910076, -38.38874327068307, -38.388760261394, -38.39028127270328, -38.38771424914937, -38.38669823552289, -38.38746924165316, -38.38737423973483, -38.38631922927396, -38.38913224243869, -38.39172826414954, -38.39250026984481, -38.39221626544613, -38.39289126918805, -38.3907802481607, -38.387512218262934, -38.38565020003663, -38.384266184654436, -38.37828513157005, -38.37549310888252, -38.372124079796635, -38.37174107557123, -38.37001205982895, -38.364720013933734, -38.362217991447636, -38.355771934853934, -38.349324879134585, -38.345477845317944, -38.338552783133906, -38.33515175198472, -38.32239563866501, -38.31001152370044, -38.30424847589223, -38.297777419274915, -38.295820403271684, -38.2952704023652, -38.2965664165067, -38.29406439603735, -38.2884253467281, -38.284182307735364, -38.28331030153489, -38.28384031276722, -38.282533302436896, -38.27948827743175, -38.27882727565414, -38.27990428833926, -38.279575288470994, -38.27728827066922, -38.27739427326163, -38.276629267873915, -38.27076021846128, -38.27043021724653, -38.273029243780776, -38.268328204386826, -38.26692318848782, -38.26507617202189, -38.2531180712978, -38.247662019165006, -38.249641039633985, -38.24954603974176, -38.24295798778619, -38.23750694189917, -38.230463879969705, -38.22792685859932, -38.226232845386704, -38.22557184076583, -38.22829286616567, -38.22885187256732, -38.228381869399904, -38.22509284066185, -38.18349949364081, -38.17828746976089, -38.229696924146424, -38.24173303577597, -38.24686608587878, -38.24446406996401, -38.247883104385615, -38.256495185331126, -38.271854333006594, -38.2798314041037, -38.28406644426782, -38.290779509639144, -38.295636560237874, -38.2985515891799, -38.31087070740707, -38.31277371791978, -38.3158757424935, -38.31202369901244, -38.31579773199907, -38.31725174401117, -38.317546744917536, -38.316193731587646, -38.316197729651336, -38.318622748812146, -38.32105076675054, -38.32076676048357, -38.3266798086573, -38.33035284268631, -38.33306886419622, -38.33718990027671, -38.33877991460919, -38.3390699179745, -38.34119693714399, -38.34468496682736, -38.34837199449816, -38.35031101081319, -38.350604011138785, -38.35293003045141, -38.35497204320407, -38.35749006415328, -38.362815119167706, -38.36920017767673, -38.37006918639447, -38.37016019063624, -38.37093119857525, -38.3757692426033, -38.37905727337259, -38.382247304616506, -38.401204474447205, -38.40392449931414, -38.400870477293005, -38.409501560983664, -38.41396059939486, -38.418734641995826, -38.42761971858052, -38.43420976823336, -38.45037786704672, -38.447843838464024, -38.447170828623065, -38.4475148278252, -38.44656281436883, -38.444981798121795, -38.44000975108849, -38.438597736359746, -38.4417717618228, -38.44551278967565, -38.44625579118472, -38.43886071764388, -38.43965472037819, -38.44390675430725, -38.44879179450929, -38.45058680910076],