{"VHI": {"cat": [0, 0, 0, 0, 0, 0, 0, 0, 0, 0, 0, 0, 0, 0, 0, 0, 0, 0, 0, 0, 0, 0, 0, 0], "lim": [100, 0], "catlims": [40, 30, 20, 12, 6], "x": ["2019-01", "2019-02", "2019-03", "2019-04", "2019-05", "2019-06", "2019-07", "2019-08", "2019-09", "2019-10", "2019-11", "2019-12", "2020-01", "2020-02", "2020-03", "2020-04", "2020-05", "2020-06", "2020-07", "2020-08", "2020-09", "2020-10", "2020-11", "2020-12"], "y": [48.47348403930664, 50.3012809753418, 44.902889251708984, 47.09305191040039, 50.50223922729492, 53.138519287109375, 53.138519287109375, 53.2362060546875, 49.374298095703125, 59.4985237121582, 56.340065002441406, 48.37175369262695, 44.05180740356445, 44.89190673828125, 45.875396728515625, 45.804630279541016, 48.90129089355469, 50.61996841430664, 49.49894714355469, 42.12267303466797, 47.3316764831543, 51.82780075073242, 56.29013442993164, 51.104095458984375]}, "spi_01": {"cat": [0, 0, 0, 2, 2, 2, 2, 0, 0, 0, 0, 0, 0, 0, 0, 0, 0, 0, 2, 1, 2, 0, 0], "lim": [4, -4], "catlims": [-0.5, -0.8, -1.3, -1.6, -2], "x": ["2019-01", "2019-02", "2019-03", "2019-04", "2019-05", "2019-06", "2019-07", "2019-08", "2019-09", "2019-10", "2019-11", "2019-12", "2020-01", "2020-02", "2020-03", "2020-04", "2020-05", "2020-06", "2020-07", "2020-08", "2020-09", "2020-10", "2020-11", "2020-12"], "y": [-0.3215082585811615, -0.48248863220214844, -0.32729992270469666, -0.8777816295623779, -1.055315375328064, -1.1110405921936035, -1.0233124494552612, 0.3056678771972656, -0.19253726303577423, 2.516932249069214, 0.7481589317321777, -0.24262745678424835, -2.1780216693878174, -0.36612141132354736, 0.6210484504699707, 0.6418049335479736, 0.5113808512687683, -0.19565874338150024, 0.124453105032444, -1.2694487571716309, -0.5468457341194153, -0.826104462146759, 1.7109626531600952, 0.37252679467201233]}, "spi_03": {"cat": [0, 0, 1, 2, 2, 3, 3, 2, 0, 0, 0, 0, 2, 3, 2, 0, 0, 0, 0], "lim": [4, -4], "catlims": [-0.5, -0.8, -1.3, -1.6, -2], "x": ["2019-01", "2019-02", "2019-03", "2019-04", "2019-05", "2019-06", "2019-07", "2019-08", "2019-09", "2019-10", "2019-11", "2019-12", "2020-01", "2020-02", "2020-03", "2020-04", "2020-05", "2020-06", "2020-07"], "y": [-0.018886467441916466, -0.44608554244041443, -0.6248611807823181, -0.8382570147514343, -0.9990147948265076, -1.3612451553344727, -1.3639742136001587, -0.8563253283500671, -0.4138871729373932, 1.314096212387085, 1.760670781135559, 1.4698365926742554, -1.0935769081115723, -1.3942136764526367, -0.9194155335426331, 0.37821006774902344, 0.753486156463623, 0.47248998284339905, 0.16339199244976044, 0, 0, 0, 0, 0]}, "spi_06": {"cat": [0, 1, 1, 1, 2, 2, 3, 2, 2, 0, 0, 0, 0, 0, 0, 0, 0, 0, 0], "lim": [4, -4], "catlims": [-0.5, -0.8, -1.3, -1.6, -2], "x": ["2019-01", "2019-02", "2019-03", "2019-04", "2019-05", "2019-06", "2019-07", "2019-08", "2019-09", "2019-10", "2019-11", "2019-12", "2020-01", "2020-02", "2020-03", "2020-04", "2020-05", "2020-06", "2020-07"], "y": [-0.3330427408218384, -0.7361338138580322, -0.5922791361808777, -0.5805926322937012, -0.8913695812225342, -1.2249342203140259, -1.4046807289123535, -1.1396571397781372, -1.184003233909607, -0.06344003230333328, 0.4804542064666748, 0.7078782916069031, 0.13896039128303528, -0.09397658705711365, 0.23177064955234528, -0.274651437997818, -0.2822006940841675, -0.3066825866699219, 0.3636520206928253, 0, 0, 0, 0, 0]}, "spi_12": {"cat": [3, 2, 2, 2, 2, 2, 2, 2, 2, 0, 0, 0, 2, 2, 1, 0, 0, 0, 0, 0, 0, 1, 0, 0], "lim": [4, -4], "catlims": [-0.5, -0.8, -1.3, -1.6, -2], "x": ["2019-01", "2019-02", "2019-03", "2019-04", "2019-05", "2019-06", "2019-07", "2019-08", "2019-09", "2019-10", "2019-11", "2019-12", "2020-01", "2020-02", "2020-03", "2020-04", "2020-05", "2020-06", "2020-07", "2020-08", "2020-09", "2020-10", "2020-11", "2020-12"], "y": [-1.3412389755249023, -1.2415341138839722, -1.020095944404602, -0.934689998626709, -1.0490933656692505, -1.0901066064834595, -1.096880555152893, -1.176551103591919, -1.0952919721603394, -0.46642303466796875, -0.41619673371315, -0.4455789029598236, -0.8377998471260071, -0.8267940878868103, -0.6324348449707031, -0.2598690092563629, 0.05324087664484978, 0.1943744421005249, 0.32506299018859863, 0.13958965241909027, 0.08081462234258652, -0.5038084387779236, -0.2678819000720978, -0.18331068754196167]},