{"IIS3": {"px": [], "py": [], "pt": [], "pb": [], "x": ["2019-01", "2019-02", "2019-03", "2019-04", "2019-05", "2019-06", "2019-07", "2019-08", "2019-09", "2019-10", "2019-11", "2019-12", "2020-01", "2020-02", "2020-03", "2020-04", "2020-05", "2020-06", "2020-07", "2020-08", "2020-09", "2020-10", "2020-11", "2020-12"], "y": [NaN, NaN, NaN, NaN, NaN, NaN, NaN, NaN, NaN, NaN, NaN, NaN, NaN, NaN, NaN, NaN, NaN, NaN, NaN, NaN, NaN, NaN, NaN, NaN]}, "VHI": {"px": ["2021-01", "2021-02", "2021-03", "2021-04", "2021-05", "2021-06", "2021-07", "2021-08", "2021-09", "2021-10", "2021-11", "2021-12"], "py": [51.04483842083515, 54.68836652556, 59.30026815372908, 55.48243496438066, 47.06198710272382, 49.12959396444661, 50.38159623937884, 36.936944180511155, 31.331099232453276, 42.096042141041494, 57.18470059453094, 65.86533343329498], "pt": [79.32602604099013, 89.3256059341856, 99.29590709717496, 100.19891867160572, 96.04644071591177, 102.03885096571815, 106.94397116362188, 96.93040247151717, 94.56975685861354, 108.42130579677644, 126.45917915371459, 137.9684967501068], "pb": [22.763650800680168, 20.051127116934403, 19.304629210283196, 10.7659512571556, -1.9224665104641332, -3.7796630368249353, -6.180778684864222, -23.056514110494867, -31.907558393706985, -24.229221514693464, -12.089777964652711, -6.237829883516824], "x": ["2019-01", "2019-02", "2019-03", "2019-04", "2019-05", "2019-06", "2019-07", "2019-08", "2019-09", "2019-10", "2019-11", "2019-12", "2020-01", "2020-02", "2020-03", "2020-04", "2020-05", "2020-06", "2020-07", "2020-08", "2020-09", "2020-10", "2020-11", "2020-12"], "y": [46.06856918334961, 44.71285629272461, 37.41553497314453, 42.792999267578125, 39.105712890625, 41.38321304321289, 41.38321304321289, 29.88857078552246, 25.905426025390625, 37.04285430908203, 52.01145553588867, 60.88200378417969, 54.31583786010742, 59.8166618347168, 67.08216857910156, 63.51437759399414, 53.50571060180664, 54.85213851928711, 57.43196487426758, 65.61820983886719, 54.371429443359375, 36.59000015258789, 48.27750015258789, 57.40142822265625]}, "spi_01": {"px": ["2021-01", "2021-02", "2021-03", "2021-04", "2021-05", "2021-06", "2021-07", "2021-08", "2021-09", "2021-10", "2021-11", "2021-12"], "py": [-0.025515859799833063, -0.22862604429303834, 0.39253139774442714, -0.2611486183785998, 0.9759604216356976, -0.4276525942723426, -0.73200840343091, 0.07969610999396748, 0.3736976362306845, -0.10516354603984901, -0.4723709159835594, -1.223692624134445], "pt": [1.2554302807227646, 1.109931326704542, 1.7863207132380463, 1.1857658492097194, 2.474117388394724, 1.1200512267414915, 0.8637045839553052, 1.7220154329775514, 2.061336690998461, 1.6266096491880049, 1.3024392767530912, 0.5931353921549678], "pb": [-1.3064620003224308, -1.567183415290619, -1.0012579177491923, -1.7080630859669188, -0.5221965451233288, -1.9753564152861767, -2.3277213908171253, -1.562623212989616, -1.3139414185370917, -1.8369367412677027, -2.24718110872021, -3.040520640423858], "x": ["2019-01", "2019-02", "2019-03", "2019-04", "2019-05", "2019-06", "2019-07", "2019-08", "2019-09", "2019-10", "2019-11", "2019-12", "2020-01", "2020-02", "2020-03", "2020-04", "2020-05", "2020-06", "2020-07", "2020-08", "2020-09", "2020-10", "2020-11", "2020-12"], "y": [-1.815624713897705, 0.21754473447799683, 0.06925825774669647, -0.06296095252037048, 0.7391512393951416, 0.0927821546792984, -0.5324950218200684, 0.47130638360977173, 0.8583577275276184, 0.35628607869148254, -0.03456999734044075, -0.9113960862159729, 0.6597341299057007, 0.4293867349624634, 1.1162257194519043, 0.2548964023590088, 1.684611201286316, -0.04589409753680229, 0.3261764943599701, 0.3769206404685974, -0.6145006418228149, 0.5767617225646973, -0.9872168302536011, -1.4441022872924805]}, "spi_03": {"px": [], "py": [], "pt": [], "pb": [], "x": ["2019-01", "2019-02", "2019-03", "2019-04", "2019-05", "2019-06", "2019-07", "2019-08", "2019-09", "2019-10", "2019-11", "2019-12", "2020-01", "2020-02", "2020-03", "2020-04", "2020-05", "2020-06", "2020-07"], "y": [-0.8813951015472412, -0.6079140901565552, -1.1399836540222168, -0.01657806895673275, 0.08888722956180573, 0.1157882884144783, 0.1838001012802124, -0.14440123736858368, 0.49963733553886414, 0.6296449303627014, 0.19653600454330444, -0.7929391860961914, -0.3661985993385315, -0.21607036888599396, 1.0811519622802734, 0.8111733198165894, 1.4088300466537476, 1.168868064880371, 1.1757744550704956]}, "spi_06": {"px": [], "py": [], "pt": [], "pb": [], "x": ["2019-01", "2019-02", "2019-03", "2019-04", "2019-05", "2019-06", "2019-07", "2019-08", "2019-09", "2019-10", "2019-11", "2019-12", "2020-01", "2020-02", "2020-03", "2020-04", "2020-05", "2020-06", "2020-07"], "y": [-0.6355147361755371, -0.8532824516296387, -0.8367175459861755, -0.9511370658874512, -0.6432793736457825, -1.0059479475021362, -0.042330052703619, -0.029345370829105377, 0.28901463747024536, 0.4431043863296509, 0.07571884244680405, -0.6284144520759583, -0.20453684031963348, -0.19024644792079926, 0.26060736179351807, 0.23606957495212555, 0.7770181894302368, 1.2900500297546387, 1.0754854679107666]}, "spi_12": {"px": ["2021-01", "2021-02", "2021-03", "2021-04", "2021-05", "2021-06", "2021-07", "2021-08", "2021-09", "2021-10", "2021-11", "2021-12"], "py": [1.7674164955215925, 1.5653278084457605, 2.3935659949185473, 2.3085461763983126, 2.712048020930145, 2.5568435231797313, 1.4705667682601864, 1.4468668777650997, 1.825458035990986, 1.6190523435733377, 1.9229543211929032, 0.2701794874818564], "pt": [2.8873234111044006, 2.9167611833304203, 3.9422921921316254, 4.032127767480099, 4.594311065325897, 4.585413175787179, 3.6355784316610666, 3.740217302328208, 4.240336260048201, 4.149628859746613, 4.564165818099126, 3.017574406049544], "pb": [0.647509579938784, 0.2138944335611006, 0.8448397977054691, 0.5849645853165262, 0.829784976534393, 0.5282738705722827, -0.6944448951406939, -0.8464835467980087, -0.5894201880662289, -0.9115241725999375, -0.7182571757133198, -2.4772154310858316], "x": ["2019-01", "2019-02", "2019-03", "2019-04", "2019-05", "2019-06", "2019-07", "2019-08", "2019-09", "2019-10", "2019-11", "2019-12", "2020-01", "2020-02", "2020-03", "2020-04", "2020-05", "2020-06", "2020-07", "2020-08", "2020-09", "2020-10", "2020-11", "2020-12"], "y": [0.6070044636726379, 0.09246529638767242, -0.31772270798683167, -0.6740657091140747, -0.6858353614807129, -0.7200179696083069, -0.7583439946174622, -0.8173945546150208, -0.6775871515274048, -0.7008523344993591, -0.5033666491508484, -1.1050299406051636, -0.19061903655529022, -0.19123771786689758, 0.3440231680870056, 0.3843619227409363, 0.684662401676178, 0.6626355051994324, 0.7316456437110901, 0.6742103695869446, 0.4714874029159546, 0.5073195695877075, 0.2397402971982956, 0.07636459171772003],