{"IIS3": {"px": [], "py": [], "pt": [], "pb": [], "x": ["2019-01", "2019-02", "2019-03", "2019-04", "2019-05", "2019-06", "2019-07", "2019-08", "2019-09", "2019-10", "2019-11", "2019-12", "2020-01", "2020-02", "2020-03", "2020-04", "2020-05", "2020-06", "2020-07", "2020-08", "2020-09", "2020-10", "2020-11", "2020-12"], "y": [NaN, NaN, NaN, NaN, NaN, NaN, NaN, NaN, NaN, NaN, NaN, NaN, NaN, NaN, NaN, NaN, NaN, NaN, NaN, NaN, NaN, NaN, NaN, NaN]}, "VHI": {"px": ["2021-01", "2021-02", "2021-03", "2021-04", "2021-05", "2021-06", "2021-07", "2021-08", "2021-09", "2021-10", "2021-11", "2021-12"], "py": [50.923484274178264, 48.602990284293156, 51.31228880353585, 55.54714561058317, 51.51213320044245, 54.736771650675436, 52.86574149645746, 55.895294178685205, 53.55115872792895, 58.974030263317815, 55.76826217539001, 53.971491298024844], "pt": [63.65305842707943, 64.19347090045247, 69.3146251400081, 75.67436949516544, 73.56040227147676, 78.55162409106143, 78.32488964571783, 82.8987986218981, 82.01535167175308, 88.82752767437297, 86.94922327989266, 86.42566457557325], "pb": [38.1939101212771, 33.012509668133845, 33.309952467063596, 35.41992172600091, 29.46386412940813, 30.921919210289445, 27.40659334719708, 28.891789735472322, 25.08696578410482, 29.120532852262656, 24.587301070887357, 21.517318020476445], "x": ["2019-01", "2019-02", "2019-03", "2019-04", "2019-05", "2019-06", "2019-07", "2019-08", "2019-09", "2019-10", "2019-11", "2019-12", "2020-01", "2020-02", "2020-03", "2020-04", "2020-05", "2020-06", "2020-07", "2020-08", "2020-09", "2020-10", "2020-11", "2020-12"], "y": [50.30146408081055, 40.85832977294922, 40.6286506652832, 43.684688568115234, 38.25129318237305, 44.502323150634766, 44.502323150634766, 46.931034088134766, 44.912967681884766, 49.97810363769531, 47.3195686340332, 45.88003158569336, 42.680946350097656, 40.45994567871094, 42.32248306274414, 45.12870407104492, 41.392154693603516, 44.90889358520508, 43.19344711303711, 44.153968811035156, 32.64662170410156, 38.516204833984375, 53.701290130615234, 54.50833511352539]}, "spi_01": {"px": ["2021-01", "2021-02", "2021-03", "2021-04", "2021-05", "2021-06", "2021-07", "2021-08", "2021-09", "2021-10", "2021-11", "2021-12"], "py": [1.086452595271897, 0.8356115738097283, 1.1096146116228813, -0.32681885532806776, 0.09293966276429, 0.5370731413592171, -0.35366861944906214, -0.06796536927248509, -0.03465265058066791, 0.8128439345882668, 1.3441047883820243, 0.4486735871219465], "pt": [2.275478720175789, 2.0246376987136196, 2.2986407365267727, 0.862207269575824, 1.2819657876681818, 1.726099266263109, 0.8353575054548301, 1.1210607556314072, 1.1543734743232248, 2.001870059492159, 2.533130913285917, 1.6376997120258396], "pb": [-0.10257352963199429, -0.3534145510941631, -0.07941151328101004, -1.5158449802319596, -1.0960864621396018, -0.6519529835446751, -1.5426947443529544, -1.2569914941763776, -1.2236787754845604, -0.37618219031562594, 0.1550786634781316, -0.7403525377819464], "x": ["2019-01", "2019-02", "2019-03", "2019-04", "2019-05", "2019-06", "2019-07", "2019-08", "2019-09", "2019-10", "2019-11", "2019-12", "2020-01", "2020-02", "2020-03", "2020-04", "2020-05", "2020-06", "2020-07", "2020-08", "2020-09", "2020-10", "2020-11", "2020-12"], "y": [0.4142361283302307, 0.7800788879394531, 1.6317143440246582, 0.6099435091018677, 0.717220664024353, 1.158782958984375, -0.18124234676361084, 0.15208564698696136, 0.166629359126091, 1.0107558965682983, 1.4939541816711426, 0.5201295614242554, 1.0546483993530273, 0.7195866107940674, 0.9165985584259033, -0.39446285367012024, 0.10287726670503616, 0.5952152013778687, -0.5610326528549194, -1.4726592302322388, 0.31855928897857666, 2.335655689239502, 2.5711259841918945, 0.4138176739215851]}, "spi_03": {"px": [], "py": [], "pt": [], "pb": [], "x": ["2019-01", "2019-02", "2019-03", "2019-04", "2019-05", "2019-06", "2019-07", "2019-08", "2019-09", "2019-10", "2019-11", "2019-12", "2020-01", "2020-02", "2020-03", "2020-04", "2020-05", "2020-06", "2020-07"], "y": [1.200655460357666, 0.9401189088821411, 1.0634480714797974, 1.2541331052780151, 1.2982659339904785, 0.9169939160346985, 0.8000234365463257, 0.6149787902832031, -0.07315202057361603, 0.40699732303619385, 1.1416493654251099, 1.0035412311553955, 1.0686050653457642, 0.9033094644546509, 1.0375772714614868, 0.6363312005996704, 0.3435843586921692, 0.062267474830150604, 0.09540586173534393]}, "spi_06": {"px": [], "py": [], "pt": [], "pb": [], "x": ["2019-01", "2019-02", "2019-03", "2019-04", "2019-05", "2019-06", "2019-07", "2019-08", "2019-09", "2019-10", "2019-11", "2019-12", "2020-01", "2020-02", "2020-03", "2020-04", "2020-05", "2020-06", "2020-07"], "y": [1.0316176414489746, 1.039297103881836, 1.3512072563171387, 1.3110871315002441, 1.2469890117645264, 1.1120116710662842, 1.2127264738082886, 1.1783356666564941, 0.7369828224182129, 0.7540946006774902, 0.8199245929718018, 0.48136505484580994, 1.0440342426300049, 0.9808087348937988, 1.057497262954712, 0.8589915633201599, 0.7371158599853516, 0.7512450218200684, 0.4826853275299072]}, "spi_12": {"px": ["2021-01", "2021-02", "2021-03", "2021-04", "2021-05", "2021-06", "2021-07", "2021-08", "2021-09", "2021-10", "2021-11", "2021-12"], "py": [1.2071304477365694, 1.2532669949209256, 1.0642404240825578, 0.947916582076918, 0.8827534474298977, 0.7827732211942355, 1.06651973754082, 1.0259268307788796, 1.0041369862546285, 1.0119399147643797, 1.007186253168078, 0.9102178662214331], "pt": [1.7468690289312145, 1.9143090524895245, 1.8275460429005022, 1.801318207083317, 1.8176080882206898, 1.792531640447375, 2.1459968938980616, 2.1708852566361836, 2.211029136691507, 2.2777390807582076, 2.329270363380128, 2.286286636421421], "pb": [0.6673918665419243, 0.5922249373523267, 0.30093480526461347, 0.09451495707051882, -0.05210119336089436, -0.22698519805890394, -0.01295741881642165, -0.1190315950784242, -0.20275516418225004, -0.2538592512294484, -0.3148978570439722, -0.465850903978555], "x": ["2019-01", "2019-02", "2019-03", "2019-04", "2019-05", "2019-06", "2019-07", "2019-08", "2019-09", "2019-10", "2019-11", "2019-12", "2020-01", "2020-02", "2020-03", "2020-04", "2020-05", "2020-06", "2020-07", "2020-08", "2020-09", "2020-10", "2020-11", "2020-12"], "y": [0.45503973960876465, 0.5511205792427063, 1.0994799137115479, 1.1318564414978027, 1.104643702507019, 1.256680965423584, 1.21352219581604, 1.2454807758331299, 1.2587542533874512, 1.262747049331665, 1.2418181896209717, 1.1068925857543945, 1.3357328176498413, 1.3373029232025146, 1.0946803092956543, 0.934350848197937, 0.8394502997398376, 0.7266538739204407, 0.7076165676116943, 0.648359477519989, 0.6580491065979004, 0.7401150465011597, 0.9275472164154053, 0.9553689956665039], "geox": [-47.294389858304136, -47.22469332660237, -47.22263631198886, -47.211681231952845, -47.215616261953, -47.191917107199274, -47.20317319268007, -47.212058260481676, -47.212171262179425, -47.20716422462486, -47.20566621361219, -47.20110917951277, -47.199915170829456, -47.20044817587221, -47.202642192973606, -47.20547421562139, -47.26922470787257, -47.29264088868376, -47.29605291479389, -47.30400697525225, -47.33675422583221, -47.342972273193105, -47.34522226327345, -47.33761620295109, -47.32970214181758, -47.327863127499846, -47.32525010681274, -47.31952506221019, -47.31875205591556, -47.322344081877034, -47.322400081870846, -47.322784083951284, -47.32375209084495, -47.320638065879024, -47.31055398871874, -47.30130391745527, -47.30086291364982, -47.301469917902025, -47.300012906022836, -47.293699857065185, -47.289664825235526, -47.285614793679024, -47.28613679710903, -47.28488578708437, -47.291303835282406, -47.294389858304136],