{"IIS3": {"px": [], "py": [], "pt": [], "pb": [], "x": ["2019-01", "2019-02", "2019-03", "2019-04", "2019-05", "2019-06", "2019-07", "2019-08", "2019-09", "2019-10", "2019-11", "2019-12", "2020-01", "2020-02", "2020-03", "2020-04", "2020-05", "2020-06", "2020-07", "2020-08", "2020-09", "2020-10", "2020-11", "2020-12"], "y": [NaN, NaN, NaN, NaN, NaN, NaN, NaN, NaN, NaN, NaN, NaN, NaN, NaN, NaN, NaN, NaN, NaN, NaN, NaN, NaN, NaN, NaN, NaN, NaN]}, "VHI": {"px": ["2021-01", "2021-02", "2021-03", "2021-04", "2021-05", "2021-06", "2021-07", "2021-08", "2021-09", "2021-10", "2021-11", "2021-12"], "py": [48.775014097393935, 50.950286749678156, 46.46177109804729, 52.275801016858566, 56.662128206884205, 64.44276904078741, 60.66055926763977, 71.31688377015122, 51.04679906882296, 44.34105258924588, 43.29476358511222, 45.052932752001595], "pt": [65.35309833023021, 71.25421034091681, 69.90672257094867, 78.48805360862457, 85.37621224768876, 95.45752453990798, 93.81672754803779, 106.4843109067206, 88.11652212920956, 83.2201061289297, 83.90261061631351, 87.31891998615107], "pb": [32.19692986455766, 30.6463631584395, 23.016819625145914, 26.063548425092563, 27.948044166079654, 33.42801354166684, 27.50439098724175, 36.149456633581856, 13.97707600843637, 5.46199904956206, 2.686916553910933, 2.786945517852118], "x": ["2019-01", "2019-02", "2019-03", "2019-04", "2019-05", "2019-06", "2019-07", "2019-08", "2019-09", "2019-10", "2019-11", "2019-12", "2020-01", "2020-02", "2020-03", "2020-04", "2020-05", "2020-06", "2020-07", "2020-08", "2020-09", "2020-10", "2020-11", "2020-12"], "y": [36.76795196533203, 40.34272384643555, 34.6128044128418, 39.41799545288086, 44.79908752441406, 52.550453186035156, 52.550453186035156, 63.317081451416016, 45.61854553222656, 40.300228118896484, 40.157249450683594, 42.58319854736328, 49.925498962402344, 53.41975021362305, 49.251197814941406, 54.68425369262695, 57.81999588012695, 64.75617980957031, 74.59613800048828, 77.78545379638672, 48.634178161621094, 28.663087844848633, 26.14454460144043, 42.39242172241211]}, "spi_01": {"px": [], "py": [], "pt": [], "pb": [], "x": ["2019-01", "2019-02", "2019-03", "2019-04", "2019-05", "2019-06", "2019-07", "2019-08", "2019-09", "2019-10", "2019-11", "2019-12", "2020-01", "2020-02", "2020-03", "2020-04", "2020-05", "2020-06", "2020-07", "2020-08", "2020-09", "2020-10", "2020-11", "2020-12"], "y": [NaN, NaN, NaN, NaN, NaN, NaN, NaN, NaN, NaN, NaN, NaN, NaN, NaN, NaN, NaN, NaN, NaN, NaN, NaN, NaN, NaN, NaN, NaN, NaN]}, "spi_03": {"px": [], "py": [], "pt": [], "pb": [], "x": ["2019-01", "2019-02", "2019-03", "2019-04", "2019-05", "2019-06", "2019-07", "2019-08", "2019-09", "2019-10", "2019-11", "2019-12", "2020-01", "2020-02", "2020-03", "2020-04", "2020-05", "2020-06", "2020-07"], "y": [NaN, NaN, NaN, NaN, NaN, NaN, NaN, NaN, NaN, NaN, NaN, NaN, NaN, NaN, NaN, NaN, NaN, NaN, NaN]}, "spi_06": {"px": [], "py": [], "pt": [], "pb": [], "x": ["2019-01", "2019-02", "2019-03", "2019-04", "2019-05", "2019-06", "2019-07", "2019-08", "2019-09", "2019-10", "2019-11", "2019-12", "2020-01", "2020-02", "2020-03", "2020-04", "2020-05", "2020-06", "2020-07"], "y": [NaN, NaN, NaN, NaN, NaN, NaN, NaN, NaN, NaN, NaN, NaN, NaN, NaN, NaN, NaN, NaN, NaN, NaN, NaN]}, "spi_12": {"px": [], "py": [], "pt": [], "pb": [], "x": ["2019-01", "2019-02", "2019-03", "2019-04", "2019-05", "2019-06", "2019-07", "2019-08", "2019-09", "2019-10", "2019-11", "2019-12", "2020-01", "2020-02", "2020-03", "2020-04", "2020-05", "2020-06", "2020-07", "2020-08", "2020-09", "2020-10", "2020-11", "2020-12"], "y": [NaN, NaN, NaN, NaN, NaN, NaN, NaN, NaN, NaN, NaN, NaN, NaN, NaN, NaN, NaN, NaN, NaN, NaN, NaN, NaN, NaN, NaN, NaN, NaN], "geox": [-44.08237236570977, -44.080133351559724, -44.07925734909167, -44.079112353050505, -44.0803873742276, -44.079387367359274, -44.07724734790939, -44.073416306182594, -44.07121928864074, -44.0641992303744, -44.061083198014245, -44.05630316124245, -44.05386213588685, -44.05296611686825, -44.04332302831921, -44.03908098466829, -44.03496893738483, -44.03316591943189, -44.030995900942955, -44.03094788093744, -44.028232834069016, -44.03102684003793, -44.03563586767963, -44.03513785468947, -44.03585585127387, -44.03408483576624, -44.030801814465846, -44.02488676520128, -44.02191074769316, -44.0199077328233, -44.013276666178086, -44.01027364168486, -44.00627660321912, -44.005470590995394, -44.007051594901284, -44.00488857626495, -44.0029265569132, -44.00029853492463, -43.998532507312035, -43.99752949829225, -43.99457647655106, -43.99286045877215, -43.9891604318193, -43.98556440213626, -43.97516732682763, -43.965489237883986, -43.962110228879986, -43.95885620857133, -43.95770920324612, -43.956465199510056, -43.95052016794643, -43.947184163533215, -43.945877169790684, -43.946332184683804, -43.94638419045108, -43.94263217615187, -43.941749180055886, -43.94071917562747, -43.94100019313466, -43.940306204484635, -43.93824619734789, -43.93860621424785, -43.93729723888799, -43.93619926466141, -43.93666527754202, -43.93394026246182, -43.932212264690754, -43.931189271807305, -43.92913526575545, -43.92791027617196, -43.92846529622751, -43.92777729615585, -43.928047304231875, -43.92955531313204, -43.93280334268788, -43.93482735813465, -43.94318843550295, -43.94505644434762, -43.94921946990839, -43.95596852321503, -43.9580765416202, -43.96143958014332, -43.96302359289005, -43.96560560844416, -43.967830624873145, -43.96828162317286, -43.969522632066344, -43.97341366317284, -43.9760216805724, -43.977073689206684, -43.980441722242254, -43.98133672881893, -43.985222749120624, -43.98739275270524, -43.98969177285652, -43.99246680194713, -43.99682882890053, -43.998969845687114, -43.99969584723358, -44.00335388113578, -44.00712992188979, -44.008143929614064, -44.00971693602118, -44.01072194383395, -44.01768901248491, -44.02452707187211, -44.02780709729289, -44.02858010133292, -44.028470097441534, -44.030136105461146, -44.03372513496972, -44.036640141449915, -44.042025179289304, -44.034885101375025, -44.03461509404597, -44.03666710130548, -44.036164086433175, -44.034640067942114, -44.034581064291686, -44.03858308770276, -44.043927135735984, -44.05011219218114, -44.05166621382231, -44.05271822381254, -44.05921827863095, -44.060551294860815, -44.06069130417183, -44.06244632229631, -44.06405333621309, -44.06477734071177, -44.065220338952905, -44.069251377154124, -44.07063738879721, -44.07182839612518, -44.069303367505896, -44.068308342701044, -44.069250348289124, -44.07285938122159, -44.07441339347205, -44.074052388075536, -44.069157338499245, -44.064224275914206, -44.06436327221798, -44.06660728809231, -44.06925031360117, -44.070781323343574, -44.07058031914728, -44.066642281117055, -44.06669327499215, -44.06949729091053, -44.07185830823626, -44.07905638729126, -44.08260541857524, -44.08544244132091, -44.085912442764105, -44.085054430543806, -44.085115425023304, -44.08805444074541, -44.08805543748726, -44.08719342480624, -44.08383339309946, -44.08199437255261, -44.08150436577467, -44.08237236570977],