{"IIS3": {"px": [], "py": [], "pt": [], "pb": [], "x": ["2019-01", "2019-02", "2019-03", "2019-04", "2019-05", "2019-06", "2019-07", "2019-08", "2019-09", "2019-10", "2019-11", "2019-12", "2020-01", "2020-02", "2020-03", "2020-04", "2020-05", "2020-06", "2020-07", "2020-08", "2020-09", "2020-10", "2020-11", "2020-12"], "y": [NaN, NaN, NaN, NaN, NaN, NaN, NaN, NaN, NaN, NaN, NaN, NaN, NaN, NaN, NaN, NaN, NaN, NaN, NaN, NaN, NaN, NaN, NaN, NaN]}, "VHI": {"px": ["2021-01", "2021-02", "2021-03", "2021-04", "2021-05", "2021-06", "2021-07", "2021-08", "2021-09", "2021-10", "2021-11", "2021-12"], "py": [134.18837380482873, 190.64475557836735, 200.24038743384764, 185.8796708067098, 171.62102119127914, 180.55277891512853, 129.3860300857408, 87.0265608051152, 75.6766144413438, 62.79275292843529, 50.121126324204155, 33.473987788157494], "pt": [160.23499894218202, 222.54522605317436, 237.07587781991774, 227.06300101992218, 216.73509907079165, 229.28155232865652, 181.47928006935365, 142.27979626986792, 133.918638485771, 123.8775030732944, 113.92206703614113, 99.88011228881123], "pb": [108.14174866747544, 158.74428510356034, 163.40489704777755, 144.69634059349744, 126.50694331176663, 131.82400550160054, 77.29278010212795, 31.77332534036246, 17.43459039691659, 1.7080027835761626, -13.679814387732812, -32.93213671249625], "x": ["2019-01", "2019-02", "2019-03", "2019-04", "2019-05", "2019-06", "2019-07", "2019-08", "2019-09", "2019-10", "2019-11", "2019-12", "2020-01", "2020-02", "2020-03", "2020-04", "2020-05", "2020-06", "2020-07", "2020-08", "2020-09", "2020-10", "2020-11", "2020-12"], "y": [56.38843536376953, 75.28155517578125, 73.02687072753906, 70.14066314697266, 44.602500915527344, 35.28187561035156, 35.28187561035156, 21.57244300842285, 18.027000427246094, 14.203436851501465, 10.734999656677246, 6.217428684234619, 48.89606857299805, 74.75178527832031, 81.84656524658203, 78.10392761230469, 74.31405639648438, 80.42999267578125, 69.20194244384766, 60.445308685302734, 45.22074890136719, 45.803749084472656, 43.984683990478516, 27.99541473388672]}, "spi_01": {"px": ["2021-01", "2021-02", "2021-03", "2021-04", "2021-05", "2021-06", "2021-07", "2021-08", "2021-09", "2021-10", "2021-11", "2021-12"], "py": [2.851472735564638, 4.692768473185139, 4.211491624336172, 4.387553792096854, 3.6262508330399106, 2.889101176820735, 3.1754648337426588, 3.194586823165073, 4.100911248983417, 1.8468637493191662, 2.776805920127506, 0.16433989976537156], "pt": [4.377599924888237, 6.561884916758478, 6.369761385343757, 6.800572739996607, 6.269580650631109, 5.7442236971708205, 6.227719195334057, 6.431991457976299, 7.513435366281447, 5.425949237650536, 6.515038793348179, 4.055216034528748], "pb": [1.3253455462410382, 2.823652029611801, 2.053221863328586, 1.9745348441971018, 0.9829210154487109, 0.033978656470650126, 0.12321047215126013, -0.04281781164615328, 0.6883871316853862, -1.7322217390122034, -0.9614269530931674, -3.7265362349980045], "x": ["2019-01", "2019-02", "2019-03", "2019-04", "2019-05", "2019-06", "2019-07", "2019-08", "2019-09", "2019-10", "2019-11", "2019-12", "2020-01", "2020-02", "2020-03", "2020-04", "2020-05", "2020-06", "2020-07", "2020-08", "2020-09", "2020-10", "2020-11", "2020-12"], "y": [0.4121171832084656, -0.18386857211589813, 0.458066463470459, -0.027530044317245483, -0.18577660620212555, -1.1522756814956665, -0.0546954981982708, 0.0048200697638094425, 0.46025025844573975, -0.4360257387161255, 0.03433694317936897, -1.0823478698730469, 0.4144987165927887, 1.3319276571273804, 1.0508780479431152, 1.1380244493484497, 0.8143301010131836, 0.5139639973640442, 0.13732250034809113, -0.23687422275543213, 0.44231531023979187, -0.0345454216003418, 1.2821787595748901, -0.030024388805031776]}, "spi_03": {"px": [], "py": [], "pt": [], "pb": [], "x": ["2019-01", "2019-02", "2019-03", "2019-04", "2019-05", "2019-06", "2019-07", "2019-08", "2019-09", "2019-10", "2019-11", "2019-12", "2020-01", "2020-02", "2020-03", "2020-04", "2020-05", "2020-06", "2020-07"], "y": [0.8354580998420715, 0.45609816908836365, 0.260464608669281, -0.07959914952516556, 0.043299730867147446, -0.5019633173942566, -0.7679086923599243, -0.7219702005386353, -0.17287422716617584, -0.33442842960357666, -0.33065861463546753, -1.0271852016448975, -0.035594575107097626, 0.8227663636207581, 1.4327977895736694, 1.987976312637329, 1.5094046592712402, 1.159982442855835, 0.6640325784683228]}, "spi_06": {"px": [], "py": [], "pt": [], "pb": [], "x": ["2019-01", "2019-02", "2019-03", "2019-04", "2019-05", "2019-06", "2019-07", "2019-08", "2019-09", "2019-10", "2019-11", "2019-12", "2020-01", "2020-02", "2020-03", "2020-04", "2020-05", "2020-06", "2020-07"], "y": [0.528575599193573, 0.3012652099132538, 0.4795471131801605, 0.3624652922153473, 0.2694699764251709, -0.19936925172805786, -0.48256200551986694, -0.25596916675567627, -0.5384001135826111, -0.7579998970031738, -0.9192501306533813, -0.8639662861824036, -0.22295664250850677, 0.6283159255981445, 1.028106927871704, 1.3400362730026245, 1.4762166738510132, 1.6309560537338257, 1.9572666883468628]}, "spi_12": {"px": ["2021-01", "2021-02", "2021-03", "2021-04", "2021-05", "2021-06", "2021-07", "2021-08", "2021-09", "2021-10", "2021-11", "2021-12"], "py": [1.2357399759822472, 3.1290513113992953, 3.617923539112521, 4.228618118211878, 4.502731704973609, 4.5232298047081345, 3.6811363991643855, 3.9093150634850655, 3.953658037841679, 3.8175006055758987, 3.4152901912931535, 1.723921613075626], "pt": [2.810982571670433, 5.0562841636326095, 5.8421231025924385, 6.71455877109182, 7.225366120589863, 7.463565736630702, 6.824130612333073, 7.242669208407078, 7.4670733402113925, 7.502188423883247, 7.263635491527978, 5.729242921197656], "pb": [-0.3395026197059383, 1.2018184591659815, 1.3937239756326036, 1.7426774653319348, 1.780097289357356, 1.582893872785566, 0.5381421859956972, 0.575960918563053, 0.440242735471966, 0.13281278726855072, -0.4330551089416712, -2.2813996950464035], "x": ["2019-01", "2019-02", "2019-03", "2019-04", "2019-05", "2019-06", "2019-07", "2019-08", "2019-09", "2019-10", "2019-11", "2019-12", "2020-01", "2020-02", "2020-03", "2020-04", "2020-05", "2020-06", "2020-07", "2020-08", "2020-09", "2020-10", "2020-11", "2020-12"], "y": [0.41992324590682983, -0.0687083899974823, 0.3811291456222534, -0.19456717371940613, -0.09767643362283707, -0.12109168618917465, -0.08297242969274521, -0.05792298540472984, -0.03689723461866379, -0.033957649022340775, -0.06967867165803909, -0.5113270282745361, -0.5285307765007019, 0.24534045159816742, 0.5245285034179688, 0.869701087474823, 1.0968579053878784, 1.2503430843353271, 1.2680474519729614, 1.229446530342102, 1.2240865230560303, 1.2336403131484985, 1.3585257530212402, 1.4324194192886353],