{"IIS3": {"px": [], "py": [], "pt": [], "pb": [], "x": ["2019-01", "2019-02", "2019-03", "2019-04", "2019-05", "2019-06", "2019-07", "2019-08", "2019-09", "2019-10", "2019-11", "2019-12", "2020-01", "2020-02", "2020-03", "2020-04", "2020-05", "2020-06", "2020-07", "2020-08", "2020-09", "2020-10", "2020-11", "2020-12"], "y": [NaN, NaN, NaN, NaN, NaN, NaN, NaN, NaN, NaN, NaN, NaN, NaN, NaN, NaN, NaN, NaN, NaN, NaN, NaN, NaN, NaN, NaN, NaN, NaN]}, "VHI": {"px": ["2021-01", "2021-02", "2021-03", "2021-04", "2021-05", "2021-06", "2021-07", "2021-08", "2021-09", "2021-10", "2021-11", "2021-12"], "py": [60.522854091719836, 74.690292701032, 74.48429973108799, 68.84935423499266, 66.3556599694915, 67.07418317408944, 66.98064518029048, 73.09493004126574, 62.49785043652135, 58.677029569054525, 49.50787506622298, 40.02676667092858], "pt": [72.08023772312946, 87.34515952977186, 88.14878627477874, 83.45383062246617, 81.84317973870687, 83.39704464661938, 84.09813169849659, 90.97175533969424, 81.10304919386061, 77.98314152484883, 69.49032979278822, 60.66340968641913], "pb": [48.965470460310215, 62.03542587229215, 60.81981318739723, 54.24487784751915, 50.86814020027613, 50.751321701559505, 49.86315866208437, 55.21810474283724, 43.89265167918208, 39.37091761326022, 29.525420339657742, 19.390123655438032], "x": ["2019-01", "2019-02", "2019-03", "2019-04", "2019-05", "2019-06", "2019-07", "2019-08", "2019-09", "2019-10", "2019-11", "2019-12", "2020-01", "2020-02", "2020-03", "2020-04", "2020-05", "2020-06", "2020-07", "2020-08", "2020-09", "2020-10", "2020-11", "2020-12"], "y": [49.123111724853516, 51.56232452392578, 59.436946868896484, 54.5243034362793, 51.85933303833008, 49.027198791503906, 49.027198791503906, 53.89991760253906, 45.330806732177734, 41.94594955444336, 34.32554626464844, 26.676301956176758, 45.399330139160156, 57.62627410888672, 57.74447250366211, 52.83295440673828, 51.0789794921875, 52.820045471191406, 56.23781204223633, 61.37471389770508, 48.33991622924805, 38.65878677368164, 49.51580810546875, 42.32654571533203]}, "spi_01": {"px": ["2021-01", "2021-02", "2021-03", "2021-04", "2021-05", "2021-06", "2021-07", "2021-08", "2021-09", "2021-10", "2021-11", "2021-12"], "py": [2.394354981924181, 2.94822615407414, 3.1931085175160794, 2.6543454262153707, 3.280953692227479, 4.439202296592821, 5.695239962024157, 4.4906934155332285, 3.1982220570608764, 3.044145011745308, -0.8446245112186559, -0.9528266965062024], "pt": [4.809553306317545, 5.597023270042637, 6.056510231731803, 5.717352542169243, 6.531331486852986, 7.866723124130576, 9.291187992601852, 8.24752525286986, 7.109325311826293, 7.103661224897703, 3.3580669002767998, 3.3883204232846236], "pb": [-0.020843342469182957, 0.2994290381056435, 0.32970680330035584, -0.4086616897385018, 0.030575897601972102, 1.011681469055067, 2.099291931446462, 0.7338615781965974, -0.7128811977045411, -1.0153712014070866, -5.0473159227141124, -5.293973816297029], "x": ["2019-01", "2019-02", "2019-03", "2019-04", "2019-05", "2019-06", "2019-07", "2019-08", "2019-09", "2019-10", "2019-11", "2019-12", "2020-01", "2020-02", "2020-03", "2020-04", "2020-05", "2020-06", "2020-07", "2020-08", "2020-09", "2020-10", "2020-11", "2020-12"], "y": [-0.9646642804145813, 0.3021289110183716, -0.2604324221611023, -0.6612206697463989, 1.1074014902114868, -0.32583028078079224, 0.7680331468582153, 0.17232497036457062, -0.4591542184352875, -0.5381618738174438, -2.256194591522217, -2.310598850250244, -0.6662997007369995, -0.4572898745536804, -0.27549034357070923, -0.4200715124607086, 0.008583957329392433, 0.7235232591629028, 0.026975000277161598, 0.33513349294662476, 1.4977529048919678, 0.7087424397468567, -0.10000218451023102, -1.3172823190689087]}, "spi_03": {"px": [], "py": [], "pt": [], "pb": [], "x": ["2019-01", "2019-02", "2019-03", "2019-04", "2019-05", "2019-06", "2019-07", "2019-08", "2019-09", "2019-10", "2019-11", "2019-12", "2020-01", "2020-02", "2020-03", "2020-04", "2020-05", "2020-06", "2020-07"], "y": [-1.6618974208831787, -0.9211762547492981, -0.610070526599884, -0.3014259934425354, -0.1306210458278656, 0.07458388060331345, 1.0973145961761475, -0.4227468967437744, -0.6020886301994324, -0.7727023363113403, -2.450331211090088, -2.9142558574676514, -2.1771068572998047, -1.5890618562698364, -0.8462192416191101, -0.6543133854866028, -0.4534999430179596, -0.4135574400424957, -0.03839129954576492]}, "spi_06": {"px": [], "py": [], "pt": [], "pb": [], "x": ["2019-01", "2019-02", "2019-03", "2019-04", "2019-05", "2019-06", "2019-07", "2019-08", "2019-09", "2019-10", "2019-11", "2019-12", "2020-01", "2020-02", "2020-03", "2020-04", "2020-05", "2020-06", "2020-07"], "y": [-1.368823766708374, -1.010299563407898, -1.0120738744735718, -1.2823431491851807, -0.8032228350639343, -0.5602270364761353, -0.01922750473022461, -0.15559926629066467, -0.0501677468419075, 0.06213178113102913, -2.452500581741333, -2.892570972442627, -2.3470215797424316, -2.0963454246520996, -1.9186041355133057, -1.7597850561141968, -1.3890483379364014, -0.9245530366897583, -0.660885214805603]}, "spi_12": {"px": ["2021-01", "2021-02", "2021-03", "2021-04", "2021-05", "2021-06", "2021-07", "2021-08", "2021-09", "2021-10", "2021-11", "2021-12"], "py": [-0.516208003328817, -0.7267218317279727, -0.7013641061604732, -0.5869398874284393, -1.076760444159572, -1.1283795046225245, -0.27758908430539764, -0.35156978435194297, -0.31720850723107086, -0.5010638687222557, -0.6368456509456624, -0.8820583108013111], "pt": [0.4329747462169644, 0.43578486990447374, 0.6409830064171227, 0.9138498080154189, 0.5672722955556466, 0.647378809045354, 1.6207764041782209, 1.6619508803472574, 1.8052286311727421, 1.7249669814190511, 1.6881677436578801, 1.537892354892299], "pb": [-1.4653907528745982, -1.8892285333604188, -2.043711218738069, -2.0877295828722975, -2.7207931838747905, -2.904137818290403, -2.175954572789016, -2.365090449051143, -2.439645645634884, -2.727094718863562, -2.9618590455492044, -3.302008976494921], "x": ["2019-01", "2019-02", "2019-03", "2019-04", "2019-05", "2019-06", "2019-07", "2019-08", "2019-09", "2019-10", "2019-11", "2019-12", "2020-01", "2020-02", "2020-03", "2020-04", "2020-05", "2020-06", "2020-07", "2020-08", "2020-09", "2020-10", "2020-11", "2020-12"], "y": [-1.9301573038101196, -1.3218835592269897, -1.262737512588501, -1.2589986324310303, -0.9279589653015137, -0.9283024668693542, -0.9227596521377563, -0.9614647030830383, -0.9608991742134094, -1.1267985105514526, -1.2772101163864136, -1.520493745803833, -1.4084420204162598, -1.609947919845581, -1.6556085348129272, -1.6221662759780884, -1.885777235031128, -1.8770347833633423, -1.8782317638397217, -1.8837130069732666, -1.6843246221542358, -1.2732657194137573, -0.9362084269523621, -0.7935454845428467],