{"IIS3": {"px": [], "py": [], "pt": [], "pb": [], "x": ["2019-01", "2019-02", "2019-03", "2019-04", "2019-05", "2019-06", "2019-07", "2019-08", "2019-09", "2019-10", "2019-11", "2019-12", "2020-01", "2020-02", "2020-03", "2020-04", "2020-05", "2020-06", "2020-07", "2020-08", "2020-09", "2020-10", "2020-11", "2020-12"], "y": [NaN, NaN, NaN, NaN, NaN, NaN, NaN, NaN, NaN, NaN, NaN, NaN, NaN, NaN, NaN, NaN, NaN, NaN, NaN, NaN, NaN, NaN, NaN, NaN]}, "VHI": {"px": ["2021-01", "2021-02", "2021-03", "2021-04", "2021-05", "2021-06", "2021-07", "2021-08", "2021-09", "2021-10", "2021-11", "2021-12"], "py": [23.59499832131366, 24.62722558363562, 25.121866241164, 30.322342974264572, 29.393141588962933, 28.730361878467974, 21.385184129553515, 24.910599114686804, 22.812085743918182, 34.62895472700423, 31.112152441096818, 27.43779611991038], "pt": [39.31011896627277, 41.79207589227741, 43.62319471645304, 50.0699054715198, 50.312828341289375, 50.75989576023504, 44.47127154774509, 49.006957792147674, 47.87803018543693, 60.62835164265911, 58.01263030321343, 55.21013448819846], "pb": [7.879877676354553, 7.462375274993825, 6.6205377658749605, 10.574780477009334, 8.473454836636492, 6.700827996700912, -1.7009032886380595, 0.81424043722593, -2.2538586976005632, 8.629557811349336, 4.211674578980208, -0.3345422483777014], "x": ["2019-01", "2019-02", "2019-03", "2019-04", "2019-05", "2019-06", "2019-07", "2019-08", "2019-09", "2019-10", "2019-11", "2019-12", "2020-01", "2020-02", "2020-03", "2020-04", "2020-05", "2020-06", "2020-07", "2020-08", "2020-09", "2020-10", "2020-11", "2020-12"], "y": [36.97151565551758, 38.57749938964844, 42.27862548828125, 45.330116271972656, 52.84230422973633, 36.74852752685547, 36.74852752685547, 41.850154876708984, 39.33372497558594, 55.539894104003906, 50.70234680175781, 45.82807540893555, 37.2629508972168, 39.3365478515625, 39.85871887207031, 45.011844635009766, 42.001808166503906, 40.21760940551758, 45.93852996826172, 43.15642166137695, 26.18411636352539, 24.11862564086914, 31.316078186035156, 34.40169906616211]}, "spi_01": {"px": ["2021-01", "2021-02", "2021-03", "2021-04", "2021-05", "2021-06", "2021-07", "2021-08", "2021-09", "2021-10", "2021-11", "2021-12"], "py": [-1.8962316788479525, 0.7740188944022757, 3.1924309314216552, 3.2973294358566587, 4.061596481362206, 3.0955049883270283, 2.172777183401565, 1.5108684396464334, -0.06521466136952725, 2.33531000130837, 1.4595856121698008, -0.05635650502937439], "pt": [3.7520775220465588, 7.691756603051328, 11.180346378046044, 12.228090397789073, 13.844754945576685, 13.662523854245972, 13.469395522065678, 13.492741584785211, 12.564788594487268, 15.581769166674363, 15.295060977926635, 14.344062821268718], "pb": [-7.544540879742463, -6.143718814246777, -4.795484515202734, -5.633431526075755, -5.721561982852275, -7.471513877591916, -9.12384115526255, -10.471004705492344, -12.695217917226323, -10.911149164057623, -12.375889753587032, -14.456775831327466], "x": ["2019-01", "2019-02", "2019-03", "2019-04", "2019-05", "2019-06", "2019-07", "2019-08", "2019-09", "2019-10", "2019-11", "2019-12", "2020-01", "2020-02", "2020-03", "2020-04", "2020-05", "2020-06", "2020-07", "2020-08", "2020-09", "2020-10", "2020-11", "2020-12"], "y": [0.1435185819864273, -0.39377784729003906, 0.33746200799942017, 0.21196140348911285, 0.40770697593688965, -0.6164496541023254, 0.2670668363571167, -0.26480787992477417, -1.2446588277816772, 0.41268354654312134, -0.06943396478891373, -1.0210658311843872, -2.4140143394470215, -0.6676058769226074, 0.9585056900978088, 0.980597734451294, 1.316183090209961, 0.7469688057899475, -0.26350337266921997, -0.7178637981414795, -0.6823529601097107, -1.5979385375976562, -1.2457458972930908, 0.3133343458175659]}, "spi_03": {"px": [], "py": [], "pt": [], "pb": [], "x": ["2019-01", "2019-02", "2019-03", "2019-04", "2019-05", "2019-06", "2019-07", "2019-08", "2019-09", "2019-10", "2019-11", "2019-12", "2020-01", "2020-02", "2020-03", "2020-04", "2020-05", "2020-06", "2020-07"], "y": [0.7119439244270325, 0.07062791287899017, 0.01703675091266632, 0.020602913573384285, 0.3445676565170288, 0.11853991448879242, -0.016046997159719467, -0.8085477352142334, -1.128373384475708, -0.5020771622657776, -0.3745848536491394, -0.46079912781715393, -2.018376111984253, -2.0608134269714355, -0.8688080310821533, 0.6744989156723022, 1.3425061702728271, 1.3958015441894531, 1.0788323879241943]}, "spi_06": {"px": [], "py": [], "pt": [], "pb": [], "x": ["2019-01", "2019-02", "2019-03", "2019-04", "2019-05", "2019-06", "2019-07", "2019-08", "2019-09", "2019-10", "2019-11", "2019-12", "2020-01", "2020-02", "2020-03", "2020-04", "2020-05", "2020-06", "2020-07"], "y": [0.2599078118801117, 0.07882929593324661, 0.23368248343467712, 0.44088417291641235, 0.22924041748046875, 0.02759224735200405, -0.02450152486562729, 0.14055167138576508, -0.5162352323532104, -0.5401837825775146, -0.5243192911148071, -0.7972955703735352, -1.7306859493255615, -1.7153160572052002, -0.9516241550445557, -0.8097285032272339, -0.4891940951347351, -0.056162018328905106, 0.8974896669387817]}, "spi_12": {"px": ["2021-01", "2021-02", "2021-03", "2021-04", "2021-05", "2021-06", "2021-07", "2021-08", "2021-09", "2021-10", "2021-11", "2021-12"], "py": [-1.4425170106741831, -1.4786427282103514, -1.2849309980993482, -1.1489333907878065, -0.9584440887874366, -0.8542665862713004, -0.9455670905011357, -0.974430594715582, -1.0464861412353268, -0.9300947200352323, -1.0521414047499553, -1.2612643467212075], "pt": [-0.8875609262824633, -0.8352670281766321, -0.5638981783301182, -0.3578301339528627, -0.10299075939690594, 0.0610237690563582, 0.025881554742821944, 0.05010271666907418, 0.02851364570758097, 0.19310632061500943, 0.11727580630359924, -0.04738929166044725], "pb": [-1.997473095065903, -2.1220184282440706, -2.0059638178685777, -1.9400366476227504, -1.8138974181779672, -1.769556941598959, -1.9170157357450934, -1.9989639061002382, -2.1214859281782346, -2.053295760685474, -2.2215586158035103, -2.4751394017819672], "x": ["2019-01", "2019-02", "2019-03", "2019-04", "2019-05", "2019-06", "2019-07", "2019-08", "2019-09", "2019-10", "2019-11", "2019-12", "2020-01", "2020-02", "2020-03", "2020-04", "2020-05", "2020-06", "2020-07", "2020-08", "2020-09", "2020-10", "2020-11", "2020-12"], "y": [-0.9058628082275391, -0.5456730127334595, -0.2096530944108963, -0.024546310305595398, 0.13834920525550842, 0.09228488802909851, 0.1385781168937683, 0.10175782442092896, -0.038847487419843674, 0.15871216356754303, -0.07974505424499512, -0.46481406688690186, -1.1928155422210693, -1.2532410621643066, -1.0130521059036255, -0.8637537956237793, -0.6770259141921997, -0.5691231489181519, -0.6021860241889954, -0.640356719493866, -0.5475589632987976, -0.9356227517127991, -1.0895261764526367, -0.723741352558136], "geox": [-62.71714225795113, -62.52525290470973, -62.35242926398586, -62.37870046889597, -62.39001455680106, -62.45414900737237, -62.486107230320876, -62.49446228722306, -62.49527029134016, -62.524218494182094, -62.543082640186384, -62.549102660355096, -62.6028338417318, -62.71714225795113], "geoy": [-10.878247914928936, -10.709475560131708, -10.893937601111123, -10.927425692012884, -10.941632730160377, -10.994954835309265, -11.020646883618191, -11.026583893054063, -11.026375890820702, -11.050166936276497, -11.073439996877703, -11.066019956687457, -11.000514601148359, -10.878247914928936]}}