{"IIS3": {"px": [], "py": [], "pt": [], "pb": [], "x": ["2019-01", "2019-02", "2019-03", "2019-04", "2019-05", "2019-06", "2019-07", "2019-08", "2019-09", "2019-10", "2019-11", "2019-12", "2020-01", "2020-02", "2020-03", "2020-04", "2020-05", "2020-06", "2020-07", "2020-08", "2020-09", "2020-10", "2020-11", "2020-12"], "y": [NaN, NaN, NaN, NaN, NaN, NaN, NaN, NaN, NaN, NaN, NaN, NaN, NaN, NaN, NaN, NaN, NaN, NaN, NaN, NaN, NaN, NaN, NaN, NaN]}, "VHI": {"px": ["2021-01", "2021-02", "2021-03", "2021-04", "2021-05", "2021-06", "2021-07", "2021-08", "2021-09", "2021-10", "2021-11", "2021-12"], "py": [54.96908211729463, 64.01493853265515, 72.46754442408812, 67.43336253059142, 69.4120406475656, 80.36711818279291, 76.57788116346818, 59.442373713174774, 50.71632358715114, 50.97278218658883, 49.4319429739068, 51.91120235475661], "pt": [68.95898908674344, 79.3750504583552, 89.08526327254121, 85.21999012219612, 88.2953576877107, 100.28683715156438, 97.48268312739589, 81.28788324047204, 73.46367129767414, 74.58755233621419, 73.88338282058734, 77.17161509746605], "pb": [40.97917514784582, 48.6548266069551, 55.84982557563502, 49.646734938986725, 50.5287236074205, 60.44739921402142, 55.67307919954048, 37.59686418587751, 27.968975876628136, 27.358012036963473, 24.980503127226257, 26.650789612047177], "x": ["2019-01", "2019-02", "2019-03", "2019-04", "2019-05", "2019-06", "2019-07", "2019-08", "2019-09", "2019-10", "2019-11", "2019-12", "2020-01", "2020-02", "2020-03", "2020-04", "2020-05", "2020-06", "2020-07", "2020-08", "2020-09", "2020-10", "2020-11", "2020-12"], "y": [40.034114837646484, 37.60863494873047, 45.868858337402344, 47.5803337097168, 51.234371185302734, 50.2143669128418, 50.2143669128418, 37.4774055480957, 31.524381637573242, 32.24732208251953, 31.322345733642578, 33.87983703613281, 42.511085510253906, 51.956993103027344, 61.35420227050781, 57.60479736328125, 59.73752212524414, 70.24090576171875, 70.23741912841797, 68.76605987548828, 55.554588317871094, 37.69749450683594, 46.178531646728516, 43.585453033447266]}, "spi_01": {"px": ["2021-01", "2021-02", "2021-03", "2021-04", "2021-05", "2021-06", "2021-07", "2021-08", "2021-09", "2021-10", "2021-11", "2021-12"], "py": [2.338252732145498, 1.3291264026872711, 3.1274555515429725, 2.634749117218159, 2.301490960053595, 1.9053205921138137, 1.9944395208093466, 1.9244870607260838, 1.9161181514910561, 1.3247274041363553, -0.755597596777541, -0.5848016697067282], "pt": [4.204907871647093, 3.2642683490300692, 5.128741961621017, 4.700062710315039, 4.428905630609954, 4.093074262700632, 4.240912103734358, 4.228182354922225, 4.275648814815677, 3.7388023602710643, 1.7118161983740698, 1.9348220679120756], "pb": [0.4715975926439029, -0.6060155436555272, 1.1261691414649273, 0.5694355241212792, 0.1740762894972363, -0.28243307847300425, -0.25203306211566456, -0.3792082334700573, -0.4434125118335639, -1.0893475519983538, -3.2230113919291514, -3.1044254073255315], "x": ["2019-01", "2019-02", "2019-03", "2019-04", "2019-05", "2019-06", "2019-07", "2019-08", "2019-09", "2019-10", "2019-11", "2019-12", "2020-01", "2020-02", "2020-03", "2020-04", "2020-05", "2020-06", "2020-07", "2020-08", "2020-09", "2020-10", "2020-11", "2020-12"], "y": [-1.2534770965576172, 0.3317334055900574, 1.2173130512237549, 0.041680414229631424, 1.1429569721221924, -0.18001237511634827, 0.25397229194641113, 0.27229219675064087, 0.23717959225177765, -0.10878299921751022, -1.3868484497070312, -1.2858397960662842, 0.8052244186401367, 0.10251565277576447, 1.2486376762390137, 0.8758150935173035, 0.7141032814979553, 0.5226705074310303, 0.20425336062908173, 0.3290668725967407, -0.28407007455825806, 0.03161364048719406, 0.08516018837690353, -0.6738656163215637]}, "spi_03": {"px": [], "py": [], "pt": [], "pb": [], "x": ["2019-01", "2019-02", "2019-03", "2019-04", "2019-05", "2019-06", "2019-07", "2019-08", "2019-09", "2019-10", "2019-11", "2019-12", "2020-01", "2020-02", "2020-03", "2020-04", "2020-05", "2020-06", "2020-07"], "y": [-0.9872419238090515, -0.8722526431083679, -0.12816613912582397, 0.7148341536521912, 0.8965821266174316, 0.24893203377723694, 0.9403448104858398, -0.6379175186157227, -0.03690541535615921, -0.22777536511421204, -1.5022563934326172, -1.8212711811065674, -0.7328177690505981, -0.10960112512111664, 1.127707839012146, 1.0415220260620117, 1.2908134460449219, 0.8707155585289001, 0.5950422286987305]}, "spi_06": {"px": [], "py": [], "pt": [], "pb": [], "x": ["2019-01", "2019-02", "2019-03", "2019-04", "2019-05", "2019-06", "2019-07", "2019-08", "2019-09", "2019-10", "2019-11", "2019-12", "2020-01", "2020-02", "2020-03", "2020-04", "2020-05", "2020-06", "2020-07"], "y": [-0.9327953457832336, -0.8622236251831055, -0.21503782272338867, -0.32357698678970337, -0.09333911538124084, -0.13845005631446838, 0.7761684060096741, 0.8670358657836914, 0.13929076492786407, 0.019079260528087616, -1.5198688507080078, -1.8068631887435913, -0.8740741610527039, -0.9021197557449341, -0.20682856440544128, 0.1815350502729416, 0.7792959213256836, 1.322594165802002, 1.0517692565917969]}, "spi_12": {"px": ["2021-01", "2021-02", "2021-03", "2021-04", "2021-05", "2021-06", "2021-07", "2021-08", "2021-09", "2021-10", "2021-11", "2021-12"], "py": [3.6567229543097923, 3.41310343982372, 3.364316644626327, 4.155542169177913, 3.86404641957928, 3.5649870393851337, 4.102409340179469, 3.968235403346138, 4.018474110487541, 3.690251257189673, 2.4045338933492824, 0.8919515294065676], "pt": [5.025626358589539, 5.089660859482049, 5.30023839732557, 6.319968486643312, 6.23505665466886, 6.125970792957627, 6.8402161334402685, 6.872118026385108, 7.079435158843173, 6.900614288174349, 5.757648720174609, 4.381984092727224], "pb": [2.2878195500300453, 1.7365460201653908, 1.4283948919270837, 1.9911158517125145, 1.4930361844897004, 1.0040032858126402, 1.3646025469186709, 1.0643527803071677, 0.9575130621319095, 0.4798882262049964, -0.9485809334760442, -2.598081033914089], "x": ["2019-01", "2019-02", "2019-03", "2019-04", "2019-05", "2019-06", "2019-07", "2019-08", "2019-09", "2019-10", "2019-11", "2019-12", "2020-01", "2020-02", "2020-03", "2020-04", "2020-05", "2020-06", "2020-07", "2020-08", "2020-09", "2020-10", "2020-11", "2020-12"], "y": [-0.4486168920993805, -0.7435238361358643, -0.35545095801353455, -0.40940427780151367, -0.2511105537414551, -0.2474195957183838, -0.24717149138450623, -0.26100102066993713, -0.22554028034210205, -0.3123627305030823, -0.7041099667549133, -1.1845118999481201, -0.12334424257278442, -0.19501227140426636, -0.20016050338745117, 0.10020309686660767, 0.055983249098062515, 0.06316790729761124, 0.06326356530189514, 0.06432703137397766, 0.041807785630226135, 0.09002325683832169, 0.5512179732322693, 0.6509009599685669],