{"IIS3": {"px": [], "py": [], "pt": [], "pb": [], "x": ["2019-01", "2019-02", "2019-03", "2019-04", "2019-05", "2019-06", "2019-07", "2019-08", "2019-09", "2019-10", "2019-11", "2019-12", "2020-01", "2020-02", "2020-03", "2020-04", "2020-05", "2020-06", "2020-07", "2020-08", "2020-09", "2020-10", "2020-11", "2020-12"], "y": [NaN, NaN, NaN, NaN, NaN, NaN, NaN, NaN, NaN, NaN, NaN, NaN, NaN, NaN, NaN, NaN, NaN, NaN, NaN, NaN, NaN, NaN, NaN, NaN]}, "VHI": {"px": ["2021-01", "2021-02", "2021-03", "2021-04", "2021-05", "2021-06", "2021-07", "2021-08", "2021-09", "2021-10", "2021-11", "2021-12"], "py": [71.89647877469321, 118.3834621721368, 152.49444836723472, 157.24848686166544, 152.92541077346047, 139.08633052882288, 104.39921111716973, 168.26604420125474, 152.85000690270758, 143.2205815577029, 109.82522358150223, 61.73442914236202], "pt": [122.27071126367412, 180.0790449100811, 223.73437088189752, 236.8971415296245, 240.17614040328317, 233.32788957501572, 205.14767553215563, 275.1259277520911, 265.49021439105934, 261.35862781520444, 233.2163885977229, 190.16402555448516], "pb": [21.522246285712292, 56.68787943419251, 81.25452585257192, 77.59983219370642, 65.67468114363777, 44.84477148263005, 3.650746702183824, 61.40616065041836, 40.209799414355786, 25.08253530020137, -13.56594143471844, -66.69516726976113], "x": ["2019-01", "2019-02", "2019-03", "2019-04", "2019-05", "2019-06", "2019-07", "2019-08", "2019-09", "2019-10", "2019-11", "2019-12", "2020-01", "2020-02", "2020-03", "2020-04", "2020-05", "2020-06", "2020-07", "2020-08", "2020-09", "2020-10", "2020-11", "2020-12"], "y": [49.87352752685547, 46.96766662597656, 50.07969665527344, 48.99551773071289, 42.420066833496094, 35.83219528198242, 35.83219528198242, 63.08341979980469, 56.9882698059082, 54.01750183105469, 40.1475944519043, 18.85004234313965, 26.149982452392578, 49.7391471862793, 65.392822265625, 65.670654296875, 63.58013153076172, 59.586307525634766, 55.24146270751953, 55.19723129272461, 39.59160232543945, 36.09711837768555, 62.46566390991211, 58.92252731323242]}, "spi_01": {"px": ["2021-01", "2021-02", "2021-03", "2021-04", "2021-05", "2021-06", "2021-07", "2021-08", "2021-09", "2021-10", "2021-11", "2021-12"], "py": [3.781106619036004, 6.59087656726798, 5.835974029422486, 3.0264573798484253, 4.193176720718167, 6.574217326833356, 8.430291914425984, 6.096917538629532, 1.6585316390315237, 1.4505372445884328, 4.1461492660635, -0.45002796840280235], "pt": [5.935817380242453, 9.056836314886848, 8.578078420085639, 6.019334841708796, 7.41738119843502, 10.014228013814872, 12.073347299534023, 9.932283434001485, 5.677015254003713, 5.644150194804222, 8.507865509543263, 4.07354889079312], "pb": [1.6263958578295554, 4.124916819649112, 3.093869638759333, 0.033579917988054486, 0.9689722430013132, 3.13420663985184, 4.787236529317946, 2.2615516432575777, -2.359951975940665, -2.7430757056273567, -0.21556697741626252, -4.9736048275987255], "x": ["2019-01", "2019-02", "2019-03", "2019-04", "2019-05", "2019-06", "2019-07", "2019-08", "2019-09", "2019-10", "2019-11", "2019-12", "2020-01", "2020-02", "2020-03", "2020-04", "2020-05", "2020-06", "2020-07", "2020-08", "2020-09", "2020-10", "2020-11", "2020-12"], "y": [-1.0174015760421753, 0.6769813299179077, 1.6848092079162598, -0.28598684072494507, -0.8985700607299805, 0.38886702060699463, 1.951103687286377, 1.1496868133544922, -0.7163159847259521, -0.7955446243286133, 0.48195743560791016, -1.5512011051177979, 0.8940519094467163, 2.3480982780456543, 2.026926279067993, 0.5790102481842041, 1.3305017948150635, 2.7890520095825195, 0.8468559980392456, 1.94352126121521, 0.9126803874969482, 0.866564154624939, 2.004699468612671, -0.577949583530426]}, "spi_03": {"px": [], "py": [], "pt": [], "pb": [], "x": ["2019-01", "2019-02", "2019-03", "2019-04", "2019-05", "2019-06", "2019-07", "2019-08", "2019-09", "2019-10", "2019-11", "2019-12", "2020-01", "2020-02", "2020-03", "2020-04", "2020-05", "2020-06", "2020-07"], "y": [0.6040068864822388, 0.5276656150817871, 1.1898696422576904, 1.1196675300598145, 0.641060471534729, -0.5464494824409485, 0.6672618985176086, 1.5694539546966553, 1.5236470699310303, -0.06173405051231384, -0.6200343370437622, -1.1725465059280396, 0.3898857831954956, 1.6628355979919434, 2.5360217094421387, 2.3852977752685547, 1.8727099895477295, 1.6168146133422852, 2.000047445297241]}, "spi_06": {"px": [], "py": [], "pt": [], "pb": [], "x": ["2019-01", "2019-02", "2019-03", "2019-04", "2019-05", "2019-06", "2019-07", "2019-08", "2019-09", "2019-10", "2019-11", "2019-12", "2020-01", "2020-02", "2020-03", "2020-04", "2020-05", "2020-06", "2020-07"], "y": [0.19443364441394806, 0.5191142559051514, 1.6215296983718872, 1.1619880199432373, 0.6729001402854919, 0.28312796354293823, 1.050305724143982, 1.0556533336639404, 0.28790783882141113, 0.48251867294311523, 1.0837891101837158, 0.6361719369888306, 0.25140243768692017, 1.502416729927063, 2.3444178104400635, 2.2817039489746094, 2.1970643997192383, 2.5234885215759277, 2.4970266819000244]}, "spi_12": {"px": ["2021-01", "2021-02", "2021-03", "2021-04", "2021-05", "2021-06", "2021-07", "2021-08", "2021-09", "2021-10", "2021-11", "2021-12"], "py": [4.056267603415523, 5.302954774405234, 6.075131602623095, 6.466812017457059, 6.717948914510971, 6.632975262840351, 7.010452889214191, 7.112343695591884, 6.643884790201277, 6.228761178635775, 5.302718292901186, 3.3675669634135534], "pt": [5.5248008707515055, 7.101533357576093, 8.151951258348959, 8.788766979332436, 9.261523133507948, 9.380349421944729, 9.947519407474015, 10.22757317273338, 9.927624983611784, 9.672776948110137, 8.899875445842445, 7.11160683306303], "pb": [2.587734336079541, 3.5043761912343756, 3.998311946897233, 4.1448570555816815, 4.174374695513993, 3.885601103735974, 4.073386370954368, 3.9971142184503874, 3.3601445967907697, 2.784745409161414, 1.7055611399599253, -0.3764729062359229], "x": ["2019-01", "2019-02", "2019-03", "2019-04", "2019-05", "2019-06", "2019-07", "2019-08", "2019-09", "2019-10", "2019-11", "2019-12", "2020-01", "2020-02", "2020-03", "2020-04", "2020-05", "2020-06", "2020-07", "2020-08", "2020-09", "2020-10", "2020-11", "2020-12"], "y": [0.04871191084384918, -0.07249651104211807, 0.7981235980987549, 0.3274810016155243, 0.3264786899089813, 0.4525830149650574, 0.9704297184944153, 1.1036908626556396, 1.0904803276062012, 1.089712381362915, 0.9503746032714844, 0.4339897930622101, 1.0099716186523438, 1.6059191226959229, 2.024210214614868, 2.2960658073425293, 2.5262439250946045, 2.6406381130218506, 2.492572784423828, 2.5002059936523438, 2.5136632919311523, 2.5989928245544434, 2.6788852214813232, 2.7805957794189453],