{"IIS3": {"px": [], "py": [], "pt": [], "pb": [], "x": ["2019-01", "2019-02", "2019-03", "2019-04", "2019-05", "2019-06", "2019-07", "2019-08", "2019-09", "2019-10", "2019-11", "2019-12", "2020-01", "2020-02", "2020-03", "2020-04", "2020-05", "2020-06", "2020-07", "2020-08", "2020-09", "2020-10", "2020-11", "2020-12"], "y": [NaN, NaN, NaN, NaN, NaN, NaN, NaN, NaN, NaN, NaN, NaN, NaN, NaN, NaN, NaN, NaN, NaN, NaN, NaN, NaN, NaN, NaN, NaN, NaN]}, "VHI": {"px": ["2021-01", "2021-02", "2021-03", "2021-04", "2021-05", "2021-06", "2021-07", "2021-08", "2021-09", "2021-10", "2021-11", "2021-12"], "py": [51.85314050115666, 50.820057451651024, 59.49671553834408, 65.79607408591681, 67.85930143706047, 71.34766124211693, 63.006761102999235, 72.9177510123577, 89.15366187120594, 74.01503968603683, 55.86444516613295, 51.95200073676128], "pt": [63.56515294552858, 63.51145647484621, 73.09715607660594, 80.24849106383553, 83.11619267257991, 87.3686819287432, 79.75708878666393, 90.36693010992502, 107.27476075752674, 92.78401937371976, 75.2596758217733, 71.95388429442474], "pb": [40.14112805678474, 38.128658428455836, 45.89627500008221, 51.3436571079981, 52.60241020154102, 55.326640555490656, 46.25643341933454, 55.468571914790374, 71.03256298488513, 55.2460599983539, 36.469214510492606, 31.950117179097816], "x": ["2019-01", "2019-02", "2019-03", "2019-04", "2019-05", "2019-06", "2019-07", "2019-08", "2019-09", "2019-10", "2019-11", "2019-12", "2020-01", "2020-02", "2020-03", "2020-04", "2020-05", "2020-06", "2020-07", "2020-08", "2020-09", "2020-10", "2020-11", "2020-12"], "y": [46.270538330078125, 38.191951751708984, 40.137386322021484, 45.706520080566406, 52.11869430541992, 46.8770637512207, 46.8770637512207, 54.97486877441406, 69.03755950927734, 56.910221099853516, 41.86760330200195, 39.06175231933594, 42.62739562988281, 42.3260383605957, 50.29616928100586, 55.7208366394043, 57.84575653076172, 61.92512893676758, 62.18032455444336, 63.16543197631836, 70.1212158203125, 55.56982421875, 55.67076110839844, 52.30913162231445]}, "spi_01": {"px": ["2021-01", "2021-02", "2021-03", "2021-04", "2021-05", "2021-06", "2021-07", "2021-08", "2021-09", "2021-10", "2021-11", "2021-12"], "py": [1.347370711103732, -0.7653829830346561, 1.0308707618585897, 1.6568900279927479, 1.0211610650950842, 1.4212638719015778, 0.8290058320057998, 2.859508075837212, 2.2074301996897194, 0.9786912566351074, -0.6592740995926842, 0.4632255078061882], "pt": [3.179841425932829, 1.0870757635717312, 2.9031041594484197, 3.548691387074352, 2.9323300449069825, 3.351606161902888, 2.778332855298646, 4.82763671261683, 4.194182529016212, 2.9838943149951556, 1.3642114556877925, 2.5048298474373976], "pb": [-0.48510000372536477, -2.6178417296410434, -0.84136263573124, -0.2349113310888562, -0.8900079147168141, -0.5090784180997319, -1.120321191287046, 0.8913794390575944, 0.2206778703632275, -1.0265118017249408, -2.682759654873161, -1.5783788318250211], "x": ["2019-01", "2019-02", "2019-03", "2019-04", "2019-05", "2019-06", "2019-07", "2019-08", "2019-09", "2019-10", "2019-11", "2019-12", "2020-01", "2020-02", "2020-03", "2020-04", "2020-05", "2020-06", "2020-07", "2020-08", "2020-09", "2020-10", "2020-11", "2020-12"], "y": [-0.8387030959129333, -0.9045436382293701, -0.5184812545776367, -0.32745400071144104, -0.5498207807540894, 0.205956369638443, -0.26317283511161804, 1.0747876167297363, 0.6734934449195862, -0.053899187594652176, -1.1130092144012451, -0.30568787455558777, 0.674389123916626, -1.0256757736206055, 0.3776131272315979, 0.863400399684906, 0.4407581090927124, 0.7925384640693665, 0.533657431602478, 0.9784706234931946, 0.3423115909099579, 0.6818704605102539, 0.5742428302764893, -0.8463097214698792]}, "spi_03": {"px": [], "py": [], "pt": [], "pb": [], "x": ["2019-01", "2019-02", "2019-03", "2019-04", "2019-05", "2019-06", "2019-07", "2019-08", "2019-09", "2019-10", "2019-11", "2019-12", "2020-01", "2020-02", "2020-03", "2020-04", "2020-05", "2020-06", "2020-07"], "y": [-0.013227315619587898, -0.6950383186340332, -1.438628911972046, -1.0854756832122803, -0.793167233467102, -0.6228041648864746, -0.40794286131858826, 0.5219342708587646, 0.6792342066764832, 0.6723909974098206, -0.7843997478485107, -1.120505690574646, -0.8092322945594788, -0.547132670879364, 0.04055221006274223, 0.06887604296207428, 0.6900197863578796, 1.234708547592163, 0.8656242489814758]}, "spi_06": {"px": [], "py": [], "pt": [], "pb": [], "x": ["2019-01", "2019-02", "2019-03", "2019-04", "2019-05", "2019-06", "2019-07", "2019-08", "2019-09", "2019-10", "2019-11", "2019-12", "2020-01", "2020-02", "2020-03", "2020-04", "2020-05", "2020-06", "2020-07"], "y": [-0.3851903975009918, -0.8559209704399109, -0.9180059432983398, -0.7806740403175354, -1.1261875629425049, -1.452579140663147, -1.1702693700790405, -0.4388405382633209, 0.09604679048061371, 0.24272054433822632, -0.4682009518146515, -0.6129372715950012, -0.32899463176727295, -1.1672589778900146, -1.0140380859375, -0.5777959227561951, 0.031136739999055862, 0.5355192422866821, 0.4265790283679962]}, "spi_12": {"px": ["2021-01", "2021-02", "2021-03", "2021-04", "2021-05", "2021-06", "2021-07", "2021-08", "2021-09", "2021-10", "2021-11", "2021-12"], "py": [1.3327100638712497, 1.1086085959368286, 1.8330394887412895, 2.5636588506684372, 2.6202467482698797, 2.6620603534611664, 1.5605943221687948, 2.411554289508487, 2.938134606592717, 3.3417342736269777, 1.2162920925318765, 0.7459091508140401], "pt": [2.7409320898392897, 2.8333212957384886, 3.8245661692787936, 4.790253367352678, 5.059358833468903, 5.296602512281087, 4.377038358366768, 5.398844304132231, 6.087014765300941, 6.644307645460209, 4.665717479285085, 4.336184923120831], "pb": [-0.07551196209679034, -0.6161041038648314, -0.1584871917962145, 0.3370643339841961, 0.18113466307085613, 0.027518194641245497, -1.255849714029178, -0.5757357251152566, -0.21074555211550638, 0.03916090179374532, -2.233133294221332, -2.844366621492751], "x": ["2019-01", "2019-02", "2019-03", "2019-04", "2019-05", "2019-06", "2019-07", "2019-08", "2019-09", "2019-10", "2019-11", "2019-12", "2020-01", "2020-02", "2020-03", "2020-04", "2020-05", "2020-06", "2020-07", "2020-08", "2020-09", "2020-10", "2020-11", "2020-12"], "y": [0.2652607858181, -0.20102505385875702, -0.2194233387708664, -0.4663373529911041, -0.9017054438591003, -0.9556266069412231, -1.0019704103469849, -0.8071245551109314, -0.7094427347183228, -0.6163274049758911, -1.2508583068847656, -1.361293077468872, -1.0405312776565552, -1.067825198173523, -0.7494367957115173, -0.41524559259414673, -0.2762642800807953, -0.09052027761936188, 0.043859101831912994, 0.013747557997703552, -0.05370308831334114, 0.14228282868862152, 0.8135656118392944, 0.549721360206604],