{"IIS3": {"px": [], "py": [], "pt": [], "pb": [], "x": ["2019-01", "2019-02", "2019-03", "2019-04", "2019-05", "2019-06", "2019-07", "2019-08", "2019-09", "2019-10", "2019-11", "2019-12", "2020-01", "2020-02", "2020-03", "2020-04", "2020-05", "2020-06", "2020-07", "2020-08", "2020-09", "2020-10", "2020-11", "2020-12"], "y": [NaN, NaN, NaN, NaN, NaN, NaN, NaN, NaN, NaN, NaN, NaN, NaN, NaN, NaN, NaN, NaN, NaN, NaN, NaN, NaN, NaN, NaN, NaN, NaN]}, "VHI": {"px": ["2021-01", "2021-02", "2021-03", "2021-04", "2021-05", "2021-06", "2021-07", "2021-08", "2021-09", "2021-10", "2021-11", "2021-12"], "py": [88.33903913034027, 104.5315332592229, 96.98756357368165, 98.11213567434616, 94.80034579232569, 93.2313469940219, 95.05699005902933, 63.98780111206126, 61.014676280205336, 50.549412520284335, 35.048192162326, 34.098838025857646], "pt": [102.47382725920633, 121.11669668645357, 115.70501682907855, 118.7426583732015, 117.18100434581785, 117.23487356300797, 120.58040476411995, 90.94554784037766, 89.33420168456321, 80.16817227804745, 65.91154162488604, 66.15849726465996], "pb": [74.2042510014742, 87.94636983199221, 78.27011031828476, 77.48161297549085, 72.41968723883352, 69.22782042503586, 69.53357535393872, 37.03005438374486, 32.69515087584746, 20.930652762521213, 4.184842699765966, 2.0391787870553344], "x": ["2019-01", "2019-02", "2019-03", "2019-04", "2019-05", "2019-06", "2019-07", "2019-08", "2019-09", "2019-10", "2019-11", "2019-12", "2020-01", "2020-02", "2020-03", "2020-04", "2020-05", "2020-06", "2020-07", "2020-08", "2020-09", "2020-10", "2020-11", "2020-12"], "y": [47.61149978637695, 54.349666595458984, 52.94916534423828, 57.89894104003906, 60.785499572753906, 48.882667541503906, 48.882667541503906, 30.98647117614746, 29.468664169311523, 23.411165237426758, 14.248333930969238, 13.760133743286133, 51.73233413696289, 63.47083282470703, 60.30386734008789, 62.47999572753906, 61.46533203125, 61.4348030090332, 58.657352447509766, 56.26782989501953, 50.86506652832031, 41.772132873535156, 33.46299743652344, 28.890220642089844]}, "spi_01": {"px": [], "py": [], "pt": [], "pb": [], "x": ["2019-01", "2019-02", "2019-03", "2019-04", "2019-05", "2019-06", "2019-07", "2019-08", "2019-09", "2019-10", "2019-11", "2019-12", "2020-01", "2020-02", "2020-03", "2020-04", "2020-05", "2020-06", "2020-07", "2020-08", "2020-09", "2020-10", "2020-11", "2020-12"], "y": [NaN, NaN, NaN, NaN, NaN, NaN, NaN, NaN, NaN, NaN, NaN, NaN, NaN, NaN, NaN, NaN, NaN, NaN, NaN, NaN, NaN, NaN, NaN, NaN]}, "spi_03": {"px": [], "py": [], "pt": [], "pb": [], "x": ["2019-01", "2019-02", "2019-03", "2019-04", "2019-05", "2019-06", "2019-07", "2019-08", "2019-09", "2019-10", "2019-11", "2019-12", "2020-01", "2020-02", "2020-03", "2020-04", "2020-05", "2020-06", "2020-07"], "y": [NaN, NaN, NaN, NaN, NaN, NaN, NaN, NaN, NaN, NaN, NaN, NaN, NaN, NaN, NaN, NaN, NaN, NaN, NaN]}, "spi_06": {"px": [], "py": [], "pt": [], "pb": [], "x": ["2019-01", "2019-02", "2019-03", "2019-04", "2019-05", "2019-06", "2019-07", "2019-08", "2019-09", "2019-10", "2019-11", "2019-12", "2020-01", "2020-02", "2020-03", "2020-04", "2020-05", "2020-06", "2020-07"], "y": [NaN, NaN, NaN, NaN, NaN, NaN, NaN, NaN, NaN, NaN, NaN, NaN, NaN, NaN, NaN, NaN, NaN, NaN, NaN]}, "spi_12": {"px": [], "py": [], "pt": [], "pb": [], "x": ["2019-01", "2019-02", "2019-03", "2019-04", "2019-05", "2019-06", "2019-07", "2019-08", "2019-09", "2019-10", "2019-11", "2019-12", "2020-01", "2020-02", "2020-03", "2020-04", "2020-05", "2020-06", "2020-07", "2020-08", "2020-09", "2020-10", "2020-11", "2020-12"], "y": [NaN, NaN, NaN, NaN, NaN, NaN, NaN, NaN, NaN, NaN, NaN, NaN, NaN, NaN, NaN, NaN, NaN, NaN, NaN, NaN, NaN, NaN, NaN, NaN], "geox": [-37.003585452709714, -36.97981619656523, -36.98061418727346, -36.936894774194606, -36.930968721687286, -36.926934690664325, -36.926224686028064, -36.925382678946754, -36.92182064731652, -36.91951362798981, -36.918655622207844, -36.919490631096224, -36.91926963054128, -36.91747061645473, -36.91829362491269, -36.91640660834324, -36.91446559262948, -36.91039055771177, -36.909988555952395, -36.90661452686976, -36.90521151411621, -36.90450950823935, -36.902555494313965, -36.89855145908647, -36.895324430129, -36.893053410393875, -36.892566408464056, -36.89325041723741, -36.89233341010075, -36.89107539951552, -36.88559834997383, -36.88319932870549, -36.87424225279168, -36.87053322185079, -36.86847820669362, -36.86944221814631, -36.868726213962425, -36.86989522831541, -36.86946022615547, -36.866568203455294, -36.85809712386603, -36.85241907387537, -36.844587007533114, -36.84358900168316, -36.8360609371702, -36.833168913558055, -36.83047889291691, -36.82843587598417, -36.82674786130156, -36.82406583940965, -36.823442835045384, -36.82131681678272, -36.81864979304172, -36.81668177752614, -36.81692678123734, -36.842640004244764, -36.850758086252846, -36.849479075574095, -36.84917207366331, -36.844956038212295, -36.84134800898807, -36.841332011412334, -36.83828798699652, -36.84066000881238, -36.84132801853206, -36.840409012052085, -36.84126202113463, -36.83891600226727, -36.838417001385146, -36.83502297481067, -36.874327331292264, -36.903422596096945, -36.910210658468436, -36.919860747132965, -36.93730890910213, -36.95712909678569, -36.959092109244246, -36.95533307328025, -36.95265704670775, -36.95813809558251, -36.964560151311126, -36.96922519016241, -36.97188021023193, -36.972829217080644, -36.973326218053835, -36.97179219251471, -36.977615231267, -36.98338827875126, -36.98615630013703, -36.988790322646686, -36.98993533164894, -36.99352736233227, -36.99982741818106, -37.003585452709714], "geoy": [-6.709614881633937, -6.641567361507484, -6.617139168333181, -6.577688886090397, -6.5775948892786325, -6.584648947662212, -6.587130967733609, -6.587689972707067, -6.587535973856435, -6.5891829883951285, -6.591912010516068, -6.5941650277524495, -6.596273044544992, -6.59903706756645, -6.600800080939563, -6.601002083789987, -6.60320910250788, -6.604947118943227, -6.607650140553593, -6.608833152141149, -6.608334149135234, -6.608842153613936, -6.613908194916577, -6.614244200237629, -6.613667197831478, -6.6142282037744335, -6.617803232328874, -6.621877264041064, -6.623351276290951, -6.624182283691488, -6.622622275027182, -6.622587276350706, -6.6277033227253215, -6.630565347801397, -6.6351253851824605, -6.639486418973786, -6.642714444939822, -6.648690491339102, -6.651219511595623, -6.655574547912055, -6.648781499952305, -6.64924750743065, -6.653802548640003, -6.658271584597047, -6.661543615476348, -6.664550641158759, -6.669318680611375, -6.6710666957839, -6.671479700177241, -6.674277724069921, -6.676001738100732, -6.676865746349803, -6.676712746931715, -6.6795837709229, -6.681875788856035, -6.674627714366655, -6.689614827199864, -6.690585835723349, -6.691787845415527, -6.694617870586917, -6.698694905190372, -6.7025009352345775, -6.706294967224646, -6.707473974927503, -6.713102018881, -6.71556503893321, -6.717819056139025, -6.720663080160362, -6.725896121778315, -6.731073164911301, -6.743186233782438, -6.7536172962094705, -6.756932317704012, -6.76164534825207, -6.772611422695594, -6.790480549774213, -6.783305491973093, -6.779373463602447, -6.775155432235475, -6.775682432636784, -6.774058415466446, -6.770498384262855, -6.765485342998618, -6.763217324501644, -6.758201284684845, -6.7406481475559135, -6.721857995649615, -6.716561950028762, -6.7119859121164165, -6.710815901117622, -6.709152887245605, -6.707539872109852, -6.7077158692278465, -6.709614881633937]}}