{"IIS3": {"px": [], "py": [], "pt": [], "pb": [], "x": ["2019-01", "2019-02", "2019-03", "2019-04", "2019-05", "2019-06", "2019-07", "2019-08", "2019-09", "2019-10", "2019-11", "2019-12", "2020-01", "2020-02", "2020-03", "2020-04", "2020-05", "2020-06", "2020-07", "2020-08", "2020-09", "2020-10", "2020-11", "2020-12"], "y": [NaN, NaN, NaN, NaN, NaN, NaN, NaN, NaN, NaN, NaN, NaN, NaN, NaN, NaN, NaN, NaN, NaN, NaN, NaN, NaN, NaN, NaN, NaN, NaN]}, "VHI": {"px": ["2021-01", "2021-02", "2021-03", "2021-04", "2021-05", "2021-06", "2021-07", "2021-08", "2021-09", "2021-10", "2021-11", "2021-12"], "py": [88.98503458833267, 101.24874624099326, 95.77019474408209, 97.05664359157663, 100.94293805299645, 105.1514673042395, 107.01985840319423, 105.55615254035249, 86.06164861792375, 78.16149862984109, 62.669033201527824, 59.447785994597766], "pt": [108.69407936535936, 123.6558359591298, 120.58367683044796, 124.06294131755487, 129.97690678753145, 136.08045959451198, 139.73428622495985, 139.9634920381877, 122.082423664181, 115.72647511787909, 101.7171917004971, 99.9248153541543], "pb": [69.27598981130598, 78.8416565228567, 70.95671265771624, 70.05034586559839, 71.90896931846146, 74.22247501396703, 74.30543058142862, 71.14881304251728, 50.04087357166651, 40.59652214180309, 23.620874702558567, 18.970756635041212], "x": ["2019-01", "2019-02", "2019-03", "2019-04", "2019-05", "2019-06", "2019-07", "2019-08", "2019-09", "2019-10", "2019-11", "2019-12", "2020-01", "2020-02", "2020-03", "2020-04", "2020-05", "2020-06", "2020-07", "2020-08", "2020-09", "2020-10", "2020-11", "2020-12"], "y": [58.22218704223633, 65.3204116821289, 64.39385223388672, 60.85041427612305, 62.76447677612305, 68.22063446044922, 68.22063446044922, 66.92257690429688, 52.57875061035156, 46.723541259765625, 35.61666488647461, 33.383419036865234, 57.89260482788086, 67.00979614257812, 63.32466506958008, 64.26031494140625, 67.60281372070312, 72.75375366210938, 69.26802062988281, 71.319580078125, 64.25499725341797, 41.052669525146484, 57.42458724975586, 61.0029182434082]}, "spi_01": {"px": ["2021-01", "2021-02", "2021-03", "2021-04", "2021-05", "2021-06", "2021-07", "2021-08", "2021-09", "2021-10", "2021-11", "2021-12"], "py": [2.4070496439524796, 1.18879946038484, 3.4412356550217353, 3.6105573388407715, 0.6534789620900714, 1.4077966870120404, 4.139554848244869, 1.2650287196933112, 1.4724232009549612, 1.1010889679931104, -1.198279554079807, 0.354214940800202], "pt": [5.995932553991114, 4.777682370423475, 7.03011856506037, 7.199440248879407, 4.242361872128708, 4.996679597050677, 7.728437758283505, 4.8539116297319485, 5.061306110993598, 4.6899718780317485, 2.390603355958831, 3.943097850838841], "pb": [-1.1818332660861546, -2.400083449653795, -0.14764725501689968, 0.021674428802135548, -2.9354039479485645, -2.181086223026596, 0.5506719382062331, -2.3238541903453256, -2.1164597090836756, -2.4877939420455273, -4.7871624641184445, -3.2346679692384366], "x": ["2019-01", "2019-02", "2019-03", "2019-04", "2019-05", "2019-06", "2019-07", "2019-08", "2019-09", "2019-10", "2019-11", "2019-12", "2020-01", "2020-02", "2020-03", "2020-04", "2020-05", "2020-06", "2020-07", "2020-08", "2020-09", "2020-10", "2020-11", "2020-12"], "y": [-1.6747714281082153, 0.36950916051864624, 0.6307570338249207, 0.3948681950569153, 0.5369799137115479, -0.6183004975318909, 1.3318181037902832, -0.37250596284866333, -0.29506996273994446, -0.5110031366348267, -1.9046820402145386, -1.0331344604492188, 0.4451678693294525, -0.4235271215438843, 0.8786596655845642, 0.9751883745193481, -0.675286054611206, -0.08818851411342621, -0.5932271480560303, -0.26735806465148926, -0.7518168091773987, 0.5493281483650208, 1.023024559020996, -0.38851699233055115]}, "spi_03": {"px": [], "py": [], "pt": [], "pb": [], "x": ["2019-01", "2019-02", "2019-03", "2019-04", "2019-05", "2019-06", "2019-07", "2019-08", "2019-09", "2019-10", "2019-11", "2019-12", "2020-01", "2020-02", "2020-03", "2020-04", "2020-05", "2020-06", "2020-07"], "y": [-0.1995796263217926, -0.09010790288448334, -0.5497949719429016, 0.5154507756233215, 0.5479984879493713, 0.4047234356403351, 0.4838014841079712, 0.027590792626142502, 0.11782189458608627, -0.7755081057548523, -1.9108078479766846, -1.6735354661941528, -0.5332769155502319, -0.418678343296051, 0.3516581356525421, 0.579628050327301, 0.6909604072570801, 0.4771272540092468, -0.8107359409332275]}, "spi_06": {"px": [], "py": [], "pt": [], "pb": [], "x": ["2019-01", "2019-02", "2019-03", "2019-04", "2019-05", "2019-06", "2019-07", "2019-08", "2019-09", "2019-10", "2019-11", "2019-12", "2020-01", "2020-02", "2020-03", "2020-04", "2020-05", "2020-06", "2020-07"], "y": [0.06762678921222687, 0.17827704548835754, 0.3508744239807129, 0.20590828359127045, 0.24917475879192352, -0.2417355626821518, 0.5297780632972717, 0.5269774794578552, 0.36584237217903137, -0.048789434134960175, -1.7353101968765259, -1.6302098035812378, -0.8319151997566223, -0.9377774000167847, -0.5021060705184937, 0.07388418912887573, 0.16096805036067963, 0.4395066797733307, 0.325025349855423]}, "spi_12": {"px": ["2021-01", "2021-02", "2021-03", "2021-04", "2021-05", "2021-06", "2021-07", "2021-08", "2021-09", "2021-10", "2021-11", "2021-12"], "py": [2.3242430561747955, 1.8373583556129685, 1.9769491572122866, 2.740562729685971, 2.157606439969239, 2.015430037016972, 2.9511709440046774, 2.926420182439208, 2.895476066413954, 2.3510693489454395, 1.918507995659724, 0.4398826479767508], "pt": [3.4930537235038397, 3.2688532224968405, 3.629897048637659, 4.588614652555101, 4.18204589015613, 4.2020745589559425, 5.288792265600289, 5.40584201444584, 5.509016155810677, 5.092173319380808, 4.781497718762, 3.4197768293935944], "pb": [1.155432388845751, 0.4058634887290964, 0.3240012657869147, 0.8925108068168401, 0.13316698978234864, -0.1712144849219981, 0.6135496224090655, 0.44699835043257563, 0.2819359770172305, -0.39003462148992885, -0.9444817274425521, -2.5400115334400923], "x": ["2019-01", "2019-02", "2019-03", "2019-04", "2019-05", "2019-06", "2019-07", "2019-08", "2019-09", "2019-10", "2019-11", "2019-12", "2020-01", "2020-02", "2020-03", "2020-04", "2020-05", "2020-06", "2020-07", "2020-08", "2020-09", "2020-10", "2020-11", "2020-12"], "y": [-0.24482184648513794, -0.31822848320007324, -0.10396730899810791, 0.08853640407323837, 0.38345205783843994, 0.38995134830474854, 0.4093669056892395, 0.40834566950798035, 0.38472774624824524, 0.11654435843229294, -0.11367140710353851, -0.8180682063102722, -0.00915335863828659, -0.2742655575275421, -0.2691047191619873, -0.0008516324451193213, -0.22792266309261322, -0.22278879582881927, -0.2488594502210617, -0.24717465043067932, -0.2596893608570099, -0.09655515104532242, 0.2835434377193451, 0.3977237939834595], "geox": [-42.37543141280062, -42.35647014364209, -42.30945674422058, -42.3054787683763, -42.286634616246054, -42.274909522002844, -42.20554996796553, -42.18274079604518, -42.146099488863875, -42.140745485778744, -42.13875649306039, -42.1366444792225, -42.14593155773887, -42.14836158092086, -42.15705665861246, -42.159150682010846, -42.16430972627826, -42.16550473725741, -42.165496738329544, -42.164014727455935, -42.16333172375943, -42.163218725966615, -42.25442746889067, -42.30807088382885, -42.31261191838815, -42.314133931308604, -42.31707295236865, -42.33483311796972, -42.336190127469536, -42.338578145820726, -42.347224213701, -42.34950523107271, -42.35509427874443, -42.358827308751096, -42.364861353910264, -42.36565135868742, -42.36552935512173, -42.36115531499339, -42.36079431105177, -42.36119631295633, -42.364672337146565, -42.362261312620774, -42.36179830297039, -42.362715309677625, -42.369682365121584, -42.37543141280062],