{"IIS3": {"px": [], "py": [], "pt": [], "pb": [], "x": ["2019-01", "2019-02", "2019-03", "2019-04", "2019-05", "2019-06", "2019-07", "2019-08", "2019-09", "2019-10", "2019-11", "2019-12", "2020-01", "2020-02", "2020-03", "2020-04", "2020-05", "2020-06", "2020-07", "2020-08", "2020-09", "2020-10", "2020-11", "2020-12"], "y": [NaN, NaN, NaN, NaN, NaN, NaN, NaN, NaN, NaN, NaN, NaN, NaN, NaN, NaN, NaN, NaN, NaN, NaN, NaN, NaN, NaN, NaN, NaN, NaN]}, "VHI": {"px": ["2021-01", "2021-02", "2021-03", "2021-04", "2021-05", "2021-06", "2021-07", "2021-08", "2021-09", "2021-10", "2021-11", "2021-12"], "py": [67.31641125548202, 64.48977849826004, 58.41388026843221, 59.662255315264446, 60.86531464700131, 72.43590136966857, 65.65418002150713, 82.85934697929574, 76.72370033094171, 75.90235011888943, 79.31855568537756, 71.52097712676752], "pt": [77.70201916463606, 75.17737864830876, 69.39517082519103, 70.92958364174004, 72.41159685995792, 84.25455519596693, 77.73906825394502, 95.20472947297145, 89.32419294987506, 88.75288939023648, 92.41436817980002, 84.85755278222385], "pb": [56.93080334632799, 53.802178348211314, 47.43258971167339, 48.39492698878885, 49.3190324340447, 60.6172475433702, 53.569291789069226, 70.51396448562002, 64.12320771200837, 63.051810847542384, 66.2227431909551, 58.18440147131119], "x": ["2019-01", "2019-02", "2019-03", "2019-04", "2019-05", "2019-06", "2019-07", "2019-08", "2019-09", "2019-10", "2019-11", "2019-12", "2020-01", "2020-02", "2020-03", "2020-04", "2020-05", "2020-06", "2020-07", "2020-08", "2020-09", "2020-10", "2020-11", "2020-12"], "y": [59.725311279296875, 56.15125274658203, 51.51124572753906, 50.6348876953125, 51.11562728881836, 55.59093475341797, 55.59093475341797, 71.27555084228516, 65.64224243164062, 64.89437103271484, 68.12625122070312, 61.43449783325195, 60.87000274658203, 58.79874801635742, 53.022247314453125, 53.9353141784668, 55.04468536376953, 66.90699768066406, 71.61027526855469, 75.15093994140625, 66.7562484741211, 61.58824920654297, 75.54592895507812, 79.81999969482422]}, "spi_01": {"px": ["2021-01", "2021-02", "2021-03", "2021-04", "2021-05", "2021-06", "2021-07", "2021-08", "2021-09", "2021-10", "2021-11", "2021-12"], "py": [1.6372356625217463, 1.6708855496721151, 1.983819824077143, 1.2839708743396132, 0.6207998365611598, 0.23196619585728273, 0.8678753944757212, 1.500656254208307, 0.9790419113499382, 1.8071689002595566, 2.8042904006835094, 0.9359771098355685], "pt": [3.033030214257982, 3.218940390887653, 3.6704451980606985, 3.098615884505369, 2.5550097201244144, 2.278768393048815, 3.021391262813447, 3.7558418243857803, 3.3315072812737974, 4.253048021852711, 5.34014450496467, 3.5587213594630303], "pb": [0.241441110785511, 0.1228307084565774, 0.29719445009358747, -0.5306741358261422, -1.3134100470020948, -1.8148360013342497, -1.2856404738620046, -0.7545293159691662, -1.373423458573921, -0.6387102213335987, 0.26843629640234834, -1.6867671397918933], "x": ["2019-01", "2019-02", "2019-03", "2019-04", "2019-05", "2019-06", "2019-07", "2019-08", "2019-09", "2019-10", "2019-11", "2019-12", "2020-01", "2020-02", "2020-03", "2020-04", "2020-05", "2020-06", "2020-07", "2020-08", "2020-09", "2020-10", "2020-11", "2020-12"], "y": [0.3140113949775696, 0.16464629769325256, 0.6305661201477051, 0.5193175077438354, -1.2850233316421509, -2.407613515853882, -0.47312238812446594, -0.04155497997999191, -0.4055621027946472, 0.12462283670902252, 0.8104192018508911, -0.3644654154777527, 0.40197843313217163, 0.39516013860702515, 0.618782639503479, 0.11303361505270004, -0.3106490671634674, -0.521918773651123, -0.7027204036712646, -0.08690797537565231, -0.1623801738023758, 0.6950978636741638, 2.6978824138641357, 0.8655322194099426]}, "spi_03": {"px": [], "py": [], "pt": [], "pb": [], "x": ["2019-01", "2019-02", "2019-03", "2019-04", "2019-05", "2019-06", "2019-07", "2019-08", "2019-09", "2019-10", "2019-11", "2019-12", "2020-01", "2020-02", "2020-03", "2020-04", "2020-05", "2020-06", "2020-07"], "y": [0.9496762156486511, 0.543915867805481, 0.48864537477493286, 0.5294063091278076, 0.14056430757045746, -0.4060858488082886, -1.8886966705322266, -1.9347879886627197, -0.8393919467926025, -0.4091377556324005, 0.2682134211063385, -0.17974810302257538, 0.19012755155563354, 0.20819628238677979, 0.553918182849884, 0.39970478415489197, 0.1594102382659912, -0.20284444093704224, -0.6959986090660095]}, "spi_06": {"px": [], "py": [], "pt": [], "pb": [], "x": ["2019-01", "2019-02", "2019-03", "2019-04", "2019-05", "2019-06", "2019-07", "2019-08", "2019-09", "2019-10", "2019-11", "2019-12", "2020-01", "2020-02", "2020-03", "2020-04", "2020-05", "2020-06", "2020-07"], "y": [0.853035032749176, 0.6888360977172852, 0.7977738976478577, 0.7320493459701538, 0.3138411045074463, 0.01191091351211071, -0.12358250468969345, -0.18349219858646393, -0.5620819330215454, -1.8199872970581055, -1.5443987846374512, -0.7850541472434998, 0.07585076987743378, 0.21831336617469788, 0.42332974076271057, 0.34426796436309814, 0.1741553395986557, 0.1922059804201126, 0.04883570596575737]}, "spi_12": {"px": ["2021-01", "2021-02", "2021-03", "2021-04", "2021-05", "2021-06", "2021-07", "2021-08", "2021-09", "2021-10", "2021-11", "2021-12"], "py": [0.6571261396147503, 0.7157509829855302, 0.7817449215588974, 0.5088742131993573, 0.7820101194109692, 0.8659739932336548, 1.0506257999822473, 0.9656607082495667, 0.9585191241386624, 0.9899393769840006, 0.9508321680811749, 0.6351189272383952], "pt": [1.294559795426271, 1.4964445818542087, 1.6832122393623865, 1.5167453134999387, 1.8860775922469335, 2.0585031603099493, 2.3254931044814127, 2.317861682156277, 2.3838641011837094, 2.4848538004012184, 2.512219360001911, 2.26026224179481], "pb": [0.0196924838032293, -0.06494261588314809, -0.11972239624459169, -0.49899688710122403, -0.3220573534249951, -0.32655517384263977, -0.22424150451691838, -0.3865402656571437, -0.46682585290638445, -0.504975046433217, -0.610555023839561, -0.9900243873180192], "x": ["2019-01", "2019-02", "2019-03", "2019-04", "2019-05", "2019-06", "2019-07", "2019-08", "2019-09", "2019-10", "2019-11", "2019-12", "2020-01", "2020-02", "2020-03", "2020-04", "2020-05", "2020-06", "2020-07", "2020-08", "2020-09", "2020-10", "2020-11", "2020-12"], "y": [-0.6195226907730103, -0.5744100213050842, 0.15393248200416565, 0.326906681060791, 0.18666568398475647, 0.1608591079711914, 0.1837240606546402, 0.16753584146499634, 0.17225344479084015, 0.15722575783729553, 0.09272188693284988, -0.13393627107143402, -0.09323236346244812, -0.06887233257293701, -0.03972324728965759, -0.2305837720632553, -0.04693814739584923, 0.047165557742118835, 0.03161272406578064, 0.03206084296107292, 0.03541328012943268, 0.0661674365401268, 0.40070459246635437, 0.5717046856880188],