{"VHI": {"cat": [0, 0, 0, 0, 1, 0, 0, 0, 0, 0, 0, 0, 0, 0, 0, 0, 0, 0, 0, 0, 1, 0, 0, 0], "lim": [100, 0], "catlims": [40, 30, 20, 12, 6], "x": ["2019-01", "2019-02", "2019-03", "2019-04", "2019-05", "2019-06", "2019-07", "2019-08", "2019-09", "2019-10", "2019-11", "2019-12", "2020-01", "2020-02", "2020-03", "2020-04", "2020-05", "2020-06", "2020-07", "2020-08", "2020-09", "2020-10", "2020-11", "2020-12"], "y": [47.99538040161133, 53.00394058227539, 48.453590393066406, 45.730281829833984, 36.02244567871094, 40.993404388427734, 40.993404388427734, 46.27293395996094, 45.442352294921875, 55.344791412353516, 53.564208984375, 51.8994255065918, 43.21137619018555, 43.502037048339844, 44.853919982910156, 46.6251220703125, 40.85067367553711, 45.930397033691406, 52.663089752197266, 45.33689880371094, 37.39746856689453, 40.90071487426758, 43.4245491027832, 49.02724075317383]}, "spi_01": {"cat": [0, 0, 0, 2, 3, 2, 0, 1, 0, 0, 0, 0, 1, 4, 0, 4, 1, 0, 0, 4, 0, 0, 1, 0], "lim": [5, -5], "catlims": [-0.5, -0.8, -1.3, -1.6, -2], "x": ["2019-01", "2019-02", "2019-03", "2019-04", "2019-05", "2019-06", "2019-07", "2019-08", "2019-09", "2019-10", "2019-11", "2019-12", "2020-01", "2020-02", "2020-03", "2020-04", "2020-05", "2020-06", "2020-07", "2020-08", "2020-09", "2020-10", "2020-11", "2020-12"], "y": [0.20144665241241455, 0.1642560362815857, 0.5441413521766663, -1.1268819570541382, -1.3575448989868164, -0.8453325629234314, 0.08380765467882156, -0.6019274592399597, 0.6294941306114197, 0.07143310457468033, 0.9479637145996094, 0.2660444974899292, -0.7586131691932678, -1.7634696960449219, 0.4219990670681, -1.9059762954711914, -0.5730823874473572, -0.01970372535288334, -0.33869072794914246, -1.7470874786376953, 0.2668572664260864, -0.46734392642974854, -0.646493136882782, 0.24354177713394165]}, "spi_03": {"cat": [0, 0, 0, 0, 1, 3, 2, 1, 0, 0, 0, 0, 0, 2, 2, 3, 1, 2, 0], "lim": [5, -5], "catlims": [-0.5, -0.8, -1.3, -1.6, -2], "x": ["2019-01", "2019-02", "2019-03", "2019-04", "2019-05", "2019-06", "2019-07", "2019-08", "2019-09", "2019-10", "2019-11", "2019-12", "2020-01", "2020-02", "2020-03", "2020-04", "2020-05", "2020-06", "2020-07"], "y": [0.47808384895324707, -0.47127172350883484, 0.3583095073699951, -0.2073720544576645, -0.6606385111808777, -1.4052218198776245, -1.0038608312606812, -0.641446053981781, 0.10471493005752563, 0.08463704586029053, 1.0048784017562866, 0.6222262382507324, 0.08486893028020859, -1.034579873085022, -0.8931130766868591, -1.3351436853408813, -0.7816693186759949, -1.1645039319992065, -0.47077465057373047]}, "spi_06": {"cat": [0, 0, 0, 0, 1, 1, 1, 1, 2, 1, 0, 0, 0, 0, 0, 1, 2, 2, 2], "lim": [5, -5], "catlims": [-0.5, -0.8, -1.3, -1.6, -2], "x": ["2019-01", "2019-02", "2019-03", "2019-04", "2019-05", "2019-06", "2019-07", "2019-08", "2019-09", "2019-10", "2019-11", "2019-12", "2020-01", "2020-02", "2020-03", "2020-04", "2020-05", "2020-06", "2020-07"], "y": [0.3915839195251465, 0.37451687455177307, 0.7551896572113037, 0.1824408769607544, -0.7156813740730286, -0.5226358771324158, -0.6124809980392456, -0.7246220707893372, -0.8050073981285095, -0.6221880912780762, 0.21423982083797455, 0.49100854992866516, 0.06748891621828079, -0.2930091619491577, -0.23308837413787842, -0.7356206774711609, -1.1174167394638062, -1.2238584756851196, -1.0583220720291138]}, "spi_12": {"cat": [0, 0, 0, 0, 0, 0, 0, 0, 0, 0, 0, 0, 0, 2, 2, 2, 2, 1, 1, 1, 1, 2, 2, 2], "lim": [5, -5], "catlims": [-0.5, -0.8, -1.3, -1.6, -2], "x": ["2019-01", "2019-02", "2019-03", "2019-04", "2019-05", "2019-06", "2019-07", "2019-08", "2019-09", "2019-10", "2019-11", "2019-12", "2020-01", "2020-02", "2020-03", "2020-04", "2020-05", "2020-06", "2020-07", "2020-08", "2020-09", "2020-10", "2020-11", "2020-12"], "y": [-0.33810365200042725, -0.38035455346107483, -0.14881731569766998, -0.23953558504581451, -0.47922804951667786, -0.38757994771003723, -0.22905772924423218, -0.26728948950767517, 0.010193307884037495, -0.2083912491798401, -0.46478843688964844, -0.17232252657413483, -0.4449964463710785, -0.8298727869987488, -0.8755812048912048, -1.0277763605117798, -0.8457987904548645, -0.7082341313362122, -0.713970422744751, -0.729755699634552, -0.7551443576812744, -0.9164226055145264, -1.1713522672653198, -1.1821489334106445]},