{"IIS3": {"px": [], "py": [], "pt": [], "pb": [], "x": ["2019-01", "2019-02", "2019-03", "2019-04", "2019-05", "2019-06", "2019-07", "2019-08", "2019-09", "2019-10", "2019-11", "2019-12", "2020-01", "2020-02", "2020-03", "2020-04", "2020-05", "2020-06", "2020-07", "2020-08", "2020-09", "2020-10", "2020-11", "2020-12"], "y": [NaN, NaN, NaN, NaN, NaN, NaN, NaN, NaN, NaN, NaN, NaN, NaN, NaN, NaN, NaN, NaN, NaN, NaN, NaN, NaN, NaN, NaN, NaN, NaN]}, "VHI": {"px": ["2021-01", "2021-02", "2021-03", "2021-04", "2021-05", "2021-06", "2021-07", "2021-08", "2021-09", "2021-10", "2021-11", "2021-12"], "py": [19.225095300625377, 24.588987343675825, 44.50806441879148, 57.162141530312, 58.15833584616193, 62.421119174838594, 38.43945768573309, 63.426385057900944, 63.2129204531021, 40.13575120888349, 31.077677007307834, 29.248892882297582], "pt": [51.71125313791646, 64.14061938862639, 90.04170850543288, 107.97841736983713, 113.75757178145585, 122.42325399501189, 102.54279090147178, 131.38386055366814, 134.8173869488981, 115.21025266268833, 109.46876014134239, 110.82182381724004], "pb": [-13.261062536665698, -14.962644701274748, -1.0255796678499252, 6.345865690786859, 2.5590999108680066, 2.418984354665298, -25.663875530005598, -4.531090437866254, -8.391546042693903, -34.93875024492134, -47.31340612672671, -52.324038052644866], "x": ["2019-01", "2019-02", "2019-03", "2019-04", "2019-05", "2019-06", "2019-07", "2019-08", "2019-09", "2019-10", "2019-11", "2019-12", "2020-01", "2020-02", "2020-03", "2020-04", "2020-05", "2020-06", "2020-07", "2020-08", "2020-09", "2020-10", "2020-11", "2020-12"], "y": [32.118656158447266, 35.952213287353516, 41.565738677978516, 40.3271484375, 29.712900161743164, 38.069419860839844, 38.069419860839844, 62.159698486328125, 62.132999420166016, 40.62557601928711, 33.49384307861328, 33.779232025146484, 24.327211380004883, 30.297691345214844, 50.48923110961914, 62.57935333251953, 63.48219680786133, 67.96041107177734, 58.38053512573242, 41.581539154052734, 37.15830612182617, 33.91053771972656, 37.17192459106445, 29.06012725830078]}, "spi_01": {"px": [], "py": [], "pt": [], "pb": [], "x": ["2019-01", "2019-02", "2019-03", "2019-04", "2019-05", "2019-06", "2019-07", "2019-08", "2019-09", "2019-10", "2019-11", "2019-12", "2020-01", "2020-02", "2020-03", "2020-04", "2020-05", "2020-06", "2020-07", "2020-08", "2020-09", "2020-10", "2020-11", "2020-12"], "y": [NaN, NaN, NaN, NaN, NaN, NaN, NaN, NaN, NaN, NaN, NaN, NaN, NaN, NaN, NaN, NaN, NaN, NaN, NaN, NaN, NaN, NaN, NaN, NaN]}, "spi_03": {"px": [], "py": [], "pt": [], "pb": [], "x": ["2019-01", "2019-02", "2019-03", "2019-04", "2019-05", "2019-06", "2019-07", "2019-08", "2019-09", "2019-10", "2019-11", "2019-12", "2020-01", "2020-02", "2020-03", "2020-04", "2020-05", "2020-06", "2020-07"], "y": [NaN, NaN, NaN, NaN, NaN, NaN, NaN, NaN, NaN, NaN, NaN, NaN, NaN, NaN, NaN, NaN, NaN, NaN, NaN]}, "spi_06": {"px": [], "py": [], "pt": [], "pb": [], "x": ["2019-01", "2019-02", "2019-03", "2019-04", "2019-05", "2019-06", "2019-07", "2019-08", "2019-09", "2019-10", "2019-11", "2019-12", "2020-01", "2020-02", "2020-03", "2020-04", "2020-05", "2020-06", "2020-07"], "y": [NaN, NaN, NaN, NaN, NaN, NaN, NaN, NaN, NaN, NaN, NaN, NaN, NaN, NaN, NaN, NaN, NaN, NaN, NaN]}, "spi_12": {"px": [], "py": [], "pt": [], "pb": [], "x": ["2019-01", "2019-02", "2019-03", "2019-04", "2019-05", "2019-06", "2019-07", "2019-08", "2019-09", "2019-10", "2019-11", "2019-12", "2020-01", "2020-02", "2020-03", "2020-04", "2020-05", "2020-06", "2020-07", "2020-08", "2020-09", "2020-10", "2020-11", "2020-12"], "y": [NaN, NaN, NaN, NaN, NaN, NaN, NaN, NaN, NaN, NaN, NaN, NaN, NaN, NaN, NaN, NaN, NaN, NaN, NaN, NaN, NaN, NaN, NaN, NaN], "geox": [-36.22433212693615, -36.21686401969971, -36.220922024494385, -36.22708803399895, -36.22681402909651, -36.2249160092737, -36.206475824121995, -36.20515581336719, -36.202357788593226, -36.19834875150611, -36.195898729966395, -36.19112168421739, -36.187284648789074, -36.17571653909421, -36.17240050893799, -36.169421483275336, -36.163045426050004, -36.15641536550353, -36.15038931115755, -36.14198123813927, -36.13189615226029, -36.12860612597574, -36.12517010395213, -36.123931094591995, -36.11701703658542, -36.111383991366324, -36.10530093851423, -36.09984889261221, -36.09893288576048, -36.099688899302805, -36.09718387982931, -36.09591187021198, -36.096210873844534, -36.10188293072607, -36.103792956342325, -36.09823891069676, -36.09854491553777, -36.09927292265199, -36.10427296729534, -36.10537697832461, -36.103906969035116, -36.10140794853104, -36.09510289327027, -36.0949078954569, -36.067760664420184, -36.0491565060057, -36.052105546045304, -36.05811161276575, -36.06129764366257, -36.0641336703802, -36.06457867610438, -36.06729470397838, -36.068713717409416, -36.07235374899084, -36.07378476242966, -36.07890581087438, -36.08310484834299, -36.0838808569411, -36.0828228495016, -36.083787859289046, -36.08858890234708, -36.09276793873294, -36.10007800795941, -36.1021280258426, -36.103688040451964, -36.105934060105994, -36.107908078961906, -36.11007009787126, -36.1113301092307, -36.11253412090793, -36.11262712235723, -36.111131109819844, -36.11087910851144, -36.11315712907845, -36.11401813816815, -36.1162381579128, -36.11674216310921, -36.11348913619615, -36.117969178867014, -36.11792117927091, -36.11556816718367, -36.11225813908382, -36.10305605881839, -36.09543899395815, -36.093883981395784, -36.09376598161092, -36.09552300183294, -36.09524000170496, -36.0934359876252, -36.08727893531359, -36.091790976460295, -36.09657701916051, -36.10086905824199, -36.10366408289736, -36.10719911592221, -36.1078231223536, -36.107078116715236, -36.10922713676842, -36.11161915821433, -36.112605168733175, -36.1144981857273, -36.11640620425591, -36.11703921003756, -36.11910122689746, -36.12084424197065, -36.122706258973516, -36.123223264638675, -36.12542628525121, -36.127269301335765, -36.12829231105744, -36.129156321857934, -36.13191034765907, -36.132692355854054, -36.13609838735296, -36.136847395732374, -36.138473410869935, -36.14010842501096, -36.140703428492884, -36.142678445889246, -36.14249644702788, -36.14625248114088, -36.148229501536456, -36.15066052493959, -36.15307354731504, -36.15327555024047, -36.152026540386885, -36.152232542924864, -36.157863595633565, -36.15918160735666, -36.1604036170638, -36.16129962493264, -36.16191863170755, -36.16304764202673, -36.16558066397281, -36.169639702370404, -36.170748711757724, -36.17303572937588, -36.17408973861845, -36.17615775826669, -36.178314777574876, -36.17840378030045, -36.17948179039282, -36.18232381529104, -36.1861008504098, -36.186761855995975, -36.186990856309784, -36.18977488111056, -36.19105689349183, -36.19187090398207, -36.19333091863198, -36.194510929559186, -36.195518937923644, -36.19795995950122, -36.19943697087994, -36.19732894971841, -36.20477799814483, -36.21098004835254, -36.21645609089334, -36.22036112388095, -36.22339614350436, -36.225000150544844, -36.22709916675263, -36.22433212693615],