{"IIS3": {"px": [], "py": [], "pt": [], "pb": [], "x": ["2019-01", "2019-02", "2019-03", "2019-04", "2019-05", "2019-06", "2019-07", "2019-08", "2019-09", "2019-10", "2019-11", "2019-12", "2020-01", "2020-02", "2020-03", "2020-04", "2020-05", "2020-06", "2020-07", "2020-08", "2020-09", "2020-10", "2020-11", "2020-12"], "y": [NaN, NaN, NaN, NaN, NaN, NaN, NaN, NaN, NaN, NaN, NaN, NaN, NaN, NaN, NaN, NaN, NaN, NaN, NaN, NaN, NaN, NaN, NaN, NaN]}, "VHI": {"px": ["2021-01", "2021-02", "2021-03", "2021-04", "2021-05", "2021-06", "2021-07", "2021-08", "2021-09", "2021-10", "2021-11", "2021-12"], "py": [53.89350928312112, 54.35821297978589, 73.259307897498, 91.38847839999862, 100.02862849114383, 88.56024679296873, 59.7495180484774, 93.48809365239036, 104.60548274331964, 78.76215451362016, 69.30575436479384, 66.17424174230793], "pt": [86.02616131445285, 93.46804302719437, 118.27764067546417, 141.6251359906289, 154.99037196466148, 147.87183693704839, 123.11304229697399, 160.65957335144373, 175.38033113405, 152.96559543451946, 146.78621722009643, 146.79864005970592], "pb": [21.760857251789382, 15.248382932377403, 28.24097511953184, 41.15182080936833, 45.06688501762619, 29.248656648889074, -3.6140062000191833, 26.316613953336983, 33.83063435258927, 4.558713592720849, -8.174708490508749, -14.450156575090077], "x": ["2019-01", "2019-02", "2019-03", "2019-04", "2019-05", "2019-06", "2019-07", "2019-08", "2019-09", "2019-10", "2019-11", "2019-12", "2020-01", "2020-02", "2020-03", "2020-04", "2020-05", "2020-06", "2020-07", "2020-08", "2020-09", "2020-10", "2020-11", "2020-12"], "y": [55.54304885864258, 40.62028121948242, 45.45582962036133, 59.06955337524414, 48.91027069091797, 28.0897216796875, 28.0897216796875, 47.23733139038086, 52.85444259643555, 36.494163513183594, 30.852249145507812, 30.245397567749023, 25.780498504638672, 26.823749542236328, 39.46959686279297, 52.166748046875, 60.600830078125, 55.857330322265625, 50.34583282470703, 52.39027786254883, 56.1806640625, 52.47111129760742, 72.72750091552734, 62.81073760986328]}, "spi_01": {"px": [], "py": [], "pt": [], "pb": [], "x": ["2019-01", "2019-02", "2019-03", "2019-04", "2019-05", "2019-06", "2019-07", "2019-08", "2019-09", "2019-10", "2019-11", "2019-12", "2020-01", "2020-02", "2020-03", "2020-04", "2020-05", "2020-06", "2020-07", "2020-08", "2020-09", "2020-10", "2020-11", "2020-12"], "y": [NaN, NaN, NaN, NaN, NaN, NaN, NaN, NaN, NaN, NaN, NaN, NaN, NaN, NaN, NaN, NaN, NaN, NaN, NaN, NaN, NaN, NaN, NaN, NaN]}, "spi_03": {"px": [], "py": [], "pt": [], "pb": [], "x": ["2019-01", "2019-02", "2019-03", "2019-04", "2019-05", "2019-06", "2019-07", "2019-08", "2019-09", "2019-10", "2019-11", "2019-12", "2020-01", "2020-02", "2020-03", "2020-04", "2020-05", "2020-06", "2020-07"], "y": [NaN, NaN, NaN, NaN, NaN, NaN, NaN, NaN, NaN, NaN, NaN, NaN, NaN, NaN, NaN, NaN, NaN, NaN, NaN]}, "spi_06": {"px": [], "py": [], "pt": [], "pb": [], "x": ["2019-01", "2019-02", "2019-03", "2019-04", "2019-05", "2019-06", "2019-07", "2019-08", "2019-09", "2019-10", "2019-11", "2019-12", "2020-01", "2020-02", "2020-03", "2020-04", "2020-05", "2020-06", "2020-07"], "y": [NaN, NaN, NaN, NaN, NaN, NaN, NaN, NaN, NaN, NaN, NaN, NaN, NaN, NaN, NaN, NaN, NaN, NaN, NaN]}, "spi_12": {"px": [], "py": [], "pt": [], "pb": [], "x": ["2019-01", "2019-02", "2019-03", "2019-04", "2019-05", "2019-06", "2019-07", "2019-08", "2019-09", "2019-10", "2019-11", "2019-12", "2020-01", "2020-02", "2020-03", "2020-04", "2020-05", "2020-06", "2020-07", "2020-08", "2020-09", "2020-10", "2020-11", "2020-12"], "y": [NaN, NaN, NaN, NaN, NaN, NaN, NaN, NaN, NaN, NaN, NaN, NaN, NaN, NaN, NaN, NaN, NaN, NaN, NaN, NaN, NaN, NaN, NaN, NaN], "geox": [-36.53205257141592, -36.520745483346246, -36.51696345124776, -36.51382242736787, -36.5091303885916, -36.504328350822036, -36.50232233668459, -36.50204533826814, -36.499607321990794, -36.49977032649506, -36.4974853117579, -36.49363427897195, -36.49234426727087, -36.486049213281355, -36.47912515723506, -36.478300154253894, -36.47738114730812, -36.473717116887144, -36.45785498855193, -36.45393895214435, -36.45118392530347, -36.449550908472546, -36.44876289879185, -36.446348874283295, -36.444634859414585, -36.44177083555308, -36.44157183572944, -36.438963813656336, -36.43332276844907, -36.42823772175492, -36.42518969245992, -36.41748762113624, -36.41384759061504, -36.411767572137215, -36.40765753901591, -36.40112548191677, -36.399296468237296, -36.39929647071984, -36.40204649795893, -36.40498752411143, -36.40454652269887, -36.40637854065669, -36.406628544472134, -36.408599564654054, -36.4086005657991, -36.40235251287932, -36.39985249274202, -36.396910470939964, -36.394158447824594, -36.38832439869871, -36.40490355171355, -36.407524576829964, -36.465115109321765, -36.49882042446714, -36.510181530983786, -36.51396056449514, -36.526436672549934, -36.52816268530711, -36.530437696938975, -36.53323271606644, -36.53609873463788, -36.54100876422421, -36.54255077121437, -36.54382576935809, -36.55118182845677, -36.57018294489513, -36.57109895146692, -36.57218496116453, -36.573879978048375, -36.57502298758092, -36.57468598320855, -36.5730519670908, -36.57173095498613, -36.56829392442685, -36.56648990758204, -36.5662459003235, -36.5633278714986, -36.56243086336778, -36.561495853574186, -36.5589368295851, -36.55824281868572, -36.555460791778586, -36.55460578307374, -36.554804783840225, -36.55505078556645, -36.55165875386442, -36.55046274350991, -36.547977717763864, -36.54674170752756, -36.5453026945843, -36.54449568513646, -36.541881662468356, -36.53979164263211, -36.53557260442345, -36.53205257141592], "geoy": [-9.532093048415566, -9.545793162693299, -9.547636180213743, -9.552050216557422, -9.55542424651486, -9.560865292199573, -9.56483832413212, -9.569049356217826, -9.574811402077756, -9.57796142572379, -9.583894472726428, -9.585672489828415, -9.585525489946749, -9.588026514840633, -9.594232568329538, -9.598791603560938, -9.600124614508239, -9.602621636867836, -9.616913759980308, -9.615571753580294, -9.613361739512122, -9.611100723986077, -9.60839970432763, -9.605439684260801, -9.605954689787067, -9.60783170670327, -9.609856722196719, -9.611210734916746, -9.616759782233427, -9.61562977854504, -9.613604766147205, -9.611280755924026, -9.613476775994695, -9.613660779368658, -9.617527812520528, -9.619070830414278, -9.621887853454885, -9.624450872830254, -9.627102890252969, -9.626865885654533, -9.629489905908875, -9.631061916040986, -9.632683928060969, -9.63526294566874, -9.636433954517102, -9.639657984851576, -9.642018005075764, -9.646748043632678, -9.64837005852141, -9.651684089144505, -9.656078106480459, -9.657727116428383, -9.674165185305492, -9.687486253381401, -9.692289278654924, -9.691928272291458, -9.688112231499986, -9.685346208984928, -9.676400139347882, -9.670351091048701, -9.663079033457093, -9.648324917469974, -9.641325863198068, -9.627689759105603, -9.62071769945598, -9.565345263373342, -9.563661249785683, -9.56363624856244, -9.565405260304074, -9.56468225375636, -9.56328024349208, -9.561738233405668, -9.561449232481605, -9.561665237385714, -9.560946233674168, -9.555694194244655, -9.55289617588932, -9.552792175957117, -9.55131816571333, -9.550200159702287, -9.545343123672746, -9.543269110648314, -9.54218010323332, -9.541127095088772, -9.540633091122846, -9.539250083895222, -9.539617087803956, -9.535988062742087, -9.536850070429065, -9.536789071334093, -9.53448205466638, -9.535248062935796, -9.534083056114678, -9.53363705674668, -9.532093048415566]}}