{"IIS3": {"px": [], "py": [], "pt": [], "pb": [], "x": ["2019-01", "2019-02", "2019-03", "2019-04", "2019-05", "2019-06", "2019-07", "2019-08", "2019-09", "2019-10", "2019-11", "2019-12", "2020-01", "2020-02", "2020-03", "2020-04", "2020-05", "2020-06", "2020-07", "2020-08", "2020-09", "2020-10", "2020-11", "2020-12"], "y": [NaN, NaN, NaN, NaN, NaN, NaN, NaN, NaN, NaN, NaN, NaN, NaN, NaN, NaN, NaN, NaN, NaN, NaN, NaN, NaN, NaN, NaN, NaN, NaN]}, "VHI": {"px": ["2021-01", "2021-02", "2021-03", "2021-04", "2021-05", "2021-06", "2021-07", "2021-08", "2021-09", "2021-10", "2021-11", "2021-12"], "py": [84.39709361133863, 91.2748625884817, 93.41469180949619, 95.09400850329381, 85.87640767075561, 81.5406140621855, 80.83539234304392, 69.4528672476209, 63.98100987006953, 75.72078434113043, 76.39478196636321, 62.71375810209756], "pt": [103.32669945006924, 114.45880019935333, 120.18519701727803, 125.02434319930012, 118.6634465878345, 116.95466363132022, 118.69460380895029, 109.60862497618706, 106.3088950604542, 120.11464484712238, 122.76265701537272, 110.97497257599619], "pb": [65.46748777260802, 68.09092497761004, 66.64418660171435, 65.16367380728748, 53.08936875367672, 46.12656449305078, 42.97618087713755, 29.29710951905473, 21.65312467968485, 31.326923835138473, 30.026906917353713, 14.452543628198917], "x": ["2019-01", "2019-02", "2019-03", "2019-04", "2019-05", "2019-06", "2019-07", "2019-08", "2019-09", "2019-10", "2019-11", "2019-12", "2020-01", "2020-02", "2020-03", "2020-04", "2020-05", "2020-06", "2020-07", "2020-08", "2020-09", "2020-10", "2020-11", "2020-12"], "y": [51.7662467956543, 49.582061767578125, 58.92899703979492, 61.30741500854492, 55.909629821777344, 46.68632125854492, 46.68632125854492, 38.615596771240234, 34.58373260498047, 41.964599609375, 41.6300048828125, 31.988828659057617, 46.764671325683594, 50.858741760253906, 51.79993438720703, 52.23723220825195, 46.41275405883789, 45.36574935913086, 40.31760787963867, 34.78044891357422, 29.229246139526367, 34.236507415771484, 56.088783264160156, 61.87039566040039]}, "spi_01": {"px": ["2021-01", "2021-02", "2021-03", "2021-04", "2021-05", "2021-06", "2021-07", "2021-08", "2021-09", "2021-10", "2021-11", "2021-12"], "py": [0.7227925649730156, -0.342991617808571, 0.8499387680735278, 1.1867396997541277, -0.7331018458422356, -0.6014958963074915, -0.390091516547153, -1.3440458009353207, -0.10686500250162334, 0.2662309899480153, -0.05129028666260371, 0.46760663573458805], "pt": [1.3776751996459198, 0.3118910168643332, 1.504821402746432, 1.841622334427032, -0.07821921116933117, 0.05338673836541297, 0.2647911181257516, -0.689163166262416, 0.5480176321712813, 0.9211136246209204, 0.6035923480103014, 1.1224892704074931], "pb": [0.06790993030011139, -0.9978742524814752, 0.19505613340062355, 0.5318570650812231, -1.38798448051514, -1.256378530980396, -1.0449741512200577, -1.9989284356082253, -0.761747637174528, -0.3886516447248898, -0.7061729213355088, -0.18727599893831703], "x": ["2019-01", "2019-02", "2019-03", "2019-04", "2019-05", "2019-06", "2019-07", "2019-08", "2019-09", "2019-10", "2019-11", "2019-12", "2020-01", "2020-02", "2020-03", "2020-04", "2020-05", "2020-06", "2020-07", "2020-08", "2020-09", "2020-10", "2020-11", "2020-12"], "y": [-0.23599405586719513, -0.49404415488243103, 0.5017033219337463, 0.4701663553714752, -0.12625928223133087, -0.9932668209075928, -0.5396940112113953, -1.4074751138687134, -0.23542432487010956, 0.15003441274166107, -0.16168789565563202, 0.3109491169452667, 0.6208715438842773, -0.4181138277053833, 0.7429353594779968, 1.0462571382522583, -0.7965220808982849, -0.6633029580116272, -0.7354927659034729, -1.3260146379470825, -0.012564013712108135, -0.32541316747665405, 0.48537859320640564, -0.024253567680716515]}, "spi_03": {"px": [], "py": [], "pt": [], "pb": [], "x": ["2019-01", "2019-02", "2019-03", "2019-04", "2019-05", "2019-06", "2019-07", "2019-08", "2019-09", "2019-10", "2019-11", "2019-12", "2020-01", "2020-02", "2020-03", "2020-04", "2020-05", "2020-06", "2020-07"], "y": [0.6125321984291077, -0.36210307478904724, -0.17422904074192047, 0.1605912148952484, 0.34876516461372375, 0.12400906533002853, -0.5578036904335022, -1.266234040260315, -1.1548786163330078, -0.33490148186683655, -0.2453945279121399, 0.03006925620138645, 0.3502993583679199, 0.03974642977118492, 0.3345339298248291, 0.6021751761436462, 0.6364858746528625, 0.3969145119190216, -1.1500338315963745]}, "spi_06": {"px": [], "py": [], "pt": [], "pb": [], "x": ["2019-01", "2019-02", "2019-03", "2019-04", "2019-05", "2019-06", "2019-07", "2019-08", "2019-09", "2019-10", "2019-11", "2019-12", "2020-01", "2020-02", "2020-03", "2020-04", "2020-05", "2020-06", "2020-07"], "y": [0.4433647692203522, 0.014164458028972149, 0.21046121418476105, 0.32075509428977966, 0.04886409640312195, -0.07795640081167221, -0.028585009276866913, 0.1959359496831894, -0.0022304754238575697, -0.659794270992279, -0.8440892696380615, -0.2513384521007538, 0.2037619948387146, -0.11469747871160507, 0.22553296387195587, 0.5459137558937073, 0.42109379172325134, 0.3871474266052246, 0.26087987422943115]}, "spi_12": {"px": ["2021-01", "2021-02", "2021-03", "2021-04", "2021-05", "2021-06", "2021-07", "2021-08", "2021-09", "2021-10", "2021-11", "2021-12"], "py": [0.43268014814819455, 0.4343422803008179, 0.5290468529850745, 0.8070483758130669, 0.6502839278128973, 0.6237596207414238, 0.6616277141092668, 0.6666640138211828, 0.6462273631552773, 0.6494368875686887, 0.3074832516890631, 0.24008792722429173], "pt": [0.795256520614819, 0.8269040086502573, 0.949460691075998, 1.253580435078674, 1.1214887289828623, 1.1184080305632573, 1.1786578235157799, 1.2051463428966627, 1.205339430115199, 1.2284441311450003, 0.9057244010657008, 0.8569635690688395], "pb": [0.07010377568157011, 0.04178055195137875, 0.108633014894151, 0.36051631654745964, 0.17907912664293235, 0.1291112109195902, 0.14459760470275373, 0.1281816847457029, 0.08711529619535563, 0.07042964399237706, -0.29075789768757476, -0.3767877146202563], "x": ["2019-01", "2019-02", "2019-03", "2019-04", "2019-05", "2019-06", "2019-07", "2019-08", "2019-09", "2019-10", "2019-11", "2019-12", "2020-01", "2020-02", "2020-03", "2020-04", "2020-05", "2020-06", "2020-07", "2020-08", "2020-09", "2020-10", "2020-11", "2020-12"], "y": [0.39469894766807556, -0.2645682096481323, -0.017668655142188072, 0.12140499800443649, 0.2004225254058838, 0.12285920232534409, 0.1125018373131752, 0.10826731473207474, 0.10752316564321518, 0.11979744583368301, -0.12297163158655167, -0.17074240744113922, 0.03661235421895981, 0.04321262240409851, 0.1220850721001625, 0.3426108658313751, 0.23896439373493195, 0.2499266266822815, 0.24669034779071808, 0.24702011048793793, 0.2512316107749939, 0.23261211812496185, 0.3129291534423828, 0.2714078724384308],