{"IIS3": {"px": [], "py": [], "pt": [], "pb": [], "x": ["2019-01", "2019-02", "2019-03", "2019-04", "2019-05", "2019-06", "2019-07", "2019-08", "2019-09", "2019-10", "2019-11", "2019-12", "2020-01", "2020-02", "2020-03", "2020-04", "2020-05", "2020-06", "2020-07", "2020-08", "2020-09", "2020-10", "2020-11", "2020-12"], "y": [NaN, NaN, NaN, NaN, NaN, NaN, NaN, NaN, NaN, NaN, NaN, NaN, NaN, NaN, NaN, NaN, NaN, NaN, NaN, NaN, NaN, NaN, NaN, NaN]}, "VHI": {"px": ["2021-01", "2021-02", "2021-03", "2021-04", "2021-05", "2021-06", "2021-07", "2021-08", "2021-09", "2021-10", "2021-11", "2021-12"], "py": [48.26626942700365, 48.74362476396186, 51.66855248564518, 59.636452562619766, 60.75800835622779, 55.31645301874131, 52.87190047596172, 61.35397839384696, 70.98140727587716, 71.34333390990692, 57.65959313781707, 53.519939723530115], "pt": [56.70603162059726, 57.85688125797007, 61.40884519001263, 69.96578748835068, 71.64456052158738, 66.73305829746872, 64.7950181106845, 73.76295063866273, 83.85791496289303, 84.67098592573288, 71.42361022208867, 67.70690643023988], "pb": [39.82650723341004, 39.63036826995365, 41.92825978127773, 49.30711763688885, 49.8714561908682, 43.89984774001391, 40.94878284123895, 48.94500614903119, 58.10489958886129, 58.015681894080956, 43.89557605354547, 39.33297301682035], "x": ["2019-01", "2019-02", "2019-03", "2019-04", "2019-05", "2019-06", "2019-07", "2019-08", "2019-09", "2019-10", "2019-11", "2019-12", "2020-01", "2020-02", "2020-03", "2020-04", "2020-05", "2020-06", "2020-07", "2020-08", "2020-09", "2020-10", "2020-11", "2020-12"], "y": [42.16175079345703, 47.13949966430664, 45.47724914550781, 51.81473159790039, 44.5777473449707, 45.127750396728516, 45.127750396728516, 52.62199783325195, 61.09760284423828, 61.32849884033203, 49.151588439941406, 45.80781936645508, 42.10545349121094, 42.43272399902344, 45.07527160644531, 52.345455169677734, 53.717498779296875, 49.4276008605957, 45.75020980834961, 51.202003479003906, 62.733795166015625, 58.61359786987305, 61.790245056152344, 54.61499786376953]}, "spi_01": {"px": [], "py": [], "pt": [], "pb": [], "x": ["2019-01", "2019-02", "2019-03", "2019-04", "2019-05", "2019-06", "2019-07", "2019-08", "2019-09", "2019-10", "2019-11", "2019-12", "2020-01", "2020-02", "2020-03", "2020-04", "2020-05", "2020-06", "2020-07", "2020-08", "2020-09", "2020-10", "2020-11", "2020-12"], "y": [NaN, NaN, NaN, NaN, NaN, NaN, NaN, NaN, NaN, NaN, NaN, NaN, NaN, NaN, NaN, NaN, NaN, NaN, NaN, NaN, NaN, NaN, NaN, NaN]}, "spi_03": {"px": [], "py": [], "pt": [], "pb": [], "x": ["2019-01", "2019-02", "2019-03", "2019-04", "2019-05", "2019-06", "2019-07", "2019-08", "2019-09", "2019-10", "2019-11", "2019-12", "2020-01", "2020-02", "2020-03", "2020-04", "2020-05", "2020-06", "2020-07"], "y": [NaN, NaN, NaN, NaN, NaN, NaN, NaN, NaN, NaN, NaN, NaN, NaN, NaN, NaN, NaN, NaN, NaN, NaN, NaN]}, "spi_06": {"px": [], "py": [], "pt": [], "pb": [], "x": ["2019-01", "2019-02", "2019-03", "2019-04", "2019-05", "2019-06", "2019-07", "2019-08", "2019-09", "2019-10", "2019-11", "2019-12", "2020-01", "2020-02", "2020-03", "2020-04", "2020-05", "2020-06", "2020-07"], "y": [NaN, NaN, NaN, NaN, NaN, NaN, NaN, NaN, NaN, NaN, NaN, NaN, NaN, NaN, NaN, NaN, NaN, NaN, NaN]}, "spi_12": {"px": [], "py": [], "pt": [], "pb": [], "x": ["2019-01", "2019-02", "2019-03", "2019-04", "2019-05", "2019-06", "2019-07", "2019-08", "2019-09", "2019-10", "2019-11", "2019-12", "2020-01", "2020-02", "2020-03", "2020-04", "2020-05", "2020-06", "2020-07", "2020-08", "2020-09", "2020-10", "2020-11", "2020-12"], "y": [NaN, NaN, NaN, NaN, NaN, NaN, NaN, NaN, NaN, NaN, NaN, NaN, NaN, NaN, NaN, NaN, NaN, NaN, NaN, NaN, NaN, NaN, NaN, NaN], "geox": [-35.04379930838672, -35.03959226893876, -35.02801116193478, -35.02356412015681, -35.02170710365512, -35.01781206734436, -35.00612296149548, -35.005977959298825, -35.00517495171449, -34.99775588374482, -34.99678387529408, -34.99528686145362, -34.99264983843853, -34.99114082429458, -34.989365808026676, -34.98131873804528, -34.974120674461695, -34.968930633216104, -34.96381458706798, -34.9616455661591, -34.95864753941142, -34.95558750846042, -34.95003745736953, -34.94884344509432, -34.944819400721826, -34.94312337801002, -34.94383838258966, -34.94118935873759, -34.93465930191351, -34.93794933783796, -34.93959036110563, -34.92636824103524, -34.92624324094922, -34.924153222610265, -34.920215190715744, -34.91691516669157, -34.91964819658477, -34.92015020324349, -34.91958920014404, -34.909618114097974, -34.9062600840237, -34.904088066011, -34.898206015709135, -34.895648992399586, -34.892365963255514, -34.89148495698967, -34.88487290015775, -34.882980883083036, -34.879670854385424, -34.875288818302664, -34.87409080962214, -34.8698947729842, -34.868307760446925, -34.865641736463836, -34.86086069588564, -34.85984368711727, -34.86094969927037, -34.86389372700734, -34.864198730563665, -34.86631675081656, -34.8683447713947, -34.870008787410256, -34.87120079958492, -34.8712278028448, -34.91081319673204, -34.901080112880855, -34.88623897824986, -34.88153293593617, -34.87433887824568, -34.86373278627744, -34.86414178738109, -34.86395078509468, -34.86275577423422, -34.860727756874596, -34.8601427534334, -34.85431070011836, -34.853285691696406, -34.8544797032857, -34.8533076932594, -34.851087673106065, -34.85086167228549, -34.84923165780528, -34.849473660457804, -34.8510466752375, -34.85492671003259, -34.85646572432134, -34.85693273247946, -34.85866675371067, -34.85969076327806, -34.86059777257131, -34.86156278124825, -34.86212078569318, -34.863825801233624, -34.86450080873431, -34.8671988341534, -34.86912185046614, -34.87481190225495, -34.87784393060667, -34.88428699122288, -34.88587200548366, -34.894592081747156, -34.896699099207346, -34.89914812111041, -34.90236314767489, -34.910291216568176, -34.91378324645523, -34.91781528217009, -34.92003730092996, -34.922891324681935, -34.92431533389375, -34.927534361783835, -34.928337368104664, -34.93108639256958, -34.933894416349204, -34.937045445294245, -34.93922946376897, -34.93925746300548, -34.941615484210374, -34.94295349380236, -34.94268448981714, -34.94705952569092, -34.95076255803049, -34.9545935896404, -34.95474059012879, -34.952392566923365, -34.95240456455875, -34.95357057346383, -34.95285356226772, -34.955579584166024, -34.95658759134357, -34.959454616462295, -34.960286620877625, -34.96381564831938, -34.967623681311814, -34.95530355613155, -35.04379930838672],