{"IIS3": {"px": [], "py": [], "pt": [], "pb": [], "x": ["2019-01", "2019-02", "2019-03", "2019-04", "2019-05", "2019-06", "2019-07", "2019-08", "2019-09", "2019-10", "2019-11", "2019-12", "2020-01", "2020-02", "2020-03", "2020-04", "2020-05", "2020-06", "2020-07", "2020-08", "2020-09", "2020-10", "2020-11", "2020-12"], "y": [NaN, NaN, NaN, NaN, NaN, NaN, NaN, NaN, NaN, NaN, NaN, NaN, NaN, NaN, NaN, NaN, NaN, NaN, NaN, NaN, NaN, NaN, NaN, NaN]}, "VHI": {"px": ["2021-01", "2021-02", "2021-03", "2021-04", "2021-05", "2021-06", "2021-07", "2021-08", "2021-09", "2021-10", "2021-11", "2021-12"], "py": [180.92057332677155, 206.3680802330348, 186.02646651923106, 189.22810552717993, 188.1797270655881, 179.17814673113932, 190.34154925475235, 119.34222105911297, 95.76365444200366, 91.29308711600864, 73.49434182424993, 71.78794051038898], "pt": [219.25757676350392, 252.80354171291674, 239.34417777160172, 248.63605603494233, 253.10915670942768, 249.1949810227287, 265.10038374645274, 198.55970388266036, 179.20187011827875, 178.74857342522864, 164.79049911426813, 166.76959445611323], "pb": [142.58356989003917, 159.93261875315284, 132.7087552668604, 129.82015501941757, 123.25029742174854, 109.16131243954996, 115.58271476305194, 40.12473823556557, 12.325438765728563, 3.8376008067886147, -17.801815465768257, -23.19371343533527], "x": ["2019-01", "2019-02", "2019-03", "2019-04", "2019-05", "2019-06", "2019-07", "2019-08", "2019-09", "2019-10", "2019-11", "2019-12", "2020-01", "2020-02", "2020-03", "2020-04", "2020-05", "2020-06", "2020-07", "2020-08", "2020-09", "2020-10", "2020-11", "2020-12"], "y": [43.28681945800781, 55.315452575683594, 62.669090270996094, 72.09463500976562, 75.31625366210938, 61.5474967956543, 61.5474967956543, 35.67323684692383, 27.11445426940918, 25.458295822143555, 18.251705169677734, 17.764453887939453, 71.1121597290039, 83.38693237304688, 75.72063446044922, 78.55602264404297, 80.66852569580078, 79.94672393798828, 67.90621185302734, 59.84583282470703, 49.67427062988281, 45.722450256347656, 65.88874053955078, 62.017879486083984]}, "spi_01": {"px": ["2021-01", "2021-02", "2021-03", "2021-04", "2021-05", "2021-06", "2021-07", "2021-08", "2021-09", "2021-10", "2021-11", "2021-12"], "py": [1.217453345759643, 2.3263242286210897, 1.9355008967251814, 2.251284202653001, 1.799864789270758, 1.0022360031699664, 2.682953945958892, 1.5300942207630426, 1.4341140440394513, 0.6899151400719439, 2.316493014325257, -0.5280325694686745], "pt": [2.3193847622335113, 3.5893660489161032, 3.3413090034795054, 3.786640261102705, 3.45465783355764, 2.7684075159688453, 4.553885159505857, 3.500222490451681, 3.4986786936032246, 2.8447814898557118, 4.558026145606714, 1.7969389511815224], "pb": [0.11552192928577476, 1.0632824083260761, 0.5296927899708574, 0.7159281442032972, 0.1450717449838761, -0.7639355096289127, 0.8120227324119278, -0.44003404892559606, -0.6304506055243215, -1.464951209711824, 0.07495988304379964, -2.8530040901188713], "x": ["2019-01", "2019-02", "2019-03", "2019-04", "2019-05", "2019-06", "2019-07", "2019-08", "2019-09", "2019-10", "2019-11", "2019-12", "2020-01", "2020-02", "2020-03", "2020-04", "2020-05", "2020-06", "2020-07", "2020-08", "2020-09", "2020-10", "2020-11", "2020-12"], "y": [-0.13401322066783905, 0.991474449634552, 0.08777705579996109, -0.22280187904834747, 0.3751227855682373, -1.104097604751587, 0.8357530236244202, 0.1295004040002823, 0.07928526401519775, -0.3360157012939453, 0.745797872543335, -1.0673202276229858, 0.2401800900697708, 0.9384280443191528, 0.6323091983795166, 0.858102560043335, 0.6033954620361328, 0.09684071689844131, 0.23007942736148834, -0.5000616312026978, 0.2543500065803528, 0.023957915604114532, 1.8108608722686768, -0.5606569051742554]}, "spi_03": {"px": [], "py": [], "pt": [], "pb": [], "x": ["2019-01", "2019-02", "2019-03", "2019-04", "2019-05", "2019-06", "2019-07", "2019-08", "2019-09", "2019-10", "2019-11", "2019-12", "2020-01", "2020-02", "2020-03", "2020-04", "2020-05", "2020-06", "2020-07"], "y": [-0.028615714982151985, 0.4089432954788208, 0.05285438895225525, 0.24646992981433868, -0.030964357778429985, -0.2761083245277405, 0.06386712193489075, -0.21899549663066864, 0.5151674151420593, -0.5255526304244995, 0.06123911961913109, -0.6763868927955627, -0.2773185074329376, 0.30970239639282227, 0.8350806832313538, 1.1015743017196655, 0.7708991765975952, 0.742501437664032, 0.40697818994522095]}, "spi_06": {"px": [], "py": [], "pt": [], "pb": [], "x": ["2019-01", "2019-02", "2019-03", "2019-04", "2019-05", "2019-06", "2019-07", "2019-08", "2019-09", "2019-10", "2019-11", "2019-12", "2020-01", "2020-02", "2020-03", "2020-04", "2020-05", "2020-06", "2020-07"], "y": [-0.1926320195198059, 0.4212114214897156, 0.14105862379074097, 0.11687348037958145, 0.08148252218961716, -0.06342440098524094, 0.16679976880550385, -0.13044564425945282, -0.197516530752182, -0.13075202703475952, -0.4889742434024811, -0.38041481375694275, -0.4188113510608673, 0.232591450214386, 0.5035473704338074, 0.7700870037078857, 0.728455662727356, 0.884459376335144, 0.9610400199890137]}, "spi_12": {"px": ["2021-01", "2021-02", "2021-03", "2021-04", "2021-05", "2021-06", "2021-07", "2021-08", "2021-09", "2021-10", "2021-11", "2021-12"], "py": [1.1961054444199264, 1.1537527591463848, 1.4475786887897755, 1.996838634655266, 1.9659400188218372, 1.990078588511115, 1.8829625225114461, 1.8992941037205457, 1.9053220372596011, 1.7599993328241705, 1.551790221132742, 1.0876845401227717], "pt": [1.719876670321038, 1.7952388802581085, 2.1883030572804962, 2.82499365430617, 2.873138389119095, 2.9699648214825825, 2.9305049684600704, 3.0103806541571156, 3.0765100960520604, 2.9883517315905266, 2.834762458576746, 2.423044382468304], "pb": [0.6723342185188148, 0.5122666380346608, 0.7068543202990547, 1.1686836150043618, 1.0587416485245789, 1.0101923555396475, 0.8354200765628224, 0.7882075532839754, 0.7341339784671419, 0.5316469340578143, 0.2688179836887381, -0.2476753022227609], "x": ["2019-01", "2019-02", "2019-03", "2019-04", "2019-05", "2019-06", "2019-07", "2019-08", "2019-09", "2019-10", "2019-11", "2019-12", "2020-01", "2020-02", "2020-03", "2020-04", "2020-05", "2020-06", "2020-07", "2020-08", "2020-09", "2020-10", "2020-11", "2020-12"], "y": [-0.42594170570373535, -0.12814894318580627, -0.0268056970089674, -0.303851455450058, -0.12494588643312454, -0.11392370611429214, 0.00043181004002690315, 0.021819205954670906, 0.03013744205236435, 0.0025309252087026834, -0.03897131606936455, -0.214566171169281, 0.01843295246362686, 0.027417011559009552, 0.2262117862701416, 0.5827352404594421, 0.6144794821739197, 0.6965518593788147, 0.6431803107261658, 0.6229396462440491, 0.6206524968147278, 0.6419107913970947, 0.7717708349227905, 0.8170667290687561],