{"IIS3": {"px": [], "py": [], "pt": [], "pb": [], "x": ["2019-01", "2019-02", "2019-03", "2019-04", "2019-05", "2019-06", "2019-07", "2019-08", "2019-09", "2019-10", "2019-11", "2019-12", "2020-01", "2020-02", "2020-03", "2020-04", "2020-05", "2020-06", "2020-07", "2020-08", "2020-09", "2020-10", "2020-11", "2020-12"], "y": [NaN, NaN, NaN, NaN, NaN, NaN, NaN, NaN, NaN, NaN, NaN, NaN, NaN, NaN, NaN, NaN, NaN, NaN, NaN, NaN, NaN, NaN, NaN, NaN]}, "VHI": {"px": ["2021-01", "2021-02", "2021-03", "2021-04", "2021-05", "2021-06", "2021-07", "2021-08", "2021-09", "2021-10", "2021-11", "2021-12"], "py": [33.547330369045675, 36.26828871037517, 28.18155905369059, 20.392650974258125, 9.417006596486008, 8.045155177499563, 18.79683443552576, 13.403825361961214, 9.446397206188053, 16.241063512741636, 20.648356238478407, 18.541101233152418], "pt": [60.89366154126384, 69.7605674817462, 66.85511133451722, 63.630996857703195, 56.78224135210641, 59.20545592108033, 73.48949647434254, 71.41415366314247, 70.59465227801681, 80.37389447355321, 87.63291353168316, 88.26083892977051], "pb": [6.200999196827514, 2.7760099390041333, -10.491993227136035, -22.84569490918694, -37.94822815913439, -43.11514556608121, -35.895827603291025, -44.60650293922005, -51.701857865640704, -47.89176744806994, -46.33620105472635, -51.17863646346568], "x": ["2019-01", "2019-02", "2019-03", "2019-04", "2019-05", "2019-06", "2019-07", "2019-08", "2019-09", "2019-10", "2019-11", "2019-12", "2020-01", "2020-02", "2020-03", "2020-04", "2020-05", "2020-06", "2020-07", "2020-08", "2020-09", "2020-10", "2020-11", "2020-12"], "y": [43.638999938964844, 55.54949951171875, 49.9172477722168, 49.50279998779297, 44.734249114990234, 46.12624740600586, 46.12624740600586, 37.81840133666992, 31.297998428344727, 45.15774917602539, 53.44805145263672, 48.19888687133789, 54.87416458129883, 58.58749771118164, 46.73289108276367, 34.529998779296875, 17.75374984741211, 14.95319938659668, 26.326251983642578, 28.401248931884766, 12.636198997497559, 15.381999015808105, 14.807001113891602, 28.924331665039062]}, "spi_01": {"px": [], "py": [], "pt": [], "pb": [], "x": ["2019-01", "2019-02", "2019-03", "2019-04", "2019-05", "2019-06", "2019-07", "2019-08", "2019-09", "2019-10", "2019-11", "2019-12", "2020-01", "2020-02", "2020-03", "2020-04", "2020-05", "2020-06", "2020-07", "2020-08", "2020-09", "2020-10", "2020-11", "2020-12"], "y": [NaN, NaN, NaN, NaN, NaN, NaN, NaN, NaN, NaN, NaN, NaN, NaN, NaN, NaN, NaN, NaN, NaN, NaN, NaN, NaN, NaN, NaN, NaN, NaN]}, "spi_03": {"px": [], "py": [], "pt": [], "pb": [], "x": ["2019-01", "2019-02", "2019-03", "2019-04", "2019-05", "2019-06", "2019-07", "2019-08", "2019-09", "2019-10", "2019-11", "2019-12", "2020-01", "2020-02", "2020-03", "2020-04", "2020-05", "2020-06", "2020-07"], "y": [NaN, NaN, NaN, NaN, NaN, NaN, NaN, NaN, NaN, NaN, NaN, NaN, NaN, NaN, NaN, NaN, NaN, NaN, NaN]}, "spi_06": {"px": [], "py": [], "pt": [], "pb": [], "x": ["2019-01", "2019-02", "2019-03", "2019-04", "2019-05", "2019-06", "2019-07", "2019-08", "2019-09", "2019-10", "2019-11", "2019-12", "2020-01", "2020-02", "2020-03", "2020-04", "2020-05", "2020-06", "2020-07"], "y": [NaN, NaN, NaN, NaN, NaN, NaN, NaN, NaN, NaN, NaN, NaN, NaN, NaN, NaN, NaN, NaN, NaN, NaN, NaN]}, "spi_12": {"px": [], "py": [], "pt": [], "pb": [], "x": ["2019-01", "2019-02", "2019-03", "2019-04", "2019-05", "2019-06", "2019-07", "2019-08", "2019-09", "2019-10", "2019-11", "2019-12", "2020-01", "2020-02", "2020-03", "2020-04", "2020-05", "2020-06", "2020-07", "2020-08", "2020-09", "2020-10", "2020-11", "2020-12"], "y": [NaN, NaN, NaN, NaN, NaN, NaN, NaN, NaN, NaN, NaN, NaN, NaN, NaN, NaN, NaN, NaN, NaN, NaN, NaN, NaN, NaN, NaN, NaN, NaN], "geox": [-46.23523322555807, -46.216677080410136, -46.214304065631666, -46.21565408592285, -46.2151880914711, -46.2110270720538, -46.211164077466016, -46.21377810187768, -46.21601511728356, -46.21899714177578, -46.22502219988187, -46.22677422020601, -46.22743926503938, -46.22519225421994, -46.221957233760016, -46.21821821010818, -46.217691209571, -46.21859722701151, -46.21827323366825, -46.221186265114795, -46.225406304136015, -46.22610731333128, -46.2256673294725, -46.22652034269122, -46.22633634733238, -46.22796836736569, -46.22824538532262, -46.230803428994605, -46.232654453463255, -46.238101515267495, -46.245325583938474, -46.24430658379154, -46.24457460192012, -46.245756626239, -46.248885669666144, -46.24280465514503, -46.243219672520134, -46.244990695930646, -46.24777175817926, -46.25033079213651, -46.254556835981816, -46.25667286258587, -46.259359891034386, -46.261004916166584, -46.268441989614075, -46.27168801701221, -46.27250299519106, -46.27443999946694, -46.2735279840439, -46.27380198011363, -46.27623699126523, -46.277805989620965, -46.27685896114799, -46.27744596183299, -46.285443009148885, -46.288491033164185, -46.28950104603331, -46.29038506465887, -46.29202808455289, -46.29785814492845, -46.30108218107284, -46.29783417562973, -46.29799819360601, -46.3013622305355, -46.308938289522956, -46.31044029811489, -46.31124429225156, -46.31516231406613, -46.31650431141487, -46.318995318753466, -46.32621836826764, -46.33494543437836, -46.33469242901414, -46.33194140013615, -46.3314733755097, -46.33429937731321, -46.33311335918657, -46.33752739272726, -46.339020397040706, -46.3391863882725, -46.337780374844364, -46.33774937251671, -46.34172238586602, -46.34202538426277, -46.34091636519346, -46.34188536508278, -46.34164435272789, -46.34391336333587, -46.34382835512331, -46.34099832231792, -46.34177532045774, -46.34811037018, -46.348855373686504, -46.34841536750512, -46.34960937368989, -46.35202139208183, -46.35486340502929, -46.35417038999806, -46.35541839794849, -46.35591539750387, -46.357551411013965, -46.35918842036222, -46.35877141485836, -46.36214943892495, -46.362065437159785, -46.36063341533291, -46.35516335300509, -46.35029531215429, -46.34469325862954, -46.3403882291681, -46.33608118706917, -46.33007513199697, -46.32660609270101, -46.31924501250126, -46.31771600006073, -46.31249596478785, -46.305804906378825, -46.30427388517943, -46.30341386163654, -46.301104831125805, -46.299999810063, -46.298940798480494, -46.293245751988344, -46.28908271359493, -46.27851860453084, -46.26888251563366, -46.26485247969142, -46.26183145828876, -46.25994045157418, -46.254191393427455, -46.2517493722729, -46.25077936807131, -46.248746353650056, -46.24316529123787, -46.238741252571174, -46.23523322555807],