{"IIS3": {"px": [], "py": [], "pt": [], "pb": [], "x": ["2019-01", "2019-02", "2019-03", "2019-04", "2019-05", "2019-06", "2019-07", "2019-08", "2019-09", "2019-10", "2019-11", "2019-12", "2020-01", "2020-02", "2020-03", "2020-04", "2020-05", "2020-06", "2020-07", "2020-08", "2020-09", "2020-10", "2020-11", "2020-12"], "y": [NaN, NaN, NaN, NaN, NaN, NaN, NaN, NaN, NaN, NaN, NaN, NaN, NaN, NaN, NaN, NaN, NaN, NaN, NaN, NaN, NaN, NaN, NaN, NaN]}, "VHI": {"px": ["2021-01", "2021-02", "2021-03", "2021-04", "2021-05", "2021-06", "2021-07", "2021-08", "2021-09", "2021-10", "2021-11", "2021-12"], "py": [57.664557227696335, 79.27331440490673, 74.7792849982968, 67.85816288057498, 67.93737156450152, 73.11613380495973, 63.33496813179198, 77.67139215305235, 70.36480349186556, 49.77004506260333, 36.39507193055831, 33.21954113161795], "pt": [78.28437015141941, 100.25493312930239, 96.11657544442618, 89.54529277065166, 89.96878645677819, 95.4865357110991, 86.03929636957028, 100.70480614263171, 93.7226672491085, 73.44791318007744, 60.38867686760497, 57.5247816603937], "pb": [37.04474430397326, 58.29169568051107, 53.44199455216743, 46.171032990498304, 45.905956672224846, 50.74573189882037, 40.63063989401368, 54.637978163472994, 47.00693973462262, 26.092176945129225, 12.401466993511647, 8.9143006028422], "x": ["2019-01", "2019-02", "2019-03", "2019-04", "2019-05", "2019-06", "2019-07", "2019-08", "2019-09", "2019-10", "2019-11", "2019-12", "2020-01", "2020-02", "2020-03", "2020-04", "2020-05", "2020-06", "2020-07", "2020-08", "2020-09", "2020-10", "2020-11", "2020-12"], "y": [21.859886169433594, 55.378517150878906, 68.61591339111328, 74.65747833251953, 56.97431945800781, 50.67022705078125, 50.67022705078125, 64.5398178100586, 58.237361907958984, 39.276817321777344, 27.149885177612305, 24.636180877685547, 49.336585998535156, 68.68193054199219, 63.52591323852539, 56.7956428527832, 57.602725982666016, 63.184268951416016, 62.093910217285156, 59.87477111816406, 46.74800109863281, 44.34654235839844, 45.893863677978516, 34.3951530456543]}, "spi_01": {"px": ["2021-01", "2021-02", "2021-03", "2021-04", "2021-05", "2021-06", "2021-07", "2021-08", "2021-09", "2021-10", "2021-11", "2021-12"], "py": [3.2931753063617357, 3.138812740699006, 5.55107577685286, 4.234054513142905, 6.321254051955927, 4.094732529942011, 4.711000815479954, 3.7928628470698245, 3.4868813766558278, 5.123176906329887, 0.4496654091607737, 0.2736191066891216], "pt": [6.568620216887535, 6.588152914772817, 9.165955568916454, 8.007218197063853, 10.246323791495607, 8.166044448088332, 8.92348096492048, 8.141931400682271, 7.968377283003488, 9.733297710951064, 5.184918528877944, 5.130781898111843], "pb": [0.01773039583593583, -0.31052743337480493, 1.9361959847892667, 0.4608908292219551, 2.3961843124162474, 0.02342061179568855, 0.4985206660394299, -0.5562057065426211, -0.9946145296918312, 0.5130561017087105, -4.2855877105563955, -4.5835436847336], "x": ["2019-01", "2019-02", "2019-03", "2019-04", "2019-05", "2019-06", "2019-07", "2019-08", "2019-09", "2019-10", "2019-11", "2019-12", "2020-01", "2020-02", "2020-03", "2020-04", "2020-05", "2020-06", "2020-07", "2020-08", "2020-09", "2020-10", "2020-11", "2020-12"], "y": [-0.38498827815055847, 0.6005722880363464, 0.916800856590271, 1.3363548517227173, 0.47150713205337524, 0.7360979318618774, 0.9050586223602295, 0.5344536900520325, 0.41067519783973694, 1.116676688194275, -0.8930940628051758, -0.9448943138122559, 0.7132856845855713, 0.5813970565795898, 1.7010823488235474, 1.036699652671814, 2.1728551387786865, 1.2125160694122314, 1.250793695449829, -0.5064012408256531, 0.7277951240539551, 0.9205811619758606, 1.9719617366790771, 0.09772094339132309]}, "spi_03": {"px": [], "py": [], "pt": [], "pb": [], "x": ["2019-01", "2019-02", "2019-03", "2019-04", "2019-05", "2019-06", "2019-07", "2019-08", "2019-09", "2019-10", "2019-11", "2019-12", "2020-01", "2020-02", "2020-03", "2020-04", "2020-05", "2020-06", "2020-07"], "y": [-0.2906334698200226, 0.13039399683475494, 0.5074261426925659, 1.4440891742706299, 1.3495320081710815, 1.3353080749511719, 0.926316499710083, 0.9007984399795532, 0.7354668974876404, 0.5604251623153687, 0.40168172121047974, -0.1858249455690384, 0.40974390506744385, 0.5622671246528625, 1.496381402015686, 1.6695301532745361, 2.151146173477173, 2.037252902984619, 2.120204210281372]}, "spi_06": {"px": [], "py": [], "pt": [], "pb": [], "x": ["2019-01", "2019-02", "2019-03", "2019-04", "2019-05", "2019-06", "2019-07", "2019-08", "2019-09", "2019-10", "2019-11", "2019-12", "2020-01", "2020-02", "2020-03", "2020-04", "2020-05", "2020-06", "2020-07"], "y": [-0.7190949320793152, -0.06553827226161957, 0.4569081664085388, 1.097322940826416, 1.079384446144104, 1.1626173257827759, 1.4622727632522583, 1.4884151220321655, 1.2463856935501099, 0.8790528178215027, 0.8095752596855164, 0.6274486184120178, 0.5098237991333008, 0.5645960569381714, 1.3932820558547974, 1.5441656112670898, 2.0073986053466797, 2.174879789352417, 2.240433692932129]}, "spi_12": {"px": ["2021-01", "2021-02", "2021-03", "2021-04", "2021-05", "2021-06", "2021-07", "2021-08", "2021-09", "2021-10", "2021-11", "2021-12"], "py": [2.4284197560547534, 2.4376989332190075, 2.793180017874131, 2.8465734449103373, 3.341764765468316, 3.2642018018228276, 3.0970250420982017, 3.1440288099591687, 3.0008985525940517, 2.9518978512108474, 2.7921202031475474, 2.601623512636287], "pt": [2.8896968468944504, 3.0026456831122985, 3.4455243333214653, 3.5759165614048367, 4.140720119201782, 4.127172214375208, 4.0195792186224235, 4.122545281105027, 4.032345478027057, 4.033688512876338, 3.922013698724948, 3.7776539489046588], "pb": [1.9671426652150559, 1.8727521833257166, 2.1408357024267968, 2.1172303284158374, 2.54280941173485, 2.401231389270447, 2.17447086557398, 2.1655123388133104, 1.9694516271610456, 1.8701071895453572, 1.6622267075701465, 1.4255930763679157], "x": ["2019-01", "2019-02", "2019-03", "2019-04", "2019-05", "2019-06", "2019-07", "2019-08", "2019-09", "2019-10", "2019-11", "2019-12", "2020-01", "2020-02", "2020-03", "2020-04", "2020-05", "2020-06", "2020-07", "2020-08", "2020-09", "2020-10", "2020-11", "2020-12"], "y": [0.9252886176109314, 0.5178101062774658, 0.47176653146743774, 0.6467422246932983, 0.7559599280357361, 0.9688722491264343, 1.0708637237548828, 1.1337981224060059, 1.122721791267395, 1.1728800535202026, 1.1605597734451294, 1.1246609687805176, 1.3792359828948975, 1.438816785812378, 1.7489546537399292, 1.8306989669799805, 2.256279230117798, 2.24993896484375, 2.20755672454834, 2.0440924167633057, 2.000872850418091, 1.9953373670578003, 2.0722649097442627, 2.1315464973449707],