{"IIS3": {"px": [], "py": [], "pt": [], "pb": [], "x": ["2019-01", "2019-02", "2019-03", "2019-04", "2019-05", "2019-06", "2019-07", "2019-08", "2019-09", "2019-10", "2019-11", "2019-12", "2020-01", "2020-02", "2020-03", "2020-04", "2020-05", "2020-06", "2020-07", "2020-08", "2020-09", "2020-10", "2020-11", "2020-12"], "y": [NaN, NaN, NaN, NaN, NaN, NaN, NaN, NaN, NaN, NaN, NaN, NaN, NaN, NaN, NaN, NaN, NaN, NaN, NaN, NaN, NaN, NaN, NaN, NaN]}, "VHI": {"px": ["2021-01", "2021-02", "2021-03", "2021-04", "2021-05", "2021-06", "2021-07", "2021-08", "2021-09", "2021-10", "2021-11", "2021-12"], "py": [156.68110838125796, 248.68021085995306, 268.7904536642555, 222.93946474426687, 240.70387757331423, 260.2680087671087, 201.49615303113285, 133.93658218410906, 105.37695618816473, 86.96025243547322, 33.658373262317035, 28.897382012277234], "pt": [215.91148471603955, 318.35129121095537, 347.5297792505963, 309.8054727698907, 334.99876241243845, 361.44778571556645, 309.12128587590854, 247.64230401186748, 224.85420562456386, 211.94279157356044, 163.91372649556985, 164.22025148538376], "pb": [97.45073204647636, 179.00913050895076, 190.0511280779147, 136.07345671864306, 146.40899273419, 159.08823181865097, 93.87102018635714, 20.230860356350632, -14.100293248234408, -38.02228670261398, -96.59697997093576, -106.42548746082929], "x": ["2019-01", "2019-02", "2019-03", "2019-04", "2019-05", "2019-06", "2019-07", "2019-08", "2019-09", "2019-10", "2019-11", "2019-12", "2020-01", "2020-02", "2020-03", "2020-04", "2020-05", "2020-06", "2020-07", "2020-08", "2020-09", "2020-10", "2020-11", "2020-12"], "y": [39.50928497314453, 69.78678894042969, 71.56071472167969, 61.75056838989258, 51.43821334838867, 40.39035415649414, 40.39035415649414, 25.20857048034668, 18.761714935302734, 14.704642295837402, 3.7574996948242188, 3.0603997707366943, 36.925498962402344, 63.1099967956543, 71.31719970703125, 60.238502502441406, 67.31856536865234, 75.35343170166016, 64.73713684082031, 58.48250198364258, 42.78399658203125, 33.612571716308594, 34.4707145690918, 24.700952529907227]}, "spi_01": {"px": [], "py": [], "pt": [], "pb": [], "x": ["2019-01", "2019-02", "2019-03", "2019-04", "2019-05", "2019-06", "2019-07", "2019-08", "2019-09", "2019-10", "2019-11", "2019-12", "2020-01", "2020-02", "2020-03", "2020-04", "2020-05", "2020-06", "2020-07", "2020-08", "2020-09", "2020-10", "2020-11", "2020-12"], "y": [NaN, NaN, NaN, NaN, NaN, NaN, NaN, NaN, NaN, NaN, NaN, NaN, NaN, NaN, NaN, NaN, NaN, NaN, NaN, NaN, NaN, NaN, NaN, NaN]}, "spi_03": {"px": [], "py": [], "pt": [], "pb": [], "x": ["2019-01", "2019-02", "2019-03", "2019-04", "2019-05", "2019-06", "2019-07", "2019-08", "2019-09", "2019-10", "2019-11", "2019-12", "2020-01", "2020-02", "2020-03", "2020-04", "2020-05", "2020-06", "2020-07"], "y": [NaN, NaN, NaN, NaN, NaN, NaN, NaN, NaN, NaN, NaN, NaN, NaN, NaN, NaN, NaN, NaN, NaN, NaN, NaN]}, "spi_06": {"px": [], "py": [], "pt": [], "pb": [], "x": ["2019-01", "2019-02", "2019-03", "2019-04", "2019-05", "2019-06", "2019-07", "2019-08", "2019-09", "2019-10", "2019-11", "2019-12", "2020-01", "2020-02", "2020-03", "2020-04", "2020-05", "2020-06", "2020-07"], "y": [NaN, NaN, NaN, NaN, NaN, NaN, NaN, NaN, NaN, NaN, NaN, NaN, NaN, NaN, NaN, NaN, NaN, NaN, NaN]}, "spi_12": {"px": [], "py": [], "pt": [], "pb": [], "x": ["2019-01", "2019-02", "2019-03", "2019-04", "2019-05", "2019-06", "2019-07", "2019-08", "2019-09", "2019-10", "2019-11", "2019-12", "2020-01", "2020-02", "2020-03", "2020-04", "2020-05", "2020-06", "2020-07", "2020-08", "2020-09", "2020-10", "2020-11", "2020-12"], "y": [NaN, NaN, NaN, NaN, NaN, NaN, NaN, NaN, NaN, NaN, NaN, NaN, NaN, NaN, NaN, NaN, NaN, NaN, NaN, NaN, NaN, NaN, NaN, NaN], "geox": [-38.347587068125314, -38.30684469874775, -38.29959363049913, -38.297640605453196, -38.291726550909274, -38.2892215269487, -38.28670750045144, -38.27162937359235, -38.271442374599424, -38.25824026167337, -38.25267122179793, -38.25114721893053, -38.229056059671535, -38.23563111539296, -38.239222146264986, -38.2417151683275, -38.247268219544296, -38.25090425172117, -38.25288226875565, -38.256525298998504, -38.261407342840684, -38.26358136466704, -38.26984042259946, -38.27253744708208, -38.27762349235336, -38.281519527790856, -38.28871359457201, -38.2900136002316, -38.29374262865902, -38.29403662992752, -38.297518658762634, -38.306323737167304, -38.310766775380024, -38.31287279315358, -38.31409480317946, -38.31599181636647, -38.31683482036855, -38.31826383029564, -38.32428287924938, -38.328444910056255, -38.332797946280785, -38.33657797954679, -38.337986992730286, -38.33933200445722, -38.34380904107442, -38.347587068125314], "geoy": [-6.448015926501454, -6.426082783457646, -6.418450728973873, -6.406439636858517, -6.4018766053172085, -6.398660581969892, -6.391759529949686, -6.398423591882229, -6.402370622724775, -6.405461655608021, -6.418377759857168, -6.433909881739327, -6.483259280489393, -6.480923257877889, -6.4803002506055405, -6.480801252815611, -6.484987281605808, -6.485720284843593, -6.485425281211452, -6.483212261542452, -6.485148273287512, -6.489413304965696, -6.494443339814974, -6.4959023493234955, -6.497331356976779, -6.499546371542163, -6.5056204138414335, -6.497279348164665, -6.491310299263093, -6.489404284255979, -6.487209264842425, -6.489767278744123, -6.489070270316736, -6.488240262441522, -6.4873352545834235, -6.4824222151357604, -6.4774931762763925, -6.4737781464494635, -6.46868510281207, -6.460659037646073, -6.458193015547239, -6.458735017204686, -6.460098026841033, -6.460129026173037, -6.456653996154639, -6.448015926501454]}}