{"IIS3": {"px": [], "py": [], "pt": [], "pb": [], "x": ["2019-01", "2019-02", "2019-03", "2019-04", "2019-05", "2019-06", "2019-07", "2019-08", "2019-09", "2019-10", "2019-11", "2019-12", "2020-01", "2020-02", "2020-03", "2020-04", "2020-05", "2020-06", "2020-07", "2020-08", "2020-09", "2020-10", "2020-11", "2020-12"], "y": [NaN, NaN, NaN, NaN, NaN, NaN, NaN, NaN, NaN, NaN, NaN, NaN, NaN, NaN, NaN, NaN, NaN, NaN, NaN, NaN, NaN, NaN, NaN, NaN]}, "VHI": {"px": ["2021-01", "2021-02", "2021-03", "2021-04", "2021-05", "2021-06", "2021-07", "2021-08", "2021-09", "2021-10", "2021-11", "2021-12"], "py": [42.33858057395081, 39.86642526179631, 48.97086340047065, 52.605052985053405, 52.254263380808666, 49.034701727561526, 48.394972000662264, 48.21520722589143, 60.65039189480508, 53.75769064836173, 45.854118745226074, 47.87779484735567], "pt": [50.601040801862496, 48.128885489708, 57.23332362838234, 60.86751321296509, 60.516723608720355, 57.297161955473214, 56.65743222857395, 56.47766745380312, 68.91285212271677, 62.02015087627342, 54.11657897313776, 56.14025507526736], "pb": [34.07612034603912, 31.60396503388462, 40.70840317255896, 44.342592757141716, 43.99180315289698, 40.77224149964984, 40.132511772750576, 39.952746997979744, 52.387931666893394, 45.49523042045004, 37.591658517314386, 39.615334619443985], "x": ["2019-01", "2019-02", "2019-03", "2019-04", "2019-05", "2019-06", "2019-07", "2019-08", "2019-09", "2019-10", "2019-11", "2019-12", "2020-01", "2020-02", "2020-03", "2020-04", "2020-05", "2020-06", "2020-07", "2020-08", "2020-09", "2020-10", "2020-11", "2020-12"], "y": [45.018123626708984, 39.11591720581055, 48.33574676513672, 47.99711990356445, 48.92303466796875, 47.95025634765625, 47.95025634765625, 47.74250793457031, 60.25363540649414, 53.646568298339844, 46.04154586791992, 48.2183952331543, 42.91300582885742, 40.82889938354492, 49.94659423828125, 52.57061004638672, 51.83844757080078, 48.95278549194336, 50.15427780151367, 56.65206527709961, 49.349815368652344, 40.70841979980469, 50.47657775878906, 51.73305892944336]}, "spi_01": {"px": ["2021-01", "2021-02", "2021-03", "2021-04", "2021-05", "2021-06", "2021-07", "2021-08", "2021-09", "2021-10", "2021-11", "2021-12"], "py": [1.2601180827539826, -0.6506620404826315, 2.827796487937677, 3.0930509188726507, 0.8058086841193624, 1.2305911653326458, 1.1740381388088186, 3.913159054242686, 1.40026623321873, 0.8101068572846217, -1.092633084209468, 0.3461545310832892], "pt": [3.998257393029389, 2.0874772697927755, 5.565935798213085, 5.831190229148058, 3.5439479943947703, 3.968730475608054, 3.9121774490842274, 6.6512983645180945, 4.138405543494139, 3.5482461675600314, 1.645506226065942, 3.084293841358699], "pb": [-1.478021227521424, -3.3888013507580386, 0.0896571776622701, 0.3549116085972428, -1.9323306261560456, -1.5075481449427626, -1.5641011714665898, 1.175019743967277, -1.3378730770566793, -1.928032452990788, -3.8307723944848777, -2.391984779192121], "x": ["2019-01", "2019-02", "2019-03", "2019-04", "2019-05", "2019-06", "2019-07", "2019-08", "2019-09", "2019-10", "2019-11", "2019-12", "2020-01", "2020-02", "2020-03", "2020-04", "2020-05", "2020-06", "2020-07", "2020-08", "2020-09", "2020-10", "2020-11", "2020-12"], "y": [-1.0407192707061768, -1.2540899515151978, 0.32910820841789246, 0.07423243671655655, -0.4216601550579071, 0.6535885334014893, -0.02223884128034115, 1.9033621549606323, 0.21244744956493378, -0.12537400424480438, -1.4657050371170044, -0.4347187578678131, 0.47847768664360046, -1.0780245065689087, 1.365422248840332, 1.4816279411315918, -0.04517120122909546, 0.303538978099823, -0.3195980489253998, 0.7129772305488586, -1.374536156654358, 0.8857709765434265, 0.5772327780723572, -1.114333987236023]}, "spi_03": {"px": [], "py": [], "pt": [], "pb": [], "x": ["2019-01", "2019-02", "2019-03", "2019-04", "2019-05", "2019-06", "2019-07", "2019-08", "2019-09", "2019-10", "2019-11", "2019-12", "2020-01", "2020-02", "2020-03", "2020-04", "2020-05", "2020-06", "2020-07"], "y": [0.30533483624458313, 0.16568779945373535, -1.0360972881317139, -0.32748743891716003, -0.1618116945028305, -0.03725552558898926, -0.02424984611570835, 1.2067275047302246, 1.015092372894287, 1.0147017240524292, -1.5405384302139282, -1.565144658088684, -1.1930841207504272, -0.6898141503334045, 0.6452271342277527, 1.212287425994873, 1.5565930604934692, 1.2001011371612549, -0.1963697224855423]}, "spi_06": {"px": [], "py": [], "pt": [], "pb": [], "x": ["2019-01", "2019-02", "2019-03", "2019-04", "2019-05", "2019-06", "2019-07", "2019-08", "2019-09", "2019-10", "2019-11", "2019-12", "2020-01", "2020-02", "2020-03", "2020-04", "2020-05", "2020-06", "2020-07"], "y": [-0.17856651544570923, -0.24746869504451752, 0.04719296470284462, -0.018755488097667694, -0.07916229218244553, -0.8246347308158875, -0.42322245240211487, 0.6980041861534119, 0.6928910613059998, 0.6010045409202576, -0.16185630857944489, -0.6686694622039795, -0.7604125142097473, -1.7581766843795776, -0.9283191561698914, -0.08650832623243332, 0.6483518481254578, 1.1368045806884766, 0.9338626861572266]}, "spi_12": {"px": ["2021-01", "2021-02", "2021-03", "2021-04", "2021-05", "2021-06", "2021-07", "2021-08", "2021-09", "2021-10", "2021-11", "2021-12"], "py": [1.1151714742686831, 1.2042019105075927, 2.334611265021916, 4.027353374114752, 4.210944297433778, 3.5883322481722066, 2.3456325990510756, 4.302036235351903, 4.781942151268991, 4.401659813092773, 2.8838853536729907, 0.5934793874834892], "pt": [2.9644379394537825, 3.469081523954582, 4.949868970785801, 6.951300376320328, 7.413967755958014, 7.047992994546938, 6.044165508754023, 8.224922785878867, 8.917027651286487, 8.738574072863715, 7.41364456369223, 5.308202253665946], "pb": [-0.7340949909164161, -1.060677702939397, -0.28064644074196865, 1.103406371909177, 1.0079208389095409, 0.12867150179747622, -1.3529003106518718, 0.37914968482493805, 0.646856651251495, 0.0647455533218313, -1.645873856346249, -4.121243478698967], "x": ["2019-01", "2019-02", "2019-03", "2019-04", "2019-05", "2019-06", "2019-07", "2019-08", "2019-09", "2019-10", "2019-11", "2019-12", "2020-01", "2020-02", "2020-03", "2020-04", "2020-05", "2020-06", "2020-07", "2020-08", "2020-09", "2020-10", "2020-11", "2020-12"], "y": [0.3404841423034668, -0.44079625606536865, -0.15096357464790344, -0.22181427478790283, -0.5327096581459045, -0.4754526615142822, -0.41508767008781433, 0.22928066551685333, 0.3665643036365509, 0.24166788160800934, -0.244956374168396, -1.0493189096450806, -0.7928214073181152, -0.7561911940574646, -0.3564939498901367, 0.2334214448928833, 0.3349175751209259, 0.22042721509933472, 0.15394054353237152, -0.20960666239261627, -0.4186479151248932, -0.10643798857927322, 0.7867681384086609, 0.5311667919158936],