{"IIS3": {"px": [], "py": [], "pt": [], "pb": [], "x": ["2019-01", "2019-02", "2019-03", "2019-04", "2019-05", "2019-06", "2019-07", "2019-08", "2019-09", "2019-10", "2019-11", "2019-12", "2020-01", "2020-02", "2020-03", "2020-04", "2020-05", "2020-06", "2020-07", "2020-08", "2020-09", "2020-10", "2020-11", "2020-12"], "y": [NaN, NaN, NaN, NaN, NaN, NaN, NaN, NaN, NaN, NaN, NaN, NaN, NaN, NaN, NaN, NaN, NaN, NaN, NaN, NaN, NaN, NaN, NaN, NaN]}, "VHI": {"px": ["2021-01", "2021-02", "2021-03", "2021-04", "2021-05", "2021-06", "2021-07", "2021-08", "2021-09", "2021-10", "2021-11", "2021-12"], "py": [39.308935381640126, 41.12511264149409, 35.53937356177637, 33.30122672361366, 23.128627127700327, 25.96124009200561, 29.300623742212956, 31.175936335992127, 24.666211040826838, 28.3152039719945, 32.38756706992498, 34.760138714548255], "pt": [63.07214483314951, 70.22898147090172, 69.145626525212, 70.87415974255012, 64.28771303893683, 70.41813393819787, 76.82704237285108, 81.58531567414435, 77.80236241313446, 84.04486968123636, 90.59530450634239, 95.34467267223394], "pb": [15.545725930130743, 12.02124381208646, 1.93312059834075, -4.271706295322808, -18.03045878353617, -18.495653754186648, -18.225794888425177, -19.2334430021601, -28.469940331480778, -27.414461737247365, -25.820170366492434, -25.824395243137438], "x": ["2019-01", "2019-02", "2019-03", "2019-04", "2019-05", "2019-06", "2019-07", "2019-08", "2019-09", "2019-10", "2019-11", "2019-12", "2020-01", "2020-02", "2020-03", "2020-04", "2020-05", "2020-06", "2020-07", "2020-08", "2020-09", "2020-10", "2020-11", "2020-12"], "y": [35.73786544799805, 38.437870025634766, 45.818603515625, 52.694095611572266, 53.54467010498047, 43.32483673095703, 43.32483673095703, 47.50990295410156, 39.95583724975586, 45.05229187011719, 49.65475845336914, 51.74641799926758, 53.323062896728516, 56.105159759521484, 49.503292083740234, 45.92891311645508, 31.776391983032227, 33.78904724121094, 41.7994384765625, 52.945247650146484, 35.59137725830078, 24.085540771484375, 18.520944595336914, 38.152950286865234]}, "spi_01": {"px": ["2021-01", "2021-02", "2021-03", "2021-04", "2021-05", "2021-06", "2021-07", "2021-08", "2021-09", "2021-10", "2021-11", "2021-12"], "py": [-0.7543086331733706, 0.45496084282795657, -1.7181021026545922, -0.9203752407456562, -0.9559062448073674, -0.7715567998001354, -0.7328042676897843, -0.16377734249997644, -0.7736674799647307, -0.6985840004348987, -0.5495404295229167, -0.7658472362142952], "pt": [0.7051989327984813, 1.927252848659064, -0.23313571726423898, 0.5771582583936441, 0.5540897804686935, 0.7507997325715063, 0.8018132178614898, 1.3830039097347475, 0.7851826275086999, 0.8722422384836621, 1.0331713219277816, 0.8286614352846229], "pb": [-2.2138161991452225, -1.017331163003151, -3.203068488044946, -2.4179087398849566, -2.4659022700834283, -2.293913332171777, -2.2674217532410585, -1.7105585947347004, -2.3325175874381614, -2.2694102393534594, -2.132252180973615, -2.3603559077132132], "x": ["2019-01", "2019-02", "2019-03", "2019-04", "2019-05", "2019-06", "2019-07", "2019-08", "2019-09", "2019-10", "2019-11", "2019-12", "2020-01", "2020-02", "2020-03", "2020-04", "2020-05", "2020-06", "2020-07", "2020-08", "2020-09", "2020-10", "2020-11", "2020-12"], "y": [-2.1166930198669434, 1.2331886291503906, -0.9290435314178467, 0.8604501485824585, -0.4743281602859497, 0.029748767614364624, 0.09299297630786896, 0.9834244251251221, 0.13583025336265564, 0.18009614944458008, 0.3359672725200653, 0.03801336884498596, -0.22668281197547913, 1.1881661415100098, -1.4780442714691162, -0.561208188533783, -0.6475491523742676, -0.5204280614852905, -0.3533923625946045, -0.15333738923072815, -1.2175064086914062, 0.5712090730667114, -1.7523694038391113, -0.41060787439346313]}, "spi_03": {"px": [], "py": [], "pt": [], "pb": [], "x": ["2019-01", "2019-02", "2019-03", "2019-04", "2019-05", "2019-06", "2019-07", "2019-08", "2019-09", "2019-10", "2019-11", "2019-12", "2020-01", "2020-02", "2020-03", "2020-04", "2020-05", "2020-06", "2020-07"], "y": [-1.4043469429016113, -1.0041924715042114, -0.892882227897644, 0.834845244884491, -0.5449733734130859, 0.31127437949180603, -0.6550861597061157, 0.210715189576149, 0.18425865471363068, 0.19949175417423248, 0.12239357829093933, 0.15085484087467194, -0.18433716893196106, 0.40367209911346436, -0.010779187083244324, 0.13957935571670532, -1.9791542291641235, -1.2935948371887207, -1.1453272104263306]}, "spi_06": {"px": [], "py": [], "pt": [], "pb": [], "x": ["2019-01", "2019-02", "2019-03", "2019-04", "2019-05", "2019-06", "2019-07", "2019-08", "2019-09", "2019-10", "2019-11", "2019-12", "2020-01", "2020-02", "2020-03", "2020-04", "2020-05", "2020-06", "2020-07"], "y": [-0.6941849589347839, -0.033168137073516846, -0.43115848302841187, -0.6379709243774414, -1.2909777164459229, -0.8847055435180664, 0.6230591535568237, -0.48760250210762024, 0.19432872533798218, -0.4477370083332062, 0.1180785596370697, 0.12580804526805878, -0.15482406318187714, 0.39064955711364746, 0.0012311041355133057, -0.145468607544899, -0.33189889788627625, -0.41795170307159424, -0.32318705320358276]}, "spi_12": {"px": ["2021-01", "2021-02", "2021-03", "2021-04", "2021-05", "2021-06", "2021-07", "2021-08", "2021-09", "2021-10", "2021-11", "2021-12"], "py": [-0.7671459664098665, -0.755104849495603, -0.7846448464125235, -0.9935084500135829, -1.0189400733297005, -1.014292546690558, -0.875765819480266, -0.9155001862453997, -1.0235700476339593, -1.2865058821383186, -1.6348222867040847, -1.2419199155119176], "pt": [-0.02794184146100065, 0.15023160919860068, 0.2607476485579081, 0.17527589007660094, 0.2613990218867146, 0.36863173317408116, 0.6026424221562161, 0.652588552964922, 0.6293406151478376, 0.447081445987179, 0.17585062393904005, 0.6426882014281499], "pb": [-1.5063500913587324, -1.6604413081898066, -1.8300373413829552, -2.1622927901037663, -2.299279168546116, -2.397216826555197, -2.3541740611167477, -2.4835889254557215, -2.676480710415756, -3.0200932102638163, -3.445495197347209, -3.126528032451985], "x": ["2019-01", "2019-02", "2019-03", "2019-04", "2019-05", "2019-06", "2019-07", "2019-08", "2019-09", "2019-10", "2019-11", "2019-12", "2020-01", "2020-02", "2020-03", "2020-04", "2020-05", "2020-06", "2020-07", "2020-08", "2020-09", "2020-10", "2020-11", "2020-12"], "y": [-1.5440337657928467, -0.7326413989067078, -0.4973093271255493, -0.39056476950645447, -0.43194276094436646, -0.3813159465789795, -0.34705910086631775, -0.2982695400714874, -0.4017297029495239, -0.7606585025787354, -1.2569453716278076, -0.706819474697113, 0.10780154168605804, 0.09711407870054245, 0.014179274439811707, -0.3066207468509674, -0.34622228145599365, -0.37598299980163574, -0.4008999466896057, -0.5271124839782715, -0.6837596893310547, -0.5983399152755737, -1.2192281484603882, -1.327272653579712],