{"IIS3": {"px": [], "py": [], "pt": [], "pb": [], "x": ["2019-01", "2019-02", "2019-03", "2019-04", "2019-05", "2019-06", "2019-07", "2019-08", "2019-09", "2019-10", "2019-11", "2019-12", "2020-01", "2020-02", "2020-03", "2020-04", "2020-05", "2020-06", "2020-07", "2020-08", "2020-09", "2020-10", "2020-11", "2020-12"], "y": [NaN, NaN, NaN, NaN, NaN, NaN, NaN, NaN, NaN, NaN, NaN, NaN, NaN, NaN, NaN, NaN, NaN, NaN, NaN, NaN, NaN, NaN, NaN, NaN]}, "VHI": {"px": ["2021-01", "2021-02", "2021-03", "2021-04", "2021-05", "2021-06", "2021-07", "2021-08", "2021-09", "2021-10", "2021-11", "2021-12"], "py": [39.93623521549378, 40.12607200851653, 30.47522880264171, 31.085026023823772, 25.577719115395176, 29.848848585342296, 38.01759372984783, 43.203028070709706, 42.316254700300036, 39.942664287967744, 38.15781088611831, 32.08683111274668], "pt": [56.00421845856245, 58.00432790999284, 49.99660126099643, 52.12156402885083, 48.02739349646549, 53.62782729333608, 63.055400682022366, 69.4393335566865, 69.6986518585591, 68.425073292681, 67.6992998684108, 62.6507235328892], "pb": [23.868251972425114, 22.247816107040215, 10.95385634428699, 10.048488018796725, 3.1280447343248667, 6.069869877348509, 12.979786777673297, 16.9667225847329, 14.933857542040968, 11.460255283254483, 8.61632190382582, 1.52293869260415], "x": ["2019-01", "2019-02", "2019-03", "2019-04", "2019-05", "2019-06", "2019-07", "2019-08", "2019-09", "2019-10", "2019-11", "2019-12", "2020-01", "2020-02", "2020-03", "2020-04", "2020-05", "2020-06", "2020-07", "2020-08", "2020-09", "2020-10", "2020-11", "2020-12"], "y": [42.8745002746582, 52.303497314453125, 43.47074890136719, 40.34489822387695, 43.84262466430664, 56.329750061035156, 56.329750061035156, 63.90659713745117, 63.18199920654297, 60.4785041809082, 58.11187744140625, 49.40979766845703, 52.264625549316406, 52.209495544433594, 40.03020095825195, 39.07062530517578, 31.266376495361328, 35.153099060058594, 46.256874084472656, 56.24387741088867, 36.172401428222656, 32.85700225830078, 29.66762351989746, 45.737998962402344]}, "spi_01": {"px": [], "py": [], "pt": [], "pb": [], "x": ["2019-01", "2019-02", "2019-03", "2019-04", "2019-05", "2019-06", "2019-07", "2019-08", "2019-09", "2019-10", "2019-11", "2019-12", "2020-01", "2020-02", "2020-03", "2020-04", "2020-05", "2020-06", "2020-07", "2020-08", "2020-09", "2020-10", "2020-11", "2020-12"], "y": [NaN, NaN, NaN, NaN, NaN, NaN, NaN, NaN, NaN, NaN, NaN, NaN, NaN, NaN, NaN, NaN, NaN, NaN, NaN, NaN, NaN, NaN, NaN, NaN]}, "spi_03": {"px": [], "py": [], "pt": [], "pb": [], "x": ["2019-01", "2019-02", "2019-03", "2019-04", "2019-05", "2019-06", "2019-07", "2019-08", "2019-09", "2019-10", "2019-11", "2019-12", "2020-01", "2020-02", "2020-03", "2020-04", "2020-05", "2020-06", "2020-07"], "y": [NaN, NaN, NaN, NaN, NaN, NaN, NaN, NaN, NaN, NaN, NaN, NaN, NaN, NaN, NaN, NaN, NaN, NaN, NaN]}, "spi_06": {"px": [], "py": [], "pt": [], "pb": [], "x": ["2019-01", "2019-02", "2019-03", "2019-04", "2019-05", "2019-06", "2019-07", "2019-08", "2019-09", "2019-10", "2019-11", "2019-12", "2020-01", "2020-02", "2020-03", "2020-04", "2020-05", "2020-06", "2020-07"], "y": [NaN, NaN, NaN, NaN, NaN, NaN, NaN, NaN, NaN, NaN, NaN, NaN, NaN, NaN, NaN, NaN, NaN, NaN, NaN]}, "spi_12": {"px": [], "py": [], "pt": [], "pb": [], "x": ["2019-01", "2019-02", "2019-03", "2019-04", "2019-05", "2019-06", "2019-07", "2019-08", "2019-09", "2019-10", "2019-11", "2019-12", "2020-01", "2020-02", "2020-03", "2020-04", "2020-05", "2020-06", "2020-07", "2020-08", "2020-09", "2020-10", "2020-11", "2020-12"], "y": [NaN, NaN, NaN, NaN, NaN, NaN, NaN, NaN, NaN, NaN, NaN, NaN, NaN, NaN, NaN, NaN, NaN, NaN, NaN, NaN, NaN, NaN, NaN, NaN], "geox": [-46.09185281786579, -46.09176880197875, -46.09040878296301, -46.08952276317705, -46.0877707442374, -46.086438725304774, -46.08055466801507, -46.07982966609756, -46.08132368097919, -46.08005667465674, -46.08171669128902, -46.081773694559985, -46.07916068170867, -46.08068370023774, -46.079440693548506, -46.07688566572668, -46.07546965507129, -46.074196654842005, -46.07297664580127, -46.070351621959155, -46.06413158311814, -46.062469568908256, -46.061463565886875, -46.062188585214074, -46.062994593789846, -46.0629135983063, -46.06462961559826, -46.065076627461686, -46.06659264675816, -46.06611066053086, -46.06798768301009, -46.06918869433563, -46.0696307062861, -46.070742716032434, -46.07198173511646, -46.071524732477876, -46.07237274536945, -46.071163741753665, -46.072544765910834, -46.071217769606285, -46.07021576247146, -46.06871675712087, -46.06862177418186, -46.06730377326823, -46.065325763020205, -46.062743743254885, -46.063052750613984, -46.062186743133346, -46.06208174535503, -46.059277726382085, -46.05822172896672, -46.05627471903834, -46.056915742132205, -46.054063735859245, -46.05325174666741, -46.05199374288416, -46.052965768267875, -46.05160576640592, -46.05119279098556, -46.05188279979868, -46.05429782136583, -46.05598983957363, -46.057078856584944, -46.05535785147691, -46.053159837776974, -46.051345831471025, -46.04910481972147, -46.048193825869845, -46.049351838787935, -46.05126787743437, -46.049602866625364, -46.04802785259887, -46.04682484561013, -46.04626984326819, -46.04666685351929, -46.045333851062495, -46.050379909968, -46.0526029550775, -46.053300962955795, -46.053964978616214, -46.05266597559622, -46.05113596545751, -46.063465077300975, -46.06380408824685, -46.062386081788844, -46.061449086022215, -46.0594800810222, -46.057884084682634, -46.05764009847617, -46.058880116852414, -46.05868512161083, -46.0617721637692, -46.06193918586142, -46.062907203093836, -46.06432421848482, -46.0662172348814, -46.06949925703868, -46.07124128044046, -46.071741293850934, -46.073214308282694, -46.074460328139494, -46.086875439265356, -46.09185849513722, -46.09429351877234, -46.095823538310995, -46.09827256112296, -46.099601571264074, -46.10346959950825, -46.105717611557075, -46.10708161491131, -46.1087706288327, -46.113544677280196, -46.11945973356891, -46.125608799737435, -46.12982882974959, -46.13371886979958, -46.13552088424501, -46.13827289347718, -46.14214893577869, -46.14941203059197, -46.155155084228454, -46.160462127206095, -46.16910422025042, -46.1803573357875, -46.18300235734953, -46.19049841220461, -46.1950794541105, -46.19999150218354, -46.198717507079884, -46.19969352091416, -46.20399955745178, -46.20710557972527, -46.21271362561045, -46.215995666005334, -46.22204772712397, -46.225156755126775, -46.226604771441366, -46.22929981121863, -46.23013481913304, -46.23468984863128, -46.23649086319774, -46.24182391673574, -46.24518894569493, -46.247273959559806, -46.25071997423275, -46.25263298979303, -46.25549501574555, -46.25551000973516, -46.25516199492022, -46.25221995571914, -46.25038792546727, -46.243999853113515, -46.240434803335, -46.23807974706182, -46.23946374126568, -46.2404927204799, -46.24058171505318, -46.23896669419959, -46.241636705012105, -46.241720701485754, -46.24050168560609, -46.23924566461078, -46.239771661099454, -46.234821612524584, -46.22900156848828, -46.227075551946164, -46.22454952464399, -46.22266150810393, -46.221991497926275, -46.21702044118212, -46.216656433378745, -46.21313538939993, -46.20727430859027, -46.206910299276814, -46.19813419388279, -46.19677918023985, -46.19449916501984, -46.194029164716575, -46.194689187449924, -46.19731322552266, -46.18727413255894, -46.182856089557724, -46.181663077367126, -46.181418064027206, -46.17888303453113, -46.177002997250625, -46.180441018705665, -46.180721989274424, -46.181915987707335, -46.18131596817272, -46.17838393160613, -46.17719391950922, -46.17554690616216, -46.17254888440705, -46.16365280615189, -46.15744174202537, -46.152161691562796, -46.14288158132353, -46.1377165111037, -46.135631488305314, -46.13350346960155, -46.13061844746676, -46.12973942673046, -46.13013742254753, -46.13599646537959, -46.1415764849245, -46.139631445818544, -46.138052431040656, -46.135968406705445, -46.135524397582515, -46.13660540586265, -46.1379634100915,