{"IIS3": {"px": [], "py": [], "pt": [], "pb": [], "x": ["2019-01", "2019-02", "2019-03", "2019-04", "2019-05", "2019-06", "2019-07", "2019-08", "2019-09", "2019-10", "2019-11", "2019-12", "2020-01", "2020-02", "2020-03", "2020-04", "2020-05", "2020-06", "2020-07", "2020-08", "2020-09", "2020-10", "2020-11", "2020-12"], "y": [NaN, NaN, NaN, NaN, NaN, NaN, NaN, NaN, NaN, NaN, NaN, NaN, NaN, NaN, NaN, NaN, NaN, NaN, NaN, NaN, NaN, NaN, NaN, NaN]}, "VHI": {"px": ["2021-01", "2021-02", "2021-03", "2021-04", "2021-05", "2021-06", "2021-07", "2021-08", "2021-09", "2021-10", "2021-11", "2021-12"], "py": [51.60057172968283, 52.08621516578134, 61.39628158301535, 50.518577279627976, 35.80166014670213, 50.39212082952713, 55.037329077900964, 48.161411302215654, 39.62628231822325, 42.6625422508515, 44.56978584376179, 47.966323000646796], "pt": [68.8653195736902, 69.59986831650147, 79.15535180784136, 68.51971901610884, 54.041661034406204, 68.86789309890784, 73.74590169893727, 67.09992280875072, 58.7919742350243, 62.05275305982171, 64.18194543374261, 67.7979475520911], "pb": [34.33582388567545, 34.57256201506121, 43.63721135818935, 32.517435543147116, 17.561659258998063, 31.916348560146425, 36.32875645686465, 29.22289979568059, 20.460590401422195, 23.272331441881292, 24.957626253780965, 28.13469844920248], "x": ["2019-01", "2019-02", "2019-03", "2019-04", "2019-05", "2019-06", "2019-07", "2019-08", "2019-09", "2019-10", "2019-11", "2019-12", "2020-01", "2020-02", "2020-03", "2020-04", "2020-05", "2020-06", "2020-07", "2020-08", "2020-09", "2020-10", "2020-11", "2020-12"], "y": [37.56024932861328, 34.488914489746094, 40.464996337890625, 46.29719924926758, 44.113502502441406, 43.2807502746582, 43.2807502746582, 37.85860061645508, 31.229999542236328, 34.307498931884766, 35.345497131347656, 37.74039840698242, 44.159000396728516, 45.89966583251953, 56.46019744873047, 46.67924880981445, 32.297752380371094, 45.97760009765625, 55.5474967956543, 61.29949951171875, 54.14600372314453, 29.494998931884766, 35.665000915527344, 40.07133102416992]}, "spi_01": {"px": [], "py": [], "pt": [], "pb": [], "x": ["2019-01", "2019-02", "2019-03", "2019-04", "2019-05", "2019-06", "2019-07", "2019-08", "2019-09", "2019-10", "2019-11", "2019-12", "2020-01", "2020-02", "2020-03", "2020-04", "2020-05", "2020-06", "2020-07", "2020-08", "2020-09", "2020-10", "2020-11", "2020-12"], "y": [NaN, NaN, NaN, NaN, NaN, NaN, NaN, NaN, NaN, NaN, NaN, NaN, NaN, NaN, NaN, NaN, NaN, NaN, NaN, NaN, NaN, NaN, NaN, NaN]}, "spi_03": {"px": [], "py": [], "pt": [], "pb": [], "x": ["2019-01", "2019-02", "2019-03", "2019-04", "2019-05", "2019-06", "2019-07", "2019-08", "2019-09", "2019-10", "2019-11", "2019-12", "2020-01", "2020-02", "2020-03", "2020-04", "2020-05", "2020-06", "2020-07"], "y": [NaN, NaN, NaN, NaN, NaN, NaN, NaN, NaN, NaN, NaN, NaN, NaN, NaN, NaN, NaN, NaN, NaN, NaN, NaN]}, "spi_06": {"px": [], "py": [], "pt": [], "pb": [], "x": ["2019-01", "2019-02", "2019-03", "2019-04", "2019-05", "2019-06", "2019-07", "2019-08", "2019-09", "2019-10", "2019-11", "2019-12", "2020-01", "2020-02", "2020-03", "2020-04", "2020-05", "2020-06", "2020-07"], "y": [NaN, NaN, NaN, NaN, NaN, NaN, NaN, NaN, NaN, NaN, NaN, NaN, NaN, NaN, NaN, NaN, NaN, NaN, NaN]}, "spi_12": {"px": [], "py": [], "pt": [], "pb": [], "x": ["2019-01", "2019-02", "2019-03", "2019-04", "2019-05", "2019-06", "2019-07", "2019-08", "2019-09", "2019-10", "2019-11", "2019-12", "2020-01", "2020-02", "2020-03", "2020-04", "2020-05", "2020-06", "2020-07", "2020-08", "2020-09", "2020-10", "2020-11", "2020-12"], "y": [NaN, NaN, NaN, NaN, NaN, NaN, NaN, NaN, NaN, NaN, NaN, NaN, NaN, NaN, NaN, NaN, NaN, NaN, NaN, NaN, NaN, NaN, NaN, NaN], "geox": [-42.363084096042776, -42.360870071785364, -42.361419068840014, -42.36034405501966, -42.35831203477033, -42.35853603462674, -42.36051405012763, -42.36183905803778, -42.36328705166749, -42.3670620806552, -42.36806508538609, -42.36711307194516, -42.36217101767557, -42.357979975840664, -42.355338938071796, -42.35250990690558, -42.348891872172395, -42.3465388443239, -42.348373849395024, -42.347510837308285, -42.347615833507625, -42.34708982566988, -42.343119781926404, -42.34309077880064, -42.34500578893821, -42.34614978787946, -42.34534577304073, -42.341928728248185, -42.342704729692564, -42.34358573616573, -42.34550075538126, -42.34670176555482, -42.34783676850525, -42.347146752182894, -42.343114697674146, -42.33947765355512, -42.335902618470286, -42.33447660152539, -42.33042656673366, -42.32784254213458, -42.32747953404878, -42.323231497874254, -42.32139348022295, -42.3211744658981, -42.319810446209345, -42.31744942072738, -42.315921406508686, -42.311170373086455, -42.307840343109795, -42.305760319232085, -42.29939726311121, -42.29194420310625, -42.287568168875275, -42.286953175556874, -42.28525916689828, -42.28600818230873, -42.28403916531676, -42.2818831524104, -42.276502104807264, -42.274480088713744, -42.272259068144685, -42.271367047566315, -42.26823002035295, -42.26584900565035, -42.26764802743524, -42.2695370568854, -42.27405810959385, -42.27315111234258, -42.27498113568067, -42.27317513112274, -42.27272914932892, -42.27336716274126, -42.276148202649615, -42.27327018827548, -42.27386320502965, -42.27331720240403, -42.27006117767395, -42.271538197637724, -42.27114319952336, -42.264534145202376, -42.25763309225374, -42.25634008464901, -42.257063097529176, -42.25870611279181, -42.25875911854413, -42.259955132782665, -42.259004125484935, -42.25886412639329, -42.26156515424554, -42.26153716197992, -42.26244717079459, -42.262813180531296, -42.261866173803185, -42.262202191826304, -42.261234188764455, -42.26147819887418, -42.259974189951414, -42.25905918806557, -42.26170522436272, -42.26090021848478, -42.26306324181767, -42.26339725239924, -42.264789268755536, -42.264930275117855, -42.26339026459409, -42.26275226792496, -42.263451275637486, -42.26414327995964, -42.26480728726654, -42.2649552926184, -42.267091315104224, -42.26893434124243, -42.271561367577014, -42.273086404870625, -42.275281425881545, -42.27611744792728, -42.277867467480576, -42.27970247705362, -42.28091948680495, -42.28153249620392, -42.282531504574436, -42.28486551995841, -42.28939755761315, -42.28983656553845, -42.29081457008837, -42.29178357851866, -42.292257580701126, -42.2911495672214, -42.29181557136251, -42.29364559165647, -42.29409459316303, -42.29344758346297, -42.29544460170489, -42.29870062680835, -42.30039264344548, -42.301175642570236, -42.30898071054436, -42.30828770933923, -42.311147739971545, -42.31048373837877, -42.311936754134344, -42.31000474514763, -42.31211576901065, -42.31237177563349, -42.31433779316837, -42.315255804988475, -42.31325578782357, -42.31278778600169, -42.31348279367724, -42.314475801774044, -42.31495280848007, -42.31405880446798, -42.31294879415696, -42.3122277948653, -42.31403981143358, -42.314757815586475, -42.31506782354108, -42.315972833216364, -42.31778784118352, -42.318681847664706, -42.31931485541333, -42.32044886559587, -42.32023385923845, -42.32183887060892, -42.32106486184029, -42.32217586443227, -42.32137185357141, -42.32459588004903, -42.32450587675822, -42.32337086656123, -42.32681889186719, -42.32578487666813, -42.32975690593513, -42.33050590645456, -42.33298892681978, -42.33458194363824, -42.33758597003895, -42.338782979992864, -42.34028398952018, -42.34302801827761, -42.34403702674349, -42.34462603005631, -42.34378401264779, -42.34594303130182, -42.347229045668875, -42.34831105514153, -42.35031306958956, -42.35256608948126, -42.353650095145774, -42.355531114052276, -42.356596122140694, -42.357900122183196, -42.3582091138697, -42.36220013686044, -42.362815134261815, -42.365095149683405, -42.365802149967294, -42.36693015190647, -42.36670514685606, -42.36558812988802, -42.362730101844946, -42.36309310296913, -42.3642271133022, -42.36440011249704, -42.363084096042776],