{"IIS3": {"px": [], "py": [], "pt": [], "pb": [], "x": ["2019-01", "2019-02", "2019-03", "2019-04", "2019-05", "2019-06", "2019-07", "2019-08", "2019-09", "2019-10", "2019-11", "2019-12", "2020-01", "2020-02", "2020-03", "2020-04", "2020-05", "2020-06", "2020-07", "2020-08", "2020-09", "2020-10", "2020-11", "2020-12"], "y": [NaN, NaN, NaN, NaN, NaN, NaN, NaN, NaN, NaN, NaN, NaN, NaN, NaN, NaN, NaN, NaN, NaN, NaN, NaN, NaN, NaN, NaN, NaN, NaN]}, "VHI": {"px": ["2021-01", "2021-02", "2021-03", "2021-04", "2021-05", "2021-06", "2021-07", "2021-08", "2021-09", "2021-10", "2021-11", "2021-12"], "py": [53.80946986958297, 54.52791903844971, 51.251052425286304, 53.32908281633088, 55.646587294508194, 64.19640258452311, 63.74218743931999, 52.27228682585998, 35.194059877394686, 40.548274074071216, 43.021489291152974, 46.35950852065292], "pt": [67.1058099994381, 68.53487524882549, 65.93427358789137, 68.65876465062091, 71.59654988290164, 80.74341041076588, 80.86543565431495, 69.95300487866871, 53.415200135169584, 59.294263344421665, 62.27802779511788, 66.1134052649733], "pb": [40.513129739727844, 40.520962828073934, 36.56783126268124, 37.999400982040854, 39.69662470611475, 47.64939475828035, 46.61893922432503, 34.59156877305125, 16.97291961961978, 21.802284803720774, 23.764950787188077, 26.605611776332545], "x": ["2019-01", "2019-02", "2019-03", "2019-04", "2019-05", "2019-06", "2019-07", "2019-08", "2019-09", "2019-10", "2019-11", "2019-12", "2020-01", "2020-02", "2020-03", "2020-04", "2020-05", "2020-06", "2020-07", "2020-08", "2020-09", "2020-10", "2020-11", "2020-12"], "y": [41.88999557495117, 42.12137222290039, 46.59649658203125, 49.28889846801758, 53.96612548828125, 61.499122619628906, 61.499122619628906, 51.51270294189453, 35.326900482177734, 41.17387390136719, 43.98875045776367, 47.588096618652344, 57.42462921142578, 58.69023895263672, 55.75810623168945, 57.3278694152832, 58.368247985839844, 66.543701171875, 64.84712219238281, 63.858619689941406, 39.074501037597656, 27.065799713134766, 30.901622772216797, 51.33866500854492]}, "spi_01": {"px": ["2021-01", "2021-02", "2021-03", "2021-04", "2021-05", "2021-06", "2021-07", "2021-08", "2021-09", "2021-10", "2021-11", "2021-12"], "py": [2.1722491019105554, 2.2053087447133324, 0.501057946920902, 2.0052038064524744, 1.5131980186683283, -0.3542788324366266, -0.6382011647161607, 0.9012020183388358, 1.2829777463224792, 0.733937753752504, 1.5573104707323298, -0.6390799548761383], "pt": [3.9201790776891396, 3.9532387204919175, 2.248987922699486, 3.7531337822310595, 3.2611279944469134, 1.393651143341959, 1.1097288110624248, 2.649131994117422, 3.030907722101065, 2.48186772953109, 3.3052404465109158, 1.108850020902448], "pb": [0.4243191261319712, 0.4573787689347477, -1.2468720288576827, 0.2572738306738893, -0.23473195711025685, -2.102208808215212, -2.3861311404947463, -0.8467279574397502, -0.4649522294561068, -1.013992222026082, -0.19061950504625624, -2.3870099306547248], "x": ["2019-01", "2019-02", "2019-03", "2019-04", "2019-05", "2019-06", "2019-07", "2019-08", "2019-09", "2019-10", "2019-11", "2019-12", "2020-01", "2020-02", "2020-03", "2020-04", "2020-05", "2020-06", "2020-07", "2020-08", "2020-09", "2020-10", "2020-11", "2020-12"], "y": [-2.1350629329681396, 1.1975805759429932, -0.31342869997024536, 1.6339304447174072, -0.5036720633506775, -0.06734371930360794, -1.2766414880752563, -0.006072565913200378, 0.28593385219573975, -0.1696634590625763, 0.46774962544441223, -1.2212954759597778, 1.2636946439743042, 1.366970181465149, -0.09663796424865723, 1.0915439128875732, 0.648468017578125, -0.8568236827850342, 0.3034988045692444, 0.3004888892173767, -0.22352202236652374, -0.45835575461387634, 0.4436478018760681, -0.16866913437843323]}, "spi_03": {"px": [], "py": [], "pt": [], "pb": [], "x": ["2019-01", "2019-02", "2019-03", "2019-04", "2019-05", "2019-06", "2019-07", "2019-08", "2019-09", "2019-10", "2019-11", "2019-12", "2020-01", "2020-02", "2020-03", "2020-04", "2020-05", "2020-06", "2020-07"], "y": [-1.0776721239089966, -0.9702054858207703, -0.593263566493988, 1.1457910537719727, 0.26691052317619324, 0.8818354606628418, -0.9349978566169739, -0.9417849183082581, -0.14527016878128052, -0.23009417951107025, 0.17925728857517242, -0.7908380031585693, 0.31561389565467834, 0.8473583459854126, 1.478397250175476, 1.2282217741012573, 0.4446881413459778, 0.7484930753707886, 0.003190165152773261]}, "spi_06": {"px": [], "py": [], "pt": [], "pb": [], "x": ["2019-01", "2019-02", "2019-03", "2019-04", "2019-05", "2019-06", "2019-07", "2019-08", "2019-09", "2019-10", "2019-11", "2019-12", "2020-01", "2020-02", "2020-03", "2020-04", "2020-05", "2020-06", "2020-07"], "y": [-0.5329041481018066, -0.11363769322633743, -0.2373885065317154, -0.1773502230644226, -0.750655472278595, -0.3188036382198334, 0.8856843709945679, -0.010955088771879673, 0.5150013566017151, -0.8856502175331116, -0.11984903365373611, -0.7916619181632996, 0.16572928428649902, 0.7533215284347534, 0.638098955154419, 0.8412137627601624, 0.8667088747024536, 1.540724754333496, 1.1672800779342651]}, "spi_12": {"px": ["2021-01", "2021-02", "2021-03", "2021-04", "2021-05", "2021-06", "2021-07", "2021-08", "2021-09", "2021-10", "2021-11", "2021-12"], "py": [4.335753228068376, 4.6102755121441925, 4.609214674766032, 4.18505871378691, 4.268725947391861, 3.875110632265801, 4.784159668398766, 3.963671139854207, 3.7212320674861052, 2.716382058687744, 1.6754229959071454, 1.376977804839683], "pt": [5.337632294840847, 5.837321757880963, 6.026085633575098, 5.769168602227843, 6.004031385462107, 5.749454727712524, 6.787917790746825, 6.088977573669255, 5.961501752670339, 5.065996726478036, 4.129515478238467, 3.9312782446029724], "pb": [3.3338741612959053, 3.3832292664074224, 3.192343715956966, 2.600948825345977, 2.5334205093216147, 2.0007665368190777, 2.780401546050708, 1.838364706039159, 1.4809623823018723, 0.3667673908974516, -0.7786694864241763, -1.1773226349236063], "x": ["2019-01", "2019-02", "2019-03", "2019-04", "2019-05", "2019-06", "2019-07", "2019-08", "2019-09", "2019-10", "2019-11", "2019-12", "2020-01", "2020-02", "2020-03", "2020-04", "2020-05", "2020-06", "2020-07", "2020-08", "2020-09", "2020-10", "2020-11", "2020-12"], "y": [-0.7854475975036621, -0.5086890459060669, -0.4242025315761566, -0.07707683742046356, -0.045681726187467575, -0.01768415793776512, -0.016413632780313492, -0.14941954612731934, -0.14182178676128387, -0.3960643410682678, -0.6920050978660583, -0.7634464502334595, 0.4891778826713562, 0.6449881196022034, 0.7015959620475769, 0.5945858359336853, 0.7127925157546997, 0.6604573726654053, 0.682180643081665, 0.7175785303115845, 0.6439847946166992, 0.59755939245224, 0.685668408870697, 0.9883378148078918],