{"IIS3": {"px": [], "py": [], "pt": [], "pb": [], "x": ["2019-01", "2019-02", "2019-03", "2019-04", "2019-05", "2019-06", "2019-07", "2019-08", "2019-09", "2019-10", "2019-11", "2019-12", "2020-01", "2020-02", "2020-03", "2020-04", "2020-05", "2020-06", "2020-07", "2020-08", "2020-09", "2020-10", "2020-11", "2020-12"], "y": [NaN, NaN, NaN, NaN, NaN, NaN, NaN, NaN, NaN, NaN, NaN, NaN, NaN, NaN, NaN, NaN, NaN, NaN, NaN, NaN, NaN, NaN, NaN, NaN]}, "VHI": {"px": ["2021-01", "2021-02", "2021-03", "2021-04", "2021-05", "2021-06", "2021-07", "2021-08", "2021-09", "2021-10", "2021-11", "2021-12"], "py": [72.43787093972809, 71.2843777429739, 63.8137104047527, 60.440396164031156, 57.14009424147068, 66.5569408281697, 60.97343253551348, 85.21901464989409, 79.31371858719788, 72.77399897308544, 76.62275936144508, 60.61959402080545], "pt": [84.86703707733787, 84.41912789515072, 77.61802683998096, 74.88327132542878, 72.19446681595944, 82.19892357638045, 77.18173642515987, 101.97450944004964, 96.59909091025568, 90.5734817473274, 94.92191447074833, 79.40513549285632], "pb": [60.0087048021183, 58.14962759079707, 50.00939396952445, 45.99752100263355, 42.08572166698191, 50.91495807995895, 44.765128645867094, 68.46351985973855, 62.02834626414008, 54.974516198843475, 58.32360425214182, 41.834052548754585], "x": ["2019-01", "2019-02", "2019-03", "2019-04", "2019-05", "2019-06", "2019-07", "2019-08", "2019-09", "2019-10", "2019-11", "2019-12", "2020-01", "2020-02", "2020-03", "2020-04", "2020-05", "2020-06", "2020-07", "2020-08", "2020-09", "2020-10", "2020-11", "2020-12"], "y": [55.18943786621094, 56.23805236816406, 55.55657196044922, 56.81755447387695, 56.23055648803711, 53.08138656616211, 53.08138656616211, 76.7215576171875, 71.83511352539062, 65.82167053222656, 69.31281280517578, 54.43724822998047, 70.42530822753906, 70.22843933105469, 62.98899841308594, 59.890625, 56.55360412597656, 65.591552734375, 77.21110534667969, 81.55110931396484, 78.28533172607422, 72.93000030517578, 67.92333221435547, 54.86370086669922]}, "spi_01": {"px": ["2021-01", "2021-02", "2021-03", "2021-04", "2021-05", "2021-06", "2021-07", "2021-08", "2021-09", "2021-10", "2021-11", "2021-12"], "py": [0.5434482827032161, 0.5598418265511453, 0.6808345100000674, 0.5600872329474029, 0.23897278118436116, -1.1787175002780783, 0.11674766126070235, 0.012059080798152877, 0.014996730506161793, 0.005748528316625645, -0.7513112332172474, -0.5810705434841745], "pt": [1.9457067311509322, 1.9621002749988614, 2.083092958447784, 1.962345681395119, 1.6412312296320781, 0.22354094816963865, 1.5190061097084193, 1.4143175292458698, 1.4172551789538792, 1.408006976764343, 0.6509472152304703, 0.8211879049635433], "pb": [-0.8588101657444998, -0.8424166218965707, -0.7214239384476486, -0.8421712155003136, -1.1632856672633554, -2.5809759487257953, -1.2855107871870144, -1.3901993676495643, -1.3872617179415554, -1.3965099201310918, -2.1535696816649645, -1.9833289919318924], "x": ["2019-01", "2019-02", "2019-03", "2019-04", "2019-05", "2019-06", "2019-07", "2019-08", "2019-09", "2019-10", "2019-11", "2019-12", "2020-01", "2020-02", "2020-03", "2020-04", "2020-05", "2020-06", "2020-07", "2020-08", "2020-09", "2020-10", "2020-11", "2020-12"], "y": [0.2677662968635559, 1.2214698791503906, 0.8279961347579956, 0.15998464822769165, 0.33701926469802856, -0.2726159989833832, 0.4368186295032501, 0.3145669400691986, 0.2846813499927521, 0.2776722311973572, -0.5610376596450806, -0.4050118029117584, 0.6775527000427246, 0.580061674118042, 0.5654951333999634, 0.3711334764957428, 0.10476139187812805, -1.2004512548446655, -0.16443832218647003, -1.421984076499939, -0.6250903606414795, -0.42813289165496826, 0.7783660292625427, 0.03253765031695366]}, "spi_03": {"px": [], "py": [], "pt": [], "pb": [], "x": ["2019-01", "2019-02", "2019-03", "2019-04", "2019-05", "2019-06", "2019-07", "2019-08", "2019-09", "2019-10", "2019-11", "2019-12", "2020-01", "2020-02", "2020-03", "2020-04", "2020-05", "2020-06", "2020-07"], "y": [0.5971595644950867, 0.9352474808692932, 0.8731956481933594, 1.098744511604309, 0.5121752023696899, 0.06111035868525505, 0.13253533840179443, 0.02892722189426422, 0.3286879360675812, 0.13642838597297668, -0.16123643517494202, -0.3395264744758606, 0.35231631994247437, 0.5348603129386902, 0.7194403409957886, 0.6934840679168701, 0.38707953691482544, -0.2543761730194092, -0.6016380190849304]}, "spi_06": {"px": [], "py": [], "pt": [], "pb": [], "x": ["2019-01", "2019-02", "2019-03", "2019-04", "2019-05", "2019-06", "2019-07", "2019-08", "2019-09", "2019-10", "2019-11", "2019-12", "2020-01", "2020-02", "2020-03", "2020-04", "2020-05", "2020-06", "2020-07"], "y": [0.5620684027671814, 0.8689859509468079, 0.9768804311752319, 0.9788476824760437, 0.9531280398368835, 0.6678230166435242, 0.6602717638015747, 0.31538987159729004, 0.10031580924987793, 0.10339662432670593, -0.13102871179580688, 0.00022384281328413635, 0.2720627784729004, 0.4272402226924896, 0.5161634683609009, 0.5836237072944641, 0.5672436952590942, 0.3373751640319824, 0.004341465421020985]}, "spi_12": {"px": ["2021-01", "2021-02", "2021-03", "2021-04", "2021-05", "2021-06", "2021-07", "2021-08", "2021-09", "2021-10", "2021-11", "2021-12"], "py": [0.16522018883827694, 0.05768960281782021, 0.045323282955944455, 0.16687006051128517, 0.1892262136096572, 0.00221933662382634, 0.14741494418917656, 0.05332850457280136, 0.04228306419102812, 0.022108967224438114, -0.025387492348752705, -0.08348998621208692], "pt": [0.6182484520723319, 0.597657367703317, 0.6600555555283336, 0.8482116391402348, 0.9312214471490403, 0.8002716572280202, 0.9978372429609772, 0.9530777285651806, 0.98879204243765, 1.013173962937655, 1.0083147885593498, 0.9911592520890382], "pb": [-0.28780807439577805, -0.4822781620676766, -0.5694089896164447, -0.5144715181176645, -0.552769019929726, -0.7958329839803675, -0.7030073545826241, -0.846420719419578, -0.9042259140555936, -0.9689560284887789, -1.0590897732568552, -1.1581392245132123], "x": ["2019-01", "2019-02", "2019-03", "2019-04", "2019-05", "2019-06", "2019-07", "2019-08", "2019-09", "2019-10", "2019-11", "2019-12", "2020-01", "2020-02", "2020-03", "2020-04", "2020-05", "2020-06", "2020-07", "2020-08", "2020-09", "2020-10", "2020-11", "2020-12"], "y": [0.039353106170892715, 0.23777878284454346, 0.3922140598297119, 0.35539817810058594, 0.5351982712745667, 0.8162947297096252, 0.7732109427452087, 0.6851972937583923, 0.6962088942527771, 0.6892018914222717, 0.6344724893569946, 0.530411422252655, 0.7005172371864319, 0.500214695930481, 0.43616846203804016, 0.5455043911933899, 0.5231080055236816, 0.25197833776474, 0.06189480796456337, -0.005974133033305407, -0.03616659715771675, -0.056364960968494415, 0.01905626617372036, 0.04400781914591789],