{"IIS3": {"px": [], "py": [], "pt": [], "pb": [], "x": ["2019-01", "2019-02", "2019-03", "2019-04", "2019-05", "2019-06", "2019-07", "2019-08", "2019-09", "2019-10", "2019-11", "2019-12", "2020-01", "2020-02", "2020-03", "2020-04", "2020-05", "2020-06", "2020-07", "2020-08", "2020-09", "2020-10", "2020-11", "2020-12"], "y": [NaN, NaN, NaN, NaN, NaN, NaN, NaN, NaN, NaN, NaN, NaN, NaN, NaN, NaN, NaN, NaN, NaN, NaN, NaN, NaN, NaN, NaN, NaN, NaN]}, "VHI": {"px": ["2021-01", "2021-02", "2021-03", "2021-04", "2021-05", "2021-06", "2021-07", "2021-08", "2021-09", "2021-10", "2021-11", "2021-12"], "py": [81.45714672542879, 92.126292463222, 97.47597591527754, 110.51381644942029, 109.81160180722904, 92.99924047665719, 103.99040847499748, 97.81037661453239, 112.20175811952166, 111.27678405341524, 78.82517467948442, 67.84869345444879], "pt": [114.1750860706635, 132.19742066803403, 143.74612910515262, 162.24542029873595, 166.48073447599816, 154.20889950232552, 169.42628639106584, 167.21560609513153, 185.36129365565426, 188.00715222971604, 158.96743045681268, 151.26339792366528], "pb": [48.73920738019406, 52.055164258409974, 51.20582272540247, 58.78221260010463, 53.142469138459916, 31.78958145098887, 38.554530558929116, 28.405147133933227, 39.042222583389034, 34.54641587711443, -1.3170810978438254, -15.566011014767696], "x": ["2019-01", "2019-02", "2019-03", "2019-04", "2019-05", "2019-06", "2019-07", "2019-08", "2019-09", "2019-10", "2019-11", "2019-12", "2020-01", "2020-02", "2020-03", "2020-04", "2020-05", "2020-06", "2020-07", "2020-08", "2020-09", "2020-10", "2020-11", "2020-12"], "y": [49.80643081665039, 24.08785629272461, 20.907855987548828, 42.18914031982422, 56.20499801635742, 49.67642593383789, 49.67642593383789, 46.91657257080078, 57.900569915771484, 59.65142822265625, 40.47666549682617, 33.73966598510742, 45.8720817565918, 53.07374954223633, 56.26899719238281, 63.41624450683594, 62.63428497314453, 53.25971221923828, 53.922855377197266, 56.131431579589844, 49.882568359375, 47.3682861328125, 54.26250076293945, 62.509521484375]}, "spi_01": {"px": [], "py": [], "pt": [], "pb": [], "x": ["2019-01", "2019-02", "2019-03", "2019-04", "2019-05", "2019-06", "2019-07", "2019-08", "2019-09", "2019-10", "2019-11", "2019-12", "2020-01", "2020-02", "2020-03", "2020-04", "2020-05", "2020-06", "2020-07", "2020-08", "2020-09", "2020-10", "2020-11", "2020-12"], "y": [NaN, NaN, NaN, NaN, NaN, NaN, NaN, NaN, NaN, NaN, NaN, NaN, NaN, NaN, NaN, NaN, NaN, NaN, NaN, NaN, NaN, NaN, NaN, NaN]}, "spi_03": {"px": [], "py": [], "pt": [], "pb": [], "x": ["2019-01", "2019-02", "2019-03", "2019-04", "2019-05", "2019-06", "2019-07", "2019-08", "2019-09", "2019-10", "2019-11", "2019-12", "2020-01", "2020-02", "2020-03", "2020-04", "2020-05", "2020-06", "2020-07"], "y": [NaN, NaN, NaN, NaN, NaN, NaN, NaN, NaN, NaN, NaN, NaN, NaN, NaN, NaN, NaN, NaN, NaN, NaN, NaN]}, "spi_06": {"px": [], "py": [], "pt": [], "pb": [], "x": ["2019-01", "2019-02", "2019-03", "2019-04", "2019-05", "2019-06", "2019-07", "2019-08", "2019-09", "2019-10", "2019-11", "2019-12", "2020-01", "2020-02", "2020-03", "2020-04", "2020-05", "2020-06", "2020-07"], "y": [NaN, NaN, NaN, NaN, NaN, NaN, NaN, NaN, NaN, NaN, NaN, NaN, NaN, NaN, NaN, NaN, NaN, NaN, NaN]}, "spi_12": {"px": [], "py": [], "pt": [], "pb": [], "x": ["2019-01", "2019-02", "2019-03", "2019-04", "2019-05", "2019-06", "2019-07", "2019-08", "2019-09", "2019-10", "2019-11", "2019-12", "2020-01", "2020-02", "2020-03", "2020-04", "2020-05", "2020-06", "2020-07", "2020-08", "2020-09", "2020-10", "2020-11", "2020-12"], "y": [NaN, NaN, NaN, NaN, NaN, NaN, NaN, NaN, NaN, NaN, NaN, NaN, NaN, NaN, NaN, NaN, NaN, NaN, NaN, NaN, NaN, NaN, NaN, NaN], "geox": [-39.22123746791126, -39.22385042665881, -39.16150481072593, -39.15901879574026, -39.15709178058222, -39.14956773579951, -39.131309595240104, -39.131202597015225, -39.13144260092256, -39.13262261449704, -39.13149760907906, -39.13187961419805, -39.13242161996329, -39.13430763670352, -39.132762626148036, -39.13298562979134, -39.13431564252361, -39.13367664367754, -39.13653167126852, -39.136973678539896, -39.13706268297817, -39.135366670869516, -39.136346679909984, -39.136232680236674, -39.136387687728885, -39.1377937040324, -39.13768170515748, -39.13720570171141, -39.13294966283361, -39.13042664609977, -39.13111865492864, -39.12917764255535, -39.12962964832829, -39.13179066908208, -39.13167567254741, -39.129209653497945, -39.12586962270156, -39.12367560779727, -39.12515062167369, -39.12495562291012, -39.125562629515535, -39.12897566056875, -39.13047967599727, -39.1273676511337, -39.12721465087867, -39.12916967157083, -39.12815266503467, -39.12889367454795, -39.12834467056969, -39.12337662793722, -39.120761607365544, -39.121098619249146, -39.121973627137685, -39.12294163830509, -39.126715670204376, -39.128754684901814, -39.13047769886805, -39.13453073530876, -39.141128800022464, -39.14338582293164, -39.14397583126854, -39.143902833965036, -39.141811821597294, -39.140986819446866, -39.144825854361784, -39.151406909114776, -39.153210910424356, -39.1556429255697, -39.15679493389936, -39.15861294894978, -39.163399992331165, -39.166083013923405, -39.166732018355, -39.16686801331129, -39.169681037060336, -39.173535063273754, -39.17718209223707, -39.17830209900449, -39.17925410672806, -39.18243613773133, -39.18509416229627, -39.19409124030844, -39.19783227126467, -39.202153303800415, -39.208981364255145, -39.21324039631666, -39.21674142730302, -39.21933945148793, -39.22123746791126], "geoy": [-12.942021470374794, -12.897008159382825, -12.848613913600897, -12.853447950078666, -12.854692961227395, -12.869722074352829, -12.883694194893199, -12.885608208137937, -12.886876216487599, -12.889137230348148, -12.892283253412012, -12.893525261388389, -12.894232265485273, -12.894353263736017, -12.896478280386379, -12.89766428819588, -12.898402291426986, -12.903166324891563, -12.904932333067624, -12.907316348769779, -12.909888366239734, -12.911851381986214, -12.912154382717528, -12.913088389261368, -12.917398418524698, -12.920175435589627, -12.921657445876814, -12.922174450063833, -12.921130448752862, -12.924948478316342, -12.926879490572654, -12.930167515713922, -12.931432523743979, -12.932672529260802, -12.93581455089939, -12.937652566845234, -12.936636564477299, -12.939707588480823, -12.940349590847871, -12.94241960526664, -12.943311610532199, -12.944056610944367, -12.945608619490136, -12.94734963565929, -12.94811364109137, -12.950576655243706, -12.952259668142036, -12.954363681504692, -12.954956686310938, -12.955675698043747, -12.957364713176707, -12.963615755434786, -12.963754755183057, -12.965617766584383, -12.964729755332762, -12.96247373711678, -12.961650729126793, -12.9622287275095, -12.966945750670448, -12.969099762282267, -12.971305776539324, -12.973640792588174, -12.977840824149173, -12.98140584963108, -12.982231849989805, -12.980085826280309, -12.969918754368848, -12.965566721302263, -12.964313711160825, -12.963669704263463, -12.964600704041288, -12.963218690914852, -12.96233068395836, -12.957964653953836, -12.957293645505413, -12.951947603698015, -12.949800584024137, -12.947651567808155, -12.947205563454384, -12.949348573719336, -12.950205575920023, -12.949513558831576, -12.948190544657061, -12.944409512903025, -12.94476850597162, -12.941040474667156, -12.94121947107855, -12.94218647410969, -12.942021470374794]}}