{"IIS3": {"px": [], "py": [], "pt": [], "pb": [], "x": ["2019-01", "2019-02", "2019-03", "2019-04", "2019-05", "2019-06", "2019-07", "2019-08", "2019-09", "2019-10", "2019-11", "2019-12", "2020-01", "2020-02", "2020-03", "2020-04", "2020-05", "2020-06", "2020-07", "2020-08", "2020-09", "2020-10", "2020-11", "2020-12"], "y": [NaN, NaN, NaN, NaN, NaN, NaN, NaN, NaN, NaN, NaN, NaN, NaN, NaN, NaN, NaN, NaN, NaN, NaN, NaN, NaN, NaN, NaN, NaN, NaN]}, "VHI": {"px": ["2021-01", "2021-02", "2021-03", "2021-04", "2021-05", "2021-06", "2021-07", "2021-08", "2021-09", "2021-10", "2021-11", "2021-12"], "py": [104.83851657926252, 125.78170710097444, 129.1374499930206, 139.74529620112875, 149.88667043304625, 142.99332701360524, 151.2579900851982, 122.8853619254034, 84.86468251656365, 80.30004997940313, 75.2628203358199, 66.03882071156981], "pt": [127.11255521549012, 153.06172161811972, 160.63769740384507, 174.9636434342209, 188.46643684911137, 184.6642373900974, 195.8060671087145, 170.13573294384764, 134.6709467437483, 132.53730058809833, 129.82284916685265, 122.82669917987167], "pb": [82.56447794303492, 98.50169258382918, 97.63720258219614, 104.5269489680366, 111.30690401698112, 101.32241663711308, 106.7099130616819, 75.63499090695916, 35.05841828937901, 28.062799370707907, 20.702791504787143, 9.250942243267957], "x": ["2019-01", "2019-02", "2019-03", "2019-04", "2019-05", "2019-06", "2019-07", "2019-08", "2019-09", "2019-10", "2019-11", "2019-12", "2020-01", "2020-02", "2020-03", "2020-04", "2020-05", "2020-06", "2020-07", "2020-08", "2020-09", "2020-10", "2020-11", "2020-12"], "y": [60.4318733215332, 58.91812515258789, 62.5206184387207, 65.48500061035156, 71.6043701171875, 70.70791625976562, 70.70791625976562, 54.5136604309082, 33.897499084472656, 31.402292251586914, 28.838459014892578, 24.04661750793457, 49.11865234375, 61.14865493774414, 64.0548095703125, 71.409423828125, 79.38666534423828, 78.22733306884766, 69.74972534179688, 66.6449966430664, 52.84700012207031, 47.1819953918457, 62.379791259765625, 60.35444259643555]}, "spi_01": {"px": ["2021-01", "2021-02", "2021-03", "2021-04", "2021-05", "2021-06", "2021-07", "2021-08", "2021-09", "2021-10", "2021-11", "2021-12"], "py": [0.48175831934053903, 0.35679109871458836, 1.1044297450993028, 1.1348723907726206, 1.0089251943875652, 1.8319522539189004, 0.17621226685434155, 0.19125488386530676, 0.809145162713774, 0.6133662174150305, 1.037506269802472, 0.008535609871821004], "pt": [1.067170625061098, 1.0396372276195174, 1.8724467395934563, 1.9795151388639178, 1.9237982128849982, 2.8120358769052203, 1.2174303881514001, 1.2902118640009088, 1.9629552477191652, 1.819537424305468, 2.2938582302032664, 1.313139579080219], "pb": [-0.10365398638001988, -0.32605503019034066, 0.3364127506051493, 0.29022964268132334, 0.09405217589013204, 0.8518686309325805, -0.8650058544427168, -0.9077020962702953, -0.34466492229161716, -0.592804989475407, -0.2188456905983227, -1.296068359336577], "x": ["2019-01", "2019-02", "2019-03", "2019-04", "2019-05", "2019-06", "2019-07", "2019-08", "2019-09", "2019-10", "2019-11", "2019-12", "2020-01", "2020-02", "2020-03", "2020-04", "2020-05", "2020-06", "2020-07", "2020-08", "2020-09", "2020-10", "2020-11", "2020-12"], "y": [-0.30408090353012085, -0.2948363721370697, 0.3111346364021301, 0.5222706198692322, -0.04497615247964859, 0.05412951484322548, -0.2793549597263336, -0.24077416956424713, 0.23717322945594788, 0.11870501190423965, 0.47664573788642883, -0.25524353981018066, 0.3079560697078705, 0.19602741301059723, 0.8450323343276978, 0.8420199751853943, 0.7303193211555481, 1.4754915237426758, 0.12407641112804413, -0.3302809000015259, 0.0919136106967926, -0.024723399430513382, 0.8837913870811462, -0.08342744410037994]}, "spi_03": {"px": [], "py": [], "pt": [], "pb": [], "x": ["2019-01", "2019-02", "2019-03", "2019-04", "2019-05", "2019-06", "2019-07", "2019-08", "2019-09", "2019-10", "2019-11", "2019-12", "2020-01", "2020-02", "2020-03", "2020-04", "2020-05", "2020-06", "2020-07"], "y": [0.7574832439422607, -0.0804288312792778, -0.37103933095932007, 0.053376682102680206, 0.3767494261264801, 0.29480794072151184, -0.30718520283699036, -0.304795503616333, -0.45560720562934875, -0.3199412524700165, 0.07404716312885284, 0.0024580620229244232, 0.11627990752458572, 0.050995927304029465, 0.644587516784668, 0.901456892490387, 1.1189790964126587, 1.1930334568023682, 1.005471110343933]}, "spi_06": {"px": [], "py": [], "pt": [], "pb": [], "x": ["2019-01", "2019-02", "2019-03", "2019-04", "2019-05", "2019-06", "2019-07", "2019-08", "2019-09", "2019-10", "2019-11", "2019-12", "2020-01", "2020-02", "2020-03", "2020-04", "2020-05", "2020-06", "2020-07"], "y": [0.5471121668815613, 0.14734219014644623, 0.21016325056552887, 0.35680800676345825, 0.12380539625883102, -0.21373382210731506, -0.040902964770793915, 0.21280410885810852, 0.1287306547164917, -0.48135116696357727, -0.4449123740196228, -0.28487715125083923, 0.0008184158941730857, 0.0025083546061068773, 0.42274248600006104, 0.6962922811508179, 0.734756350517273, 1.0366580486297607, 1.0758860111236572]}, "spi_12": {"px": ["2021-01", "2021-02", "2021-03", "2021-04", "2021-05", "2021-06", "2021-07", "2021-08", "2021-09", "2021-10", "2021-11", "2021-12"], "py": [1.571063161452631, 1.915969563400156, 2.5156760486993575, 2.6914393892355832, 2.7870046892052827, 2.9257446333057873, 2.6864278578748744, 2.821669602960207, 2.7903888273190143, 2.7779091799411892, 2.1106421181808237, 1.0879590589056138], "pt": [2.7487754511903493, 3.3583666466490394, 4.181212735215303, 4.5535660128828965, 4.826862201597208, 5.129042565775974, 5.041852424188351, 5.319974627563619, 5.423833549412926, 5.539889305266119, 4.995436273931896, 4.090548013361612], "pb": [0.39335087171491256, 0.4735724801512722, 0.8501393621834117, 0.8293127655882699, 0.7471471768133577, 0.7224467008356004, 0.33100329156139807, 0.32336457835679466, 0.15694410522510216, 0.015929054616260263, -0.7741520375702478, -1.914629895550385], "x": ["2019-01", "2019-02", "2019-03", "2019-04", "2019-05", "2019-06", "2019-07", "2019-08", "2019-09", "2019-10", "2019-11", "2019-12", "2020-01", "2020-02", "2020-03", "2020-04", "2020-05", "2020-06", "2020-07", "2020-08", "2020-09", "2020-10", "2020-11", "2020-12"], "y": [0.9555257558822632, -0.1405554860830307, 0.22329497337341309, -0.08694066852331161, 0.08208627998828888, 0.1316327005624771, 0.1635090410709381, 0.17026832699775696, 0.1698092222213745, 0.1931755691766739, -0.02428927831351757, -0.3979162573814392, -0.08991993218660355, 0.09944571554660797, 0.41301456093788147, 0.5362301468849182, 0.634459912776947, 0.7917892336845398, 0.7874169945716858, 0.7777920365333557, 0.7678132057189941, 0.7528371214866638, 0.806145966053009, 0.9228295087814331],