{"IIS3": {"px": [], "py": [], "pt": [], "pb": [], "x": ["2019-01", "2019-02", "2019-03", "2019-04", "2019-05", "2019-06", "2019-07", "2019-08", "2019-09", "2019-10", "2019-11", "2019-12", "2020-01", "2020-02", "2020-03", "2020-04", "2020-05", "2020-06", "2020-07", "2020-08", "2020-09", "2020-10", "2020-11", "2020-12"], "y": [NaN, NaN, NaN, NaN, NaN, NaN, NaN, NaN, NaN, NaN, NaN, NaN, NaN, NaN, NaN, NaN, NaN, NaN, NaN, NaN, NaN, NaN, NaN, NaN]}, "VHI": {"px": ["2021-01", "2021-02", "2021-03", "2021-04", "2021-05", "2021-06", "2021-07", "2021-08", "2021-09", "2021-10", "2021-11", "2021-12"], "py": [63.97242345856533, 78.41464151731064, 77.03475856023735, 75.5685565741138, 81.72606645261386, 80.64853553242477, 87.62830691800787, 65.5173658819968, 46.08579849780223, 51.566151537502336, 58.99398582415566, 47.53471949380467], "pt": [82.19971173638942, 97.26219287049119, 96.48280077683728, 95.59909576072901, 102.32263544248212, 101.79598947379267, 109.31265524232123, 87.72563272788162, 68.80590567945745, 74.78681958116069, 82.70464963691406, 71.72545599539812], "pb": [45.745135180741244, 59.56709016413009, 57.58671634363742, 55.538017387498584, 61.12949746274562, 59.501081591056874, 65.9439585936945, 43.309099036111974, 23.365691316147007, 28.345483493843986, 35.28332201139726, 23.343982992211224], "x": ["2019-01", "2019-02", "2019-03", "2019-04", "2019-05", "2019-06", "2019-07", "2019-08", "2019-09", "2019-10", "2019-11", "2019-12", "2020-01", "2020-02", "2020-03", "2020-04", "2020-05", "2020-06", "2020-07", "2020-08", "2020-09", "2020-10", "2020-11", "2020-12"], "y": [51.75529861450195, 54.195892333984375, 60.423980712890625, 60.113624572753906, 65.54717254638672, 66.08905029296875, 66.08905029296875, 47.917171478271484, 32.097747802734375, 36.307472229003906, 42.01861572265625, 32.503456115722656, 48.10478591918945, 60.23222351074219, 60.1728401184082, 59.005184173583984, 64.24211883544922, 64.99451446533203, 61.46604537963867, 61.918670654296875, 48.095733642578125, 27.978246688842773, 57.72477340698242, 58.59403610229492]}, "spi_01": {"px": ["2021-01", "2021-02", "2021-03", "2021-04", "2021-05", "2021-06", "2021-07", "2021-08", "2021-09", "2021-10", "2021-11", "2021-12"], "py": [1.0890766258111046, 1.4922940759819951, 3.6928848857387706, 2.4752878868426604, 0.4234084291416358, 0.7603863480619948, 4.269977258335181, 1.9290143912859161, 1.7027846681041607, 1.1624454112201716, -1.8849627156780717, -0.484507879438818], "pt": [4.647163461274422, 5.050380911445314, 7.25097172120209, 6.033374722305981, 3.9814952646049555, 4.318473183525315, 7.828064093798501, 5.487101226749237, 5.260871503567483, 4.720532246683494, 1.6731241197852498, 3.0735789560245053], "pb": [-2.4690102096522133, -2.0657927594813237, 0.13479805027545178, -1.0827989486206593, -3.134678406321684, -2.7977004874013254, 0.7118904228718606, -1.629072444177405, -1.8553021673591603, -2.3956414242431503, -5.443049551141394, -4.04259471490214], "x": ["2019-01", "2019-02", "2019-03", "2019-04", "2019-05", "2019-06", "2019-07", "2019-08", "2019-09", "2019-10", "2019-11", "2019-12", "2020-01", "2020-02", "2020-03", "2020-04", "2020-05", "2020-06", "2020-07", "2020-08", "2020-09", "2020-10", "2020-11", "2020-12"], "y": [-1.218893051147461, 0.35067111253738403, -0.4417378902435303, 0.19030696153640747, 0.013010866940021515, -0.7853350639343262, 1.5933624505996704, 0.056458402425050735, -0.06797268241643906, -0.3755594789981842, -2.4179635047912598, -1.5374608039855957, -0.2898356318473816, -0.1322927474975586, 1.2265217304229736, 0.36863768100738525, -0.8677629232406616, -0.5556918978691101, -0.3339075446128845, 0.022203069180250168, -1.0762064456939697, 0.14658355712890625, 0.098390132188797, -0.9930585622787476]}, "spi_03": {"px": [], "py": [], "pt": [], "pb": [], "x": ["2019-01", "2019-02", "2019-03", "2019-04", "2019-05", "2019-06", "2019-07", "2019-08", "2019-09", "2019-10", "2019-11", "2019-12", "2020-01", "2020-02", "2020-03", "2020-04", "2020-05", "2020-06", "2020-07"], "y": [-0.6856368780136108, -0.4487195611000061, -1.0317003726959229, 0.0007107965648174286, -0.18990010023117065, 0.012035295367240906, -0.0015951618552207947, 0.14292234182357788, 0.22906750440597534, -0.5574671626091003, -1.9843422174453735, -2.281954050064087, -1.5716981887817383, -1.1080427169799805, 0.1687880903482437, 0.5506792664527893, 0.595032811164856, -0.06468523293733597, -1.1097890138626099]}, "spi_06": {"px": [], "py": [], "pt": [], "pb": [], "x": ["2019-01", "2019-02", "2019-03", "2019-04", "2019-05", "2019-06", "2019-07", "2019-08", "2019-09", "2019-10", "2019-11", "2019-12", "2020-01", "2020-02", "2020-03", "2020-04", "2020-05", "2020-06", "2020-07"], "y": [-0.5794782638549805, -0.3368549644947052, -0.6136071085929871, -0.520789623260498, -0.4832768440246582, -0.7794418931007385, -0.04351579770445824, -0.19090832769870758, -0.021469250321388245, -0.45679163932800293, -1.9097745418548584, -2.1559762954711914, -1.9325847625732422, -1.6645002365112305, -0.9886966943740845, -0.5248175263404846, -0.2874787151813507, 0.035670362412929535, 0.32847899198532104]}, "spi_12": {"px": ["2021-01", "2021-02", "2021-03", "2021-04", "2021-05", "2021-06", "2021-07", "2021-08", "2021-09", "2021-10", "2021-11", "2021-12"], "py": [0.3826898675365369, 0.1548426370051117, 1.2175563106120042, 1.4517152508786322, 1.1307519669632211, 0.9777703951494043, 1.537457700080429, 1.6215175003313376, 1.4911939130188494, 1.2780823237148669, 0.7327049564571704, -0.23042309362462499], "pt": [1.2911776203061325, 1.2675083501684083, 2.5023520070423846, 2.8881605070171545, 2.704298904998341, 2.6773953415762737, 3.354433195466478, 3.548711040988377, 3.522634272829359, 3.4086749473254656, 2.9580363744937586, 2.0857752813893917], "pb": [-0.5257978852330587, -0.957823076158185, -0.06723938581837619, 0.01526999474011026, -0.4427949710718988, -0.7218545512774655, -0.2795177953056198, -0.30567604032570195, -0.5402464467916603, -0.8525102998957315, -1.4926264615794174, -2.5466214686386413], "x": ["2019-01", "2019-02", "2019-03", "2019-04", "2019-05", "2019-06", "2019-07", "2019-08", "2019-09", "2019-10", "2019-11", "2019-12", "2020-01", "2020-02", "2020-03", "2020-04", "2020-05", "2020-06", "2020-07", "2020-08", "2020-09", "2020-10", "2020-11", "2020-12"], "y": [-0.5748376846313477, -0.9121121764183044, -0.9872302412986755, -0.5909499526023865, -0.47522902488708496, -0.474899560213089, -0.43193963170051575, -0.43278968334198, -0.5020946264266968, -0.6014029383659363, -0.8833285570144653, -1.362309217453003, -1.0876909494400024, -1.2201385498046875, -0.7737853527069092, -0.6912112832069397, -0.8120604157447815, -0.8127004504203796, -0.838284969329834, -0.8392736315727234, -0.8643606901168823, -0.6552285552024841, -0.34472790360450745, -0.2548697888851166], "geox": [-43.507279540237285, -43.473466151730825, -43.32493780776942, -43.22554089165552, -43.14766420258375, -43.07499968610114, -42.88500316555037, -42.84231281091425, -42.79832647666576, -42.82369572655219, -42.80429667822554, -42.861489199715315, -42.8865174063847, -42.96829113419896, -43.04191278953196, -43.08088706754833, -43.07627802420198, -43.08727710008915, -43.19638294267588, -43.2863327515986, -43.29599879339865, -43.3671354171093, -43.507279540237285], "geoy": [-7.67955099312288, -7.554097138494812, -7.404013206124474, -7.283431433939701, -7.222095062379813, -7.31425878225302, -7.358804262989519, -7.354360267651517, -7.386362534489861, -7.434144854736737, -7.561547782202933, -7.619227143282142, -7.620235128313013, -7.682838500977285, -7.739390836293988, -7.693348474723492, -7.687184435139107, -7.67131131268713, -7.614371811505817, -7.695678306399451, -7.654504006610833, -7.701575275098788, -7.67955099312288]}}