{"IIS3": {"px": [], "py": [], "pt": [], "pb": [], "x": ["2019-01", "2019-02", "2019-03", "2019-04", "2019-05", "2019-06", "2019-07", "2019-08", "2019-09", "2019-10", "2019-11", "2019-12", "2020-01", "2020-02", "2020-03", "2020-04", "2020-05", "2020-06", "2020-07", "2020-08", "2020-09", "2020-10", "2020-11", "2020-12"], "y": [NaN, NaN, NaN, NaN, NaN, NaN, NaN, NaN, NaN, NaN, NaN, NaN, NaN, NaN, NaN, NaN, NaN, NaN, NaN, NaN, NaN, NaN, NaN, NaN]}, "VHI": {"px": ["2021-01", "2021-02", "2021-03", "2021-04", "2021-05", "2021-06", "2021-07", "2021-08", "2021-09", "2021-10", "2021-11", "2021-12"], "py": [51.04689042928365, 46.4837794032545, 45.80565289568395, 44.24683243432942, 44.27101841344404, 38.46537080287307, 44.376740080898145, 55.010352743857226, 45.75092291326392, 42.998374105855746, 39.93313564227381, 44.89189495584297], "pt": [58.90599374674646, 54.78764816093778, 54.53164669210061, 53.375452216387146, 53.78524095213049, 48.35016528257384, 54.618707338031726, 65.59744982882202, 56.672248660477194, 54.24399936490724, 51.49396687784207, 56.75956322924716], "pb": [43.18778711182084, 38.179910645571226, 37.07965909926729, 35.118212652271694, 34.756795874757586, 28.580576323172295, 34.134772823764564, 44.42325565889243, 34.82959716605065, 31.752748846804252, 28.372304406705553, 33.02422668243878], "x": ["2019-01", "2019-02", "2019-03", "2019-04", "2019-05", "2019-06", "2019-07", "2019-08", "2019-09", "2019-10", "2019-11", "2019-12", "2020-01", "2020-02", "2020-03", "2020-04", "2020-05", "2020-06", "2020-07", "2020-08", "2020-09", "2020-10", "2020-11", "2020-12"], "y": [49.747047424316406, 50.95840835571289, 42.22136306762695, 44.74581527709961, 48.11113357543945, 48.1659049987793, 48.1659049987793, 59.63290786743164, 50.324363708496094, 47.960453033447266, 44.883121490478516, 49.9046630859375, 55.973331451416016, 51.49541091918945, 50.911834716796875, 48.74208450317383, 48.02591323852539, 41.56399917602539, 51.03022384643555, 64.17749786376953, 48.3985481262207, 36.761634826660156, 37.481590270996094, 46.516666412353516]}, "spi_01": {"px": ["2021-01", "2021-02", "2021-03", "2021-04", "2021-05", "2021-06", "2021-07", "2021-08", "2021-09", "2021-10", "2021-11", "2021-12"], "py": [0.6416974715721353, 0.8974079355013589, -0.453748765767124, -0.34128567498141127, 0.4468185953989665, -0.4738336170784332, -0.8611202569745757, 0.6139907588801812, -0.2205417682618407, -0.4017568184255369, 0.5863860582818301, -0.41710919824973525], "pt": [2.41593322079677, 2.6716436847259946, 1.3204869834575117, 1.4329500742432248, 2.221054344623602, 1.300402132146203, 0.9131154922500606, 2.388226508104818, 1.5536939809627963, 1.3724789307991, 2.360621807506467, 1.3571265509749022], "pb": [-1.1325382776524997, -0.8768278137232766, -2.2279845149917596, -2.1155214242060474, -1.3274171538256694, -2.2480693663030693, -2.6353560061992116, -1.1602449903444554, -1.9947775174864772, -2.175992567650174, -1.187849690942807, -2.1913449474743727], "x": ["2019-01", "2019-02", "2019-03", "2019-04", "2019-05", "2019-06", "2019-07", "2019-08", "2019-09", "2019-10", "2019-11", "2019-12", "2020-01", "2020-02", "2020-03", "2020-04", "2020-05", "2020-06", "2020-07", "2020-08", "2020-09", "2020-10", "2020-11", "2020-12"], "y": [-1.6354100704193115, 0.5049324631690979, 0.23032093048095703, 1.0174298286437988, 0.7666614055633545, 0.16218551993370056, -0.6035320162773132, 1.2935131788253784, 0.3190472424030304, 0.05652597174048424, 1.2055225372314453, -0.0020887095015496016, 1.1612029075622559, 1.5122015476226807, -0.12826190888881683, -0.02933085523545742, 0.7459055185317993, -0.38488149642944336, 0.8401989936828613, 0.6060450673103333, -0.8370847702026367, 0.12421169131994247, -1.5888885259628296, -0.9966838359832764]}, "spi_03": {"px": [], "py": [], "pt": [], "pb": [], "x": ["2019-01", "2019-02", "2019-03", "2019-04", "2019-05", "2019-06", "2019-07", "2019-08", "2019-09", "2019-10", "2019-11", "2019-12", "2020-01", "2020-02", "2020-03", "2020-04", "2020-05", "2020-06", "2020-07"], "y": [-1.2169536352157593, -0.9645689129829407, -0.8145501017570496, 0.5454455018043518, 0.6223475337028503, 0.9842841029167175, 0.3817704916000366, 0.7090274691581726, 0.5301010608673096, 0.34711790084838867, 0.8756257891654968, 0.5489275455474854, 1.162686824798584, 1.3375667333602905, 1.5153480768203735, 0.8619049191474915, -0.0038900224026292562, 0.10299108177423477, 0.47492852807044983]}, "spi_06": {"px": [], "py": [], "pt": [], "pb": [], "x": ["2019-01", "2019-02", "2019-03", "2019-04", "2019-05", "2019-06", "2019-07", "2019-08", "2019-09", "2019-10", "2019-11", "2019-12", "2020-01", "2020-02", "2020-03", "2020-04", "2020-05", "2020-06", "2020-07"], "y": [-0.5841594338417053, -0.7416232824325562, -0.7272250056266785, -0.7495655417442322, -0.6154202222824097, -0.479850172996521, 0.5517687797546387, 0.7002713680267334, 0.9186463356018066, 0.3952174186706543, 0.980573296546936, 0.6168746948242188, 1.144112229347229, 1.45766019821167, 1.4326181411743164, 1.4459713697433472, 1.3344874382019043, 1.4618350267410278, 0.870900571346283]}, "spi_12": {"px": ["2021-01", "2021-02", "2021-03", "2021-04", "2021-05", "2021-06", "2021-07", "2021-08", "2021-09", "2021-10", "2021-11", "2021-12"], "py": [1.875181758069889, 2.268300468616437, 2.14635301212181, 1.9226740693322748, 1.8799698291260922, 1.820437057865218, 1.5091076588688366, 1.019503241460031, 0.8096696665272951, 0.35652904386104, 1.0501371121530112, 1.1662571177759795], "pt": [3.153283412625778, 3.833648911263282, 3.9538616993527462, 3.943530215111509, 4.093706821058987, 4.211546293548628, 4.065310953696715, 3.7307662666951895, 3.667591831234672, 3.353943097181686, 4.180833985783945, 4.424789735700941], "pb": [0.5970801035140001, 0.7029520259695929, 0.33884432489087435, -0.09818207644695942, -0.33376716280680263, -0.5706721778181922, -1.047095635959042, -1.6917597837751273, -2.0482524981800823, -2.6408850094596055, -2.080559761477922, -2.092275500148982], "x": ["2019-01", "2019-02", "2019-03", "2019-04", "2019-05", "2019-06", "2019-07", "2019-08", "2019-09", "2019-10", "2019-11", "2019-12", "2020-01", "2020-02", "2020-03", "2020-04", "2020-05", "2020-06", "2020-07", "2020-08", "2020-09", "2020-10", "2020-11", "2020-12"], "y": [0.1551147997379303, -0.029067816212773323, -0.3920590281486511, -0.3294374644756317, -0.26799634099006653, -0.23067538440227509, -0.2644643187522888, -0.40887677669525146, -0.4179299771785736, -0.565632700920105, -0.11735272407531738, 0.030856391414999962, 1.1481319665908813, 1.5890790224075317, 1.6051552295684814, 1.5155715942382812, 1.5425444841384888, 1.4900895357131958, 1.5181291103363037, 1.461606740951538, 1.2771142721176147, 1.240806221961975, 0.9032319188117981, 0.49702587723731995],