{"IIS3": {"px": [], "py": [], "pt": [], "pb": [], "x": ["2019-01", "2019-02", "2019-03", "2019-04", "2019-05", "2019-06", "2019-07", "2019-08", "2019-09", "2019-10", "2019-11", "2019-12", "2020-01", "2020-02", "2020-03", "2020-04", "2020-05", "2020-06", "2020-07", "2020-08", "2020-09", "2020-10", "2020-11", "2020-12"], "y": [NaN, NaN, NaN, NaN, NaN, NaN, NaN, NaN, NaN, NaN, NaN, NaN, NaN, NaN, NaN, NaN, NaN, NaN, NaN, NaN, NaN, NaN, NaN, NaN]}, "VHI": {"px": ["2021-01", "2021-02", "2021-03", "2021-04", "2021-05", "2021-06", "2021-07", "2021-08", "2021-09", "2021-10", "2021-11", "2021-12"], "py": [73.37545045977704, 71.4987218560643, 61.24909849423895, 59.66882365120168, 64.13529481160008, 80.2027222922864, 76.9217498439045, 84.46245860388295, 67.72856978132741, 58.804224603379666, 55.753649643584254, 53.18057334645924], "pt": [82.72241867820144, 81.8970946362204, 72.60191744258597, 71.90184615885705, 77.18930497214687, 94.02905668975106, 91.47949226741818, 99.71657955752124, 83.6486372330401, 75.36347848952857, 72.9283179333881, 70.94935418431217], "pb": [64.02848224135265, 61.100349075908184, 49.89627954589193, 47.4358011435463, 51.08128465105328, 66.37638789482173, 62.36400742039079, 69.20833765024467, 51.80850232961471, 42.24497071723076, 38.57898135378041, 35.41179250860631], "x": ["2019-01", "2019-02", "2019-03", "2019-04", "2019-05", "2019-06", "2019-07", "2019-08", "2019-09", "2019-10", "2019-11", "2019-12", "2020-01", "2020-02", "2020-03", "2020-04", "2020-05", "2020-06", "2020-07", "2020-08", "2020-09", "2020-10", "2020-11", "2020-12"], "y": [56.57535171508789, 51.159481048583984, 46.22381591796875, 49.449440002441406, 51.49026870727539, 59.044410705566406, 59.044410705566406, 65.7090072631836, 51.73237609863281, 44.0138053894043, 41.220848083496094, 39.2051887512207, 60.017425537109375, 58.85213088989258, 49.743953704833984, 48.275421142578125, 52.67929458618164, 67.98114776611328, 72.37577819824219, 69.25833892822266, 53.35595703125, 46.302818298339844, 55.63603210449219, 51.92434310913086]}, "spi_01": {"px": ["2021-01", "2021-02", "2021-03", "2021-04", "2021-05", "2021-06", "2021-07", "2021-08", "2021-09", "2021-10", "2021-11", "2021-12"], "py": [1.120743095520842, 0.9434979027608996, 2.500592479277679, 0.5853336855301428, 0.162730304665895, -0.5261611226162048, -0.16880602593995508, 0.9040677407636579, 0.43693248457487055, 0.46437414544677047, 0.9632917728485313, 0.360206552156082], "pt": [2.2649237229837125, 2.087678530223771, 3.6447731067405496, 1.7295143129930137, 1.3069109321287664, 0.618019504846667, 0.9753746015229163, 2.0482483682265293, 1.5811131120377429, 1.6085547729096428, 2.107472400311403, 1.5043871796189539], "pb": [-0.023437531942028578, -0.20068272470197135, 1.356411851814808, -0.5588469419327282, -0.9814503227969762, -1.6703417500790765, -1.3129866534028267, -0.24011288669921393, -0.7072481428880013, -0.6798064820161016, -0.18088885461434057, -0.7839740753067903], "x": ["2019-01", "2019-02", "2019-03", "2019-04", "2019-05", "2019-06", "2019-07", "2019-08", "2019-09", "2019-10", "2019-11", "2019-12", "2020-01", "2020-02", "2020-03", "2020-04", "2020-05", "2020-06", "2020-07", "2020-08", "2020-09", "2020-10", "2020-11", "2020-12"], "y": [0.15983758866786957, 0.0534583181142807, 0.8192126154899597, 0.5760214924812317, -0.6916328072547913, -1.5977169275283813, -0.6190135478973389, 0.2957038879394531, -0.03594185411930084, 0.006226852536201477, 0.42564791440963745, -0.042611002922058105, 0.8285586833953857, 0.5984233617782593, 1.9781503677368164, 0.23505732417106628, -0.11316873133182526, -0.683033287525177, -1.1401220560073853, -0.20301759243011475, 0.4538562297821045, -0.6860607862472534, 2.2334811687469482, 0.3374515473842621]}, "spi_03": {"px": [], "py": [], "pt": [], "pb": [], "x": ["2019-01", "2019-02", "2019-03", "2019-04", "2019-05", "2019-06", "2019-07", "2019-08", "2019-09", "2019-10", "2019-11", "2019-12", "2020-01", "2020-02", "2020-03", "2020-04", "2020-05", "2020-06", "2020-07"], "y": [0.903672456741333, 0.5232898592948914, 0.4581454396247864, 0.6639329195022583, 0.3700241446495056, -0.1917952299118042, -1.2519817352294922, -1.481208086013794, -0.5033634901046753, -0.13392189145088196, 0.06879071891307831, -0.16932296752929688, 0.6136976480484009, 0.6965361833572388, 1.5615718364715576, 1.2508633136749268, 0.9873389005661011, -0.10655628889799118, -0.5834577083587646]}, "spi_06": {"px": [], "py": [], "pt": [], "pb": [], "x": ["2019-01", "2019-02", "2019-03", "2019-04", "2019-05", "2019-06", "2019-07", "2019-08", "2019-09", "2019-10", "2019-11", "2019-12", "2020-01", "2020-02", "2020-03", "2020-04", "2020-05", "2020-06", "2020-07"], "y": [0.8269348740577698, 0.5659496784210205, 0.8070724010467529, 0.8004164099693298, 0.46900200843811035, 0.08293820917606354, 0.04228246212005615, 0.06718716770410538, -0.28852880001068115, -1.20668363571167, -1.347359538078308, -0.5130373239517212, 0.5144957900047302, 0.6023038029670715, 1.2857540845870972, 1.1187963485717773, 0.9561995267868042, 0.9442321062088013, 0.7929145097732544]}, "spi_12": {"px": ["2021-01", "2021-02", "2021-03", "2021-04", "2021-05", "2021-06", "2021-07", "2021-08", "2021-09", "2021-10", "2021-11", "2021-12"], "py": [1.7065625286974893, 1.9359727780450955, 2.75931241492229, 2.482671431840052, 2.491178133633214, 2.3758132972666917, 2.493820740975593, 2.4291313167285637, 2.322074956856384, 2.222436300361234, 2.069660848623427, 1.367010134510982], "pt": [2.3628346755193212, 2.7397387221061082, 3.6874213821079564, 3.520328801644073, 3.6278748298748953, 3.6035860536776276, 3.806365027284844, 3.8212947646258337, 3.7895440801429254, 3.7615309010721596, 3.6771927307569285, 3.0401823653987146], "pb": [1.0502903818756573, 1.1322068339840832, 1.8312034477366232, 1.445014062036031, 1.3544814373915326, 1.1480405408557557, 1.1812764546663415, 1.0369678688312938, 0.8546058335698428, 0.6833416996503088, 0.4621289664899253, -0.30616209637675085], "x": ["2019-01", "2019-02", "2019-03", "2019-04", "2019-05", "2019-06", "2019-07", "2019-08", "2019-09", "2019-10", "2019-11", "2019-12", "2020-01", "2020-02", "2020-03", "2020-04", "2020-05", "2020-06", "2020-07", "2020-08", "2020-09", "2020-10", "2020-11", "2020-12"], "y": [0.005496509373188019, -0.35935866832733154, 0.2586045563220978, 0.35008299350738525, 0.29073938727378845, 0.30490100383758545, 0.3047139346599579, 0.3083019256591797, 0.3061811625957489, 0.28927063941955566, 0.24115830659866333, -0.06657496094703674, 0.2516966164112091, 0.3937629461288452, 0.8578202128410339, 0.7334295511245728, 0.7764370441436768, 0.7812025547027588, 0.7509359121322632, 0.7399705648422241, 0.7432944178581238, 0.7342938184738159, 0.9914138913154602, 1.1155951023101807], "geox": [-41.90307782610672, -41.86555549847931, -41.83549324947226, -41.686416990739204, -41.686546985200266, -41.713110201277466, -41.81828606614168, -41.82388311249053, -41.82587412961024, -41.8277491445458, -41.82974516113379, -41.86660545278878, -41.794300813584364, -41.77293261559435, -41.746563402473114, -41.74552242903058, -41.67800286538977, -41.64906561494459, -41.521479540134024, -41.515266492116524, -41.45978003544121, -41.49003330250497, -41.444676925729745, -41.42974881899172, -41.455435037383474, -41.4424939513364, -41.334800020010135, -41.313273860376775, -41.27858858365414, -41.48485442205357, -41.500575553469346, -41.5553400160475, -41.62211257273121, -41.63191268882785, -41.77490385998807, -41.77198083505758, -41.76614878735151, -41.76281975906047, -41.760515738791646, -41.751486656431695, -41.749485639076056, -41.739903557397355, -41.7372605328835, -41.73643252439488, -41.73765053121261, -41.73815153087246, -41.73840853179042, -41.77175980348762, -41.8558155041938, -41.85577050085615, -41.854490487359435, -41.8532464712293, -41.84776140648312, -41.91075791351267, -41.90307782610672],