{"IIS3": {"px": [], "py": [], "pt": [], "pb": [], "x": ["2019-01", "2019-02", "2019-03", "2019-04", "2019-05", "2019-06", "2019-07", "2019-08", "2019-09", "2019-10", "2019-11", "2019-12", "2020-01", "2020-02", "2020-03", "2020-04", "2020-05", "2020-06", "2020-07", "2020-08", "2020-09", "2020-10", "2020-11", "2020-12"], "y": [NaN, NaN, NaN, NaN, NaN, NaN, NaN, NaN, NaN, NaN, NaN, NaN, NaN, NaN, NaN, NaN, NaN, NaN, NaN, NaN, NaN, NaN, NaN, NaN]}, "VHI": {"px": ["2021-01", "2021-02", "2021-03", "2021-04", "2021-05", "2021-06", "2021-07", "2021-08", "2021-09", "2021-10", "2021-11", "2021-12"], "py": [56.122751658902914, 52.09953797775991, 57.56375315408279, 57.07895982347469, 58.32528266387767, 69.12300420780461, 58.270422959672544, 39.54005636323146, 37.36100071870176, 41.17261177184406, 56.68016092539719, 61.166818544235014], "pt": [87.09070093599482, 90.02737493819828, 101.35904685747806, 106.04358669467337, 111.96334395159357, 127.05873198241557, 120.20632116776252, 105.23299678236589, 106.60744001330374, 113.79888999846159, 132.5358345636895, 140.1199068764097], "pb": [25.154802381811017, 14.171701017321546, 13.76845945068753, 8.114332952276023, 4.687221376161759, 11.18727643319366, -3.6654752484174438, -26.15288405590296, -31.88543857590024, -31.45366645477347, -19.175512712895127, -17.78626978793966], "x": ["2019-01", "2019-02", "2019-03", "2019-04", "2019-05", "2019-06", "2019-07", "2019-08", "2019-09", "2019-10", "2019-11", "2019-12", "2020-01", "2020-02", "2020-03", "2020-04", "2020-05", "2020-06", "2020-07", "2020-08", "2020-09", "2020-10", "2020-11", "2020-12"], "y": [45.521785736083984, 41.86928939819336, 41.10928726196289, 44.10971450805664, 45.5269660949707, 45.14892578125, 45.14892578125, 29.729999542236328, 28.71756935119629, 33.14517593383789, 48.06224822998047, 53.737403869628906, 59.30750274658203, 57.613746643066406, 66.11820220947266, 66.17250061035156, 66.58839416503906, 77.21199798583984, 74.52196502685547, 76.74410247802734, 59.725284576416016, 33.85271453857422, 43.93678665161133, 51.86333465576172]}, "spi_01": {"px": [], "py": [], "pt": [], "pb": [], "x": ["2019-01", "2019-02", "2019-03", "2019-04", "2019-05", "2019-06", "2019-07", "2019-08", "2019-09", "2019-10", "2019-11", "2019-12", "2020-01", "2020-02", "2020-03", "2020-04", "2020-05", "2020-06", "2020-07", "2020-08", "2020-09", "2020-10", "2020-11", "2020-12"], "y": [NaN, NaN, NaN, NaN, NaN, NaN, NaN, NaN, NaN, NaN, NaN, NaN, NaN, NaN, NaN, NaN, NaN, NaN, NaN, NaN, NaN, NaN, NaN, NaN]}, "spi_03": {"px": [], "py": [], "pt": [], "pb": [], "x": ["2019-01", "2019-02", "2019-03", "2019-04", "2019-05", "2019-06", "2019-07", "2019-08", "2019-09", "2019-10", "2019-11", "2019-12", "2020-01", "2020-02", "2020-03", "2020-04", "2020-05", "2020-06", "2020-07"], "y": [NaN, NaN, NaN, NaN, NaN, NaN, NaN, NaN, NaN, NaN, NaN, NaN, NaN, NaN, NaN, NaN, NaN, NaN, NaN]}, "spi_06": {"px": [], "py": [], "pt": [], "pb": [], "x": ["2019-01", "2019-02", "2019-03", "2019-04", "2019-05", "2019-06", "2019-07", "2019-08", "2019-09", "2019-10", "2019-11", "2019-12", "2020-01", "2020-02", "2020-03", "2020-04", "2020-05", "2020-06", "2020-07"], "y": [NaN, NaN, NaN, NaN, NaN, NaN, NaN, NaN, NaN, NaN, NaN, NaN, NaN, NaN, NaN, NaN, NaN, NaN, NaN]}, "spi_12": {"px": [], "py": [], "pt": [], "pb": [], "x": ["2019-01", "2019-02", "2019-03", "2019-04", "2019-05", "2019-06", "2019-07", "2019-08", "2019-09", "2019-10", "2019-11", "2019-12", "2020-01", "2020-02", "2020-03", "2020-04", "2020-05", "2020-06", "2020-07", "2020-08", "2020-09", "2020-10", "2020-11", "2020-12"], "y": [NaN, NaN, NaN, NaN, NaN, NaN, NaN, NaN, NaN, NaN, NaN, NaN, NaN, NaN, NaN, NaN, NaN, NaN, NaN, NaN, NaN, NaN, NaN, NaN], "geox": [-42.009336154579124, -42.00353510111779, -42.00238409187917, -41.99961406120033, -41.99828104458082, -41.99820203990665, -41.992809989606876, -41.991390974408546, -41.98850194973234, -41.98780294647029, -41.9849759192135, -41.9841199087666, -41.98438890784041, -41.98322389735023, -41.98244588814483, -41.97744484387607, -41.9759788298086, -41.97517281937946, -41.9725757945386, -41.96996877899076, -41.965420735301116, -41.96203571703731, -41.96003170083461, -41.958195688609315, -41.96064571992718, -41.959972720234944, -41.957499703044846, -41.95149965511591, -41.95020564948759, -41.95133967872542, -41.950703685982276, -41.94678065937635, -41.94453464961186, -41.93988561344491, -41.935669577648135, -41.92678148966988, -41.92390146568575, -41.92228345315433, -41.916665396775734, -41.91240035796106, -41.91083834410801, -41.904140278617994, -41.90029823506133, -41.89733722722486, -41.89603021743581, -41.890167162586984, -41.886810136264174, -41.88300712964631, -41.87797509093416, -41.876356080142806, -41.87263704707417, -41.85967393656285, -41.856395912929585, -41.854172904776554, -41.8451428377305, -41.84333982649458, -41.84253482268483, -41.842532829344975, -41.83877681124499, -41.83772880914514, -41.8382228200855, -41.83747281929057, -41.83442380657193, -41.83036577955572, -41.82394872772028, -41.820998715706516, -41.82008274093448, -41.82055674871866, -41.82214276609384, -41.82905383148079, -41.96294397535766, -41.965337999774434, -41.96851702856435, -41.97364507668575, -41.97434008508316, -41.978394124993585, -41.981869154457314, -41.98367316536479, -41.98603217075152, -41.98842618488764, -41.991701211584996, -41.99397923261314, -41.99541924292862, -41.996781257651655, -41.99892129124866, -42.00016930562133, -42.002302325216554, -42.004336341761416, -42.00522735105043, -42.00583836341331, -42.00770238130029, -42.009173398485984, -42.01191642609043, -42.013535446616864, -42.016177473211464, -42.018432504674315, -42.02028552321111, -42.021893533174726, -42.020109512681294, -42.02017250445035, -42.01919949023751, -42.015083447687495, -42.0120264201036, -42.01066740348322, -42.01397742079977, -42.01709244270559, -42.01731244235811, -42.01614342801242, -42.01653542882588, -42.019174449917124, -42.0193924463268, -42.01694442273041, -42.01331439147241, -42.011477372303304, -42.00956334758549, -42.009418341523826, -42.01112134729023, -42.010614337392646, -42.00855731569177, -42.00519428721357, -42.00331126718512, -42.002506253280686, -41.99930921438865, -42.000172215754766, -41.99969820907526, -41.99789519067909, -41.99900518308467, -41.997281159439574, -41.99806016377831, -41.997920157829924, -41.994532121001264, -41.99495211728743, -41.995898122468354, -41.99417709413983, -41.995979099129464, -41.9991431200915, -42.00508717454126, -42.0059251809192, -42.006639185173, -42.005705169587216, -42.006230170959775, -42.00925319560707, -42.00892518555432, -42.009842192742845, -42.010810194745964, -42.01092418622058, -42.011898188298716, -42.01058917348319, -42.010582168980854, -42.009336154579124],