{"IIS3": {"px": [], "py": [], "pt": [], "pb": [], "x": ["2019-01", "2019-02", "2019-03", "2019-04", "2019-05", "2019-06", "2019-07", "2019-08", "2019-09", "2019-10", "2019-11", "2019-12", "2020-01", "2020-02", "2020-03", "2020-04", "2020-05", "2020-06", "2020-07", "2020-08", "2020-09", "2020-10", "2020-11", "2020-12"], "y": [NaN, NaN, NaN, NaN, NaN, NaN, NaN, NaN, NaN, NaN, NaN, NaN, NaN, NaN, NaN, NaN, NaN, NaN, NaN, NaN, NaN, NaN, NaN, NaN]}, "VHI": {"px": ["2021-01", "2021-02", "2021-03", "2021-04", "2021-05", "2021-06", "2021-07", "2021-08", "2021-09", "2021-10", "2021-11", "2021-12"], "py": [66.97682113058309, 88.66883869215994, 120.40364822468123, 130.61584870839212, 141.63012088310586, 139.56618560737823, 136.8959426060941, 136.726943358239, 120.61029512371476, 103.1469792954851, 79.92586032360491, 64.1883994599516], "pt": [99.07190791457728, 127.97713153010159, 165.79295507105894, 181.3626364506314, 197.2204415901961, 199.61059456007257, 201.08611581539196, 204.81090348689864, 192.37709048871744, 178.41662926892013, 158.5424457066186, 146.01513584510838], "pb": [34.8817343465889, 49.36054585421829, 75.01434137830351, 79.86906096615283, 86.03980017601563, 79.52177665468388, 72.70576939679627, 68.64298322957936, 48.843499758712085, 27.877329322050073, 1.3092749405912087, -17.63833692520518], "x": ["2019-01", "2019-02", "2019-03", "2019-04", "2019-05", "2019-06", "2019-07", "2019-08", "2019-09", "2019-10", "2019-11", "2019-12", "2020-01", "2020-02", "2020-03", "2020-04", "2020-05", "2020-06", "2020-07", "2020-08", "2020-09", "2020-10", "2020-11", "2020-12"], "y": [23.302499771118164, 18.174123764038086, 32.95818328857422, 52.63835525512695, 64.1449966430664, 55.170127868652344, 55.170127868652344, 56.216148376464844, 50.43164825439453, 43.09831237792969, 31.786802291870117, 24.26171875, 30.32732391357422, 43.6496467590332, 62.813716888427734, 68.44709014892578, 75.32649230957031, 76.5364990234375, 74.94256591796875, 72.28581237792969, 61.120994567871094, 37.146846771240234, 58.19199752807617, 57.20233154296875]}, "spi_01": {"px": ["2021-01", "2021-02", "2021-03", "2021-04", "2021-05", "2021-06", "2021-07", "2021-08", "2021-09", "2021-10", "2021-11", "2021-12"], "py": [2.288929110276663, 1.4815238090593699, 2.9219682375181337, 3.039530590204736, 1.8916131113269419, 1.1077531244229357, 2.098795124524427, 3.0711190857534696, 2.1482675654845353, 1.7091060404231184, -0.9302096686417114, -0.6324805400977556], "pt": [5.573563740841667, 4.766158439624374, 6.206602868083138, 6.324165220769741, 5.176247741891947, 4.392387754987942, 5.383429755089432, 6.3557537163184765, 5.432902196049541, 4.9937406709881245, 2.3544249619232955, 2.6521540904672527], "pb": [-0.9957055202883405, -1.8031108215056344, -0.36266639304687054, -0.2451040403602689, -1.3930215192380628, -2.17688150614207, -1.1858395060405784, -0.2135155448115369, -1.1363670650804711, -1.5755285901418885, -4.214844299206718, -3.9171151706627634], "x": ["2019-01", "2019-02", "2019-03", "2019-04", "2019-05", "2019-06", "2019-07", "2019-08", "2019-09", "2019-10", "2019-11", "2019-12", "2020-01", "2020-02", "2020-03", "2020-04", "2020-05", "2020-06", "2020-07", "2020-08", "2020-09", "2020-10", "2020-11", "2020-12"], "y": [-1.4890894889831543, 0.45861366391181946, 0.8400952816009521, 0.07220695167779922, 0.0036717462353408337, -0.20827792584896088, 0.4505755603313446, 1.2292083501815796, 0.5797197818756104, 0.33043432235717773, -1.523663878440857, -1.296027660369873, 1.2367230653762817, 0.4723147451877594, 1.4609849452972412, 1.5214179754257202, 0.7867715954780579, 0.2362414449453354, 0.0053602298721671104, -0.2127116620540619, 0.36870744824409485, 0.7658320069313049, 1.6064561605453491, -2.103487014770508]}, "spi_03": {"px": [], "py": [], "pt": [], "pb": [], "x": ["2019-01", "2019-02", "2019-03", "2019-04", "2019-05", "2019-06", "2019-07", "2019-08", "2019-09", "2019-10", "2019-11", "2019-12", "2020-01", "2020-02", "2020-03", "2020-04", "2020-05", "2020-06", "2020-07"], "y": [-0.42477160692214966, 0.05098012834787369, -0.029904155060648918, 0.5915997624397278, 0.5361507534980774, -0.1781620979309082, -0.024289274588227272, 0.6418461203575134, 0.8435062170028687, 0.49887359142303467, -1.1399370431900024, -1.9557015895843506, -0.19132693111896515, 0.6580695509910583, 1.4368507862091064, 1.4533370733261108, 1.6864968538284302, 1.5492392778396606, 0.4040876030921936]}, "spi_06": {"px": [], "py": [], "pt": [], "pb": [], "x": ["2019-01", "2019-02", "2019-03", "2019-04", "2019-05", "2019-06", "2019-07", "2019-08", "2019-09", "2019-10", "2019-11", "2019-12", "2020-01", "2020-02", "2020-03", "2020-04", "2020-05", "2020-06", "2020-07"], "y": [-0.6385537981987, -0.363831102848053, 0.06093115359544754, 0.06011435389518738, 0.258012980222702, -0.16862043738365173, 0.5214628577232361, 0.6503311395645142, 0.30012115836143494, 0.30971044301986694, -0.7863742113113403, -1.4671200513839722, -0.02804829739034176, -0.028484521433711052, 0.7277827262878418, 1.1571807861328125, 1.6238465309143066, 1.7189857959747314, 1.5219002962112427]}, "spi_12": {"px": ["2021-01", "2021-02", "2021-03", "2021-04", "2021-05", "2021-06", "2021-07", "2021-08", "2021-09", "2021-10", "2021-11", "2021-12"], "py": [5.996737429231241, 5.681330487814827, 6.930926644335637, 8.16593922578425, 8.069332280524542, 7.472588549986405, 6.280995547237788, 7.1045720550894185, 7.5327985687225425, 7.229946732886564, 5.657907084027656, 2.1058862822581776], "pt": [8.291848751436493, 8.492256301977253, 10.176704191262512, 11.794828840465936, 12.044581679864732, 11.766348643233872, 10.87121816599763, 11.9732383654032, 12.664823470512708, 12.612459858184478, 11.279758691408828, 7.957294954263938], "pb": [3.701626107025989, 2.870404673652401, 3.685149097408761, 4.537049611102563, 4.094082881184351, 3.1788284567389367, 1.690772928477946, 2.2359057447756374, 2.400773666932377, 1.8474336075886502, 0.03605547664648334, -3.745522389747583], "x": ["2019-01", "2019-02", "2019-03", "2019-04", "2019-05", "2019-06", "2019-07", "2019-08", "2019-09", "2019-10", "2019-11", "2019-12", "2020-01", "2020-02", "2020-03", "2020-04", "2020-05", "2020-06", "2020-07", "2020-08", "2020-09", "2020-10", "2020-11", "2020-12"], "y": [0.34968215227127075, 0.15036991238594055, -0.001242022030055523, -0.027229849249124527, -0.1488843858242035, -0.23374556005001068, -0.17006398737430573, -0.00263885036110878, 0.11395368725061417, 0.11795955151319504, -0.15324464440345764, -0.9398602247238159, 0.3058468699455261, 0.2961379885673523, 0.7335101962089539, 1.1800413131713867, 1.2792359590530396, 1.2827569246292114, 1.2344990968704224, 1.1096876859664917, 1.0555458068847656, 1.1291335821151733, 1.9410314559936523, 1.7308801412582397],