{"IIS3": {"px": [], "py": [], "pt": [], "pb": [], "x": ["2019-01", "2019-02", "2019-03", "2019-04", "2019-05", "2019-06", "2019-07", "2019-08", "2019-09", "2019-10", "2019-11", "2019-12", "2020-01", "2020-02", "2020-03", "2020-04", "2020-05", "2020-06", "2020-07", "2020-08", "2020-09", "2020-10", "2020-11", "2020-12"], "y": [NaN, NaN, NaN, NaN, NaN, NaN, NaN, NaN, NaN, NaN, NaN, NaN, NaN, NaN, NaN, NaN, NaN, NaN, NaN, NaN, NaN, NaN, NaN, NaN]}, "VHI": {"px": ["2021-01", "2021-02", "2021-03", "2021-04", "2021-05", "2021-06", "2021-07", "2021-08", "2021-09", "2021-10", "2021-11", "2021-12"], "py": [67.64446669542565, 65.67254238760712, 54.06784455029796, 37.121997680375785, 42.84818430578136, 52.3609124322528, 48.456316532872194, 59.38381185453915, 47.56204171664008, 59.837525247961594, 55.67904895623643, 52.4723596033929], "pt": [81.59762176279351, 79.62569745497498, 68.02099961766582, 51.07515274774366, 56.80133937314923, 66.31406749962068, 62.40947160024007, 73.33696692190702, 61.515196784007955, 73.79068031532947, 69.6322040236043, 66.42551467076079], "pb": [53.69131162805779, 51.719387320239264, 40.1146894829301, 23.168842613007918, 28.895029238413485, 38.40775736488493, 34.50316146550432, 45.43065678717127, 33.60888664927221, 45.88437018059372, 41.725893888868555, 38.519204536025015], "x": ["2019-01", "2019-02", "2019-03", "2019-04", "2019-05", "2019-06", "2019-07", "2019-08", "2019-09", "2019-10", "2019-11", "2019-12", "2020-01", "2020-02", "2020-03", "2020-04", "2020-05", "2020-06", "2020-07", "2020-08", "2020-09", "2020-10", "2020-11", "2020-12"], "y": [75.36499786376953, 62.8125, 58.714542388916016, 58.6790885925293, 56.567955017089844, 53.57977294921875, 53.57977294921875, 65.20836639404297, 52.80854415893555, 64.84886169433594, 59.11638641357422, 55.34577941894531, 69.0736083984375, 66.70166778564453, 54.4986686706543, 37.08305358886719, 42.67727279663086, 53.1099967956543, 52.29545593261719, 55.0063591003418, 47.89054870605469, 54.7949104309082, 62.212955474853516, 71.83878326416016]}, "spi_01": {"px": ["2021-01", "2021-02", "2021-03", "2021-04", "2021-05", "2021-06", "2021-07", "2021-08", "2021-09", "2021-10", "2021-11", "2021-12"], "py": [-1.221605068642638, -2.827428452089201, -3.9926256664708917, -3.8624574133152203, -2.891279563883288, -1.7992445768539218, -2.3399020845522593, -3.097316710633927, -2.061254177431361, -1.8763198053836438, -2.4305141076447994, -3.009773609053262], "pt": [3.21316530228529, 1.697746398871395, 0.6211825892623555, 0.838313354290694, 1.8948739019475287, 3.0707948672769314, 2.612602673274468, 1.9363025206153335, 3.052192972399017, 3.3157280510035108, 2.8389621596820085, 2.33600971248405], "pb": [-5.656375439570565, -7.352603303049797, -8.60643392220414, -8.563228180921135, -7.677433029714104, -6.669284020984775, -7.292406842378986, -8.130935941883187, -7.174701327261739, -7.0683676617707984, -7.699990374971607, -8.355556930590573], "x": ["2019-01", "2019-02", "2019-03", "2019-04", "2019-05", "2019-06", "2019-07", "2019-08", "2019-09", "2019-10", "2019-11", "2019-12", "2020-01", "2020-02", "2020-03", "2020-04", "2020-05", "2020-06", "2020-07", "2020-08", "2020-09", "2020-10", "2020-11", "2020-12"], "y": [-1.2557588815689087, -0.6461247205734253, -0.8418656587600708, -1.7825980186462402, -1.8570712804794312, -1.1659023761749268, -0.2796286642551422, -1.5916500091552734, 0.36457711458206177, 0.6467745304107666, -0.33028361201286316, -1.2914707660675049, -0.02849101833999157, -2.133552312850952, -3.70906662940979, -3.539703607559204, -2.194796085357666, -0.6242377161979675, -1.6409802436828613, -1.0832939147949219, -1.0716334581375122, -1.264386534690857, -0.8238391876220703, -2.23152756690979]}, "spi_03": {"px": [], "py": [], "pt": [], "pb": [], "x": ["2019-01", "2019-02", "2019-03", "2019-04", "2019-05", "2019-06", "2019-07", "2019-08", "2019-09", "2019-10", "2019-11", "2019-12", "2020-01", "2020-02", "2020-03", "2020-04", "2020-05", "2020-06", "2020-07"], "y": [0.38179731369018555, -0.5772400498390198, -1.3450572490692139, -1.5450100898742676, -2.020019054412842, -2.338858127593994, -1.9199877977371216, -1.253771185874939, -0.43431639671325684, 0.24558845162391663, 0.02387600764632225, -0.8035158514976501, -1.3593639135360718, -2.062194347381592, -2.6331703662872314, -3.601059675216675, -3.7381796836853027, -3.0977160930633545, -2.0356361865997314]}, "spi_06": {"px": [], "py": [], "pt": [], "pb": [], "x": ["2019-01", "2019-02", "2019-03", "2019-04", "2019-05", "2019-06", "2019-07", "2019-08", "2019-09", "2019-10", "2019-11", "2019-12", "2020-01", "2020-02", "2020-03", "2020-04", "2020-05", "2020-06", "2020-07"], "y": [0.08836400508880615, -0.3141272962093353, -0.5293800830841064, -1.0452616214752197, -1.693442940711975, -2.360661506652832, -2.1617166996002197, -2.3340351581573486, -2.4013123512268066, -1.53471839427948, -0.8906715512275696, -0.9730846881866455, -1.1820809841156006, -1.8634209632873535, -2.6117990016937256, -3.2190120220184326, -3.3659820556640625, -3.295853614807129, -3.6290650367736816]}, "spi_12": {"px": ["2021-01", "2021-02", "2021-03", "2021-04", "2021-05", "2021-06", "2021-07", "2021-08", "2021-09", "2021-10", "2021-11", "2021-12"], "py": [-3.540157384028989, -3.740831137300861, -3.8183200943839255, -3.829070987799706, -3.831585305655146, -3.772377984659371, -3.7552002247994745, -3.8013383059082253, -3.8302186205292688, -3.865388287747008, -4.001880892648235, -4.204552699598736], "pt": [-2.8447694064036586, -2.8891582801920213, -2.834892988978537, -2.729566059317751, -2.627138003418059, -2.471426210005028, -2.3644242773203805, -2.3261976508531017, -2.2752838410910616, -2.234558932965634, -2.298535184776014, -2.431654277060995], "pb": [-4.235545361654319, -4.5925039944097, -4.801747199789314, -4.928575916281661, -5.036032607892233, -5.073329759313713, -5.145976172278568, -5.276478960963349, -5.385153399967476, -5.496217642528382, -5.705226600520458, -5.977451122136476], "x": ["2019-01", "2019-02", "2019-03", "2019-04", "2019-05", "2019-06", "2019-07", "2019-08", "2019-09", "2019-10", "2019-11", "2019-12", "2020-01", "2020-02", "2020-03", "2020-04", "2020-05", "2020-06", "2020-07", "2020-08", "2020-09", "2020-10", "2020-11", "2020-12"], "y": [-2.2293779850006104, -2.3207831382751465, -1.690267562866211, -1.6469000577926636, -1.6442862749099731, -1.605220913887024, -1.6186821460723877, -1.6179933547973633, -1.5977967977523804, -1.6365476846694946, -2.0879883766174316, -2.8438241481781006, -2.637432098388672, -3.034705400466919, -3.2062039375305176, -3.2680814266204834, -3.313066244125366, -3.21945858001709, -3.2522408962249756, -3.246687650680542, -3.300407648086548, -3.48763370513916, -3.5904784202575684, -3.6234965324401855],