{"IIS3": {"px": [], "py": [], "pt": [], "pb": [], "x": ["2019-01", "2019-02", "2019-03", "2019-04", "2019-05", "2019-06", "2019-07", "2019-08", "2019-09", "2019-10", "2019-11", "2019-12", "2020-01", "2020-02", "2020-03", "2020-04", "2020-05", "2020-06", "2020-07", "2020-08", "2020-09", "2020-10", "2020-11", "2020-12"], "y": [NaN, NaN, NaN, NaN, NaN, NaN, NaN, NaN, NaN, NaN, NaN, NaN, NaN, NaN, NaN, NaN, NaN, NaN, NaN, NaN, NaN, NaN, NaN, NaN]}, "VHI": {"px": ["2021-01", "2021-02", "2021-03", "2021-04", "2021-05", "2021-06", "2021-07", "2021-08", "2021-09", "2021-10", "2021-11", "2021-12"], "py": [73.26287741148144, 102.22800547041874, 110.38436866795998, 111.48614534287898, 110.61129552728092, 110.02177323812725, 113.06122911574346, 71.48496467272763, 58.49678788355634, 55.288977789802104, 36.53379747533892, 33.497692904969014], "pt": [88.9756086387595, 120.04196114333797, 130.07660345258472, 132.89248096831562, 133.6043009638238, 134.4988113167213, 138.93732787882973, 98.68826559914183, 86.96548429538912, 84.96916932363749, 67.37793571230716, 65.46342389422153], "pb": [57.550146184203385, 84.41404979749949, 90.69213388333523, 90.07980971744236, 87.61829009073804, 85.54473515953322, 87.18513035265718, 44.28166374631342, 30.028091471723556, 25.60878625596672, 5.68965923837068, 1.5319619157165008], "x": ["2019-01", "2019-02", "2019-03", "2019-04", "2019-05", "2019-06", "2019-07", "2019-08", "2019-09", "2019-10", "2019-11", "2019-12", "2020-01", "2020-02", "2020-03", "2020-04", "2020-05", "2020-06", "2020-07", "2020-08", "2020-09", "2020-10", "2020-11", "2020-12"], "y": [45.9913215637207, 62.82466125488281, 64.63866424560547, 71.99371337890625, 71.54826354980469, 65.72626495361328, 65.72626495361328, 39.065181732177734, 30.873811721801758, 28.839065551757812, 16.932615280151367, 15.087599754333496, 44.34920120239258, 64.53923797607422, 71.60470581054688, 73.56523895263672, 74.2294692993164, 75.11421203613281, 68.87351989746094, 57.59482955932617, 50.489173889160156, 41.63893127441406, 38.53989028930664, 28.790386199951172]}, "spi_01": {"px": ["2021-01", "2021-02", "2021-03", "2021-04", "2021-05", "2021-06", "2021-07", "2021-08", "2021-09", "2021-10", "2021-11", "2021-12"], "py": [2.2557678856566152, 1.9382544663623458, 2.1535427659523743, 2.834901039922073, 3.221325635081201, 3.5758664573647936, 3.4170741887172786, 3.592654085849495, 3.378161334499956, 3.4133749555238344, 4.237695037661552, 0.9149260150586591], "pt": [4.116975503961024, 4.1446983807766, 4.658077791955609, 5.60564040794252, 6.234844772986198, 6.814013851097975, 6.86524754464971, 7.238775373133237, 7.2120237982048, 7.42620467277154, 8.421844089577322, 5.2636504530598724], "pb": [0.39456026735220684, -0.26818944805190803, -0.35099226005086015, 0.0641616719016258, 0.20780649717620436, 0.3377190636316114, -0.031099167215153045, -0.05346720143424699, -0.4557011292048885, -0.5994547617238712, 0.05354598574578162, -3.4337984229425538], "x": ["2019-01", "2019-02", "2019-03", "2019-04", "2019-05", "2019-06", "2019-07", "2019-08", "2019-09", "2019-10", "2019-11", "2019-12", "2020-01", "2020-02", "2020-03", "2020-04", "2020-05", "2020-06", "2020-07", "2020-08", "2020-09", "2020-10", "2020-11", "2020-12"], "y": [0.2683699429035187, -0.6855530738830566, -0.15617017447948456, -0.5013309717178345, -0.6968218088150024, -1.6346790790557861, -0.22807103395462036, -0.19219903647899628, -0.29208844900131226, -0.28169870376586914, 0.09570316970348358, -1.1494405269622803, -0.35043883323669434, -0.5040498375892639, -0.4105609953403473, -0.04991339147090912, 0.21674373745918274, 0.5466998219490051, 0.5282885432243347, -0.7720170021057129, 0.4291073977947235, 0.3516532778739929, 1.6356998682022095, 0.9237682223320007]}, "spi_03": {"px": [], "py": [], "pt": [], "pb": [], "x": ["2019-01", "2019-02", "2019-03", "2019-04", "2019-05", "2019-06", "2019-07", "2019-08", "2019-09", "2019-10", "2019-11", "2019-12", "2020-01", "2020-02", "2020-03", "2020-04", "2020-05", "2020-06", "2020-07"], "y": [0.164939284324646, -0.2970975637435913, -0.49730825424194336, -0.7971318960189819, -0.6371468901634216, -1.1254531145095825, -1.476840615272522, -1.2833173274993896, -0.5086274743080139, -0.7779179215431213, -0.6771848797798157, -1.101880669593811, -0.7947610020637512, -0.8150789141654968, -0.8587396740913391, -0.56185382604599, -0.2267596572637558, 0.002726614475250244, 0.2708786427974701]}, "spi_06": {"px": [], "py": [], "pt": [], "pb": [], "x": ["2019-01", "2019-02", "2019-03", "2019-04", "2019-05", "2019-06", "2019-07", "2019-08", "2019-09", "2019-10", "2019-11", "2019-12", "2020-01", "2020-02", "2020-03", "2020-04", "2020-05", "2020-06", "2020-07"], "y": [-0.05656623840332031, -0.3734091520309448, -0.5054462552070618, -0.6662347316741943, -0.7876681089401245, -0.968611478805542, -1.1097092628479004, -0.8917727470397949, -1.1487758159637451, -1.4947707653045654, -1.3842909336090088, -1.2155518531799316, -0.9657998085021973, -0.913846492767334, -1.0082480907440186, -0.8016470670700073, -0.6902768611907959, -0.5418703556060791, -0.36731016635894775]}, "spi_12": {"px": ["2021-01", "2021-02", "2021-03", "2021-04", "2021-05", "2021-06", "2021-07", "2021-08", "2021-09", "2021-10", "2021-11", "2021-12"], "py": [-0.6752230500086014, -0.4100025281377231, -0.9539911965127315, -0.7964432524515135, -0.44126676338493676, -0.24780267441462778, -0.7044413872843716, -0.5457247266564855, -0.44740383210056955, -0.3926603562097064, -0.3960714843962072, -0.6271933940713235], "pt": [0.24867877975648334, 0.6638153635775037, 0.25123705493684234, 0.5272128250915391, 0.9910585087306965, 1.2855094134088478, 0.9236053664024042, 1.171839393169762, 1.3552377793238906, 1.4912204926667387, 1.5656872485492839, 1.4094675005825614], "pb": [-1.5991248797736861, -1.4838204198529497, -2.1592194479623052, -2.120099329994566, -1.87359203550057, -1.7811147622381034, -2.3324881409711473, -2.263288846482733, -2.250045443525029, -2.2765412050861515, -2.3578302173416983, -2.663854288725208], "x": ["2019-01", "2019-02", "2019-03", "2019-04", "2019-05", "2019-06", "2019-07", "2019-08", "2019-09", "2019-10", "2019-11", "2019-12", "2020-01", "2020-02", "2020-03", "2020-04", "2020-05", "2020-06", "2020-07", "2020-08", "2020-09", "2020-10", "2020-11", "2020-12"], "y": [0.39893701672554016, 0.05646022409200668, -0.040208280086517334, -0.9343575239181519, -0.9304742813110352, -0.9564981460571289, -0.990811824798584, -0.9573978185653687, -0.9730323553085327, -0.9945812821388245, -1.0004769563674927, -1.1430926322937012, -1.2367645502090454, -1.0231282711029053, -1.3701995611190796, -1.2270429134368896, -0.9242762327194214, -0.7121743559837341, -0.6383748054504395, -0.6239774227142334, -0.6131033301353455, -0.6073691844940186, -0.515070378780365, -0.3786182105541229],