{"IIS3": {"px": [], "py": [], "pt": [], "pb": [], "x": ["2019-01", "2019-02", "2019-03", "2019-04", "2019-05", "2019-06", "2019-07", "2019-08", "2019-09", "2019-10", "2019-11", "2019-12", "2020-01", "2020-02", "2020-03", "2020-04", "2020-05", "2020-06", "2020-07", "2020-08", "2020-09", "2020-10", "2020-11", "2020-12"], "y": [NaN, NaN, NaN, NaN, NaN, NaN, NaN, NaN, NaN, NaN, NaN, NaN, NaN, NaN, NaN, NaN, NaN, NaN, NaN, NaN, NaN, NaN, NaN, NaN]}, "VHI": {"px": ["2021-01", "2021-02", "2021-03", "2021-04", "2021-05", "2021-06", "2021-07", "2021-08", "2021-09", "2021-10", "2021-11", "2021-12"], "py": [34.64228336375391, 36.614526332754345, 53.792818086611845, 64.32238723998958, 70.76493777042087, 52.3814978361883, 48.08811246348506, 50.33059384754932, 51.97656482868828, 44.255057912958804, 39.606135740077235, 41.60513369270697], "pt": [52.88452545499919, 57.83898034692517, 77.62925028364383, 90.51157492437098, 99.11227632718499, 82.73392203815044, 80.3211344536725, 84.34038300161436, 87.6747974178237, 81.56540314952906, 78.46176484778971, 81.9468982183219], "pb": [16.40004127250863, 15.39007231858352, 29.956385889579863, 38.133199555608186, 42.41759921365676, 22.029073634226165, 15.855090473297615, 16.3208046934843, 16.27833223955286, 6.944712676388541, 0.7505066323647682, 1.263369167092037], "x": ["2019-01", "2019-02", "2019-03", "2019-04", "2019-05", "2019-06", "2019-07", "2019-08", "2019-09", "2019-10", "2019-11", "2019-12", "2020-01", "2020-02", "2020-03", "2020-04", "2020-05", "2020-06", "2020-07", "2020-08", "2020-09", "2020-10", "2020-11", "2020-12"], "y": [41.7880859375, 48.34300994873047, 51.40102767944336, 59.09694290161133, 42.60346984863281, 39.304443359375, 39.304443359375, 39.64377975463867, 39.60789108276367, 32.29902648925781, 28.565876007080078, 30.8073673248291, 23.68170738220215, 24.758499145507812, 38.54283905029297, 47.62712478637695, 54.09527587890625, 40.3491096496582, 32.141944885253906, 28.347637176513672, 46.37666320800781, 34.680667877197266, 46.28944396972656, 43.0194091796875]}, "spi_01": {"px": [], "py": [], "pt": [], "pb": [], "x": ["2019-01", "2019-02", "2019-03", "2019-04", "2019-05", "2019-06", "2019-07", "2019-08", "2019-09", "2019-10", "2019-11", "2019-12", "2020-01", "2020-02", "2020-03", "2020-04", "2020-05", "2020-06", "2020-07", "2020-08", "2020-09", "2020-10", "2020-11", "2020-12"], "y": [NaN, NaN, NaN, NaN, NaN, NaN, NaN, NaN, NaN, NaN, NaN, NaN, NaN, NaN, NaN, NaN, NaN, NaN, NaN, NaN, NaN, NaN, NaN, NaN]}, "spi_03": {"px": [], "py": [], "pt": [], "pb": [], "x": ["2019-01", "2019-02", "2019-03", "2019-04", "2019-05", "2019-06", "2019-07", "2019-08", "2019-09", "2019-10", "2019-11", "2019-12", "2020-01", "2020-02", "2020-03", "2020-04", "2020-05", "2020-06", "2020-07"], "y": [NaN, NaN, NaN, NaN, NaN, NaN, NaN, NaN, NaN, NaN, NaN, NaN, NaN, NaN, NaN, NaN, NaN, NaN, NaN]}, "spi_06": {"px": [], "py": [], "pt": [], "pb": [], "x": ["2019-01", "2019-02", "2019-03", "2019-04", "2019-05", "2019-06", "2019-07", "2019-08", "2019-09", "2019-10", "2019-11", "2019-12", "2020-01", "2020-02", "2020-03", "2020-04", "2020-05", "2020-06", "2020-07"], "y": [NaN, NaN, NaN, NaN, NaN, NaN, NaN, NaN, NaN, NaN, NaN, NaN, NaN, NaN, NaN, NaN, NaN, NaN, NaN]}, "spi_12": {"px": [], "py": [], "pt": [], "pb": [], "x": ["2019-01", "2019-02", "2019-03", "2019-04", "2019-05", "2019-06", "2019-07", "2019-08", "2019-09", "2019-10", "2019-11", "2019-12", "2020-01", "2020-02", "2020-03", "2020-04", "2020-05", "2020-06", "2020-07", "2020-08", "2020-09", "2020-10", "2020-11", "2020-12"], "y": [NaN, NaN, NaN, NaN, NaN, NaN, NaN, NaN, NaN, NaN, NaN, NaN, NaN, NaN, NaN, NaN, NaN, NaN, NaN, NaN, NaN, NaN, NaN, NaN], "geox": [-36.479551523488176, -36.47734950460668, -36.47004744484729, -36.4696064444415, -36.467846424751194, -36.46190536720945, -36.46026635158183, -36.45683932069928, -36.45076526475731, -36.39882272552315, -36.395850685325456, -36.34874526922592, -36.31299395345262, -36.277876643140225, -36.2772946450675, -36.281040713676255, -36.28109771468691, -36.28519878369128, -36.28790482623634, -36.29117987067822, -36.29598592174495, -36.29803994501268, -36.30557501935312, -36.306074028497406, -36.304275019516005, -36.45363236862441, -36.4536193650272, -36.454945374243955, -36.45618938294086, -36.45760039602038, -36.45818440043245, -36.461236428981444, -36.470989516832546, -36.47204652509107, -36.47362853892159, -36.47423754259396, -36.47953359013391, -36.48474263583008, -36.48782265892838, -36.488492662552105, -36.48752765249376, -36.487819652760194, -36.48465461860949, -36.48246059726906, -36.48049357352027, -36.47862755488552, -36.476323534359054, -36.474627518100455, -36.47391650876714, -36.47357950180325, -36.474495508801986, -36.47351949835113, -36.47340448805294, -36.472108469586125, -36.474967489564065, -36.47715950768447, -36.47943752454316, -36.479551523488176], "geoy": [-9.961409333236876, -9.96227834193901, -9.967997392097729, -9.971523419003638, -9.967653391693423, -9.96345036601493, -9.962536360772907, -9.96240836320048, -9.960985358519316, -9.888082861612656, -9.874510762383506, -9.881465860825038, -9.886933936964512, -9.892298011700907, -9.899500066540712, -9.934556326933457, -9.93505533063501, -9.96718356845288, -9.985345702437032, -10.000269811455002, -10.008075865402558, -10.012842899211243, -10.019385940937882, -10.024005975167999, -10.031137030543142, -10.038355936311525, -10.034922910578214, -10.032272889382975, -10.029835869866636, -10.03024487152967, -10.02942586480574, -10.030565870317403, -10.030878862953218, -10.029667852819658, -10.029305848529773, -10.027536834658115, -10.027550829489778, -10.026518816564558, -10.022040779921593, -10.019683761581106, -10.018301752178385, -10.015977734460451, -10.010294694988255, -10.008659684906368, -10.002628641622337, -10.000757629440013, -10.000903632823437, -9.999874626787717, -9.99695160556325, -9.993050576627775, -9.991841566647205, -9.990164555031757, -9.980980486224798, -9.974197436598322, -9.968564391484403, -9.967028377784626, -9.963473348843982, -9.961409333236876]}}