{"IIS3": {"px": [], "py": [], "pt": [], "pb": [], "x": ["2019-01", "2019-02", "2019-03", "2019-04", "2019-05", "2019-06", "2019-07", "2019-08", "2019-09", "2019-10", "2019-11", "2019-12", "2020-01", "2020-02", "2020-03", "2020-04", "2020-05", "2020-06", "2020-07", "2020-08", "2020-09", "2020-10", "2020-11", "2020-12"], "y": [NaN, NaN, NaN, NaN, NaN, NaN, NaN, NaN, NaN, NaN, NaN, NaN, NaN, NaN, NaN, NaN, NaN, NaN, NaN, NaN, NaN, NaN, NaN, NaN]}, "VHI": {"px": ["2021-01", "2021-02", "2021-03", "2021-04", "2021-05", "2021-06", "2021-07", "2021-08", "2021-09", "2021-10", "2021-11", "2021-12"], "py": [48.382623826685816, 46.83019099131785, 45.688337813491714, 47.771682838691234, 50.851610305728485, 55.360142219115744, 49.3178916477943, 47.900590306752605, 42.99026852687018, 55.67400548594354, 52.67687801999443, 47.13064304468567], "pt": [60.21923238362285, 61.32701658009303, 62.42783010485404, 66.48700416090718, 71.35321761381539, 77.504409021975, 72.99110862938397, 73.00982869182987, 69.45772972547874, 83.43331297588394, 81.67052908953502, 77.30819185772687], "pb": [36.54601526974878, 32.33336540254267, 28.94884552212939, 29.05636151647529, 30.35000299764158, 33.215875416256495, 25.644674666204622, 22.791351921675343, 16.522807328261628, 27.91469799600314, 23.683226950453836, 16.95309423164447], "x": ["2019-01", "2019-02", "2019-03", "2019-04", "2019-05", "2019-06", "2019-07", "2019-08", "2019-09", "2019-10", "2019-11", "2019-12", "2020-01", "2020-02", "2020-03", "2020-04", "2020-05", "2020-06", "2020-07", "2020-08", "2020-09", "2020-10", "2020-11", "2020-12"], "y": [51.9423713684082, 41.77547836303711, 38.498374938964844, 38.43559646606445, 38.68943405151367, 43.19012451171875, 43.19012451171875, 41.498050689697266, 37.04069900512695, 48.82343673706055, 46.37999725341797, 41.646053314208984, 42.036861419677734, 40.448944091796875, 38.86682891845703, 39.8725471496582, 42.28568649291992, 46.81709671020508, 42.00849533081055, 36.727874755859375, 26.501699447631836, 36.093101501464844, 49.279747009277344, 48.23649597167969]}, "spi_01": {"px": [], "py": [], "pt": [], "pb": [], "x": ["2019-01", "2019-02", "2019-03", "2019-04", "2019-05", "2019-06", "2019-07", "2019-08", "2019-09", "2019-10", "2019-11", "2019-12", "2020-01", "2020-02", "2020-03", "2020-04", "2020-05", "2020-06", "2020-07", "2020-08", "2020-09", "2020-10", "2020-11", "2020-12"], "y": [NaN, NaN, NaN, NaN, NaN, NaN, NaN, NaN, NaN, NaN, NaN, NaN, NaN, NaN, NaN, NaN, NaN, NaN, NaN, NaN, NaN, NaN, NaN, NaN]}, "spi_03": {"px": [], "py": [], "pt": [], "pb": [], "x": ["2019-01", "2019-02", "2019-03", "2019-04", "2019-05", "2019-06", "2019-07", "2019-08", "2019-09", "2019-10", "2019-11", "2019-12", "2020-01", "2020-02", "2020-03", "2020-04", "2020-05", "2020-06", "2020-07"], "y": [NaN, NaN, NaN, NaN, NaN, NaN, NaN, NaN, NaN, NaN, NaN, NaN, NaN, NaN, NaN, NaN, NaN, NaN, NaN]}, "spi_06": {"px": [], "py": [], "pt": [], "pb": [], "x": ["2019-01", "2019-02", "2019-03", "2019-04", "2019-05", "2019-06", "2019-07", "2019-08", "2019-09", "2019-10", "2019-11", "2019-12", "2020-01", "2020-02", "2020-03", "2020-04", "2020-05", "2020-06", "2020-07"], "y": [NaN, NaN, NaN, NaN, NaN, NaN, NaN, NaN, NaN, NaN, NaN, NaN, NaN, NaN, NaN, NaN, NaN, NaN, NaN]}, "spi_12": {"px": [], "py": [], "pt": [], "pb": [], "x": ["2019-01", "2019-02", "2019-03", "2019-04", "2019-05", "2019-06", "2019-07", "2019-08", "2019-09", "2019-10", "2019-11", "2019-12", "2020-01", "2020-02", "2020-03", "2020-04", "2020-05", "2020-06", "2020-07", "2020-08", "2020-09", "2020-10", "2020-11", "2020-12"], "y": [NaN, NaN, NaN, NaN, NaN, NaN, NaN, NaN, NaN, NaN, NaN, NaN, NaN, NaN, NaN, NaN, NaN, NaN, NaN, NaN, NaN, NaN, NaN, NaN], "geox": [-47.211681231952845, -47.1989831352752, -47.1947851031428, -47.187099044031385, -47.18286501186375, -47.17429894643287, -47.16806889849651, -47.16527787714648, -47.16244285533432, -47.157847820202925, -47.151822773700914, -47.145210723092205, -47.141363694088575, -47.13938567895071, -47.13822367102514, -47.12675258390705, -47.12577757714518, -47.12347155987271, -47.11836152125221, -47.11619150495997, -47.11230847649777, -47.10472341935392, -47.09841737213217, -47.09413733980224, -47.092560327828856, -47.08889529980536, -47.08716728625341, -47.080477235513705, -47.07744621238662, -47.065083117457206, -47.06114008727832, -47.05200301693046, -47.04513796444594, -47.04039392765191, -47.031811861581545, -47.028477836059935, -47.02316979484817, -47.021559782132414, -47.01827975707788, -47.01702774714481, -47.01252571230284, -47.01037869575438, -47.00199563151383, -46.99700059342979, -46.993831569948455, -46.9904895444564, -46.98807152611321, -46.985560507271934, -46.98284848675725, -46.97549443124951, -46.97571243425778, -46.97797745251373, -46.98614351729668, -46.986061517937856, -46.98360549952667, -46.98306749569406, -46.98030347489616, -46.977856456625005, -46.976278445110424, -46.975928442977995, -46.97707145220736, -46.978444463007975, -46.97903546815418, -46.98713353106864, -46.98840454151381, -46.99188456869881, -47.00042163432219, -47.00822369504938, -47.01175172281383, -47.014448743823415, -47.01799977087937, -47.024056817732166, -47.02724684214837, -47.030226864982666, -47.03291988579492, -47.03667191521914, -47.04511798084339, -47.04847700657508, -47.05131202801201, -47.05352104523848, -47.055532061486296, -47.05520005949605, -47.06141510812785, -47.06444913262497, -47.06364412738042, -47.06178611354643, -47.05886209140128, -47.05758708215393, -47.05853108973524, -47.06014310248411, -47.062767122740084, -47.09623938636027, -47.18256206744407, -47.18740110493009, -47.19466614016513, -47.19389213380832, -47.193999134121114, -47.196746154705124, -47.2118872695221, -47.21395028438607, -47.20663822634704, -47.2056652181635, -47.20547421562139, -47.202642192973606, -47.20044817587221, -47.199915170829456, -47.20110917951277, -47.20566621361219, -47.20716422462486, -47.212171262179425, -47.212058260481676, -47.20317319268007, -47.191917107199274, -47.215616261953, -47.211681231952845],