{"IIS3": {"px": [], "py": [], "pt": [], "pb": [], "x": ["2019-01", "2019-02", "2019-03", "2019-04", "2019-05", "2019-06", "2019-07", "2019-08", "2019-09", "2019-10", "2019-11", "2019-12", "2020-01", "2020-02", "2020-03", "2020-04", "2020-05", "2020-06", "2020-07", "2020-08", "2020-09", "2020-10", "2020-11", "2020-12"], "y": [NaN, NaN, NaN, NaN, NaN, NaN, NaN, NaN, NaN, NaN, NaN, NaN, NaN, NaN, NaN, NaN, NaN, NaN, NaN, NaN, NaN, NaN, NaN, NaN]}, "VHI": {"px": ["2021-01", "2021-02", "2021-03", "2021-04", "2021-05", "2021-06", "2021-07", "2021-08", "2021-09", "2021-10", "2021-11", "2021-12"], "py": [50.28833751911159, 49.9633579905222, 50.43692117520462, 47.421931351082435, 48.207588870864285, 51.803427356575, 54.26008660408422, 53.957685769231205, 41.940576543981166, 38.3780517553557, 35.365541691534354, 37.43173934604371], "pt": [61.243046035206106, 61.26920074280787, 62.0833164117672, 59.39919997431389, 60.506832967143595, 64.41643044888724, 67.17923087425534, 67.17588270906805, 55.45120835774654, 52.17492146097901, 49.44283032751689, 51.783969033711756], "pb": [39.33362900301708, 38.65751523823653, 38.790525938642034, 35.44466272785099, 35.908344774584975, 39.19042426426276, 41.340942333913105, 40.73948882939436, 28.429944730215787, 24.58118204973239, 21.28825305555182, 23.07950965837567], "x": ["2019-01", "2019-02", "2019-03", "2019-04", "2019-05", "2019-06", "2019-07", "2019-08", "2019-09", "2019-10", "2019-11", "2019-12", "2020-01", "2020-02", "2020-03", "2020-04", "2020-05", "2020-06", "2020-07", "2020-08", "2020-09", "2020-10", "2020-11", "2020-12"], "y": [53.04178237915039, 51.92464065551758, 61.78000259399414, 56.27685546875, 58.83964157104492, 63.44321060180664, 63.44321060180664, 63.72057342529297, 50.45656967163086, 46.35392379760742, 42.832496643066406, 44.850284576416016, 56.93178176879883, 57.01000213623047, 57.47371292114258, 53.48214340209961, 53.253929138183594, 56.58599853515625, 66.39142608642578, 66.49571228027344, 42.15228271484375, 33.577999114990234, 25.917497634887695, 46.20809555053711]}, "spi_01": {"px": ["2021-01", "2021-02", "2021-03", "2021-04", "2021-05", "2021-06", "2021-07", "2021-08", "2021-09", "2021-10", "2021-11", "2021-12"], "py": [0.020137479641280986, 1.5746332077957952, -1.0494022631204643, -1.072055058658917, 0.14779318910110728, -0.6155217165440012, -0.5847552036922292, -0.6446364402785982, -0.12754140167016814, -1.3891666779498566, -0.28683260687244294, -1.700060997064356], "pt": [1.93146639618322, 3.4859621243377354, 0.8619266534214756, 0.8392738578830237, 2.0591221056430484, 1.29580719999794, 1.3265737128497115, 1.2666924762633425, 1.783787514871774, 0.5221622385920845, 1.6244963096694987, 0.21126791947758594], "pb": [-1.8911914369006584, -0.33669570874614463, -2.960731179662404, -2.9833839752008573, -1.7635357274408334, -2.526850633085942, -2.4960841202341704, -2.5559653568205394, -2.0388703182121097, -3.300495594491798, -2.1981615234143845, -3.611389913606298], "x": ["2019-01", "2019-02", "2019-03", "2019-04", "2019-05", "2019-06", "2019-07", "2019-08", "2019-09", "2019-10", "2019-11", "2019-12", "2020-01", "2020-02", "2020-03", "2020-04", "2020-05", "2020-06", "2020-07", "2020-08", "2020-09", "2020-10", "2020-11", "2020-12"], "y": [-1.823175311088562, 1.0470770597457886, 0.9982381463050842, 0.8495705127716064, 0.6708612442016602, -0.10655457526445389, -0.2807290256023407, -0.22875548899173737, 0.3180048167705536, -1.1922259330749512, -0.08226028829813004, -1.582453966140747, 0.11519628018140793, 1.844986081123352, -0.9066376090049744, -0.9515620470046997, 0.3840508759021759, -0.4281211197376251, 0.8346393704414368, 0.55738365650177, -0.7464921474456787, -1.0636807680130005, 0.8669520616531372, -2.959009885787964]}, "spi_03": {"px": [], "py": [], "pt": [], "pb": [], "x": ["2019-01", "2019-02", "2019-03", "2019-04", "2019-05", "2019-06", "2019-07", "2019-08", "2019-09", "2019-10", "2019-11", "2019-12", "2020-01", "2020-02", "2020-03", "2020-04", "2020-05", "2020-06", "2020-07"], "y": [-0.3038925528526306, -0.7451658844947815, -0.03277910500764847, 1.3107539415359497, 1.329115390777588, 0.4867192208766937, 0.007850763387978077, -1.1739188432693481, -0.1552181988954544, -0.9310780167579651, -0.6282379031181335, -1.6673675775527954, -0.9682196378707886, 0.3575740456581116, 0.6681323647499084, 0.9031051397323608, -1.257975697517395, -0.8001000285148621, 0.06953957676887512]}, "spi_06": {"px": [], "py": [], "pt": [], "pb": [], "x": ["2019-01", "2019-02", "2019-03", "2019-04", "2019-05", "2019-06", "2019-07", "2019-08", "2019-09", "2019-10", "2019-11", "2019-12", "2020-01", "2020-02", "2020-03", "2020-04", "2020-05", "2020-06", "2020-07"], "y": [0.6555207371711731, 0.7961360216140747, 0.9330155253410339, 0.5714151263237, -0.15366555750370026, 0.0031139382626861334, 1.405264139175415, 1.095659852027893, 0.061063483357429504, -1.1134945154190063, -0.9824248552322388, -1.5775214433670044, -1.1893596649169922, 0.04776144027709961, -0.25520047545433044, -0.13661928474903107, -0.08660494536161423, 0.5405513644218445, 0.9412235617637634]}, "spi_12": {"px": ["2021-01", "2021-02", "2021-03", "2021-04", "2021-05", "2021-06", "2021-07", "2021-08", "2021-09", "2021-10", "2021-11", "2021-12"], "py": [0.7836340087582347, 1.775892296103181, 0.8550963207327396, 0.6607765077757932, 0.6057921009602163, 0.5664664036253604, 1.4772913406079184, 1.2956948526466259, 1.2293807609834162, 0.591556524610465, -0.25203900940225, -0.593195937193977], "pt": [1.9931747987611201, 3.2572711717191014, 2.5656453038259963, 2.573228408870736, 2.700778192666304, 2.8293100073422037, 3.8963729070960174, 3.861518321976268, 3.933996172867902, 3.4281810991080093, 2.7107187307924585, 2.4905400887206834], "pb": [-0.42590678124465087, 0.29451342048726037, -0.8554526623605174, -1.2516753933191496, -1.4891939907458709, -1.696377200091483, -0.9417902258801809, -1.2701286166830168, -1.4752346509010694, -2.2450680498870788, -3.2147967495969585, -3.676931963108638], "x": ["2019-01", "2019-02", "2019-03", "2019-04", "2019-05", "2019-06", "2019-07", "2019-08", "2019-09", "2019-10", "2019-11", "2019-12", "2020-01", "2020-02", "2020-03", "2020-04", "2020-05", "2020-06", "2020-07", "2020-08", "2020-09", "2020-10", "2020-11", "2020-12"], "y": [-0.09143421053886414, 0.385989785194397, 0.9799181818962097, 1.1474883556365967, 1.2631198167800903, 1.1750530004501343, 1.1920820474624634, 1.048768162727356, 0.949255645275116, 0.27380964159965515, -0.5385022163391113, -0.8826150894165039, -0.1438407450914383, 0.3554718494415283, -0.31493061780929565, -0.5021933317184448, -0.5349593162536621, -0.511924147605896, -0.4538450539112091, -0.41269996762275696, -0.5639445781707764, -0.5294607281684875, -0.13376028835773468, -0.43160074949264526],