{"IIS3": {"px": [], "py": [], "pt": [], "pb": [], "x": ["2019-01", "2019-02", "2019-03", "2019-04", "2019-05", "2019-06", "2019-07", "2019-08", "2019-09", "2019-10", "2019-11", "2019-12", "2020-01", "2020-02", "2020-03", "2020-04", "2020-05", "2020-06", "2020-07", "2020-08", "2020-09", "2020-10", "2020-11", "2020-12"], "y": [NaN, NaN, NaN, NaN, NaN, NaN, NaN, NaN, NaN, NaN, NaN, NaN, NaN, NaN, NaN, NaN, NaN, NaN, NaN, NaN, NaN, NaN, NaN, NaN]}, "VHI": {"px": ["2021-01", "2021-02", "2021-03", "2021-04", "2021-05", "2021-06", "2021-07", "2021-08", "2021-09", "2021-10", "2021-11", "2021-12"], "py": [87.4458797303658, 88.78115851764606, 87.84782828283402, 88.078034354428, 82.4369914742752, 74.26369457421711, 64.04453113152468, 51.67407035046628, 46.943643906846305, 56.87380776573704, 58.43403831296381, 56.704514509386485], "pt": [103.21887499557097, 106.00182724047937, 106.40356817341652, 107.87903267553139, 103.40943973712055, 96.34553412084703, 87.18263151570692, 75.82227403135897, 72.06136260578998, 82.92498517223154, 85.38636466691764, 84.52881948750623], "pb": [71.67288446516064, 71.56048979481274, 69.29208839225151, 68.2770360333246, 61.464543211429856, 52.18185502758719, 40.90643074734244, 27.52586666957359, 21.825925207902635, 30.822630359242545, 31.48171195900997, 28.880209531266743], "x": ["2019-01", "2019-02", "2019-03", "2019-04", "2019-05", "2019-06", "2019-07", "2019-08", "2019-09", "2019-10", "2019-11", "2019-12", "2020-01", "2020-02", "2020-03", "2020-04", "2020-05", "2020-06", "2020-07", "2020-08", "2020-09", "2020-10", "2020-11", "2020-12"], "y": [49.980873107910156, 49.995323181152344, 57.447391510009766, 57.53190994262695, 45.334781646728516, 33.5306510925293, 33.5306510925293, 25.6948184967041, 22.67121696472168, 29.080432891845703, 30.319137573242188, 29.910343170166016, 57.44284439086914, 59.444740295410156, 60.33130645751953, 61.34215545654297, 57.6010856628418, 52.729652404785156, 44.939273834228516, 45.63579559326172, 45.601478576660156, 34.40947723388672, 48.216522216796875, 56.02560043334961]}, "spi_01": {"px": ["2021-01", "2021-02", "2021-03", "2021-04", "2021-05", "2021-06", "2021-07", "2021-08", "2021-09", "2021-10", "2021-11", "2021-12"], "py": [1.359526204499046, -0.11015835230636872, -0.6093540294755926, -0.28273744612616847, -1.1364790001578788, 0.3633304479704842, 0.047543522372346825, -0.6850254610937725, 0.5188899514144807, 0.73275484211845, 0.46604873051142226, -0.9813833800577794], "pt": [3.474324522470562, 2.336915042752426, 2.1299824733867325, 2.7205542065481794, 2.1093732802351823, 3.8348363605741564, 3.7309047015606813, 3.1986513858466488, 4.593045339537339, 4.988872603844497, 4.896662082722305, 3.617108867614144], "pb": [-0.7552721134724703, -2.5572317473651633, -3.348690532337918, -3.286029098800516, -4.38233128055094, -3.108175464633188, -3.6358176568159877, -4.568702308034194, -3.555265436708378, -3.5233629196075973, -3.9645646216994606, -5.579875627729702], "x": ["2019-01", "2019-02", "2019-03", "2019-04", "2019-05", "2019-06", "2019-07", "2019-08", "2019-09", "2019-10", "2019-11", "2019-12", "2020-01", "2020-02", "2020-03", "2020-04", "2020-05", "2020-06", "2020-07", "2020-08", "2020-09", "2020-10", "2020-11", "2020-12"], "y": [-1.3377898931503296, -0.45210525393486023, 0.26429975032806396, 0.9513348340988159, -0.17777082324028015, 1.1659667491912842, -0.2623841166496277, -0.8761428594589233, 0.12507042288780212, 0.1455792337656021, -0.22152307629585266, -1.4107178449630737, 0.00688434112817049, -0.9566740989685059, -1.298837661743164, -1.1027380228042603, -1.589823603630066, -0.438429594039917, -1.075331687927246, -0.21642231941223145, -1.2289454936981201, 0.7740451097488403, 1.8789862394332886, -1.019202709197998]}, "spi_03": {"px": [], "py": [], "pt": [], "pb": [], "x": ["2019-01", "2019-02", "2019-03", "2019-04", "2019-05", "2019-06", "2019-07", "2019-08", "2019-09", "2019-10", "2019-11", "2019-12", "2020-01", "2020-02", "2020-03", "2020-04", "2020-05", "2020-06", "2020-07"], "y": [-0.6249586939811707, -0.5662225484848022, -0.9076620936393738, 0.22090263664722443, 0.5779586434364319, 0.7992880940437317, 0.018857136368751526, 0.46753281354904175, -0.4365138113498688, -0.04519767686724663, -0.299731582403183, -1.6121950149536133, -0.8698528409004211, -1.1635420322418213, -1.296329140663147, -1.8392690420150757, -1.7304068803787231, -1.5933043956756592, -1.6682171821594238]}, "spi_06": {"px": [], "py": [], "pt": [], "pb": [], "x": ["2019-01", "2019-02", "2019-03", "2019-04", "2019-05", "2019-06", "2019-07", "2019-08", "2019-09", "2019-10", "2019-11", "2019-12", "2020-01", "2020-02", "2020-03", "2020-04", "2020-05", "2020-06", "2020-07"], "y": [-0.6413284540176392, -0.8170359134674072, -0.5928047895431519, -0.211772158741951, -0.06375816464424133, -0.3587491810321808, 0.19130732119083405, 0.574897289276123, 0.6976211071014404, -0.16051998734474182, -0.18078388273715973, -1.555293083190918, -0.9071402549743652, -1.2725083827972412, -1.6716525554656982, -1.9041192531585693, -1.847166657447815, -1.7087236642837524, -1.973541021347046]}, "spi_12": {"px": ["2021-01", "2021-02", "2021-03", "2021-04", "2021-05", "2021-06", "2021-07", "2021-08", "2021-09", "2021-10", "2021-11", "2021-12"], "py": [-0.9217399266031117, -0.9108098886925506, -1.2969727094523094, -1.989392379937999, -1.9971897514938617, -2.0283325257164178, -1.4565097348584641, -1.5336574849015576, -1.585883585382022, -1.6097216498172162, -1.531911901686575, -1.8079776976042266], "pt": [0.6632272788659979, 1.030370562708626, 0.944509400088517, 0.5166608018363039, 0.7480539630733212, 0.9368695845722117, 1.713424658366364, 1.8285656724512043, 1.9582108070303317, 2.1073559071915433, 2.3504489866528546, 2.2329116314664468], "pb": [-2.506707132072221, -2.851990340093727, -3.5384548189931353, -4.495445561712302, -4.742433466061045, -4.993534636005047, -4.626444128083293, -4.895880642254319, -5.1299779777943755, -5.326799206825975, -5.414272790026004, -5.848867026674901], "x": ["2019-01", "2019-02", "2019-03", "2019-04", "2019-05", "2019-06", "2019-07", "2019-08", "2019-09", "2019-10", "2019-11", "2019-12", "2020-01", "2020-02", "2020-03", "2020-04", "2020-05", "2020-06", "2020-07", "2020-08", "2020-09", "2020-10", "2020-11", "2020-12"], "y": [-0.9980343580245972, -1.173627257347107, -0.9225645661354065, -0.49098730087280273, -0.29275819659233093, -0.22312748432159424, -0.21596896648406982, -0.21074187755584717, -0.19668716192245483, -0.22239331901073456, -0.11788862198591232, -0.7259568572044373, -0.24942618608474731, -0.3569079339504242, -0.9510177373886108, -1.8483513593673706, -1.9065141677856445, -1.9615262746810913, -1.9713492393493652, -1.94719660282135, -1.9516607522964478, -1.8705857992172241, -1.3179997205734253, -1.3113213777542114], "geox": [-41.31058378991252, -41.29908566644673, -41.247217228803514, -41.231138078743655, -41.22375800892984, -41.21737695283099, -41.19779676882718, -41.19000369800022, -41.21209883448082, -41.22434691127089, -41.22001687307914, -41.215679833492594, -41.21317181233805, -41.212328803927335, -41.209541780534856, -41.208145768300746, -41.207166759467896, -41.20645175038508, -41.20043769569379, -41.197899673323285, -41.19707566429238, -41.19702965632594, -41.19826766405823, -41.19851866176901, -41.18885157091606, -41.19615259529284, -41.19005852858183, -41.13034502058102, -41.141071170659494, -41.170560587387726, -41.17564965970418, -41.192277895450026, -41.23329523652933, -41.25446938936659, -41.31726685961214, -41.309855784188564, -41.31058378991252],