{"IIS3": {"px": [], "py": [], "pt": [], "pb": [], "x": ["2019-01", "2019-02", "2019-03", "2019-04", "2019-05", "2019-06", "2019-07", "2019-08", "2019-09", "2019-10", "2019-11", "2019-12", "2020-01", "2020-02", "2020-03", "2020-04", "2020-05", "2020-06", "2020-07", "2020-08", "2020-09", "2020-10", "2020-11", "2020-12"], "y": [NaN, NaN, NaN, NaN, NaN, NaN, NaN, NaN, NaN, NaN, NaN, NaN, NaN, NaN, NaN, NaN, NaN, NaN, NaN, NaN, NaN, NaN, NaN, NaN]}, "VHI": {"px": ["2021-01", "2021-02", "2021-03", "2021-04", "2021-05", "2021-06", "2021-07", "2021-08", "2021-09", "2021-10", "2021-11", "2021-12"], "py": [66.20713274410883, 73.35944606930617, 61.485551060239345, 58.339534228048905, 61.409960651898785, 69.60930337646786, 66.72195919122187, 72.14666503804438, 61.813934433024855, 49.7682598382187, 41.3843426610085, 37.47281881194661], "pt": [75.41040197245198, 82.56271529764932, 70.68882028858249, 67.54280345639205, 70.61322988024193, 78.81257260481101, 75.92522841956503, 81.34993426638752, 71.01720366136801, 58.97152906656186, 50.58761188935166, 46.67608804028977], "pb": [57.00386351576569, 64.15617684096303, 52.2822818318962, 49.13626499970576, 52.20669142355564, 60.40603414812472, 57.51868996287871, 62.94339580970123, 52.610665204681695, 40.56499060987554, 32.18107343266534, 28.26954958360345], "x": ["2019-01", "2019-02", "2019-03", "2019-04", "2019-05", "2019-06", "2019-07", "2019-08", "2019-09", "2019-10", "2019-11", "2019-12", "2020-01", "2020-02", "2020-03", "2020-04", "2020-05", "2020-06", "2020-07", "2020-08", "2020-09", "2020-10", "2020-11", "2020-12"], "y": [68.89933776855469, 63.419151306152344, 57.206478118896484, 56.58255386352539, 55.54112243652344, 61.844234466552734, 61.844234466552734, 66.90858459472656, 57.271034240722656, 45.641387939453125, 37.58106994628906, 33.99817657470703, 62.923980712890625, 69.74261474609375, 57.83985900878906, 54.41075897216797, 57.658905029296875, 66.43122863769531, 65.03103637695312, 64.11882019042969, 52.59199905395508, 43.0565185546875, 49.89351272583008, 43.580360412597656]}, "spi_01": {"px": ["2021-01", "2021-02", "2021-03", "2021-04", "2021-05", "2021-06", "2021-07", "2021-08", "2021-09", "2021-10", "2021-11", "2021-12"], "py": [1.1304890106042054, 0.07035796106782621, 0.9314384994663754, 0.016104445598089878, -0.5246622628679127, -1.3305670151498776, -0.31237232965658546, -0.08926227662310104, -0.38220242746521427, -0.40232366843208833, 0.7289817144228805, -0.15724805192880797], "pt": [2.6345389003398028, 1.574407850803424, 2.435488389201973, 1.5201543353336877, 0.9793876268676849, 0.17348287458572065, 1.1916775600790128, 1.4147876131124972, 1.1218474622703845, 1.1017262213035108, 2.2330316041584792, 1.3468018378067912], "pb": [-0.3735608791313918, -1.4336919286677714, -0.5726113902692223, -1.487945444137508, -2.028712152603511, -2.834616904885476, -1.8164222193921837, -1.5933121663586995, -1.8862523172008128, -1.9063735581676873, -0.7750681753127184, -1.6612979416644071], "x": ["2019-01", "2019-02", "2019-03", "2019-04", "2019-05", "2019-06", "2019-07", "2019-08", "2019-09", "2019-10", "2019-11", "2019-12", "2020-01", "2020-02", "2020-03", "2020-04", "2020-05", "2020-06", "2020-07", "2020-08", "2020-09", "2020-10", "2020-11", "2020-12"], "y": [0.09667883813381195, 0.8127188682556152, 1.1062498092651367, 0.6689630746841431, 0.8325873613357544, 0.012385979294776917, -0.0872364267706871, 0.17037932574748993, -0.1860775649547577, -0.23174268007278442, 0.9060239791870117, -0.12277038395404816, 0.8983665704727173, -0.07869932055473328, 0.7941442728042603, -0.04842469096183777, -0.532620906829834, -1.315420389175415, -0.37910109758377075, 0.4724973440170288, 0.4227104187011719, -0.26964640617370605, 2.0099401473999023, -0.3727380633354187]}, "spi_03": {"px": [], "py": [], "pt": [], "pb": [], "x": ["2019-01", "2019-02", "2019-03", "2019-04", "2019-05", "2019-06", "2019-07", "2019-08", "2019-09", "2019-10", "2019-11", "2019-12", "2020-01", "2020-02", "2020-03", "2020-04", "2020-05", "2020-06", "2020-07"], "y": [0.9641823172569275, 1.035766839981079, 0.8547583818435669, 1.0680742263793945, 1.068681240081787, 0.741148829460144, 0.5542384386062622, -0.14022290706634521, -0.19690729677677155, -0.46104270219802856, 0.2853149473667145, -0.14116936922073364, 0.7750058770179749, 0.3976430594921112, 0.674555778503418, 0.23589757084846497, 0.11983296275138855, -0.5542327165603638, -1.016834020614624]}, "spi_06": {"px": [], "py": [], "pt": [], "pb": [], "x": ["2019-01", "2019-02", "2019-03", "2019-04", "2019-05", "2019-06", "2019-07", "2019-08", "2019-09", "2019-10", "2019-11", "2019-12", "2020-01", "2020-02", "2020-03", "2020-04", "2020-05", "2020-06", "2020-07"], "y": [0.8452116250991821, 0.971079409122467, 1.156785488128662, 1.1241035461425781, 1.1869807243347168, 0.8697803020477295, 0.971989631652832, 0.8573431968688965, 0.6299216747283936, 0.3659939765930176, -0.11345973610877991, -0.3077755570411682, 0.6153503656387329, 0.3692132234573364, 0.5445866584777832, 0.45780375599861145, 0.24801760911941528, 0.184339702129364, -0.1473207175731659]}, "spi_12": {"px": ["2021-01", "2021-02", "2021-03", "2021-04", "2021-05", "2021-06", "2021-07", "2021-08", "2021-09", "2021-10", "2021-11", "2021-12"], "py": [0.45364313344808127, 0.36778096902696955, 0.4003964003181606, 0.24037022259280594, -0.022084338459750663, -0.0967408463595425, 0.17806715624482128, 0.14509839171068672, 0.11997713802625376, 0.09439326607389487, 0.11443344291467761, -0.024083087042094053], "pt": [1.0894883425325346, 1.1465291259180246, 1.2996173152254915, 1.245729768104928, 1.0792318639534813, 1.0928166090176523, 1.449757567307604, 1.4939297612801345, 1.5417702402321107, 1.585582451732682, 1.6719297508946616, 1.597010467111041], "pb": [-0.18220207563637203, -0.41096718786408526, -0.49882451458917054, -0.7649893229193161, -1.1234005408729828, -1.286298301736737, -1.0936232548179614, -1.2037329778587609, -1.3018159641796032, -1.3967959195848925, -1.4430628650653061, -1.645176641195229], "x": ["2019-01", "2019-02", "2019-03", "2019-04", "2019-05", "2019-06", "2019-07", "2019-08", "2019-09", "2019-10", "2019-11", "2019-12", "2020-01", "2020-02", "2020-03", "2020-04", "2020-05", "2020-06", "2020-07", "2020-08", "2020-09", "2020-10", "2020-11", "2020-12"], "y": [0.8444470763206482, 0.6240973472595215, 0.9884980916976929, 0.8483490347862244, 1.0223028659820557, 1.0687334537506104, 1.021880030632019, 1.018870234489441, 1.0144875049591064, 0.9878523349761963, 1.0133352279663086, 0.7332022190093994, 1.0113123655319214, 0.8386470079421997, 0.8242994546890259, 0.566834568977356, 0.20239542424678802, 0.08976393938064575, 0.07375660538673401, 0.08215588331222534, 0.08563897013664246, 0.08863496780395508, 0.24741318821907043, 0.23332488536834717],