{"IIS3": {"px": [], "py": [], "pt": [], "pb": [], "x": ["2019-01", "2019-02", "2019-03", "2019-04", "2019-05", "2019-06", "2019-07", "2019-08", "2019-09", "2019-10", "2019-11", "2019-12", "2020-01", "2020-02", "2020-03", "2020-04", "2020-05", "2020-06", "2020-07", "2020-08", "2020-09", "2020-10", "2020-11", "2020-12"], "y": [NaN, NaN, NaN, NaN, NaN, NaN, NaN, NaN, NaN, NaN, NaN, NaN, NaN, NaN, NaN, NaN, NaN, NaN, NaN, NaN, NaN, NaN, NaN, NaN]}, "VHI": {"px": ["2021-01", "2021-02", "2021-03", "2021-04", "2021-05", "2021-06", "2021-07", "2021-08", "2021-09", "2021-10", "2021-11", "2021-12"], "py": [47.786548951042974, 46.04592372370438, 40.66582234722894, 42.1373585214282, 41.15781839929562, 43.42775341033675, 43.03384354332182, 42.43693801815397, 43.011260292741724, 43.21930425187256, 40.21421413201682, 39.70088490655631], "pt": [60.30794705796146, 59.64113690807244, 55.256032506952096, 57.65891267948088, 57.55791152274574, 60.661657942807324, 61.063038655993466, 61.22779450175409, 62.53408535377555, 63.44762868421752, 61.12424809460707, 61.271094254014], "pb": [35.26515084412449, 32.45071053933631, 26.075612187505783, 26.615804363375517, 24.757725275845495, 26.193848877866174, 25.004648430650178, 23.646081534553844, 23.488435231707896, 22.990979819527595, 19.304180169426573, 18.13067555909862], "x": ["2019-01", "2019-02", "2019-03", "2019-04", "2019-05", "2019-06", "2019-07", "2019-08", "2019-09", "2019-10", "2019-11", "2019-12", "2020-01", "2020-02", "2020-03", "2020-04", "2020-05", "2020-06", "2020-07", "2020-08", "2020-09", "2020-10", "2020-11", "2020-12"], "y": [53.95110321044922, 63.58970642089844, 60.3200569152832, 60.72634506225586, 60.29936218261719, 60.779762268066406, 60.779762268066406, 60.57826614379883, 61.20246124267578, 61.24941635131836, 57.30976867675781, 56.38863754272461, 60.94352722167969, 59.27669906616211, 52.836997985839844, 53.41488265991211, 51.129127502441406, 52.87046432495117, 55.64875793457031, 64.32011413574219, 42.66101837158203, 43.111907958984375, 37.45139694213867, 47.76456832885742]}, "spi_01": {"px": ["2021-01", "2021-02", "2021-03", "2021-04", "2021-05", "2021-06", "2021-07", "2021-08", "2021-09", "2021-10", "2021-11", "2021-12"], "py": [-0.08368956983985676, 1.8598796152204038, -0.44440847895704216, -0.1222990737284646, 0.2286801911675398, -0.19162709056200855, -0.031876436339210557, -0.03460848359183055, 0.30375731140649354, -0.9767256352248146, 0.48509664915383865, -1.1819201879775347], "pt": [1.809696091064393, 3.7532652761246545, 1.4489771819472086, 1.7710865871757857, 2.12206585207179, 1.7017585703422426, 1.8615092245650402, 1.8587771773124206, 2.197142972310745, 0.9166600256794375, 2.378482310058091, 0.7114654729267178], "pb": [-1.9770752307441066, -0.03350604568384652, -2.3377941398612925, -2.0156847346327154, -1.664705469736711, -2.0850127514662598, -1.9252620972434618, -1.9279941444960822, -1.589628349497758, -2.8701112961290667, -1.4082890117504134, -3.0753058488817873], "x": ["2019-01", "2019-02", "2019-03", "2019-04", "2019-05", "2019-06", "2019-07", "2019-08", "2019-09", "2019-10", "2019-11", "2019-12", "2020-01", "2020-02", "2020-03", "2020-04", "2020-05", "2020-06", "2020-07", "2020-08", "2020-09", "2020-10", "2020-11", "2020-12"], "y": [-1.7138628959655762, 0.7887611389160156, 0.7831889390945435, 1.262709617614746, 0.9642306566238403, -0.3179696798324585, 0.11089800298213959, 0.20883148908615112, 0.5561959147453308, -0.9113566875457764, 0.4721038341522217, -1.217270851135254, -0.17535185813903809, 1.6733965873718262, -0.599869966506958, -0.37912964820861816, -0.1344471424818039, -0.48259973526000977, -0.20664650201797485, 0.11381835490465164, -1.184620976448059, -1.1922781467437744, -0.8563082814216614, 0.6121326684951782]}, "spi_03": {"px": [], "py": [], "pt": [], "pb": [], "x": ["2019-01", "2019-02", "2019-03", "2019-04", "2019-05", "2019-06", "2019-07", "2019-08", "2019-09", "2019-10", "2019-11", "2019-12", "2020-01", "2020-02", "2020-03", "2020-04", "2020-05", "2020-06", "2020-07"], "y": [-0.7295777797698975, -0.7107205390930176, -0.13624918460845947, 1.226419448852539, 1.4857008457183838, 1.2110763788223267, 0.3221430778503418, -0.8690205812454224, 0.31883692741394043, -0.5473185777664185, -0.1467752903699875, -1.1797717809677124, -0.7652158737182617, 0.5060007572174072, 0.6804285049438477, 1.0480557680130005, -1.0259121656417847, -0.9787455797195435, -0.7479965686798096]}, "spi_06": {"px": [], "py": [], "pt": [], "pb": [], "x": ["2019-01", "2019-02", "2019-03", "2019-04", "2019-05", "2019-06", "2019-07", "2019-08", "2019-09", "2019-10", "2019-11", "2019-12", "2020-01", "2020-02", "2020-03", "2020-04", "2020-05", "2020-06", "2020-07"], "y": [0.14461848139762878, 0.28230971097946167, 0.4442026615142822, 0.3424261212348938, -0.021746527403593063, 0.14286182820796967, 1.378717064857483, 1.3197033405303955, 1.0516934394836426, -0.4198101758956909, -0.4691833257675171, -0.9673190116882324, -0.9354426860809326, 0.38913244009017944, 0.08429079502820969, 0.21444125473499298, 0.10494418442249298, 0.4790852665901184, 0.9291236400604248]}, "spi_12": {"px": ["2021-01", "2021-02", "2021-03", "2021-04", "2021-05", "2021-06", "2021-07", "2021-08", "2021-09", "2021-10", "2021-11", "2021-12"], "py": [1.072231470541436, 2.24948481800641, 1.6270232419141126, 1.2236127130809908, 1.0270037150453795, 1.0004929467680763, 1.7627641417477888, 1.4657906179141085, 1.3821859426508518, 0.7790969163149049, 0.2608137855307666, 0.09997277096638446], "pt": [2.0701098939188185, 3.47163129627495, 3.0382364365967085, 2.8013970289329144, 2.755379835526795, 2.8673525237990996, 3.7585209773503925, 3.58261040555702, 3.613509917303265, 3.1193292437475275, 2.705106732962145, 2.644073531424751], "pb": [0.07435304716405344, 1.0273383397378701, 0.21581004723151653, -0.35417160277093296, -0.7013724054360357, -0.8663666302629471, -0.2329926938548148, -0.6510291697288033, -0.8491380320015618, -1.5611354111177174, -2.1834791619006113, -2.4441279894919825], "x": ["2019-01", "2019-02", "2019-03", "2019-04", "2019-05", "2019-06", "2019-07", "2019-08", "2019-09", "2019-10", "2019-11", "2019-12", "2020-01", "2020-02", "2020-03", "2020-04", "2020-05", "2020-06", "2020-07", "2020-08", "2020-09", "2020-10", "2020-11", "2020-12"], "y": [-0.48054736852645874, -0.06205855309963226, 0.4400729537010193, 0.7546547651290894, 0.9063174724578857, 0.8277266025543213, 0.850263774394989, 0.7138627767562866, 0.693484902381897, 0.20887567102909088, -0.22595056891441345, -0.38990986347198486, 0.15747937560081482, 0.8178524374961853, 0.34443768858909607, 0.038551270961761475, -0.10501350462436676, -0.10555805265903473, -0.12033156305551529, -0.12187168002128601, -0.3567867875099182, -0.4025169909000397, -0.5115054845809937, 0.15710200369358063],