{"IIS3": {"px": [], "py": [], "pt": [], "pb": [], "x": ["2019-01", "2019-02", "2019-03", "2019-04", "2019-05", "2019-06", "2019-07", "2019-08", "2019-09", "2019-10", "2019-11", "2019-12", "2020-01", "2020-02", "2020-03", "2020-04", "2020-05", "2020-06", "2020-07", "2020-08", "2020-09", "2020-10", "2020-11", "2020-12"], "y": [NaN, NaN, NaN, NaN, NaN, NaN, NaN, NaN, NaN, NaN, NaN, NaN, NaN, NaN, NaN, NaN, NaN, NaN, NaN, NaN, NaN, NaN, NaN, NaN]}, "VHI": {"px": ["2021-01", "2021-02", "2021-03", "2021-04", "2021-05", "2021-06", "2021-07", "2021-08", "2021-09", "2021-10", "2021-11", "2021-12"], "py": [37.13003157579081, 40.1823451541305, 45.26181063321532, 48.28436770308531, 52.25719186541893, 36.92623606647736, 34.854740589267436, 42.44552318006264, 39.97735937039144, 37.94415700448633, 39.41200861719521, 39.780664103132295], "pt": [43.43606691366668, 46.48838049200637, 51.56784597109119, 54.59040304096118, 58.5632272032948, 43.23227140435323, 41.160775927143305, 48.751558517938506, 46.28339470826731, 44.2501923423622, 45.71804395507108, 46.086699441008165], "pb": [30.82399623791494, 33.87630981625463, 38.95577529533945, 41.97833236520944, 45.95115652754306, 30.62020072860149, 28.548705251391567, 36.13948784218677, 33.67132403251557, 31.63812166661046, 33.10597327931934, 33.474628765256426], "x": ["2019-01", "2019-02", "2019-03", "2019-04", "2019-05", "2019-06", "2019-07", "2019-08", "2019-09", "2019-10", "2019-11", "2019-12", "2020-01", "2020-02", "2020-03", "2020-04", "2020-05", "2020-06", "2020-07", "2020-08", "2020-09", "2020-10", "2020-11", "2020-12"], "y": [34.96249771118164, 46.05598068237305, 49.78044509887695, 54.01956558227539, 48.69437026977539, 35.064998626708984, 35.064998626708984, 42.47249984741211, 39.52457046508789, 37.032230377197266, 38.326637268066406, 38.873538970947266, 36.405094146728516, 39.46326446533203, 44.39237976074219, 47.28086471557617, 51.362945556640625, 36.65278244018555, 40.06532287597656, 38.12508773803711, 41.31028366088867, 32.7735710144043, 45.64767837524414, 43.08987808227539]}, "spi_01": {"px": ["2021-01", "2021-02", "2021-03", "2021-04", "2021-05", "2021-06", "2021-07", "2021-08", "2021-09", "2021-10", "2021-11", "2021-12"], "py": [-1.3222827117772007, 0.5712826049570654, 1.8032286161399371, 0.6096228779328055, 1.5922261212531907, 0.1936716133140033, 1.6018035402256743, 0.033723379162899914, 0.4722385833297591, 1.1563630305487282, -1.6081390759118797, -1.0467874537671962], "pt": [1.9413621907131269, 3.834927507447393, 5.066873518630265, 3.8732677804231344, 4.85587102374352, 3.457316515804333, 4.865448442716003, 3.29736828165323, 3.7358834858200893, 4.420007933039059, 1.6555058265784508, 2.216857448723135], "pb": [-4.585927614267527, -2.6923622975332626, -1.460416286350391, -2.654022024557523, -1.6714187812371377, -3.069973289176326, -1.661841362264655, -3.2299215233274303, -2.791406319160571, -2.1072818719416024, -4.871783978402211, -4.310432356257527], "x": ["2019-01", "2019-02", "2019-03", "2019-04", "2019-05", "2019-06", "2019-07", "2019-08", "2019-09", "2019-10", "2019-11", "2019-12", "2020-01", "2020-02", "2020-03", "2020-04", "2020-05", "2020-06", "2020-07", "2020-08", "2020-09", "2020-10", "2020-11", "2020-12"], "y": [-0.3592754602432251, 1.0437355041503906, 1.0493205785751343, -0.1591256707906723, -0.7906977534294128, 0.47735390067100525, 1.1500005722045898, -0.3576146364212036, -0.05691947415471077, 0.4801400899887085, -1.7955275774002075, -1.3177967071533203, -1.5690737962722778, -0.14474588632583618, 0.6917718648910522, -0.30905672907829285, 0.4840148985385895, -0.4304005801677704, -0.5930401682853699, -1.6656874418258667, -0.6668412089347839, -0.7739998698234558, 0.8306332230567932, -0.6570767164230347]}, "spi_03": {"px": [], "py": [], "pt": [], "pb": [], "x": ["2019-01", "2019-02", "2019-03", "2019-04", "2019-05", "2019-06", "2019-07", "2019-08", "2019-09", "2019-10", "2019-11", "2019-12", "2020-01", "2020-02", "2020-03", "2020-04", "2020-05", "2020-06", "2020-07"], "y": [-0.21794164180755615, 0.5216053128242493, 0.8522313833236694, 0.8301298022270203, -0.2566528618335724, -0.31268230080604553, 0.469134658575058, 0.6751378774642944, 0.5962818264961243, -0.2400994747877121, -0.32191818952560425, -1.3145666122436523, -2.1199264526367188, -1.2829724550247192, -0.3962487578392029, -0.19116371870040894, 0.2568514347076416, -0.357255220413208, -0.41671428084373474]}, "spi_06": {"px": [], "py": [], "pt": [], "pb": [], "x": ["2019-01", "2019-02", "2019-03", "2019-04", "2019-05", "2019-06", "2019-07", "2019-08", "2019-09", "2019-10", "2019-11", "2019-12", "2020-01", "2020-02", "2020-03", "2020-04", "2020-05", "2020-06", "2020-07"], "y": [-1.722852349281311, -0.1423187404870987, 0.6509861350059509, 0.479854941368103, 0.008252504281699657, 0.1579236090183258, 0.7236122488975525, 0.3688353896141052, 0.12669633328914642, 0.26401689648628235, 0.5101377964019775, 0.30424582958221436, -1.3578941822052002, -1.254868984222412, -0.8510863780975342, -1.0379096269607544, -0.4410667419433594, -0.5556676983833313, -0.5013651251792908]}, "spi_12": {"px": ["2021-01", "2021-02", "2021-03", "2021-04", "2021-05", "2021-06", "2021-07", "2021-08", "2021-09", "2021-10", "2021-11", "2021-12"], "py": [-1.0704966304956316, -1.1772628919377934, -1.1590400369101554, -1.1435216706685005, -0.7885511657360738, -1.0405972748719956, -0.9067244015810947, -0.8434404725691356, -0.8407655247151045, -0.8571504160190004, -0.9794734585856049, -1.1210342932956874], "pt": [-0.002369719996203834, 0.1309200604428158, 0.35151952062653535, 0.545335255430226, 1.0614989029912119, 0.9576851868345648, 1.2295294074805128, 1.422398859046507, 1.547638841522451, 1.647829215959833, 1.6368924364288908, 1.60216566935142], "pb": [-2.1386235409950594, -2.485445844318403, -2.6695995944468462, -2.832378596767227, -2.6386012344633594, -3.038879736578556, -3.0429782106427017, -3.1092798041847782, -3.2291698909526594, -3.3621300479978338, -3.595839353600101, -3.844234255942794], "x": ["2019-01", "2019-02", "2019-03", "2019-04", "2019-05", "2019-06", "2019-07", "2019-08", "2019-09", "2019-10", "2019-11", "2019-12", "2020-01", "2020-02", "2020-03", "2020-04", "2020-05", "2020-06", "2020-07", "2020-08", "2020-09", "2020-10", "2020-11", "2020-12"], "y": [-0.8742849826812744, -0.910574734210968, -0.8561047315597534, -1.5293149948120117, -1.7791056632995605, -1.0053411722183228, 0.01825176365673542, 0.2186281532049179, 0.3099324405193329, 0.39317068457603455, 0.35258913040161133, 0.2285139262676239, 0.20684309303760529, -0.07447606325149536, -0.15433616936206818, -0.2522664964199066, 0.14386245608329773, -0.3446113169193268, -1.0798580646514893, -1.1545227766036987, -1.1278083324432373, -1.2327680587768555, -1.1169408559799194, -1.0597102642059326],