{"IIS3": {"px": [], "py": [], "pt": [], "pb": [], "x": ["2019-01", "2019-02", "2019-03", "2019-04", "2019-05", "2019-06", "2019-07", "2019-08", "2019-09", "2019-10", "2019-11", "2019-12", "2020-01", "2020-02", "2020-03", "2020-04", "2020-05", "2020-06", "2020-07", "2020-08", "2020-09", "2020-10", "2020-11", "2020-12"], "y": [NaN, NaN, NaN, NaN, NaN, NaN, NaN, NaN, NaN, NaN, NaN, NaN, NaN, NaN, NaN, NaN, NaN, NaN, NaN, NaN, NaN, NaN, NaN, NaN]}, "VHI": {"px": ["2021-01", "2021-02", "2021-03", "2021-04", "2021-05", "2021-06", "2021-07", "2021-08", "2021-09", "2021-10", "2021-11", "2021-12"], "py": [68.00615673025315, 77.7302466906538, 71.62838079084017, 60.36287517772314, 71.92405986649251, 80.34297223034575, 80.62434038668796, 62.29844425100771, 48.033907940208636, 40.71354970542387, 33.16354468278444, 26.68421591142002], "pt": [79.72605629726257, 90.67943861638226, 85.69988025599721, 75.47355427783239, 88.00691249079527, 97.3424920530821, 98.4935653243334, 80.99696626588187, 67.52647706819423, 60.96906196450685, 54.15428794133592, 48.385294875724725], "pb": [56.28625716324373, 64.78105476492534, 57.55688132568312, 45.25219607761389, 55.84120724218975, 63.343452407609405, 62.75511544904252, 43.59992223613355, 28.541338812223046, 20.458037446340896, 12.172801424232965, 4.983136947115316], "x": ["2019-01", "2019-02", "2019-03", "2019-04", "2019-05", "2019-06", "2019-07", "2019-08", "2019-09", "2019-10", "2019-11", "2019-12", "2020-01", "2020-02", "2020-03", "2020-04", "2020-05", "2020-06", "2020-07", "2020-08", "2020-09", "2020-10", "2020-11", "2020-12"], "y": [62.626155853271484, 55.992496490478516, 52.44711685180664, 58.513572692871094, 68.4124984741211, 74.58268737792969, 74.58268737792969, 58.124568939208984, 45.66215515136719, 38.92730712890625, 31.423749923706055, 25.078125, 65.81390380859375, 74.1879653930664, 67.58912658691406, 56.40546417236328, 67.44596099853516, 75.64199829101562, 62.80416488647461, 50.288265228271484, 41.14230728149414, 36.693382263183594, 36.08730697631836, 25.760000228881836]}, "spi_01": {"px": ["2021-01", "2021-02", "2021-03", "2021-04", "2021-05", "2021-06", "2021-07", "2021-08", "2021-09", "2021-10", "2021-11", "2021-12"], "py": [1.8618644809493046, 1.319401750500674, 1.7131631494100965, 1.0776061332548172, 0.47036270059897056, 0.13716406240711754, 1.602418080887419, 0.597423813365904, 1.2863702508010229, 0.26602442962443473, 0.007894780456702222, 1.558599318251602], "pt": [4.108989947623, 3.56652721717437, 3.9602886160837922, 3.324731599928514, 2.717488167272667, 2.3842895290808146, 3.849543547561116, 2.844549280039602, 3.533495717474721, 2.513149896298133, 2.2550202471304006, 3.8057247849253013], "pb": [-0.38526098572439116, -0.9277237161730221, -0.5339623172635997, -1.1695193334188794, -1.776762766074726, -2.1099614042665795, -0.644707385786278, -1.649701653307794, -0.9607552158726751, -1.9811010370492637, -2.239230686216996, -0.6885261484220968], "x": ["2019-01", "2019-02", "2019-03", "2019-04", "2019-05", "2019-06", "2019-07", "2019-08", "2019-09", "2019-10", "2019-11", "2019-12", "2020-01", "2020-02", "2020-03", "2020-04", "2020-05", "2020-06", "2020-07", "2020-08", "2020-09", "2020-10", "2020-11", "2020-12"], "y": [0.09383880347013474, 0.14015112817287445, -0.20214031636714935, 1.1359281539916992, 0.44440776109695435, -0.5336507558822632, 0.4779438376426697, -0.15129448473453522, 0.33476534485816956, -0.3588317632675171, -0.5747798085212708, 0.3722263276576996, 0.7638337016105652, 0.40270617604255676, 0.6606400012969971, 0.18450945615768433, -0.12776045501232147, -0.31429845094680786, 0.1668301820755005, 0.6896370649337769, -0.34875568747520447, -0.3356691002845764, 2.5041463375091553, -0.5290427803993225]}, "spi_03": {"px": [], "py": [], "pt": [], "pb": [], "x": ["2019-01", "2019-02", "2019-03", "2019-04", "2019-05", "2019-06", "2019-07", "2019-08", "2019-09", "2019-10", "2019-11", "2019-12", "2020-01", "2020-02", "2020-03", "2020-04", "2020-05", "2020-06", "2020-07"], "y": [0.7784594893455505, 0.5374882817268372, -0.19669754803180695, 0.5564871430397034, 0.622959315776825, 0.8324543237686157, 0.18792130053043365, -0.18558603525161743, 0.3106257915496826, -0.5659120678901672, -0.6762940287590027, -0.08626598119735718, 0.6520873308181763, 0.6579219102859497, 0.7647143602371216, 0.44431838393211365, 0.24187617003917694, -0.09012346714735031, -0.3827313780784607]}, "spi_06": {"px": [], "py": [], "pt": [], "pb": [], "x": ["2019-01", "2019-02", "2019-03", "2019-04", "2019-05", "2019-06", "2019-07", "2019-08", "2019-09", "2019-10", "2019-11", "2019-12", "2020-01", "2020-02", "2020-03", "2020-04", "2020-05", "2020-06", "2020-07"], "y": [0.6598794460296631, 0.5149425864219666, 0.26669445633888245, 0.7169374227523804, 0.64006507396698, 0.344358891248703, 0.4524434506893158, 0.5143693089485168, 0.7869260311126709, -0.013504257425665855, -0.6425801515579224, -0.10529615730047226, 0.5237333178520203, 0.5392757654190063, 0.6271485686302185, 0.5781804323196411, 0.4612416923046112, 0.43055805563926697, 0.2135055512189865]}, "spi_12": {"px": ["2021-01", "2021-02", "2021-03", "2021-04", "2021-05", "2021-06", "2021-07", "2021-08", "2021-09", "2021-10", "2021-11", "2021-12"], "py": [0.9075099086564784, 1.0209824440689554, 1.3752386306959576, 0.9068505404154419, 0.7077362850142253, 0.7016626601138567, 1.0635090881242522, 0.9969851230760187, 0.9175821389601522, 0.873180582419292, 0.823467640819519, 0.534526588771274], "pt": [1.4433665304716605, 1.6772700918084138, 2.133054329931335, 1.7541142487376007, 1.6358671749602656, 1.7041585984119836, 2.1352223257659517, 2.1337086695765155, 2.115793964390397, 2.129875746742403, 2.1360429314087117, 1.9006982657202278], "pb": [0.3716532868412963, 0.3646947963294971, 0.6174229314605801, 0.05958683209328286, -0.22039460493181517, -0.3008332781842702, -0.008204149517447412, -0.13973842342447806, -0.28062968647009234, -0.38351458190381926, -0.4891076497696738, -0.8316450881776798], "x": ["2019-01", "2019-02", "2019-03", "2019-04", "2019-05", "2019-06", "2019-07", "2019-08", "2019-09", "2019-10", "2019-11", "2019-12", "2020-01", "2020-02", "2020-03", "2020-04", "2020-05", "2020-06", "2020-07", "2020-08", "2020-09", "2020-10", "2020-11", "2020-12"], "y": [0.13625682890415192, 0.05306950956583023, -0.04389863833785057, 0.43280497193336487, 0.4985925555229187, 0.5245546102523804, 0.5629066824913025, 0.5558552742004395, 0.5573002099990845, 0.5610786080360413, 0.5126997232437134, 0.2570938766002655, 0.6055958867073059, 0.674868643283844, 0.9394577145576477, 0.5309966802597046, 0.35744330286979675, 0.3565647602081299, 0.3271719217300415, 0.3385547995567322, 0.33498820662498474, 0.3394872546195984, 0.5231210589408875, 0.4688319265842438],