{"IIS3": {"px": [], "py": [], "pt": [], "pb": [], "x": ["2019-01", "2019-02", "2019-03", "2019-04", "2019-05", "2019-06", "2019-07", "2019-08", "2019-09", "2019-10", "2019-11", "2019-12", "2020-01", "2020-02", "2020-03", "2020-04", "2020-05", "2020-06", "2020-07", "2020-08", "2020-09", "2020-10", "2020-11", "2020-12"], "y": [NaN, NaN, NaN, NaN, NaN, NaN, NaN, NaN, NaN, NaN, NaN, NaN, NaN, NaN, NaN, NaN, NaN, NaN, NaN, NaN, NaN, NaN, NaN, NaN]}, "VHI": {"px": ["2021-01", "2021-02", "2021-03", "2021-04", "2021-05", "2021-06", "2021-07", "2021-08", "2021-09", "2021-10", "2021-11", "2021-12"], "py": [55.32730069242473, 38.05555700186642, 34.11205531357945, 38.192104855924896, 39.05363233544391, 46.326937817928155, 41.64220330946519, 51.90859258678633, 49.24019082675845, 55.756367371166235, 59.1899677677639, 58.16164057064823], "pt": [62.98908576853765, 45.83778138416892, 42.01288325250209, 46.209782069708055, 47.186480156986775, 54.57334791398398, 50.000632902175084, 60.37756011773398, 57.81827201221027, 64.44219160425773, 67.98221482935837, 67.0590376156313], "pb": [47.66551561631181, 30.273332619563917, 26.2112273746568, 30.174427642141737, 30.92078451390104, 38.08052772187233, 33.28377371675529, 43.439625055838675, 40.66210964130663, 47.07054313807474, 50.39772070616944, 49.264243525665165], "x": ["2019-01", "2019-02", "2019-03", "2019-04", "2019-05", "2019-06", "2019-07", "2019-08", "2019-09", "2019-10", "2019-11", "2019-12", "2020-01", "2020-02", "2020-03", "2020-04", "2020-05", "2020-06", "2020-07", "2020-08", "2020-09", "2020-10", "2020-11", "2020-12"], "y": [63.139305114746094, 45.98112106323242, 40.85300064086914, 38.08749771118164, 42.796810150146484, 45.5421257019043, 45.5421257019043, 55.975502014160156, 52.838348388671875, 59.579872131347656, 63.23168182373047, 62.284339904785156, 58.0317268371582, 40.11504364013672, 35.51010513305664, 39.2523078918457, 40.07381057739258, 47.73749923706055, 49.43568801879883, 45.2912483215332, 44.66259765625, 53.4088020324707, 64.9581069946289, 64.579833984375]}, "spi_01": {"px": [], "py": [], "pt": [], "pb": [], "x": ["2019-01", "2019-02", "2019-03", "2019-04", "2019-05", "2019-06", "2019-07", "2019-08", "2019-09", "2019-10", "2019-11", "2019-12", "2020-01", "2020-02", "2020-03", "2020-04", "2020-05", "2020-06", "2020-07", "2020-08", "2020-09", "2020-10", "2020-11", "2020-12"], "y": [NaN, NaN, NaN, NaN, NaN, NaN, NaN, NaN, NaN, NaN, NaN, NaN, NaN, NaN, NaN, NaN, NaN, NaN, NaN, NaN, NaN, NaN, NaN, NaN]}, "spi_03": {"px": [], "py": [], "pt": [], "pb": [], "x": ["2019-01", "2019-02", "2019-03", "2019-04", "2019-05", "2019-06", "2019-07", "2019-08", "2019-09", "2019-10", "2019-11", "2019-12", "2020-01", "2020-02", "2020-03", "2020-04", "2020-05", "2020-06", "2020-07"], "y": [NaN, NaN, NaN, NaN, NaN, NaN, NaN, NaN, NaN, NaN, NaN, NaN, NaN, NaN, NaN, NaN, NaN, NaN, NaN]}, "spi_06": {"px": [], "py": [], "pt": [], "pb": [], "x": ["2019-01", "2019-02", "2019-03", "2019-04", "2019-05", "2019-06", "2019-07", "2019-08", "2019-09", "2019-10", "2019-11", "2019-12", "2020-01", "2020-02", "2020-03", "2020-04", "2020-05", "2020-06", "2020-07"], "y": [NaN, NaN, NaN, NaN, NaN, NaN, NaN, NaN, NaN, NaN, NaN, NaN, NaN, NaN, NaN, NaN, NaN, NaN, NaN]}, "spi_12": {"px": [], "py": [], "pt": [], "pb": [], "x": ["2019-01", "2019-02", "2019-03", "2019-04", "2019-05", "2019-06", "2019-07", "2019-08", "2019-09", "2019-10", "2019-11", "2019-12", "2020-01", "2020-02", "2020-03", "2020-04", "2020-05", "2020-06", "2020-07", "2020-08", "2020-09", "2020-10", "2020-11", "2020-12"], "y": [NaN, NaN, NaN, NaN, NaN, NaN, NaN, NaN, NaN, NaN, NaN, NaN, NaN, NaN, NaN, NaN, NaN, NaN, NaN, NaN, NaN, NaN, NaN, NaN], "geox": [-48.26029923211049, -48.256549201606276, -48.255198189966265, -48.2549111875561, -48.251771163703616, -48.24746813133198, -48.243580101258424, -48.23738205398081, -48.23474803371551, -48.23141000700812, -48.23119100423766, -48.23335402000324, -48.23636004220283, -48.2457211105657, -48.24194408120437, -48.2397470643444, -48.23621403673741, -48.230748995044806, -48.23074099439271, -48.23169100101406, -48.22598495354617, -48.20741879924444, -48.20319176425744, -48.13749726557758, -48.12913120279114, -48.126215180690785, -48.10960005527607, -48.106713033662345, -48.10374401110315, -48.09952297865716, -48.09643795562936, -48.091483919158286, -48.08785289331677, -48.08573387776977, -48.07951883105138, -48.07698781175643, -48.06815374607923, -48.05832167228897, -48.03604650447839, -48.03424549579711, -48.03140548545814, -48.029261478698054, -48.03037648873333, -48.02951348351604, -48.029461484321494, -48.03012648984881, -48.026903467865196, -48.02759447375166, -48.02703947014461, -48.02549345918277, -48.02294644030241, -48.01939141450999, -48.01593338906098, -48.00634831729844, -48.00042927256596, -47.997632251767556, -47.994046224669646, -47.99040519678429, -47.986148164754795, -48.000434274798366, -48.033539527527516, -48.13435429652891, -48.12663123945984, -48.118212176638316, -48.11224213254264, -48.10779309996261, -48.10154805486353, -48.12398622486514, -48.12840725812881, -48.137110323275486, -48.14313136837521, -48.156243466044664, -48.164548527732904, -48.17750662357248, -48.180019642187425, -48.185107679217985, -48.19038471709253, -48.19490474904648, -48.19768476912487, -48.19948978198133, -48.20460881933692, -48.21171087173556, -48.2183019206124, -48.23294102864027, -48.239994080955675, -48.255801198913936, -48.26029923211049], "geoy": [-1.466742031251939, -1.4538639393134278, -1.4456808806842494, -1.4442758706270193, -1.4425398587199754, -1.4418818547871697, -1.4368148190378587, -1.4323537880717063, -1.4295117680958163, -1.4202637021121038, -1.4140266572299878, -1.4115296388490124, -1.4096676248888025, -1.3996005506781775, -1.3937085089194747, -1.391506493452044, -1.3851724484509065, -1.3810794199344318, -1.377717395706542, -1.3748673749971616, -1.347893181544645, -1.2571795299805053, -1.2365353815125522, -1.1999281270936137, -1.200154130026237, -1.198834120920943, -1.194777094108756, -1.1952650980887507, -1.1935950864497247, -1.1887630520937422, -1.189764059819583, -1.1947290965545925, -1.2041851656255722, -1.2066441837699726, -1.206586184317335, -1.204817171893212, -1.2095482075515331, -1.2103772150939276, -1.2084332044747832, -1.2396774312570342, -1.3077119245697308, -1.362862324092235, -1.3723303923878563, -1.3796134452197524, -1.3864144944165597, -1.3893855157833115, -1.4021316085308242, -1.405982636249825, -1.4091566592983613, -1.4128856865390669, -1.4144566983609452, -1.419758737341956, -1.4229167608066138, -1.4249517772787812, -1.4239377710326782, -1.4253427817065478, -1.4247647781847328, -1.4221317598086531, -1.422234761333501, -1.4360078583088824, -1.4557059944981565, -1.5151954043277358, -1.520023440623921, -1.5221774577969691, -1.5260564869221926, -1.5303995190947632, -1.5397285875546132, -1.546997635448591, -1.5472876366538952, -1.5461976270666669, -1.545620621710147, -1.5416775907100104, -1.538344565066612, -1.5311225105183617, -1.5298765010541926, -1.5239804576188474, -1.515113392768654, -1.5049573187916563, -1.5009062890943825, -1.4973312630129827, -1.4918642226739587, -1.4872941884135762, -1.4843831661966118, -1.475192097253367, -1.4722240745521706, -1.4694660517014386, -1.466742031251939]}}