{"IIS3": {"px": [], "py": [], "pt": [], "pb": [], "x": ["2019-01", "2019-02", "2019-03", "2019-04", "2019-05", "2019-06", "2019-07", "2019-08", "2019-09", "2019-10", "2019-11", "2019-12", "2020-01", "2020-02", "2020-03", "2020-04", "2020-05", "2020-06", "2020-07", "2020-08", "2020-09", "2020-10", "2020-11", "2020-12"], "y": [NaN, NaN, NaN, NaN, NaN, NaN, NaN, NaN, NaN, NaN, NaN, NaN, NaN, NaN, NaN, NaN, NaN, NaN, NaN, NaN, NaN, NaN, NaN, NaN]}, "VHI": {"px": ["2021-01", "2021-02", "2021-03", "2021-04", "2021-05", "2021-06", "2021-07", "2021-08", "2021-09", "2021-10", "2021-11", "2021-12"], "py": [39.48345553623048, 40.383770253428764, 44.995222868830155, 42.10237886991351, 44.03620683217778, 48.31087981095972, 38.50434919771526, 55.06045431256854, 36.74007697578247, 43.51906782278749, 42.75667726472983, 32.33737108409384], "pt": [53.27103824286446, 54.17135296006276, 58.78280557546415, 55.889961576547506, 57.82378953881178, 62.09846251759372, 52.291931904349255, 68.84803701920254, 50.52765968241647, 57.30665052942149, 56.54425997136383, 46.124953790727844], "pb": [25.69587282959649, 26.596187546794773, 31.207640162196164, 28.31479616327951, 30.248624125543785, 34.52329710432572, 24.71676649108126, 41.27287160593454, 22.952494269148474, 29.731485116153486, 28.969094558095826, 18.549788377459834], "x": ["2019-01", "2019-02", "2019-03", "2019-04", "2019-05", "2019-06", "2019-07", "2019-08", "2019-09", "2019-10", "2019-11", "2019-12", "2020-01", "2020-02", "2020-03", "2020-04", "2020-05", "2020-06", "2020-07", "2020-08", "2020-09", "2020-10", "2020-11", "2020-12"], "y": [45.76515579223633, 39.65422058105469, 43.041561126708984, 44.86872863769531, 38.233280181884766, 34.87421798706055, 34.87421798706055, 49.9786376953125, 32.62312316894531, 38.642189025878906, 37.73276138305664, 28.466106414794922, 37.0201301574707, 38.3326301574707, 42.32715606689453, 39.08026123046875, 40.79125213623047, 45.858123779296875, 53.286888122558594, 44.08406066894531, 28.97024917602539, 32.84925079345703, 41.77765655517578, 47.75916290283203]}, "spi_01": {"px": [], "py": [], "pt": [], "pb": [], "x": ["2019-01", "2019-02", "2019-03", "2019-04", "2019-05", "2019-06", "2019-07", "2019-08", "2019-09", "2019-10", "2019-11", "2019-12", "2020-01", "2020-02", "2020-03", "2020-04", "2020-05", "2020-06", "2020-07", "2020-08", "2020-09", "2020-10", "2020-11", "2020-12"], "y": [NaN, NaN, NaN, NaN, NaN, NaN, NaN, NaN, NaN, NaN, NaN, NaN, NaN, NaN, NaN, NaN, NaN, NaN, NaN, NaN, NaN, NaN, NaN, NaN]}, "spi_03": {"px": [], "py": [], "pt": [], "pb": [], "x": ["2019-01", "2019-02", "2019-03", "2019-04", "2019-05", "2019-06", "2019-07", "2019-08", "2019-09", "2019-10", "2019-11", "2019-12", "2020-01", "2020-02", "2020-03", "2020-04", "2020-05", "2020-06", "2020-07"], "y": [NaN, NaN, NaN, NaN, NaN, NaN, NaN, NaN, NaN, NaN, NaN, NaN, NaN, NaN, NaN, NaN, NaN, NaN, NaN]}, "spi_06": {"px": [], "py": [], "pt": [], "pb": [], "x": ["2019-01", "2019-02", "2019-03", "2019-04", "2019-05", "2019-06", "2019-07", "2019-08", "2019-09", "2019-10", "2019-11", "2019-12", "2020-01", "2020-02", "2020-03", "2020-04", "2020-05", "2020-06", "2020-07"], "y": [NaN, NaN, NaN, NaN, NaN, NaN, NaN, NaN, NaN, NaN, NaN, NaN, NaN, NaN, NaN, NaN, NaN, NaN, NaN]}, "spi_12": {"px": [], "py": [], "pt": [], "pb": [], "x": ["2019-01", "2019-02", "2019-03", "2019-04", "2019-05", "2019-06", "2019-07", "2019-08", "2019-09", "2019-10", "2019-11", "2019-12", "2020-01", "2020-02", "2020-03", "2020-04", "2020-05", "2020-06", "2020-07", "2020-08", "2020-09", "2020-10", "2020-11", "2020-12"], "y": [NaN, NaN, NaN, NaN, NaN, NaN, NaN, NaN, NaN, NaN, NaN, NaN, NaN, NaN, NaN, NaN, NaN, NaN, NaN, NaN, NaN, NaN, NaN, NaN], "geox": [-45.09565727409478, -45.09140824023001, -45.0835191780748, -45.0816911662598, -45.0819681690012, -45.07980215309211, -45.079382151022415, -45.080692162224565, -45.08103816592907, -45.079210155688116, -45.0737281149674, -45.073313112667314, -45.070214090339405, -45.069314084157845, -45.07052209480052, -45.059473012840115, -45.045914910571504, -45.013397656913696, -44.89290372339135, -44.90302179767166, -44.90325779742326, -44.90403780330883, -44.90825783706835, -44.909926848938404, -44.913232874941265, -44.91440188385263, -44.91409288071004, -44.91305987241147, -44.911127857254165, -44.90970584658437, -44.90767583038506, -44.90898783981075, -44.91059385220615, -44.91401487925737, -44.91465288394602, -44.91475988357457, -44.90950784152366, -44.90924283892859, -44.85784443180432, -44.84384032292284, -44.80654803426046, -44.8104040650467, -44.81199807719806, -44.81678111595574, -44.83235024047328, -44.84122431023891, -44.841918316128314, -44.8419183169829, -44.83423826017777, -44.80440203857632, -44.86517950843478, -44.924569005001416, -44.93825411568586, -44.94942320372267, -44.96907636761279, -44.96965937214794, -44.96993537372632, -44.968918365108074, -44.97168838487602, -44.96955136751258, -44.975886414706466, -44.979648442397554, -44.98318146970607, -44.98481648122339, -44.98201145735916, -44.9822654588397, -44.981119449525046, -44.98095244763474, -44.9824884599451, -44.98373246920167, -44.98434447456053, -44.983514468780555, -44.98426247543358, -44.98556748581003, -44.985904489047584, -44.98529148461348, -44.98618249205965, -44.988791512351966, -44.98951051758104, -44.98809350501273, -44.98815050495519, -44.989315513599415, -44.99048552403876, -44.991648533185696, -44.99298354315082, -44.991653532506525, -44.99115552796576, -44.99120652771155, -44.99282254061632, -44.991957532694606, -44.989399512537894, -44.99007051724998, -44.986930492016384, -44.98617948545424, -44.9842684705617, -44.985315478265186, -44.99131352541873, -44.99156652814266, -44.9928475385271, -44.995402558037696, -44.99484555316745, -44.99621056365214, -44.99692756870464, -44.998288579744816, -44.99971159172078, -44.99946059406126, -45.00042960255285, -45.003983630753616, -45.00522464019212, -45.00406962995891, -45.00434263161165, -45.005540640653734, -45.00662864962115, -45.00620464713034, -45.00731565605272, -45.00898766862134, -45.00901166812354, -45.011429686564206, -45.00832066183047, -45.00712465194133, -45.008432662121486, -45.00773665562799, -45.009065666190175, -45.01087068103187, -45.01176268758907, -45.01148468459878, -45.01545771611197, -45.016232721851985, -45.01523271282638, -45.01262069148812, -45.012843692516086, -45.01537671278318, -45.01631771916198, -45.01859073646756, -45.01984874768091, -45.018041734148056, -45.0182367361693, -45.01973274834427, -45.01801673542768, -45.01881374224575, -45.02138076225099, -45.01909774508953, -45.01923774680932, -45.016731727603215, -45.01403670804955, -45.01370470614788, -45.01670472996334, -45.01931775063028, -45.019590752278134, -45.0212597652344, -45.02206977203475, -45.023347782113476, -45.02479079301658, -45.022120771371256, -45.02289877696002, -45.024786791552394, -45.0266478062323, -45.02589980092149, -45.026791808369794, -45.02831582052238, -45.030067834115734, -45.03173184646795, -45.035121874172866, -45.03662888590148, -45.03737489139911, -45.03459486867511, -45.035405873838556, -45.03698588645883, -45.037457887209065, -45.03912389998244, -45.039406902786226, -45.04056991148043, -45.04179492148933, -45.039316902843716, -45.03900890089054, -45.04040391233432, -45.040979918021044, -45.04320393635484, -45.04434994563752, -45.0456759551184, -45.04798397398018, -45.04856797821988, -45.05026499140825, -45.052203007310084, -45.05359801836634, -45.054128022143644, -45.05376001873846, -45.055763034395206, -45.05761904931909, -45.05915006104135, -45.06012306701083, -45.062350085622704, -45.06109307715223, -45.06176008314585, -45.06512910806115, -45.06770312513802, -45.07254316178232, -45.07293116199109, -45.07393216899255, -45.07748219562157, -45.07850920281418, -45.07633818394073, -45.075511176528536, -45.07556417530735, -45.07848019774385, -45.08166722128642, -45.08360123626723, -45.087529267191066, -45.09192930057043, -45.0944813204941, -45.0981363497086, -45.1015133756542, 