{"IIS3": {"px": [], "py": [], "pt": [], "pb": [], "x": ["2019-01", "2019-02", "2019-03", "2019-04", "2019-05", "2019-06", "2019-07", "2019-08", "2019-09", "2019-10", "2019-11", "2019-12", "2020-01", "2020-02", "2020-03", "2020-04", "2020-05", "2020-06", "2020-07", "2020-08", "2020-09", "2020-10", "2020-11", "2020-12"], "y": [NaN, NaN, NaN, NaN, NaN, NaN, NaN, NaN, NaN, NaN, NaN, NaN, NaN, NaN, NaN, NaN, NaN, NaN, NaN, NaN, NaN, NaN, NaN, NaN]}, "VHI": {"px": ["2021-01", "2021-02", "2021-03", "2021-04", "2021-05", "2021-06", "2021-07", "2021-08", "2021-09", "2021-10", "2021-11", "2021-12"], "py": [29.867521476988664, 33.077652270530564, 55.769945247138466, 60.26765806747369, 55.74017880746237, 55.097640512519206, 42.7075297944825, 72.0898696799176, 75.79705922288736, 63.70501257735441, 49.669818728428126, 39.044138155025934], "pt": [60.44210842998166, 67.91713738425213, 94.40637984755575, 102.35991904589366, 101.02530649767115, 103.36488764306944, 93.78307679306789, 125.82715521657084, 132.07032296767915, 122.40479595117952, 110.6997206108422, 102.31840843466003], "pb": [-0.7070654760043382, -1.7618328431909944, 17.133510646721177, 18.175397089053703, 10.45505111725359, 6.8303933819689675, -8.368017204102898, 18.35258414326435, 19.523795478095572, 5.005229203529304, -11.360083153985961, -24.23013212460817], "x": ["2019-01", "2019-02", "2019-03", "2019-04", "2019-05", "2019-06", "2019-07", "2019-08", "2019-09", "2019-10", "2019-11", "2019-12", "2020-01", "2020-02", "2020-03", "2020-04", "2020-05", "2020-06", "2020-07", "2020-08", "2020-09", "2020-10", "2020-11", "2020-12"], "y": [46.202911376953125, 68.01374053955078, 79.85208129882812, 72.85999298095703, 48.96249771118164, 45.9581184387207, 45.9581184387207, 74.3463363647461, 75.2143325805664, 61.53312301635742, 47.65589141845703, 37.98556900024414, 26.352142333984375, 30.24481773376465, 51.56585693359375, 55.20035171508789, 51.47416687011719, 52.096832275390625, 67.2074966430664, 72.01374816894531, 59.64432907104492, 52.211666107177734, 59.42583084106445, 45.139163970947266]}, "spi_01": {"px": [], "py": [], "pt": [], "pb": [], "x": ["2019-01", "2019-02", "2019-03", "2019-04", "2019-05", "2019-06", "2019-07", "2019-08", "2019-09", "2019-10", "2019-11", "2019-12", "2020-01", "2020-02", "2020-03", "2020-04", "2020-05", "2020-06", "2020-07", "2020-08", "2020-09", "2020-10", "2020-11", "2020-12"], "y": [NaN, NaN, NaN, NaN, NaN, NaN, NaN, NaN, NaN, NaN, NaN, NaN, NaN, NaN, NaN, NaN, NaN, NaN, NaN, NaN, NaN, NaN, NaN, NaN]}, "spi_03": {"px": [], "py": [], "pt": [], "pb": [], "x": ["2019-01", "2019-02", "2019-03", "2019-04", "2019-05", "2019-06", "2019-07", "2019-08", "2019-09", "2019-10", "2019-11", "2019-12", "2020-01", "2020-02", "2020-03", "2020-04", "2020-05", "2020-06", "2020-07"], "y": [NaN, NaN, NaN, NaN, NaN, NaN, NaN, NaN, NaN, NaN, NaN, NaN, NaN, NaN, NaN, NaN, NaN, NaN, NaN]}, "spi_06": {"px": [], "py": [], "pt": [], "pb": [], "x": ["2019-01", "2019-02", "2019-03", "2019-04", "2019-05", "2019-06", "2019-07", "2019-08", "2019-09", "2019-10", "2019-11", "2019-12", "2020-01", "2020-02", "2020-03", "2020-04", "2020-05", "2020-06", "2020-07"], "y": [NaN, NaN, NaN, NaN, NaN, NaN, NaN, NaN, NaN, NaN, NaN, NaN, NaN, NaN, NaN, NaN, NaN, NaN, NaN]}, "spi_12": {"px": [], "py": [], "pt": [], "pb": [], "x": ["2019-01", "2019-02", "2019-03", "2019-04", "2019-05", "2019-06", "2019-07", "2019-08", "2019-09", "2019-10", "2019-11", "2019-12", "2020-01", "2020-02", "2020-03", "2020-04", "2020-05", "2020-06", "2020-07", "2020-08", "2020-09", "2020-10", "2020-11", "2020-12"], "y": [NaN, NaN, NaN, NaN, NaN, NaN, NaN, NaN, NaN, NaN, NaN, NaN, NaN, NaN, NaN, NaN, NaN, NaN, NaN, NaN, NaN, NaN, NaN, NaN], "geox": [-35.417677683455246, -35.41630766885412, -35.413109637191546, -35.410778615318776, -35.4069425804507, -35.3972904899219, -35.39116443290709, -35.3901324238899, -35.38805940449827, -35.38518637890112, -35.382877356274335, -35.382350348489986, -35.38118033725601, -35.379120319385756, -35.37784130905601, -35.377125304297564, -35.37391927878338, -35.368470231923006, -35.35350508975144, -35.33056490160736, -35.32229183394352, -35.31119274316252, -35.30872873359363, -35.30070266010342, -35.29209958233811, -35.27394744541731, -35.27167142790742, -35.27224843550184, -35.273807451200284, -35.27682347963496, -35.27802049128492, -35.278400495788524, -35.28118752280895, -35.28647057233699, -35.28409255418207, -35.28271654232817, -35.280169521831766, -35.28470356534556, -35.290793624819976, -35.295876673443665, -35.29909870380268, -35.301868729278475, -35.3065107741218, -35.309042797785416, -35.314035840496025, -35.31615085954066, -35.31781987550437, -35.319313891215934, -35.32409193524671, -35.32753596545968, -35.33082499262977, -35.33501403057547, -35.335036033685, -35.33298101688905, -35.33261101499005, -35.33190101133822, -35.333512028468505, -35.33862507356838, -35.34259510992715, -35.34275411138346, -35.346260143491534, -35.3512281877162, -35.352350198196106, -35.352626201954294, -35.35150719538365, -35.34859217330989, -35.34968218592398, -35.35109719974422, -35.3529852175031, -35.3581782645324, -35.362901308075024, -35.3654593297999, -35.36894836119109, -35.373264402177334, -35.37595443022308, -35.3806504728317, -35.38108947263122, -35.3799404581697, -35.3821114736338, -35.38295147763263, -35.38394448577517, -35.38565450089345, -35.38924053405649, -35.388468523457504, -35.39146454699032, -35.392114546782345, -35.39274955336154, -35.397978601994815, -35.4016806359637, -35.403699653928626, -35.40778868347718, -35.41433972418273, -35.416400739168786, -35.41809575296286, -35.416430734923075, -35.413612704671245, -35.41521171613839, -35.410628668460845, -35.4109866695423, -35.41031466212237, -35.407009630613594, -35.40404460390179, -35.402152585323044, -35.40856563899708, -35.41778971724939, -35.432012842747866, -35.432518846697036, -35.41829071820978, -35.41139365667071, -35.40069355906906, -35.40523259507645, -35.40774161344314, -35.413765662045876, -35.41321365244539, -35.413828654350034, -35.41551766579599, -35.417677683455246],