{"IIS3": {"px": [], "py": [], "pt": [], "pb": [], "x": ["2019-01", "2019-02", "2019-03", "2019-04", "2019-05", "2019-06", "2019-07", "2019-08", "2019-09", "2019-10", "2019-11", "2019-12", "2020-01", "2020-02", "2020-03", "2020-04", "2020-05", "2020-06", "2020-07", "2020-08", "2020-09", "2020-10", "2020-11", "2020-12"], "y": [NaN, NaN, NaN, NaN, NaN, NaN, NaN, NaN, NaN, NaN, NaN, NaN, NaN, NaN, NaN, NaN, NaN, NaN, NaN, NaN, NaN, NaN, NaN, NaN]}, "VHI": {"px": ["2021-01", "2021-02", "2021-03", "2021-04", "2021-05", "2021-06", "2021-07", "2021-08", "2021-09", "2021-10", "2021-11", "2021-12"], "py": [51.506570060343776, 49.16318347080065, 44.23418871447133, 39.203217556554605, 44.23273620326353, 48.67546515024648, 34.84113147644385, 58.298324406307955, 42.81121600303155, 55.129742544416516, 52.351111279700405, 37.677377435496766], "pt": [69.49039587747065, 67.14700928792752, 62.2180145315982, 57.18704337368149, 62.2165620203904, 66.65929096737337, 52.82495729357073, 76.28215022343484, 60.79504182015843, 73.1135683615434, 70.3349370968273, 55.661203252623665], "pb": [33.522744243216906, 31.179357653673776, 26.25036289734446, 21.219391739427728, 26.24891038613665, 30.691639333119596, 16.857305659316964, 40.31449858918107, 24.82739018590466, 37.14591672728963, 34.367285462573506, 19.693551618369867], "x": ["2019-01", "2019-02", "2019-03", "2019-04", "2019-05", "2019-06", "2019-07", "2019-08", "2019-09", "2019-10", "2019-11", "2019-12", "2020-01", "2020-02", "2020-03", "2020-04", "2020-05", "2020-06", "2020-07", "2020-08", "2020-09", "2020-10", "2020-11", "2020-12"], "y": [55.94249725341797, 43.9006233215332, 44.207855224609375, 44.847198486328125, 40.26375198364258, 31.81874656677246, 31.81874656677246, 53.909034729003906, 39.06093215942383, 50.06982421875, 46.9100341796875, 33.59281921386719, 48.772701263427734, 46.455596923828125, 40.75664138793945, 35.137901306152344, 39.720088958740234, 45.43756866455078, 45.89535140991211, 40.59660720825195, 31.385284423828125, 38.18630599975586, 56.687129974365234, 61.42130661010742]}, "spi_01": {"px": [], "py": [], "pt": [], "pb": [], "x": ["2019-01", "2019-02", "2019-03", "2019-04", "2019-05", "2019-06", "2019-07", "2019-08", "2019-09", "2019-10", "2019-11", "2019-12", "2020-01", "2020-02", "2020-03", "2020-04", "2020-05", "2020-06", "2020-07", "2020-08", "2020-09", "2020-10", "2020-11", "2020-12"], "y": [NaN, NaN, NaN, NaN, NaN, NaN, NaN, NaN, NaN, NaN, NaN, NaN, NaN, NaN, NaN, NaN, NaN, NaN, NaN, NaN, NaN, NaN, NaN, NaN]}, "spi_03": {"px": [], "py": [], "pt": [], "pb": [], "x": ["2019-01", "2019-02", "2019-03", "2019-04", "2019-05", "2019-06", "2019-07", "2019-08", "2019-09", "2019-10", "2019-11", "2019-12", "2020-01", "2020-02", "2020-03", "2020-04", "2020-05", "2020-06", "2020-07"], "y": [NaN, NaN, NaN, NaN, NaN, NaN, NaN, NaN, NaN, NaN, NaN, NaN, NaN, NaN, NaN, NaN, NaN, NaN, NaN]}, "spi_06": {"px": [], "py": [], "pt": [], "pb": [], "x": ["2019-01", "2019-02", "2019-03", "2019-04", "2019-05", "2019-06", "2019-07", "2019-08", "2019-09", "2019-10", "2019-11", "2019-12", "2020-01", "2020-02", "2020-03", "2020-04", "2020-05", "2020-06", "2020-07"], "y": [NaN, NaN, NaN, NaN, NaN, NaN, NaN, NaN, NaN, NaN, NaN, NaN, NaN, NaN, NaN, NaN, NaN, NaN, NaN]}, "spi_12": {"px": [], "py": [], "pt": [], "pb": [], "x": ["2019-01", "2019-02", "2019-03", "2019-04", "2019-05", "2019-06", "2019-07", "2019-08", "2019-09", "2019-10", "2019-11", "2019-12", "2020-01", "2020-02", "2020-03", "2020-04", "2020-05", "2020-06", "2020-07", "2020-08", "2020-09", "2020-10", "2020-11", "2020-12"], "y": [NaN, NaN, NaN, NaN, NaN, NaN, NaN, NaN, NaN, NaN, NaN, NaN, NaN, NaN, NaN, NaN, NaN, NaN, NaN, NaN, NaN, NaN, NaN, NaN], "geox": [-45.07278621776454, -45.03312089448098, -45.01945280222692, -45.01998780718407, -45.022324825977016, -45.02387683887108, -45.02260083039065, -45.022730832660166, -45.020118811868706, -45.01904380361244, -45.0218458266809, -45.02053781656254, -45.01798279624125, -45.017737795288205, -45.016287784684366, -45.01819979992348, -45.01864980552069, -45.02065182316176, -45.02367284823249, -45.022682840955255, -45.02109782808106, -45.01982181911154, -45.0158157879031, -45.01395377461176, -45.012763764544836, -45.00985574227044, -45.00826372957082, -45.00386769671523, -45.00282168901488, -45.00031466940226, -44.99773765077788, -44.9934836189005, -44.992430610661785, -44.982841534737325, -44.97226644906653, -44.970207432680674, -44.964426388598504, -44.953374303608356, -44.951457288335185, -44.950511280184, -44.950953282808314, -44.95020727618797, -44.94659724844246, -44.94496123532342, -44.9371561710414, -44.93568015860809, -44.93576215841812, -44.9373461704984, -44.94048219594737, -44.94193120687887, -44.944873228296004, -44.94679024153762, -44.94636923734049, -44.944484222561876, -44.94146019987458, -44.939849186738286, -44.93876017738959, -44.938596175319674, -44.939318180308625, -44.94378721326329, -44.94470421821457, -44.94418021305408, -44.945820224701734, -44.945811223817834, -44.941962191534984, -44.93992117544775, -44.93926617065115, -44.93926517149766, -44.940485182456065, -44.939510175312634, -44.93084310564096, -44.92815108470534, -44.927983084094926, -44.93162711484053, -44.93214811975913, -44.92573707085918, -44.920763032154795, -44.916041994557524, -44.90426889879498, -44.90159487748729, -44.89637383663261, -44.89540182821554, -44.89678883762517, -44.896211832340036, -44.891094791591044, -44.88914477557243, -44.883844730182986, -44.88426473277936, -44.88631174885149, -44.88987077726903, -44.891035785876845, -44.89037377933124, -44.88845576386324, -44.8864867485498, -44.88359772638426, -44.87998369802446, -44.87373665024502, -44.8727076419903, -44.87256064247832, -44.87110163277221, -44.87416665747406, -44.87854169401093, -44.87518266919489, -44.86237057796173, -44.86370559558612, -44.88207174467442, -44.88806879172873, -44.89012880731043, -44.89217082344293, -44.89337283521089, -44.89337183837922, -44.89433284858766, -44.89372284485218, -44.89069582171058, -44.887079793013704, -44.883178763340496, -44.87879872874092, -44.878038723104794, -44.87784772264103, -44.89907089794407, -44.90316093533097, -44.90296993530959, -44.90201992872633, -44.89878290429632, -44.89939290984405, -44.90020991682613, -44.902684936869534, -44.9168640511054, -44.918771066764876, -44.926185128935245, -44.92733613884714, -44.928097146819184, -44.92761914370694, -44.925238125682014, -44.92486012367887, -44.92876015580589, -44.92895115783649, -44.92781314925959, -44.927524147727325, -44.928476155907234, -44.930758174579935, -44.93742222716139, -44.94436828121259, -44.94789230832302, -44.95626437190858, -44.96331342449546, -44.96711845156649, -44.97359249948907, -44.978826540442405, -44.98685960431178, -44.99500566942533, -45.00758776949625, -45.009306783491866, -45.01140579930418, -45.00997479108197, -45.01006979405203, -45.01245881934888, -45.014173833917496, -45.015417843997184, -45.024488915669146, -45.03021896022489, -45.030790969723284, -45.0328899905837, -45.034421003704594, -45.04063605398636, -45.04454708659852, -45.04587909818848, -45.04578409877233, -45.04244207295299, -45.04129806465172, -45.041393066042765, -45.04304908055592, -45.04588910385804, -45.04750111841675, -45.049461134604044, -45.051382150514236, -45.05384317219348, -45.052330161241635, -45.05678019904315, -45.06115223826043, -45.06847529736688, -45.07013931053294, -45.07753036869452, -45.08195240392166, -45.084774426734924, -45.089827469305746, -45.097395530200515, -45.10012955263074, -45.10223557043556, -45.10883362408018, -45.11121664406605, -45.12265873668371, -45.12421074738436, -45.122704734232755, -45.12303173527171, -45.1217217237584, -45.121557721437725, -45.12286572906583, -45.12253972526147, -45.118609689684966, -45.11844568679234, -45.11991969768688, -45.12384472820858, -45.12760775416081, -45.12450072809992, -45.125643735908604, -45.12896176146277, -45.1297347675053, -45.122535707714455, -45.11745866458122, -45.11123761339129, -45.10452655866494, 