{"IIS3": {"px": [], "py": [], "pt": [], "pb": [], "x": ["2019-01", "2019-02", "2019-03", "2019-04", "2019-05", "2019-06", "2019-07", "2019-08", "2019-09", "2019-10", "2019-11", "2019-12", "2020-01", "2020-02", "2020-03", "2020-04", "2020-05", "2020-06", "2020-07", "2020-08", "2020-09", "2020-10", "2020-11", "2020-12"], "y": [NaN, NaN, NaN, NaN, NaN, NaN, NaN, NaN, NaN, NaN, NaN, NaN, NaN, NaN, NaN, NaN, NaN, NaN, NaN, NaN, NaN, NaN, NaN, NaN]}, "VHI": {"px": ["2021-01", "2021-02", "2021-03", "2021-04", "2021-05", "2021-06", "2021-07", "2021-08", "2021-09", "2021-10", "2021-11", "2021-12"], "py": [37.00730145008059, 43.966274233743285, 68.61216423220912, 74.04839842303194, 83.75163117017853, 79.25569443033704, 57.62696987686715, 80.20617525779397, 83.16745484320784, 84.74611813334714, 66.90618742035612, 59.921195413293574], "pt": [56.906150447148065, 67.34232132379324, 95.01131125828502, 103.15836836208395, 115.34064407024636, 113.14287669957847, 93.6660668175083, 118.27574177023365, 123.16454574483728, 126.5820197818278, 110.50341270923761, 105.2112985158217], "pb": [17.108452453013108, 20.590227143693326, 42.21301720613322, 44.93842848397993, 52.16261827011071, 45.36851216109562, 21.587872936226013, 42.13660874535429, 43.170363941578394, 42.91021648486647, 23.308962131474637, 14.631092310765453], "x": ["2019-01", "2019-02", "2019-03", "2019-04", "2019-05", "2019-06", "2019-07", "2019-08", "2019-09", "2019-10", "2019-11", "2019-12", "2020-01", "2020-02", "2020-03", "2020-04", "2020-05", "2020-06", "2020-07", "2020-08", "2020-09", "2020-10", "2020-11", "2020-12"], "y": [17.16411590576172, 17.208383560180664, 29.820194244384766, 38.31117630004883, 38.31779098510742, 32.8527946472168, 32.8527946472168, 48.94705581665039, 52.53799819946289, 55.32073211669922, 44.05263900756836, 40.67399978637695, 27.667360305786133, 33.54819107055664, 53.47433090209961, 56.746524810791016, 64.33587646484375, 61.73976135253906, 46.545143127441406, 48.934261322021484, 49.99505615234375, 42.57987976074219, 61.467796325683594, 54.78627014160156]}, "spi_01": {"px": [], "py": [], "pt": [], "pb": [], "x": ["2019-01", "2019-02", "2019-03", "2019-04", "2019-05", "2019-06", "2019-07", "2019-08", "2019-09", "2019-10", "2019-11", "2019-12", "2020-01", "2020-02", "2020-03", "2020-04", "2020-05", "2020-06", "2020-07", "2020-08", "2020-09", "2020-10", "2020-11", "2020-12"], "y": [NaN, NaN, NaN, NaN, NaN, NaN, NaN, NaN, NaN, NaN, NaN, NaN, NaN, NaN, NaN, NaN, NaN, NaN, NaN, NaN, NaN, NaN, NaN, NaN]}, "spi_03": {"px": [], "py": [], "pt": [], "pb": [], "x": ["2019-01", "2019-02", "2019-03", "2019-04", "2019-05", "2019-06", "2019-07", "2019-08", "2019-09", "2019-10", "2019-11", "2019-12", "2020-01", "2020-02", "2020-03", "2020-04", "2020-05", "2020-06", "2020-07"], "y": [NaN, NaN, NaN, NaN, NaN, NaN, NaN, NaN, NaN, NaN, NaN, NaN, NaN, NaN, NaN, NaN, NaN, NaN, NaN]}, "spi_06": {"px": [], "py": [], "pt": [], "pb": [], "x": ["2019-01", "2019-02", "2019-03", "2019-04", "2019-05", "2019-06", "2019-07", "2019-08", "2019-09", "2019-10", "2019-11", "2019-12", "2020-01", "2020-02", "2020-03", "2020-04", "2020-05", "2020-06", "2020-07"], "y": [NaN, NaN, NaN, NaN, NaN, NaN, NaN, NaN, NaN, NaN, NaN, NaN, NaN, NaN, NaN, NaN, NaN, NaN, NaN]}, "spi_12": {"px": [], "py": [], "pt": [], "pb": [], "x": ["2019-01", "2019-02", "2019-03", "2019-04", "2019-05", "2019-06", "2019-07", "2019-08", "2019-09", "2019-10", "2019-11", "2019-12", "2020-01", "2020-02", "2020-03", "2020-04", "2020-05", "2020-06", "2020-07", "2020-08", "2020-09", "2020-10", "2020-11", "2020-12"], "y": [NaN, NaN, NaN, NaN, NaN, NaN, NaN, NaN, NaN, NaN, NaN, NaN, NaN, NaN, NaN, NaN, NaN, NaN, NaN, NaN, NaN, NaN, NaN, NaN], "geox": [-37.97109039215518, -37.96866436959071, -37.96832536557696, -37.96982736907876, -37.970458374317325, -37.97212139069125, -37.97539041654585, -37.97683742443479, -37.978506437720434, -37.978423430040586, -37.980713447201644, -37.98051244417834, -37.98144445096488, -37.980495442588925, -37.98033544032239, -37.982710458123904, -37.98245645123393, -37.958316187621726, -37.92739084895778, -37.92435982907144, -37.92008379779494, -37.91802378145987, -37.914681752113985, -37.90942770388714, -37.90605067522687, -37.903594656088075, -37.903022654138255, -37.89970362987175, -37.89951063008165, -37.89818261842585, -37.89773861556259, -37.894911590216125, -37.89494059235826, -37.89412358507067, -37.89365758209927, -37.89281057410708, -37.89229557082281, -37.8910365594558, -37.890282554129016, -37.886008516942006, -37.88551651678528, -37.88398650325408, -37.88326649867079, -37.88175048518341, -37.87874446132361, -37.87820545529982, -37.875525430188965, -37.87350740873341, -37.872516400823315, -37.871871394381955, -37.87125639025496, -37.87058338671976, -37.869730379513484, -37.870407386801645, -37.868055367297096, -37.86853937371472, -37.86724236409605, -37.86750936758232, -37.86668936118961, -37.86709336609851, -37.86572735554382, -37.86594435871121, -37.86451934594641, -37.863620340296585, -37.86243232939576, -37.86171032415114, -37.86027030952985, -37.859080299129864, -37.85792628792655, -37.85635827445406, -37.85573827111899, -37.855061264188805, -37.85402125516028, -37.854091254899686, -37.8532742478108, -37.85263524033396, -37.852017235893705, -37.850829224827066, -37.849804216534565, -37.84856420859274, -37.84720120040023, -37.84422717534033, -37.8437111723668, -37.84152415496634, -37.840356147884854, -37.83928413845125, -37.83644611699143, -37.8348431035663, -37.83358909576283, -37.829049058837015, -37.82289800195088, -37.820308980016414, -37.81967597369855, -37.81929797146429, -37.81844696378975, -37.81551894320578, -37.81472693827014, -37.815574952221894, -37.80989590457244, -37.8083468955996, -37.80715988393338, -37.80400985660155, -37.801815840937074, -37.79977082325866, -37.797010800994464, -37.795778792994525, -37.79172475983795, -37.79196576535866, -37.79124576211195, -37.79207977285098, -37.79149977216241, -37.79087076746332, -37.78713373282005, -37.78827574731261, -37.78585872843396, -37.78635573883845, -37.78533773346102, -37.78244370859714, -37.782198707468474, -37.78073269488781, -37.7794976865789, -37.77801867356455, -37.778106675652, -37.77545065339691, -37.77443664265708, -37.772988630034696, -37.77169961721133, -37.77084460982355, -37.7691635994748, -37.77084361547756, -37.7708256204935, -37.769904613277845, -37.76936361169818, -37.768715606466586, -37.76653958591908, -37.76585658025397, -37.76496357621081, -37.761564547356514, -37.761657550685996, -37.764470584045036, -37.76388857992359, -37.76252756774846, -37.76129055986418, -37.76023555016503, -37.759568545085294, -37.75905753887927, -37.75783652839763, -37.75729552237952, -37.75613351322206, -37.75419449534173, -37.7512814697735, -37.7524534762731, -37.75147346558328, -37.75024445542709, -37.74984345440523, -37.748783445953244, -37.747272441728875, -37.80733797566097, -37.81425404388595, -37.85189241583497, -37.851603409623884, -37.84905538537133, -37.848686379883155, -37.85116039864465, -37.85565443754465, -37.858927470953965, -37.86220850037518, -37.863720512202114, -37.86801955042878, -37.868863555655736, -37.86845454892479, -37.86928555502347, -37.88075465254989, -37.88063565012249, -37.87914063512896, -37.87552760092989, -37.87217657040606, -37.869721549860664, -37.86606251694161, -37.86563551236697, -37.867945530301284, -37.87614160062888, -37.87948563282779, -37.88200665390398, -37.883419666733616, -37.885361689948596, -37.88783771404415, -37.8914357510517, -37.89370676778073, -37.89615579285148, -37.899835826802004, -37.902107835821354, -37.90325084508747, -37.90677787597933, -37.90694087626438, -37.90377884402108, -37.903893843790456, -37.90557785750979, -37.90611286041065, -37.904947846477256, -37.9050838416531, -37.90614584950012, -37.91037088820577, -37.913588915094934, -37.91591492929805, -37.91908795769886, -37.920473970937685, -37.926226019082165, -37.929194045829945, -37.927835042320964, -37.92967006109427, -37.93438610464228, 