{"IIS3": {"px": [], "py": [], "pt": [], "pb": [], "x": ["2019-01", "2019-02", "2019-03", "2019-04", "2019-05", "2019-06", "2019-07", "2019-08", "2019-09", "2019-10", "2019-11", "2019-12", "2020-01", "2020-02", "2020-03", "2020-04", "2020-05", "2020-06", "2020-07", "2020-08", "2020-09", "2020-10", "2020-11", "2020-12"], "y": [NaN, NaN, NaN, NaN, NaN, NaN, NaN, NaN, NaN, NaN, NaN, NaN, NaN, NaN, NaN, NaN, NaN, NaN, NaN, NaN, NaN, NaN, NaN, NaN]}, "VHI": {"px": ["2021-01", "2021-02", "2021-03", "2021-04", "2021-05", "2021-06", "2021-07", "2021-08", "2021-09", "2021-10", "2021-11", "2021-12"], "py": [48.517603516712754, 47.53706290264007, 50.3801320487582, 58.21538874388911, 65.04834842840951, 51.34427001424777, 48.78345827865266, 48.446999788357274, 48.05909361778387, 50.79584106860814, 44.40174150003463, 48.92281547035694], "pt": [58.50944609236265, 58.82537500734074, 62.83063654816277, 71.7284984676446, 79.54638990037452, 66.7644606304295, 65.07368082949404, 65.56308645770149, 65.96298970185073, 69.4543127934206, 63.78543669012127, 69.00556207879549], "pb": [38.525760941062856, 36.24875079793941, 37.929627549353626, 44.702279020133616, 50.5503069564445, 35.92407939806604, 32.49323572781128, 31.33091311901306, 30.155197533717015, 32.13736934379568, 25.01804630994799, 28.840068861918382], "x": ["2019-01", "2019-02", "2019-03", "2019-04", "2019-05", "2019-06", "2019-07", "2019-08", "2019-09", "2019-10", "2019-11", "2019-12", "2020-01", "2020-02", "2020-03", "2020-04", "2020-05", "2020-06", "2020-07", "2020-08", "2020-09", "2020-10", "2020-11", "2020-12"], "y": [50.03669738769531, 51.02102279663086, 50.99420166015625, 54.081756591796875, 53.19306945800781, 44.081363677978516, 44.081363677978516, 43.03311538696289, 41.95345687866211, 44.04613494873047, 38.19187545776367, 42.6580810546875, 41.83176803588867, 40.553958892822266, 43.06924819946289, 50.48374938964844, 57.694091796875, 45.81181716918945, 38.453392028808594, 38.716590881347656, 43.23017883300781, 46.9825439453125, 53.700111389160156, 46.923484802246094]}, "spi_01": {"px": ["2021-01", "2021-02", "2021-03", "2021-04", "2021-05", "2021-06", "2021-07", "2021-08", "2021-09", "2021-10", "2021-11", "2021-12"], "py": [-1.5334189710226067, -0.045165227634499594, -0.35987365427061446, -0.049188368630995516, -0.28493582133693973, -0.5005421254137898, -0.035618811332964295, -0.5374054686592298, -0.5376122567734809, -0.3574305659139463, -1.6188577146084888, -0.5808165247915091], "pt": [0.7525267842539831, 2.240780527642091, 1.9260721010059756, 2.2367573866455945, 2.0010099339396508, 1.7854036298628007, 2.2503269439436266, 1.748540286617362, 1.7483334985031114, 1.9285151893626455, 0.6670880406681032, 1.7051292304850838], "pb": [-3.819364726299196, -2.3311109829110896, -2.6458194095472045, -2.335134123907586, -2.5708815766135302, -2.786487880690381, -2.3215645666095552, -2.8233512239358216, -2.8235580120500727, -2.6433763211905386, -3.9048034698850813, -2.8667622800681016], "x": ["2019-01", "2019-02", "2019-03", "2019-04", "2019-05", "2019-06", "2019-07", "2019-08", "2019-09", "2019-10", "2019-11", "2019-12", "2020-01", "2020-02", "2020-03", "2020-04", "2020-05", "2020-06", "2020-07", "2020-08", "2020-09", "2020-10", "2020-11", "2020-12"], "y": [0.38773947954177856, 0.8186045289039612, 0.3720223307609558, -0.0904063954949379, -0.7726942896842957, 0.3352189362049103, 0.5502912998199463, -0.16985824704170227, -0.2219221293926239, -0.028510399162769318, -1.4649829864501953, -0.23483897745609283, -1.4980013370513916, -0.053790293633937836, -0.38680073618888855, -0.08642604202032089, -0.2439919114112854, -0.38139018416404724, -0.936155378818512, -0.9880765676498413, -0.19831807911396027, -0.5352344512939453, 0.2601366639137268, -0.4205344319343567]}, "spi_03": {"px": [], "py": [], "pt": [], "pb": [], "x": ["2019-01", "2019-02", "2019-03", "2019-04", "2019-05", "2019-06", "2019-07", "2019-08", "2019-09", "2019-10", "2019-11", "2019-12", "2020-01", "2020-02", "2020-03", "2020-04", "2020-05", "2020-06", "2020-07"], "y": [0.8711338639259338, 0.9224701523780823, 0.5896724462509155, 0.28217506408691406, -0.5189946293830872, -0.3201380968093872, -0.0010520219802856445, 0.2767394781112671, 0.09973812848329544, -0.3151814937591553, -0.5931095480918884, -0.7847871780395508, -1.5608627796173096, -0.9894911050796509, -0.9290919303894043, -0.4879820942878723, -0.4571835696697235, -0.5640982389450073, -0.8635403513908386]}, "spi_06": {"px": [], "py": [], "pt": [], "pb": [], "x": ["2019-01", "2019-02", "2019-03", "2019-04", "2019-05", "2019-06", "2019-07", "2019-08", "2019-09", "2019-10", "2019-11", "2019-12", "2020-01", "2020-02", "2020-03", "2020-04", "2020-05", "2020-06", "2020-07"], "y": [-0.5066621899604797, 0.4145771861076355, 0.6653304100036621, 0.5702173709869385, 0.04674991965293884, -0.029069174081087112, 0.07491761445999146, -0.12347564101219177, -0.1965029537677765, -0.14767886698246002, 0.08662910759449005, -0.1466457098722458, -1.076310157775879, -1.1364285945892334, -1.0875250101089478, -0.9879605770111084, -0.8711055517196655, -0.9511566758155823, -0.9425258636474609]}, "spi_12": {"px": ["2021-01", "2021-02", "2021-03", "2021-04", "2021-05", "2021-06", "2021-07", "2021-08", "2021-09", "2021-10", "2021-11", "2021-12"], "py": [-1.3416453219544227, -1.3815691782094832, -1.3986160729007429, -1.3630861005000372, -1.2409547325044643, -1.4974436430373022, -1.388490870866165, -1.2986548471520036, -1.2957153157740744, -1.3088894510210136, -1.393767779357649, -1.4945900223844961], "pt": [-0.49299887334499193, -0.3421937952317142, -0.1984487600884961, -0.021258253589057752, 0.2289440268488936, 0.09022847511282972, 0.308802016868333, 0.5015961183405571, 0.6019158208696309, 0.6813628753844769, 0.684982978853939, 0.6690423647755872], "pb": [-2.1902917705638534, -2.4209445611872527, -2.5987833857129896, -2.7049139474110167, -2.710853491857822, -3.085115761187434, -3.085783758600663, -3.0989058126445643, -3.1933464524177797, -3.299141777426504, -3.472518537569237, -3.6582224095445794], "x": ["2019-01", "2019-02", "2019-03", "2019-04", "2019-05", "2019-06", "2019-07", "2019-08", "2019-09", "2019-10", "2019-11", "2019-12", "2020-01", "2020-02", "2020-03", "2020-04", "2020-05", "2020-06", "2020-07", "2020-08", "2020-09", "2020-10", "2020-11", "2020-12"], "y": [-0.6303250789642334, -0.6090352535247803, -0.5354399681091309, -1.1688600778579712, -1.3530925512313843, -0.8227152824401855, -0.2582756578922272, -0.002799335867166519, 0.055931203067302704, 0.10240412503480911, 0.026802336797118187, -0.13577288389205933, -0.27653175592422485, -0.42871493101119995, -0.5427267551422119, -0.5673598647117615, -0.45378828048706055, -0.9491017460823059, -1.4307430982589722, -1.3653709888458252, -1.2866833209991455, -1.3184466361999512, -1.2430237531661987, -1.264248251914978],