{"IIS3": {"px": [], "py": [], "pt": [], "pb": [], "x": ["2019-01", "2019-02", "2019-03", "2019-04", "2019-05", "2019-06", "2019-07", "2019-08", "2019-09", "2019-10", "2019-11", "2019-12", "2020-01", "2020-02", "2020-03", "2020-04", "2020-05", "2020-06", "2020-07", "2020-08", "2020-09", "2020-10", "2020-11", "2020-12"], "y": [NaN, NaN, NaN, NaN, NaN, NaN, NaN, NaN, NaN, NaN, NaN, NaN, NaN, NaN, NaN, NaN, NaN, NaN, NaN, NaN, NaN, NaN, NaN, NaN]}, "VHI": {"px": ["2021-01", "2021-02", "2021-03", "2021-04", "2021-05", "2021-06", "2021-07", "2021-08", "2021-09", "2021-10", "2021-11", "2021-12"], "py": [47.713797693117655, 49.88702915802473, 49.762681748507376, 51.79886055680625, 37.667096521741286, 30.70586633013116, 37.08949251130461, 44.291994358167216, 35.0888130808824, 37.66486148400553, 45.64546914894321, 45.27200247080795], "pt": [55.837557372328405, 58.59118046271068, 59.01087230364635, 61.56081769425863, 47.91710070528937, 41.42171274429971, 48.251756752100235, 55.88349648647831, 47.09421603954797, 50.07036344117083, 58.43856327892317, 58.4412862792701], "pb": [39.590038013906906, 41.18287785333878, 40.5144911933684, 42.03690341935386, 27.4170923381932, 19.990019915962606, 25.92722827050899, 32.700492229856124, 23.083410122216826, 25.259359526840235, 32.852375018963244, 32.102718662345794], "x": ["2019-01", "2019-02", "2019-03", "2019-04", "2019-05", "2019-06", "2019-07", "2019-08", "2019-09", "2019-10", "2019-11", "2019-12", "2020-01", "2020-02", "2020-03", "2020-04", "2020-05", "2020-06", "2020-07", "2020-08", "2020-09", "2020-10", "2020-11", "2020-12"], "y": [47.41961669921875, 45.567501068115234, 54.81999969482422, 55.312767028808594, 45.26422882080078, 41.06192398071289, 41.06192398071289, 49.27415084838867, 39.846763610839844, 42.67115020751953, 51.110713958740234, 50.23456954956055, 51.781429290771484, 54.28410720825195, 54.44757080078125, 56.25910568237305, 40.813072204589844, 33.18569564819336, 38.981536865234375, 55.00403594970703, 39.37507629394531, 34.60938262939453, 42.95595932006836, 46.855125427246094]}, "spi_01": {"px": ["2021-01", "2021-02", "2021-03", "2021-04", "2021-05", "2021-06", "2021-07", "2021-08", "2021-09", "2021-10", "2021-11", "2021-12"], "py": [0.6483741317318645, 1.8787999987295683, 1.8486250224124081, -0.09930037262070357, 0.25739399169261956, 0.46523067179791333, -1.3867867951359143, 0.6446635009531834, 1.0290567979720349, 0.38057287789173033, 0.734809111496924, 0.3997935073623995], "pt": [2.5816954658240654, 3.8121213328217696, 3.7819463565046094, 1.8340209614714977, 2.1907153257848213, 2.3985520058901155, 0.5465345389562879, 2.5779848350453856, 2.962378132064237, 2.313894211983933, 2.668130445589127, 2.333114841454603], "pb": [-1.284947202360336, -0.05452133536263304, -0.08469631167979319, -2.032621706712905, -1.675927342399582, -1.4680906622942886, -3.3201081292281165, -1.288657833139019, -0.9042645361201673, -1.5527484562004725, -1.198512222595279, -1.5335278267298038], "x": ["2019-01", "2019-02", "2019-03", "2019-04", "2019-05", "2019-06", "2019-07", "2019-08", "2019-09", "2019-10", "2019-11", "2019-12", "2020-01", "2020-02", "2020-03", "2020-04", "2020-05", "2020-06", "2020-07", "2020-08", "2020-09", "2020-10", "2020-11", "2020-12"], "y": [-1.9541656970977783, 0.6900462508201599, -1.4748369455337524, -0.3697466254234314, 0.05943484976887703, 0.3100307285785675, -1.824340581893921, -0.2661847770214081, 0.15259547531604767, -0.2692166864871979, -0.015554540790617466, -0.3232583701610565, 0.12278302758932114, 1.268764615058899, 1.2426220178604126, -0.4500199258327484, -0.18896545469760895, -0.10263670235872269, -0.21027544140815735, 0.22638794779777527, 0.13062800467014313, 0.5021966695785522, -1.6981863975524902, -0.5113723278045654]}, "spi_03": {"px": [], "py": [], "pt": [], "pb": [], "x": ["2019-01", "2019-02", "2019-03", "2019-04", "2019-05", "2019-06", "2019-07", "2019-08", "2019-09", "2019-10", "2019-11", "2019-12", "2020-01", "2020-02", "2020-03", "2020-04", "2020-05", "2020-06", "2020-07"], "y": [-1.453754186630249, -0.8646169304847717, -1.351417064666748, -0.3104400038719177, -1.6294982433319092, -0.48747333884239197, -0.41831910610198975, -1.230781078338623, -0.4469229280948639, -0.4535962641239166, -0.3350922167301178, -0.4461458623409271, -0.1769452691078186, 0.4937130808830261, 1.1863701343536377, 1.4783517122268677, 0.7167630791664124, -0.8795584440231323, -0.5849034786224365]}, "spi_06": {"px": [], "py": [], "pt": [], "pb": [], "x": ["2019-01", "2019-02", "2019-03", "2019-04", "2019-05", "2019-06", "2019-07", "2019-08", "2019-09", "2019-10", "2019-11", "2019-12", "2020-01", "2020-02", "2020-03", "2020-04", "2020-05", "2020-06", "2020-07"], "y": [-0.7193836569786072, -0.6090046167373657, -1.063987135887146, -1.3961889743804932, -1.4230735301971436, -1.4945420026779175, -0.49345433712005615, -1.7713795900344849, -0.8562843203544617, -0.9847611784934998, -0.7342536449432373, -0.6179603934288025, -0.3574216961860657, 0.3199678361415863, 0.6892073750495911, 0.6920480728149414, 0.6931347250938416, 0.9867079854011536, 1.3188649415969849]}, "spi_12": {"px": ["2021-01", "2021-02", "2021-03", "2021-04", "2021-05", "2021-06", "2021-07", "2021-08", "2021-09", "2021-10", "2021-11", "2021-12"], "py": [2.162257387692386, 2.5713624524497503, 3.7376403319103995, 3.4055511515409904, 3.075540044831289, 2.788965178335255, 2.8954847562221513, 1.8945982321504813, 1.7392983517080722, 0.658464868684439, 0.6238427504272916, 0.7908716835649288], "pt": [3.228401436253943, 3.8771169048473055, 5.245395699212686, 5.091272897649068, 4.922155695954847, 4.783538045053163, 5.027772841430176, 4.156231278423222, 4.123268903888978, 3.1587942772501467, 3.2353516454937736, 3.509016320386923], "pb": [1.096113339130829, 1.265608000052195, 2.2298849646081127, 1.7198294054329128, 1.2289243937077314, 0.7943923116173472, 0.7631966710141262, -0.36703481412226013, -0.6446722004728338, -1.8418645398812692, -1.9876661446391903, -1.927272953257066], "x": ["2019-01", "2019-02", "2019-03", "2019-04", "2019-05", "2019-06", "2019-07", "2019-08", "2019-09", "2019-10", "2019-11", "2019-12", "2020-01", "2020-02", "2020-03", "2020-04", "2020-05", "2020-06", "2020-07", "2020-08", "2020-09", "2020-10", "2020-11", "2020-12"], "y": [-0.6399093866348267, -0.4309764802455902, -0.9326468110084534, -1.045423150062561, -0.9704837203025818, -0.9019538760185242, -0.9530991911888123, -1.245038390159607, -1.250449538230896, -1.5103057622909546, -1.4626684188842773, -1.3520187139511108, -0.48737648129463196, -0.2029198855161667, 0.4716717302799225, 0.4653259515762329, 0.44267022609710693, 0.40110859274864197, 0.4378504455089569, 0.47875064611434937, 0.4511529505252838, 0.5832217335700989, 0.31807348132133484, 0.23822025954723358],