{"IIS3": {"px": [], "py": [], "pt": [], "pb": [], "x": ["2019-01", "2019-02", "2019-03", "2019-04", "2019-05", "2019-06", "2019-07", "2019-08", "2019-09", "2019-10", "2019-11", "2019-12", "2020-01", "2020-02", "2020-03", "2020-04", "2020-05", "2020-06", "2020-07", "2020-08", "2020-09", "2020-10", "2020-11", "2020-12"], "y": [NaN, NaN, NaN, NaN, NaN, NaN, NaN, NaN, NaN, NaN, NaN, NaN, NaN, NaN, NaN, NaN, NaN, NaN, NaN, NaN, NaN, NaN, NaN, NaN]}, "VHI": {"px": ["2021-01", "2021-02", "2021-03", "2021-04", "2021-05", "2021-06", "2021-07", "2021-08", "2021-09", "2021-10", "2021-11", "2021-12"], "py": [65.338426747619, 70.22300653332452, 59.74531274965685, 46.24016495141528, 51.00069128517812, 62.7993460340907, 55.57129834008161, 60.264460149280495, 55.749082663967584, 54.987758176518554, 60.66887554549632, 62.189086966149404], "pt": [72.40102017736596, 77.28559996307149, 66.80790617940382, 53.30275838116225, 58.06328471492509, 69.86193946383767, 62.63389176982858, 67.32705357902746, 62.81167609371455, 62.05035160626552, 67.73146897524329, 69.25168039589639], "pb": [58.27583331787203, 63.160413103577554, 52.68271931990988, 39.17757152166831, 43.93809785543115, 55.736752604343735, 48.50870491033464, 53.20186671953353, 48.686489234220616, 47.925164746771586, 53.60628211574935, 55.12649353640242], "x": ["2019-01", "2019-02", "2019-03", "2019-04", "2019-05", "2019-06", "2019-07", "2019-08", "2019-09", "2019-10", "2019-11", "2019-12", "2020-01", "2020-02", "2020-03", "2020-04", "2020-05", "2020-06", "2020-07", "2020-08", "2020-09", "2020-10", "2020-11", "2020-12"], "y": [63.35708236694336, 69.09542083740234, 67.30013275146484, 55.94651794433594, 54.67597198486328, 55.94499588012695, 55.94499588012695, 60.78321838378906, 56.001220703125, 54.57111358642578, 59.70600128173828, 61.4048957824707, 64.7864990234375, 70.00450134277344, 59.61530303955078, 46.271873474121094, 51.27916717529297, 63.13032913208008, 62.20750427246094, 61.60847473144531, 56.12655258178711, 57.72111129760742, 62.23500061035156, 58.61611557006836]}, "spi_01": {"px": ["2021-01", "2021-02", "2021-03", "2021-04", "2021-05", "2021-06", "2021-07", "2021-08", "2021-09", "2021-10", "2021-11", "2021-12"], "py": [0.7195501800785142, 1.062021153492295, -0.36065218406757427, 0.43882958706764263, -0.42114901741117095, -1.1712985473158315, -0.546089719279031, -0.4537496864093702, 0.1426510705936752, 0.07657802208108677, -0.7233465793241438, 0.78179107119196], "pt": [2.7236135804960853, 3.0660845539098673, 1.6434112163499979, 2.442892987485215, 1.5829143830064014, 0.8327648531017413, 1.457973681138542, 1.5503137140082028, 2.146714471011249, 2.08064142249866, 1.2807168210934297, 2.785854471609534], "pb": [-1.2845132203390572, -0.9420422469252769, -2.364715584485146, -1.5652338133499297, -2.4252124178287433, -3.1753619477334043, -2.5501531196966036, -2.4578130868269437, -1.861412329823898, -1.927485378336487, -2.7274099797417177, -1.2222723292256141], "x": ["2019-01", "2019-02", "2019-03", "2019-04", "2019-05", "2019-06", "2019-07", "2019-08", "2019-09", "2019-10", "2019-11", "2019-12", "2020-01", "2020-02", "2020-03", "2020-04", "2020-05", "2020-06", "2020-07", "2020-08", "2020-09", "2020-10", "2020-11", "2020-12"], "y": [0.5951171517372131, 1.4751651287078857, 1.123262643814087, 0.8883019089698792, 1.0231717824935913, 0.6060616970062256, -0.22012583911418915, -0.11353697627782822, 0.5298753380775452, 0.3827584683895111, -0.5680516362190247, 0.9480727910995483, 0.5278418064117432, 0.8599686026573181, -0.4779312312602997, 0.31417733430862427, -0.40938472747802734, -1.1512984037399292, -0.23378750681877136, -0.3001585304737091, 0.14960327744483948, 1.3036032915115356, 1.0959205627441406, -0.4279978573322296]}, "spi_03": {"px": [], "py": [], "pt": [], "pb": [], "x": ["2019-01", "2019-02", "2019-03", "2019-04", "2019-05", "2019-06", "2019-07", "2019-08", "2019-09", "2019-10", "2019-11", "2019-12", "2020-01", "2020-02", "2020-03", "2020-04", "2020-05", "2020-06", "2020-07"], "y": [1.3488845825195312, 1.5963425636291504, 1.273834466934204, 1.4941608905792236, 1.2340219020843506, 1.1830651760101318, 0.8208163976669312, 0.16820549964904785, -0.2779499292373657, 0.0036143267061561346, -0.004534579813480377, 0.4098881483078003, 0.6217775344848633, 0.8151359558105469, 0.29383689165115356, 0.2324431985616684, -0.2647322714328766, -0.36556681990623474, -0.9236870408058167]}, "spi_06": {"px": [], "py": [], "pt": [], "pb": [], "x": ["2019-01", "2019-02", "2019-03", "2019-04", "2019-05", "2019-06", "2019-07", "2019-08", "2019-09", "2019-10", "2019-11", "2019-12", "2020-01", "2020-02", "2020-03", "2020-04", "2020-05", "2020-06", "2020-07"], "y": [1.3227760791778564, 1.6005399227142334, 1.600026249885559, 1.6649363040924072, 1.715556263923645, 1.452690839767456, 1.4522281885147095, 1.1217528581619263, 0.9662724137306213, 0.73599773645401, 0.0971759557723999, -0.12873011827468872, 0.5524922609329224, 0.7955257892608643, 0.3670741319656372, 0.38130733370780945, 0.22149379551410675, -0.01563674584031105, -0.19740033149719238]}, "spi_12": {"px": ["2021-01", "2021-02", "2021-03", "2021-04", "2021-05", "2021-06", "2021-07", "2021-08", "2021-09", "2021-10", "2021-11", "2021-12"], "py": [-0.1651338112708015, -0.2036799949181971, -0.33869150320493013, -0.39545700210280355, -0.5618026983410163, -0.6530626546849403, -0.4711834786078605, -0.54229041729583, -0.5866587674653033, -0.615541901096317, -0.6404410294309086, -0.6894000502138118], "pt": [1.1602690242837213, 1.4196003264236134, 1.5357111554613385, 1.7001888773278746, 1.7338623419325825, 1.8265389871708617, 2.1796221776886537, 2.269313564884661, 2.3770320527406104, 2.4928032539552265, 2.606119601158332, 2.6897273894148883], "pb": [-1.490536646825324, -1.8269603162600079, -2.213094161871199, -2.491102881533482, -2.857467738614615, -3.1326642965407423, -3.1219891349043745, -3.3538943994763217, -3.5503495876712168, -3.7238870561478605, -3.887001660020149, -4.068527489842512], "x": ["2019-01", "2019-02", "2019-03", "2019-04", "2019-05", "2019-06", "2019-07", "2019-08", "2019-09", "2019-10", "2019-11", "2019-12", "2020-01", "2020-02", "2020-03", "2020-04", "2020-05", "2020-06", "2020-07", "2020-08", "2020-09", "2020-10", "2020-11", "2020-12"], "y": [0.42648330330848694, 0.6204546689987183, 1.2196623086929321, 1.6736127138137817, 1.974096655845642, 1.939689040184021, 1.6551408767700195, 1.591937780380249, 1.5855214595794678, 1.5926268100738525, 1.5704131126403809, 1.3748780488967896, 1.3231254816055298, 1.187896966934204, 0.8163797855377197, 0.6438168287277222, 0.21387243270874023, -0.024955082684755325, -0.020217295736074448, -0.016392195597290993, -0.021372977644205093, 0.0010738560231402516, 0.030226068571209908, -0.12096863985061646],