{"IIS3": {"px": [], "py": [], "pt": [], "pb": [], "x": ["2019-01", "2019-02", "2019-03", "2019-04", "2019-05", "2019-06", "2019-07", "2019-08", "2019-09", "2019-10", "2019-11", "2019-12", "2020-01", "2020-02", "2020-03", "2020-04", "2020-05", "2020-06", "2020-07", "2020-08", "2020-09", "2020-10", "2020-11", "2020-12"], "y": [NaN, NaN, NaN, NaN, NaN, NaN, NaN, NaN, NaN, NaN, NaN, NaN, NaN, NaN, NaN, NaN, NaN, NaN, NaN, NaN, NaN, NaN, NaN, NaN]}, "VHI": {"px": ["2021-01", "2021-02", "2021-03", "2021-04", "2021-05", "2021-06", "2021-07", "2021-08", "2021-09", "2021-10", "2021-11", "2021-12"], "py": [57.77725408136253, 52.0426391072934, 49.76065750063002, 48.05796058154897, 46.99268549844349, 56.77214960478838, 49.18561426993999, 55.76692514041952, 47.6129229749222, 55.034302084006896, 65.06574205854247, 64.4382471159092], "pt": [64.87917490354637, 59.14455992947724, 56.86257832281386, 55.15988140373281, 54.094606320627335, 63.874070426972224, 56.28753509212383, 62.86884596260336, 54.71484379710604, 62.13622290619074, 72.16766288072631, 71.54016793809305], "pb": [50.675333259178686, 44.940718285109554, 42.658736678446175, 40.956039759365126, 39.89076467625965, 49.67022878260454, 42.08369344775615, 48.665004318235674, 40.51100215273836, 47.93238126182305, 57.963821236358626, 57.336326293725364], "x": ["2019-01", "2019-02", "2019-03", "2019-04", "2019-05", "2019-06", "2019-07", "2019-08", "2019-09", "2019-10", "2019-11", "2019-12", "2020-01", "2020-02", "2020-03", "2020-04", "2020-05", "2020-06", "2020-07", "2020-08", "2020-09", "2020-10", "2020-11", "2020-12"], "y": [55.494476318359375, 55.689998626708984, 52.18328857421875, 48.6491584777832, 48.54275894165039, 46.744998931884766, 46.744998931884766, 52.909576416015625, 44.6170539855957, 51.541446685791016, 60.988407135009766, 60.64817810058594, 55.507347106933594, 50.58692932128906, 48.552791595458984, 46.869544982910156, 45.9510498046875, 55.89421081542969, 59.05775833129883, 58.31223678588867, 45.39189147949219, 51.504207611083984, 65.27776336669922, 63.581748962402344]}, "spi_01": {"px": [], "py": [], "pt": [], "pb": [], "x": ["2019-01", "2019-02", "2019-03", "2019-04", "2019-05", "2019-06", "2019-07", "2019-08", "2019-09", "2019-10", "2019-11", "2019-12", "2020-01", "2020-02", "2020-03", "2020-04", "2020-05", "2020-06", "2020-07", "2020-08", "2020-09", "2020-10", "2020-11", "2020-12"], "y": [NaN, NaN, NaN, NaN, NaN, NaN, NaN, NaN, NaN, NaN, NaN, NaN, NaN, NaN, NaN, NaN, NaN, NaN, NaN, NaN, NaN, NaN, NaN, NaN]}, "spi_03": {"px": [], "py": [], "pt": [], "pb": [], "x": ["2019-01", "2019-02", "2019-03", "2019-04", "2019-05", "2019-06", "2019-07", "2019-08", "2019-09", "2019-10", "2019-11", "2019-12", "2020-01", "2020-02", "2020-03", "2020-04", "2020-05", "2020-06", "2020-07"], "y": [NaN, NaN, NaN, NaN, NaN, NaN, NaN, NaN, NaN, NaN, NaN, NaN, NaN, NaN, NaN, NaN, NaN, NaN, NaN]}, "spi_06": {"px": [], "py": [], "pt": [], "pb": [], "x": ["2019-01", "2019-02", "2019-03", "2019-04", "2019-05", "2019-06", "2019-07", "2019-08", "2019-09", "2019-10", "2019-11", "2019-12", "2020-01", "2020-02", "2020-03", "2020-04", "2020-05", "2020-06", "2020-07"], "y": [NaN, NaN, NaN, NaN, NaN, NaN, NaN, NaN, NaN, NaN, NaN, NaN, NaN, NaN, NaN, NaN, NaN, NaN, NaN]}, "spi_12": {"px": [], "py": [], "pt": [], "pb": [], "x": ["2019-01", "2019-02", "2019-03", "2019-04", "2019-05", "2019-06", "2019-07", "2019-08", "2019-09", "2019-10", "2019-11", "2019-12", "2020-01", "2020-02", "2020-03", "2020-04", "2020-05", "2020-06", "2020-07", "2020-08", "2020-09", "2020-10", "2020-11", "2020-12"], "y": [NaN, NaN, NaN, NaN, NaN, NaN, NaN, NaN, NaN, NaN, NaN, NaN, NaN, NaN, NaN, NaN, NaN, NaN, NaN, NaN, NaN, NaN, NaN, NaN], "geox": [-44.136699651792554, -44.1333966239452, -44.12970159411023, -44.12500555549647, -44.12061951981096, -44.11588548070853, -44.10615040234045, -44.0975613313163, -44.096754324405055, -44.09425330398951, -44.09408530215349, -44.08875825819158, -44.08552823215593, -44.081676200600846, -44.078393173371566, -44.07403513793301, -44.06953510187001, -44.06817309072356, -44.06458206094732, -44.06191803791056, -44.06047402685322, -44.05864201351275, -44.062645045905526, -44.063565054271095, -44.05974202564751, -44.05941402350249, -44.060278031197115, -44.06297505397397, -44.066143080310844, -44.065651076580885, -44.0609930394538, -44.060060032353995, -44.061950048226414, -44.06703608984434, -44.06733709314993, -44.070203116617954, -44.07122412528933, -44.07372314748379, -44.073641147260766, -44.07144713029283, -44.06977711711477, -44.069118112327786, -44.0708381274283, -44.07045612494317, -44.07331314970437, -44.072950147666134, -44.06828511141613, -44.06292006854047, -44.061670058832874, -44.061395057170984, -44.063120071864, -44.062196066430396, -44.06264007051773, -44.06370207867564, -44.064900088288525, -44.0667851042294, -44.06939212520959, -44.07106114018576, -44.07278315488908, -44.067699115919964, -44.06853412303637, -44.07289615768986, -44.07353316323315, -44.07222815311038, -44.07206115230022, -44.07589318368353, -44.080895225533915, -44.08295524319661, -44.0817822342815, -44.08253024085293, -44.08433825552232, -44.087482281872504, -44.08778128591564, -44.085091265066026, -44.083727253971496, -44.079840221452194, -44.07862021157898, -44.07808720771964, -44.080698230309025, -44.08081123170546, -44.07955922312519, -44.07825021347285, -44.07553019181287, -44.06141907742812, -44.05680804065342, -44.053338013784646, -44.05278300985997, -44.054585025630075, -44.05386902047472, -44.052002005740256, -44.048444976921324, -44.04410694304474, -44.04283493346635, -44.04555995675029, -44.04941998744474, -44.0505289965504, -44.050417996141285, -44.049257987471805, -44.041666926507865, -44.03991791298241, -44.03986291295783, -44.04125192464128, -44.03936691074462, -44.03864290676427, -44.0358928857126, -44.03297586412398, -44.03103484845352, -44.03064584402338, -44.02883582920044, -44.026753812666605, -44.0227537814398, -44.02117376940155, -44.01870074914563, -44.01330670358043, -44.00742065548138, -44.001812610582604, -43.99845058411241, -43.99567256170065, -43.99456155301712, -43.99667257110913, -43.99581156544726, -43.99328654605764, -43.98955451653597, -43.98981051938697, -43.99170053522426, -43.991087530722666, -43.987384500760484, -43.98817350760998, -43.99647857499908, -44.00052960875584, -44.006392657042625, -44.00741766664396, -44.013558718074464, -44.010552694687945, -44.010947698283964, -44.01266971232674, -44.01303671603444, -44.01175070702473, -44.00045261790113, -43.99495557585686, -43.994618574170495, -43.99531358168722, -43.99589258690774, -43.99744859981173, -43.99872661245853, -44.00042062774939, -44.0016206376298, -44.00253564572592, -44.002585646560206, -44.00059063083548, -43.99892361688236, -43.997282604135094, -43.995369588631334, -43.99517158884235, -43.9966216021338, -43.99855761796952, -43.99969862828282, -43.999167627091204, -44.00039163754929, -44.00164664715852, -44.00086564015614, -44.00175664698739, -44.00230965057976, -44.005091672797505, -44.008509700641014, -44.00939071007014, -44.01391974810108, -44.008255703883954, -44.008419705822206, -44.0106477241095, -44.00869770944953, -44.007976705455185, -44.01358575031444, -44.01635877341965, -44.017063779780564, -44.019753802097135, -44.02359283272301, -44.0247558415638, -44.03108489222357, -44.03303490860626, -44.034749924258264, -44.03773094952001, -44.043868003218414, -44.04370200245341, -44.04094698142346, -44.03908696677628, -44.036284943743055, -44.0350639338609, -44.03454492995272, -44.035030934451584, -44.03664294735156, -44.0368649495942, -44.03603394341, -44.037085952236204, -44.035730941918615, -44.03408992892876, -44.03486393573024, -44.034278932458356, -44.03547494245875, -44.03950197525663, -44.04148199461585, -44.040618989483626, -44.0386249742485, -44.035812953068564, -44.034917947070085, -44.03122791851799, -44.03097391720429, -44.0327309326031, -44.03211892982434, -44.029314910495216, -44.027383895961265, -44.026561890465366, 