{"IIS3": {"px": [], "py": [], "pt": [], "pb": [], "x": ["2019-01", "2019-02", "2019-03", "2019-04", "2019-05", "2019-06", "2019-07", "2019-08", "2019-09", "2019-10", "2019-11", "2019-12", "2020-01", "2020-02", "2020-03", "2020-04", "2020-05", "2020-06", "2020-07", "2020-08", "2020-09", "2020-10", "2020-11", "2020-12"], "y": [NaN, NaN, NaN, NaN, NaN, NaN, NaN, NaN, NaN, NaN, NaN, NaN, NaN, NaN, NaN, NaN, NaN, NaN, NaN, NaN, NaN, NaN, NaN, NaN]}, "VHI": {"px": ["2021-01", "2021-02", "2021-03", "2021-04", "2021-05", "2021-06", "2021-07", "2021-08", "2021-09", "2021-10", "2021-11", "2021-12"], "py": [29.607475129584223, 40.400865538697815, 59.40618812140278, 65.06581025572956, 76.24933033859867, 78.43307409031793, 53.710168888440364, 101.87208221840046, 99.24042252436179, 75.56011872489464, 55.28054156588935, 41.89661459625215], "pt": [58.074808826638645, 74.33615458336669, 98.04319884002587, 107.89142586130805, 122.88888551146175, 128.59743256771014, 107.16741924958487, 158.4308337154045, 158.7392218872534, 137.86037458593745, 120.26158984211503, 109.45215759460976], "pb": [1.140141432529795, 6.465576494028944, 20.769177402779697, 22.240194650151082, 29.60977516573559, 28.268715612925725, 0.2529185272958614, 45.31333072139644, 39.7416231614702, 13.259862863851815, -9.700506710336327, -25.65892840210546], "x": ["2019-01", "2019-02", "2019-03", "2019-04", "2019-05", "2019-06", "2019-07", "2019-08", "2019-09", "2019-10", "2019-11", "2019-12", "2020-01", "2020-02", "2020-03", "2020-04", "2020-05", "2020-06", "2020-07", "2020-08", "2020-09", "2020-10", "2020-11", "2020-12"], "y": [30.647729873657227, 26.570865631103516, 32.060054779052734, 32.044715881347656, 33.13543701171875, 33.85076904296875, 33.85076904296875, 69.26492309570312, 68.35015106201172, 52.13301467895508, 38.30744934082031, 29.50346565246582, 23.02214241027832, 32.987998962402344, 49.03797912597656, 53.04020690917969, 62.60934066772461, 65.23567199707031, 60.62749481201172, 65.16047668457031, 61.03086471557617, 44.84120559692383, 50.49565887451172, 39.092071533203125]}, "spi_01": {"px": ["2021-01", "2021-02", "2021-03", "2021-04", "2021-05", "2021-06", "2021-07", "2021-08", "2021-09", "2021-10", "2021-11", "2021-12"], "py": [0.8002846835613453, 0.8032710943680583, 2.229634412938444, 1.4847662221972064, 0.19104997025893677, 0.4351543115214622, 2.784877179206301, 0.17767940127443893, -0.08006316103994404, -0.14176962071461352, -0.4301155536678096, -0.8931674257409654], "pt": [2.6301509182977023, 2.6331373291044162, 4.059500647674802, 3.3146324569335643, 2.020916204995295, 2.265020546257821, 4.6147434139426595, 2.0075456360107973, 1.7498030736964143, 1.6880966140217453, 1.3997506810685492, 0.936698808995394], "pb": [-1.0295815511750117, -1.0265951403682991, 0.39976817820208677, -0.34510001253915146, -1.6388162644774211, -1.3947119232148961, 0.9550109444699428, -1.6521868334619196, -1.9099293957763026, -1.9716358554509725, -2.2599817884041684, -2.723033660477325], "x": ["2019-01", "2019-02", "2019-03", "2019-04", "2019-05", "2019-06", "2019-07", "2019-08", "2019-09", "2019-10", "2019-11", "2019-12", "2020-01", "2020-02", "2020-03", "2020-04", "2020-05", "2020-06", "2020-07", "2020-08", "2020-09", "2020-10", "2020-11", "2020-12"], "y": [-0.5127306580543518, -0.8563051223754883, 2.1588382720947266, -0.3861705958843231, -1.2700586318969727, 1.4981658458709717, 2.1971044540405273, -0.04815061390399933, -0.2839760184288025, -0.34211328625679016, -0.554468035697937, -1.008326768875122, 0.5241177082061768, 0.2970944046974182, 1.3380587100982666, 0.7155566811561584, -0.265319287776947, -0.012411912903189659, -0.7737623453140259, -1.4839810132980347, -0.9387238621711731, 0.2862725555896759, 0.7077568769454956, -0.773827850818634]}, "spi_03": {"px": [], "py": [], "pt": [], "pb": [], "x": ["2019-01", "2019-02", "2019-03", "2019-04", "2019-05", "2019-06", "2019-07", "2019-08", "2019-09", "2019-10", "2019-11", "2019-12", "2020-01", "2020-02", "2020-03", "2020-04", "2020-05", "2020-06", "2020-07"], "y": [0.6914541125297546, -0.002139305230230093, 0.9261088371276855, 0.8943706154823303, 0.7082339525222778, 0.036416761577129364, 1.465071678161621, 2.118399143218994, 1.575740098953247, -0.5439666509628296, -0.8283190131187439, -1.720011830329895, -0.4885280728340149, -0.16619957983493805, 0.8651909232139587, 0.9796890616416931, 0.7698767781257629, 0.06998193264007568, -0.6376555562019348]}, "spi_06": {"px": [], "py": [], "pt": [], "pb": [], "x": ["2019-01", "2019-02", "2019-03", "2019-04", "2019-05", "2019-06", "2019-07", "2019-08", "2019-09", "2019-10", "2019-11", "2019-12", "2020-01", "2020-02", "2020-03", "2020-04", "2020-05", "2020-06", "2020-07"], "y": [-0.4671866297721863, -0.44129857420921326, 1.1273411512374878, 1.0260756015777588, 0.4871355891227722, 0.48279717564582825, 1.2925876379013062, 1.5030877590179443, 0.8829312324523926, 0.9776812791824341, 1.3439021110534668, 0.7458854913711548, -0.879821240901947, -0.6852378249168396, 0.21531760692596436, 0.5737128257751465, 0.48105600476264954, 0.5213475823402405, 0.22667334973812103]}, "spi_12": {"px": ["2021-01", "2021-02", "2021-03", "2021-04", "2021-05", "2021-06", "2021-07", "2021-08", "2021-09", "2021-10", "2021-11", "2021-12"], "py": [0.001563508153324067, 0.18140301442653284, 0.04936263978396238, 0.3329836647545359, 0.5783875492659836, 0.34856335973389907, 0.45300090614011923, 0.4215818040354722, 0.3900620760650293, 0.3328661193197311, 0.177168415473703, -0.14621697381136145], "pt": [1.0863761469017224, 1.5100217268547498, 1.5835193804205128, 2.048223043578003, 2.4573381469382225, 2.3780619604525626, 2.6226261715131898, 2.722816910227648, 2.815776864698983, 2.8769772524315727, 2.8344058304311552, 2.619523415537559], "pb": [-1.083249130595074, -1.1472156980016843, -1.4847941008525878, -1.3822557140689313, -1.3005630484062556, -1.6809352409847649, -1.7166243592329509, -1.879653302156704, -2.0356527125689245, -2.21124501379211, -2.4800689994837497, -2.9119573631602824], "x": ["2019-01", "2019-02", "2019-03", "2019-04", "2019-05", "2019-06", "2019-07", "2019-08", "2019-09", "2019-10", "2019-11", "2019-12", "2020-01", "2020-02", "2020-03", "2020-04", "2020-05", "2020-06", "2020-07", "2020-08", "2020-09", "2020-10", "2020-11", "2020-12"], "y": [-0.5725474953651428, -0.8475964665412903, -0.03583889454603195, -0.18528787791728973, -0.3129449188709259, 0.12730517983436584, 0.9583753347396851, 1.0912306308746338, 1.183579444885254, 1.1991442441940308, 1.0981446504592896, 0.7050111889839172, 0.9257141351699829, 1.0748138427734375, 0.7525851130485535, 0.9845095872879028, 1.1473984718322754, 0.7563576698303223, -0.20678694546222687, -0.3519233763217926, -0.4394722282886505, -0.3518241047859192, -0.18532927334308624, -0.16146494448184967],