{"IIS3": {"px": [], "py": [], "pt": [], "pb": [], "x": ["2019-01", "2019-02", "2019-03", "2019-04", "2019-05", "2019-06", "2019-07", "2019-08", "2019-09", "2019-10", "2019-11", "2019-12", "2020-01", "2020-02", "2020-03", "2020-04", "2020-05", "2020-06", "2020-07", "2020-08", "2020-09", "2020-10", "2020-11", "2020-12"], "y": [NaN, NaN, NaN, NaN, NaN, NaN, NaN, NaN, NaN, NaN, NaN, NaN, NaN, NaN, NaN, NaN, NaN, NaN, NaN, NaN, NaN, NaN, NaN, NaN]}, "VHI": {"px": ["2021-01", "2021-02", "2021-03", "2021-04", "2021-05", "2021-06", "2021-07", "2021-08", "2021-09", "2021-10", "2021-11", "2021-12"], "py": [130.5272690552319, 181.51335049001517, 273.81369506215003, 303.1506981603939, 265.91569171901654, 221.47576788753221, 182.7318696461258, 157.18991639081327, 168.35159929631956, 129.26221976723076, 104.74584767342851, 61.77578035386347], "pt": [189.7571902243446, 254.05489249465518, 357.5774525657542, 396.8014260050522, 368.50492400265296, 332.2848033280483, 301.1917113224053, 282.8355523861826, 300.79372854299277, 268.16869677281943, 249.82893114223197, 212.78304131679678], "pb": [71.29734788611918, 108.97180848537513, 190.04993755854588, 209.49997031573565, 163.32645943538014, 110.66673244701612, 64.27202796984632, 31.544280395443934, 35.90947004964633, -9.644257238357937, -40.33723579537495, -89.23148060906985], "x": ["2019-01", "2019-02", "2019-03", "2019-04", "2019-05", "2019-06", "2019-07", "2019-08", "2019-09", "2019-10", "2019-11", "2019-12", "2020-01", "2020-02", "2020-03", "2020-04", "2020-05", "2020-06", "2020-07", "2020-08", "2020-09", "2020-10", "2020-11", "2020-12"], "y": [38.29481887817383, 26.63127899169922, 45.9990234375, 48.05731201171875, 39.28268051147461, 25.902135848999023, 25.902135848999023, 21.0186824798584, 23.470195770263672, 17.295547485351562, 13.607686996459961, 6.186699867248535, 22.75893783569336, 35.08094024658203, 57.447853088378906, 64.97431182861328, 58.626953125, 51.94268035888672, 40.02505874633789, 43.44579315185547, 35.599266052246094, 23.882049560546875, 53.54621887207031, 56.05381774902344]}, "spi_01": {"px": ["2021-01", "2021-02", "2021-03", "2021-04", "2021-05", "2021-06", "2021-07", "2021-08", "2021-09", "2021-10", "2021-11", "2021-12"], "py": [1.8546841193140153, 0.44586895592976994, 2.332807549558934, 2.3603398920894074, 1.767929426193776, 2.4361507982476693, 3.097264320246788, 3.282025847973884, 1.983961003373028, 1.6321786578587796, -0.6291693362384398, -0.33540635744008673], "pt": [4.685786497995879, 3.276971334611635, 5.163909928240798, 5.191442270771272, 4.599031804875642, 5.267253176929536, 5.928366698928654, 6.113128226655752, 4.815063382054895, 4.463281036540647, 2.201933042443428, 2.4956960212417822], "pb": [-0.9764182593678492, -2.385233422752095, -0.49829482912293077, -0.47076248659245845, -1.06317295248809, -0.394951580434197, 0.2661619415649219, 0.45092346929201677, -0.8471413753088393, -1.198923720823088, -3.4602717149203075, -3.1665087361219553], "x": ["2019-01", "2019-02", "2019-03", "2019-04", "2019-05", "2019-06", "2019-07", "2019-08", "2019-09", "2019-10", "2019-11", "2019-12", "2020-01", "2020-02", "2020-03", "2020-04", "2020-05", "2020-06", "2020-07", "2020-08", "2020-09", "2020-10", "2020-11", "2020-12"], "y": [-0.7191550731658936, 0.24787794053554535, 0.7241167426109314, 0.9600058197975159, 1.025826096534729, 1.1281871795654297, 1.6527495384216309, 1.8352466821670532, 0.8159558773040771, 0.5623887777328491, -1.1886686086654663, -0.965086817741394, 0.9939945936203003, -0.19810859858989716, 1.3069334030151367, 1.3201549053192139, 0.9669737815856934, 1.59791100025177, 1.5255001783370972, 1.5884099006652832, 0.8829495906829834, 0.8622967600822449, 1.9983007907867432, -2.0649755001068115]}, "spi_03": {"px": [], "py": [], "pt": [], "pb": [], "x": ["2019-01", "2019-02", "2019-03", "2019-04", "2019-05", "2019-06", "2019-07", "2019-08", "2019-09", "2019-10", "2019-11", "2019-12", "2020-01", "2020-02", "2020-03", "2020-04", "2020-05", "2020-06", "2020-07"], "y": [-0.5046606659889221, -0.1519073247909546, -0.10301358997821808, 0.7822303771972656, 0.9716771841049194, 1.2118936777114868, 1.3819880485534668, 1.703256607055664, 1.5447862148284912, 0.7888328433036804, -0.5598470568656921, -1.3134727478027344, -0.36999768018722534, -0.07915351539850235, 1.2705092430114746, 1.441641092300415, 1.672265887260437, 1.6952340602874756, 1.5091817378997803]}, "spi_06": {"px": [], "py": [], "pt": [], "pb": [], "x": ["2019-01", "2019-02", "2019-03", "2019-04", "2019-05", "2019-06", "2019-07", "2019-08", "2019-09", "2019-10", "2019-11", "2019-12", "2020-01", "2020-02", "2020-03", "2020-04", "2020-05", "2020-06", "2020-07"], "y": [-0.726267397403717, -0.7824956774711609, -0.3101809620857239, 0.08310522884130478, 0.44790390133857727, 0.32836806774139404, 1.0991883277893066, 1.30713951587677, 1.511230230331421, 1.1574152708053589, 0.12998539209365845, -0.842669665813446, -0.19686062633991241, -0.5646155476570129, 0.3977026343345642, 0.8484626412391663, 1.253638744354248, 1.9399486780166626, 1.7854915857315063]}, "spi_12": {"px": ["2021-01", "2021-02", "2021-03", "2021-04", "2021-05", "2021-06", "2021-07", "2021-08", "2021-09", "2021-10", "2021-11", "2021-12"], "py": [4.442814930760595, 3.8951867864235057, 5.190021902429524, 5.793788185033353, 5.6377845063131895, 5.40602389981497, 5.365001691031161, 5.571459023397473, 5.513880537484101, 5.674079011066359, 5.2003142064516386, 2.335223233136069], "pt": [6.026304038238803, 5.834556944895407, 7.4294136657528895, 8.297504288690021, 8.380468080074284, 8.368460741985302, 8.531979888290707, 8.930546661430533, 9.054669802331096, 9.387690121040709, 9.079054508946008, 6.3723441369812], "pb": [2.8593258232823873, 1.9558166279516036, 2.950630139106159, 3.2900720813766853, 2.8951009325520953, 2.443587057644639, 2.1980234937716148, 2.212371385364413, 1.973091272637106, 1.9604679010920099, 1.3215739039572685, -1.701897670709061], "x": ["2019-01", "2019-02", "2019-03", "2019-04", "2019-05", "2019-06", "2019-07", "2019-08", "2019-09", "2019-10", "2019-11", "2019-12", "2020-01", "2020-02", "2020-03", "2020-04", "2020-05", "2020-06", "2020-07", "2020-08", "2020-09", "2020-10", "2020-11", "2020-12"], "y": [0.013717059046030045, -0.22004395723342896, -0.21857957541942596, 0.16305144131183624, 0.16321416199207306, 0.08400694280862808, 0.18943144381046295, 0.27083927392959595, 0.3176923394203186, 0.4330900311470032, 0.3813423216342926, -0.32685986161231995, 0.49188318848609924, 0.376493364572525, 0.863410472869873, 1.1267974376678467, 1.1685004234313965, 1.2420343160629272, 1.2467108964920044, 1.2390397787094116, 1.2472482919692993, 1.215295433998108, 2.1209216117858887, 1.9462519884109497],