{"IIS3": {"px": [], "py": [], "pt": [], "pb": [], "x": ["2019-01", "2019-02", "2019-03", "2019-04", "2019-05", "2019-06", "2019-07", "2019-08", "2019-09", "2019-10", "2019-11", "2019-12", "2020-01", "2020-02", "2020-03", "2020-04", "2020-05", "2020-06", "2020-07", "2020-08", "2020-09", "2020-10", "2020-11", "2020-12"], "y": [NaN, NaN, NaN, NaN, NaN, NaN, NaN, NaN, NaN, NaN, NaN, NaN, NaN, NaN, NaN, NaN, NaN, NaN, NaN, NaN, NaN, NaN, NaN, NaN]}, "VHI": {"px": ["2021-01", "2021-02", "2021-03", "2021-04", "2021-05", "2021-06", "2021-07", "2021-08", "2021-09", "2021-10", "2021-11", "2021-12"], "py": [70.25794171342235, 66.52130911166809, 62.08148092857972, 53.4136195312188, 52.1957494106574, 64.1641490896822, 60.73977829967893, 63.19068118261272, 58.471168405692694, 72.91258864459728, 70.65347943308186, 50.71773365968582], "pt": [84.11021433588003, 81.27183409683599, 77.67861264788101, 69.81371246999224, 69.36128403476913, 82.06242022023417, 79.34194591514574, 82.47106423184425, 78.40670705044133, 93.48242655323034, 91.83863371901072, 72.50083014870184], "pb": [56.40566909096468, 51.77078412650019, 46.484349209278435, 37.01352659244536, 35.03021478654567, 46.26587795913022, 42.13761068421212, 43.91029813338119, 38.53562976094406, 52.342750735964216, 49.468325147152996, 28.934637170669802], "x": ["2019-01", "2019-02", "2019-03", "2019-04", "2019-05", "2019-06", "2019-07", "2019-08", "2019-09", "2019-10", "2019-11", "2019-12", "2020-01", "2020-02", "2020-03", "2020-04", "2020-05", "2020-06", "2020-07", "2020-08", "2020-09", "2020-10", "2020-11", "2020-12"], "y": [56.85408020019531, 46.35627746582031, 48.77984619140625, 46.289344787597656, 44.0, 43.1616325378418, 43.1616325378418, 44.926612854003906, 40.9770622253418, 52.111427307128906, 49.56800079345703, 33.54324722290039, 52.26388931274414, 49.98400115966797, 46.97800064086914, 39.696388244628906, 38.89356994628906, 50.49257278442383, 54.39545822143555, 57.2568359375, 50.5622444152832, 48.21775436401367, 64.41295623779297, 58.525238037109375]}, "spi_01": {"px": ["2021-01", "2021-02", "2021-03", "2021-04", "2021-05", "2021-06", "2021-07", "2021-08", "2021-09", "2021-10", "2021-11", "2021-12"], "py": [1.6535689102777011, 0.6972421237072544, 2.248674636891896, 2.3053389519704854, -0.6411051616695982, -0.5805025543235125, 3.4227381083306296, 0.3182587564117334, 1.5779735719913557, 1.389078270429656, 0.8229716320853981, -0.19762584903152947], "pt": [3.15756778227762, 2.311720587077218, 3.9665421551813154, 4.120716849848021, 1.2668060034035218, 1.4156570373722719, 5.503406562752788, 2.4801350986052233, 3.8181158488667144, 3.7048428358275993, 3.211965902497351, 2.262419216769004], "pb": [0.14957003827778248, -0.917236339662709, 0.5308071186024765, 0.48996105409294977, -2.549016326742718, -2.5766621460192973, 1.3420696539084709, -1.8436175857817565, -0.6621687048840026, -0.9266862949682872, -1.566022638326554, -2.6576709148320625], "x": ["2019-01", "2019-02", "2019-03", "2019-04", "2019-05", "2019-06", "2019-07", "2019-08", "2019-09", "2019-10", "2019-11", "2019-12", "2020-01", "2020-02", "2020-03", "2020-04", "2020-05", "2020-06", "2020-07", "2020-08", "2020-09", "2020-10", "2020-11", "2020-12"], "y": [-1.2525272369384766, -1.49125075340271, -1.3601020574569702, -1.578881859779358, -0.7678114175796509, -1.7445675134658813, 0.2798760235309601, -1.1797188520431519, -0.42716699838638306, -0.3737183213233948, -0.6600359678268433, -1.273747205734253, 0.08663236349821091, -0.566787600517273, 0.4387924075126648, 0.5065599679946899, -1.365128755569458, -1.277336835861206, -0.13911497592926025, -1.132298231124878, 0.48123103380203247, -0.19086016714572906, 0.7580428719520569, -0.17243506014347076]}, "spi_03": {"px": [], "py": [], "pt": [], "pb": [], "x": ["2019-01", "2019-02", "2019-03", "2019-04", "2019-05", "2019-06", "2019-07", "2019-08", "2019-09", "2019-10", "2019-11", "2019-12", "2020-01", "2020-02", "2020-03", "2020-04", "2020-05", "2020-06", "2020-07"], "y": [-0.9844589829444885, -1.5694540739059448, -1.993837833404541, -1.908084750175476, -1.5699899196624756, -1.5771723985671997, -1.2258301973342896, -1.4169014692306519, -0.5497109293937683, -0.8374254703521729, -0.8928819298744202, -1.6191469430923462, -0.8218894600868225, -0.7687911987304688, -0.024692699313163757, 0.21887026727199554, 0.14354857802391052, -0.19751650094985962, -1.728737235069275]}, "spi_06": {"px": [], "py": [], "pt": [], "pb": [], "x": ["2019-01", "2019-02", "2019-03", "2019-04", "2019-05", "2019-06", "2019-07", "2019-08", "2019-09", "2019-10", "2019-11", "2019-12", "2020-01", "2020-02", "2020-03", "2020-04", "2020-05", "2020-06", "2020-07"], "y": [-1.2760170698165894, -1.6639710664749146, -1.782939076423645, -1.7836180925369263, -1.7813913822174072, -2.071277618408203, -1.8635942935943604, -1.7003889083862305, -1.6777613162994385, -1.465848684310913, -1.5618480443954468, -1.8285815715789795, -1.1471214294433594, -1.1089568138122559, -0.49485188722610474, -0.13610929250717163, -0.2351788431406021, -0.1468646079301834, -0.16009216010570526]}, "spi_12": {"px": ["2021-01", "2021-02", "2021-03", "2021-04", "2021-05", "2021-06", "2021-07", "2021-08", "2021-09", "2021-10", "2021-11", "2021-12"], "py": [1.0356602035093703, 1.5232205907534615, 2.7160084948551173, 4.375790595361747, 3.9529157722507016, 3.5744111612900396, 3.664719499155084, 3.447111675056399, 3.122438735277294, 2.9185022429347924, 1.79830292742703, 0.25885041308610646], "pt": [2.257661939309682, 3.0198609457895635, 4.444179916429436, 6.307944981628491, 6.069484855081081, 5.860567059827373, 6.108722957098763, 6.039368802052923, 5.854917668862672, 5.784350325529454, 4.791583626348384, 3.3743557416899153], "pb": [-0.18634153229094164, 0.026580235717359457, 0.9878370732807982, 2.4436362090950032, 1.8363466894203224, 1.2882552627527062, 1.2207160412114053, 0.8548545480598744, 0.3899598016919157, 0.052654160340130485, -1.1949777714943242, -2.8566549155177023], "x": ["2019-01", "2019-02", "2019-03", "2019-04", "2019-05", "2019-06", "2019-07", "2019-08", "2019-09", "2019-10", "2019-11", "2019-12", "2020-01", "2020-02", "2020-03", "2020-04", "2020-05", "2020-06", "2020-07", "2020-08", "2020-09", "2020-10", "2020-11", "2020-12"], "y": [-2.3294596672058105, -2.27300763130188, -2.2211058139801025, -2.1548104286193848, -1.8722569942474365, -1.9540705680847168, -1.8753538131713867, -1.8925892114639282, -1.9088072776794434, -1.8577637672424316, -2.038912057876587, -2.38120698928833, -1.9338128566741943, -1.6945518255233765, -1.1851288080215454, -0.46344301104545593, -0.4936973750591278, -0.48727813363075256, -0.48557886481285095, -0.4783317446708679, -0.460357129573822, -0.43812525272369385, -0.30784520506858826, -0.19844169914722443],