{"IIS3": {"px": [], "py": [], "pt": [], "pb": [], "x": ["2019-01", "2019-02", "2019-03", "2019-04", "2019-05", "2019-06", "2019-07", "2019-08", "2019-09", "2019-10", "2019-11", "2019-12", "2020-01", "2020-02", "2020-03", "2020-04", "2020-05", "2020-06", "2020-07", "2020-08", "2020-09", "2020-10", "2020-11", "2020-12"], "y": [NaN, NaN, NaN, NaN, NaN, NaN, NaN, NaN, NaN, NaN, NaN, NaN, NaN, NaN, NaN, NaN, NaN, NaN, NaN, NaN, NaN, NaN, NaN, NaN]}, "VHI": {"px": ["2021-01", "2021-02", "2021-03", "2021-04", "2021-05", "2021-06", "2021-07", "2021-08", "2021-09", "2021-10", "2021-11", "2021-12"], "py": [58.43423685680985, 58.03074489710143, 64.64273033893164, 72.24856170968037, 64.22252158762565, 65.27029539461232, 69.78506664328404, 68.70932554991705, 54.69611714593731, 45.79355348229137, 43.09487915253929, 48.09449575417159], "pt": [65.71038239772112, 65.87011263832346, 73.00748253082006, 81.10759505882697, 73.54967895366603, 75.04317916453769, 79.98421610929641, 79.31762619043673, 65.69836396780235, 57.17612031841534, 54.845462986052354, 60.20191550728201], "pb": [51.158091315898574, 50.191377155879394, 56.27797814704323, 63.389528360533774, 54.89536422158527, 55.49741162468695, 59.58591717727167, 58.10102490939738, 43.693870324072265, 34.4109866461674, 31.34429531902623, 35.98707600106117], "x": ["2019-01", "2019-02", "2019-03", "2019-04", "2019-05", "2019-06", "2019-07", "2019-08", "2019-09", "2019-10", "2019-11", "2019-12", "2020-01", "2020-02", "2020-03", "2020-04", "2020-05", "2020-06", "2020-07", "2020-08", "2020-09", "2020-10", "2020-11", "2020-12"], "y": [48.36821746826172, 49.9860725402832, 50.27785873413086, 56.238285064697266, 55.41214370727539, 59.88249969482422, 59.88249969482422, 59.19913864135742, 46.903141021728516, 39.47821044921875, 37.49892807006836, 42.314571380615234, 55.27964401245117, 55.531070709228516, 62.78457260131836, 70.43321228027344, 62.40892791748047, 63.39628219604492, 68.15250396728516, 72.74463653564453, 58.13057327270508, 38.50313949584961, 41.97892379760742, 43.343807220458984]}, "spi_01": {"px": ["2021-01", "2021-02", "2021-03", "2021-04", "2021-05", "2021-06", "2021-07", "2021-08", "2021-09", "2021-10", "2021-11", "2021-12"], "py": [0.854368713157438, 0.9784270545130638, 0.1693006509880859, 0.27286194197128477, 0.5599384412365596, 0.2757478132897142, -0.27950866112613104, 0.9526782433337218, -0.023561773038199174, -0.2715500303313525, 0.1846367486438898, -0.1510855307752479], "pt": [2.430194933174648, 2.554253274530274, 1.7451268710052963, 1.8486881619884956, 2.13576466125377, 1.8515740333069255, 1.2963175588910802, 2.5285044633509326, 1.5522644469790121, 1.3042761896858597, 1.760462968661102, 1.4247406892419647], "pb": [-0.721457506859772, -0.5973991655041466, -1.4065255690291245, -1.3029642780459258, -1.015887778780651, -1.3000784067274969, -1.855334881143342, -0.6231479766834895, -1.5993879930554105, -1.8473762503485642, -1.391189471373322, -1.72691175079246], "x": ["2019-01", "2019-02", "2019-03", "2019-04", "2019-05", "2019-06", "2019-07", "2019-08", "2019-09", "2019-10", "2019-11", "2019-12", "2020-01", "2020-02", "2020-03", "2020-04", "2020-05", "2020-06", "2020-07", "2020-08", "2020-09", "2020-10", "2020-11", "2020-12"], "y": [-1.3277374505996704, 0.6325947642326355, -0.3848930895328522, 0.8260354995727539, 0.7819295525550842, -0.7036277651786804, -0.4634324908256531, 0.8147023320198059, -0.0848018079996109, -0.32394227385520935, 0.09400558471679688, -0.20818328857421875, 0.9800707697868347, 1.1824822425842285, 0.2867290675640106, 0.3907322585582733, 0.6400781869888306, 0.23363517224788666, 1.1678134202957153, 0.7666979432106018, -0.9357417225837708, 0.5857642889022827, -1.7433674335479736, -1.0044593811035156]}, "spi_03": {"px": [], "py": [], "pt": [], "pb": [], "x": ["2019-01", "2019-02", "2019-03", "2019-04", "2019-05", "2019-06", "2019-07", "2019-08", "2019-09", "2019-10", "2019-11", "2019-12", "2020-01", "2020-02", "2020-03", "2020-04", "2020-05", "2020-06", "2020-07"], "y": [-1.4485328197479248, -0.7602291107177734, -0.894849419593811, 0.2881244719028473, 0.09878016263246536, 0.6567685604095459, 0.12275481969118118, -0.31496986746788025, -0.14560255408287048, -0.37413346767425537, -0.36974799633026123, -0.3312402367591858, 0.5395275354385376, 1.0250455141067505, 1.321276068687439, 0.9901791214942932, 0.40438562631607056, 0.4908357560634613, 0.6442757248878479]}, "spi_06": {"px": [], "py": [], "pt": [], "pb": [], "x": ["2019-01", "2019-02", "2019-03", "2019-04", "2019-05", "2019-06", "2019-07", "2019-08", "2019-09", "2019-10", "2019-11", "2019-12", "2020-01", "2020-02", "2020-03", "2020-04", "2020-05", "2020-06", "2020-07"], "y": [-1.0571119785308838, -1.002192497253418, -1.0599523782730103, -1.0777201652526855, -0.6877314448356628, -0.7197381258010864, 0.2497042566537857, 0.003602751763537526, 0.2374684065580368, -0.431418776512146, -0.49315884709358215, -0.39005357027053833, 0.3871796131134033, 0.7702246904373169, 0.7957926988601685, 0.8779561519622803, 1.039923906326294, 1.3719074726104736, 1.0201411247253418]}, "spi_12": {"px": ["2021-01", "2021-02", "2021-03", "2021-04", "2021-05", "2021-06", "2021-07", "2021-08", "2021-09", "2021-10", "2021-11", "2021-12"], "py": [2.259881389365092, 2.5661433640997062, 2.5457430505580545, 2.2954471238559035, 2.1148747276323077, 2.068110445557547, 1.6674037136305575, 1.355309348016946, 1.0074957488144425, 0.45429425895712816, 1.09248759517026, 1.1446336574238072], "pt": [3.238146032381305, 3.764267965521962, 3.929218171147811, 3.842219330112676, 3.8092787841684235, 3.8982759996983862, 3.623932988730025, 3.4305220246067094, 3.1949619775449456, 2.748528194412284, 3.4887367890880476, 3.638728893798965], "pb": [1.2816167463488788, 1.3680187626774503, 1.1622679299682979, 0.7486749175991312, 0.42047067109619185, 0.23794489141670772, -0.28912556146890966, -0.7199033285728169, -1.1799704799160606, -1.8399396764980276, -1.3037615987475282, -1.3494615789513507], "x": ["2019-01", "2019-02", "2019-03", "2019-04", "2019-05", "2019-06", "2019-07", "2019-08", "2019-09", "2019-10", "2019-11", "2019-12", "2020-01", "2020-02", "2020-03", "2020-04", "2020-05", "2020-06", "2020-07", "2020-08", "2020-09", "2020-10", "2020-11", "2020-12"], "y": [-0.08999442309141159, -0.5036220550537109, -0.8780427575111389, -0.8888865113258362, -0.8759666681289673, -0.872171938419342, -0.8645807504653931, -0.9285234212875366, -0.9759624004364014, -1.1088436841964722, -0.7787250876426697, -0.6768871545791626, 0.383222758769989, 0.688309907913208, 0.8027555346488953, 0.7706631422042847, 0.7604824900627136, 0.7975649833679199, 0.8261107206344604, 0.8248404860496521, 0.7458024024963379, 0.8328208923339844, 0.7803496718406677, 0.479891300201416],