{"IIS3": {"px": [], "py": [], "pt": [], "pb": [], "x": ["2019-01", "2019-02", "2019-03", "2019-04", "2019-05", "2019-06", "2019-07", "2019-08", "2019-09", "2019-10", "2019-11", "2019-12", "2020-01", "2020-02", "2020-03", "2020-04", "2020-05", "2020-06", "2020-07", "2020-08", "2020-09", "2020-10", "2020-11", "2020-12"], "y": [NaN, NaN, NaN, NaN, NaN, NaN, NaN, NaN, NaN, NaN, NaN, NaN, NaN, NaN, NaN, NaN, NaN, NaN, NaN, NaN, NaN, NaN, NaN, NaN]}, "VHI": {"px": ["2021-01", "2021-02", "2021-03", "2021-04", "2021-05", "2021-06", "2021-07", "2021-08", "2021-09", "2021-10", "2021-11", "2021-12"], "py": [57.4073780174608, 58.1738169043785, 63.89675805806941, 68.97835171324523, 62.14603834155123, 63.282038332696914, 55.36031120091404, 63.29966635331965, 63.6992150062638, 53.63833044635365, 59.00182032456654, 57.78550341468144], "pt": [68.31904279834717, 71.53782234992343, 79.32818232178121, 86.23120852204048, 81.04559604333122, 83.69589378875985, 77.18364064073941, 86.44680270098192, 88.09843905858534, 79.2284525174479, 85.72983111608681, 85.60489906105994], "pb": [46.49571323657443, 44.809811458833565, 48.465333794357605, 51.72549490444999, 43.24648063977125, 42.86818287663398, 33.53698176108867, 40.15253000565738, 39.29999095394224, 28.048208375259392, 32.27380953304626, 29.966107768302933], "x": ["2019-01", "2019-02", "2019-03", "2019-04", "2019-05", "2019-06", "2019-07", "2019-08", "2019-09", "2019-10", "2019-11", "2019-12", "2020-01", "2020-02", "2020-03", "2020-04", "2020-05", "2020-06", "2020-07", "2020-08", "2020-09", "2020-10", "2020-11", "2020-12"], "y": [46.799434661865234, 45.09298324584961, 49.42668914794922, 56.84244918823242, 45.41193389892578, 49.30379104614258, 49.30379104614258, 57.83664321899414, 59.476837158203125, 50.87894821166992, 57.23551559448242, 57.18620300292969, 61.184478759765625, 62.37957000732422, 68.0778579711914, 72.37931060791016, 64.66620635986328, 65.36316680908203, 59.08789825439453, 65.06500244140625, 53.8587760925293, 42.80561447143555, 57.12508010864258, 53.97892379760742]}, "spi_01": {"px": ["2021-01", "2021-02", "2021-03", "2021-04", "2021-05", "2021-06", "2021-07", "2021-08", "2021-09", "2021-10", "2021-11", "2021-12"], "py": [-0.4516793098732461, -0.4574628902625344, 1.2683180850575244, 0.12882360499411405, 0.858501434638888, 0.04294622775211465, 0.4570733171773602, -0.5234673371269212, 0.03483547630884454, -0.47128491357285407, -0.048000806741867574, 0.08483958629111266], "pt": [0.9494193462585168, 1.0831713804239138, 2.9368595043255326, 1.9161419816724923, 2.7571808418615937, 2.046807501196687, 2.5608643037086356, 1.675717290595264, 2.325444464898757, 1.907236906887963, 2.415298314803783, 2.63009381210175], "pb": [-1.8527779660050088, -1.9980971609489828, -0.4002233342104837, -1.6584947716842642, -1.0401779725838183, -1.9609150456924573, -1.6467176693539147, -2.7226519648491068, -2.2557735122810683, -2.849806734033671, -2.5112999282875177, -2.4604146395195245], "x": ["2019-01", "2019-02", "2019-03", "2019-04", "2019-05", "2019-06", "2019-07", "2019-08", "2019-09", "2019-10", "2019-11", "2019-12", "2020-01", "2020-02", "2020-03", "2020-04", "2020-05", "2020-06", "2020-07", "2020-08", "2020-09", "2020-10", "2020-11", "2020-12"], "y": [-0.7273412346839905, -1.9279422760009766, 1.3021821975708008, -0.8370711207389832, -1.3789072036743164, -0.04828735068440437, 0.3116810619831085, -0.5236737132072449, 0.1748627871274948, -0.2525375187397003, 0.40558576583862305, 0.7162336707115173, 0.5087283849716187, 0.517821729183197, 2.9160470962524414, 1.2819477319717407, 2.2113964557647705, 0.9821195602416992, 1.0894911289215088, 0.16193348169326782, 0.3663536012172699, -0.45857590436935425, 0.27060794830322266, -0.966533362865448]}, "spi_03": {"px": [], "py": [], "pt": [], "pb": [], "x": ["2019-01", "2019-02", "2019-03", "2019-04", "2019-05", "2019-06", "2019-07", "2019-08", "2019-09", "2019-10", "2019-11", "2019-12", "2020-01", "2020-02", "2020-03", "2020-04", "2020-05", "2020-06", "2020-07"], "y": [-0.48070842027664185, -1.1142936944961548, -0.207683265209198, -0.4378814101219177, -0.8861473202705383, -1.1766221523284912, -0.6485946178436279, -0.11991814523935318, -0.0234146136790514, -0.29959529638290405, 0.05488691106438637, 0.24269554018974304, 0.5955522060394287, 0.6496649980545044, 2.5048909187316895, 2.568206548690796, 3.025578022003174, 2.054811716079712, 2.0480289459228516]}, "spi_06": {"px": [], "py": [], "pt": [], "pb": [], "x": ["2019-01", "2019-02", "2019-03", "2019-04", "2019-05", "2019-06", "2019-07", "2019-08", "2019-09", "2019-10", "2019-11", "2019-12", "2020-01", "2020-02", "2020-03", "2020-04", "2020-05", "2020-06", "2020-07"], "y": [-1.075040578842163, -1.0730775594711304, -0.2936681807041168, -0.7506235837936401, -1.3646395206451416, -1.2078889608383179, -0.701482355594635, -0.593650758266449, -0.8646748065948486, -0.7211766242980957, -0.12349455058574677, 0.04279655963182449, 0.12575660645961761, 0.36306238174438477, 1.985756754875183, 2.4133641719818115, 2.895063638687134, 2.7265913486480713, 2.5683200359344482]}, "spi_12": {"px": ["2021-01", "2021-02", "2021-03", "2021-04", "2021-05", "2021-06", "2021-07", "2021-08", "2021-09", "2021-10", "2021-11", "2021-12"], "py": [2.736096527882572, 2.809726290238264, 4.148238732823647, 4.849163336540568, 6.097153127287196, 5.7847976158421925, 5.0809366967052165, 5.026743450689245, 5.487486318776817, 4.700926170354135, 4.205705185454607, 3.5204931237001222], "pt": [3.6790093030493134, 3.964553872925295, 5.481718762631704, 6.34003933207441, 7.730325952869704, 7.548825881597386, 6.966762236500825, 7.026963491261663, 7.5959033683354775, 6.9122526272645075, 6.5153603422245325, 5.924458428640282], "pb": [1.793183752715831, 1.654898707551233, 2.81475870301559, 3.3582873410067267, 4.46398030170469, 4.020769350086999, 3.195111156909608, 3.026523410116827, 3.3790692692181556, 2.489599713443763, 1.8960500286846829, 1.1165278187599634], "x": ["2019-01", "2019-02", "2019-03", "2019-04", "2019-05", "2019-06", "2019-07", "2019-08", "2019-09", "2019-10", "2019-11", "2019-12", "2020-01", "2020-02", "2020-03", "2020-04", "2020-05", "2020-06", "2020-07", "2020-08", "2020-09", "2020-10", "2020-11", "2020-12"], "y": [-1.649364948272705, -1.679565191268921, -1.38679838180542, -1.7024319171905518, -1.8659989833831787, -1.6934019327163696, -1.2275511026382446, -1.1574879884719849, -0.939688503742218, -0.9614318013191223, -0.8707756400108337, -0.8446059823036194, -0.5188005566596985, -0.2973339557647705, 0.5315849184989929, 1.1020394563674927, 2.0006885528564453, 2.0631916522979736, 2.1871354579925537, 2.3274245262145996, 2.3609282970428467, 2.3750157356262207, 2.3717200756073, 2.3257129192352295],