{"IIS3": {"px": [], "py": [], "pt": [], "pb": [], "x": ["2019-01", "2019-02", "2019-03", "2019-04", "2019-05", "2019-06", "2019-07", "2019-08", "2019-09", "2019-10", "2019-11", "2019-12", "2020-01", "2020-02", "2020-03", "2020-04", "2020-05", "2020-06", "2020-07", "2020-08", "2020-09", "2020-10", "2020-11", "2020-12"], "y": [NaN, NaN, NaN, NaN, NaN, NaN, NaN, NaN, NaN, NaN, NaN, NaN, NaN, NaN, NaN, NaN, NaN, NaN, NaN, NaN, NaN, NaN, NaN, NaN]}, "VHI": {"px": ["2021-01", "2021-02", "2021-03", "2021-04", "2021-05", "2021-06", "2021-07", "2021-08", "2021-09", "2021-10", "2021-11", "2021-12"], "py": [40.02254189399066, 53.21700372267776, 57.41938539485574, 59.244104289681545, 61.06241085246219, 66.30939384555685, 63.34155386756508, 73.59130296918087, 48.40885100982037, 47.41227555942838, 37.834660673935474, 24.473478919692106], "pt": [54.935171159343824, 68.12963298803092, 72.3320146602089, 74.15673355503472, 75.97504011781537, 81.22202311091003, 78.25418313291826, 88.50393223453405, 63.32148027517354, 62.324904824781555, 52.74728993928866, 39.38610818504529], "pb": [25.109912628637503, 38.30437445732459, 42.50675612950258, 44.33147502432837, 46.14978158710902, 51.39676458020368, 48.42892460221191, 58.6786737038277, 33.49622174446719, 32.4996462940752, 22.922031408582292, 9.560849654338924], "x": ["2019-01", "2019-02", "2019-03", "2019-04", "2019-05", "2019-06", "2019-07", "2019-08", "2019-09", "2019-10", "2019-11", "2019-12", "2020-01", "2020-02", "2020-03", "2020-04", "2020-05", "2020-06", "2020-07", "2020-08", "2020-09", "2020-10", "2020-11", "2020-12"], "y": [49.91594696044922, 52.186546325683594, 60.26565933227539, 57.8477897644043, 57.437442779541016, 59.53565979003906, 59.53565979003906, 68.3841781616211, 44.13140106201172, 42.776981353759766, 33.669918060302734, 21.255666732788086, 36.371131896972656, 48.9384880065918, 53.35045623779297, 54.95249557495117, 56.383419036865234, 62.49958419799805, 63.0111198425293, 69.52884674072266, 54.27314376831055, 30.873899459838867, 40.34290313720703, 39.531917572021484]}, "spi_01": {"px": ["2021-01", "2021-02", "2021-03", "2021-04", "2021-05", "2021-06", "2021-07", "2021-08", "2021-09", "2021-10", "2021-11", "2021-12"], "py": [1.2283360247698916, 0.9565690716018223, 3.4512196709792624, 1.9869386077201625, -1.0286470809695532, 2.01428794754099, 3.2092735779195856, 1.1749636876253797, 1.097542711169754, 1.0686571634789672, -2.469360512042902, 0.40772367754748373], "pt": [5.278856952878151, 5.007089999710082, 7.5017405990875226, 6.0374595358284235, 3.021873847138708, 6.064808875649252, 7.259794506027848, 5.225484615733642, 5.148063639278018, 5.11917809158723, 1.5811604160653623, 4.458244605655748], "pb": [-2.8221849033383677, -3.093951856506438, -0.5993012571289977, -2.0635823203880985, -5.079168009077814, -2.036232980567272, -0.8412473501886764, -2.875557240482883, -2.952978216938509, -2.9818637646292965, -6.519881440151165, -3.642797250560781], "x": ["2019-01", "2019-02", "2019-03", "2019-04", "2019-05", "2019-06", "2019-07", "2019-08", "2019-09", "2019-10", "2019-11", "2019-12", "2020-01", "2020-02", "2020-03", "2020-04", "2020-05", "2020-06", "2020-07", "2020-08", "2020-09", "2020-10", "2020-11", "2020-12"], "y": [-1.4260553121566772, -0.16007161140441895, -0.8041508197784424, -0.029618754982948303, -0.6538510322570801, -0.9525684118270874, 0.8120136857032776, -0.5277522206306458, -0.534699022769928, -0.49050408601760864, -2.950303792953491, -1.0279240608215332, -0.15141171216964722, -0.4572429955005646, 1.227074146270752, 0.15548834204673767, -1.8710737228393555, 0.3655867874622345, -0.828955888748169, -0.6071772575378418, -1.1542596817016602, -0.08810343593358994, -0.3221167325973511, -1.5464907884597778]}, "spi_03": {"px": [], "py": [], "pt": [], "pb": [], "x": ["2019-01", "2019-02", "2019-03", "2019-04", "2019-05", "2019-06", "2019-07", "2019-08", "2019-09", "2019-10", "2019-11", "2019-12", "2020-01", "2020-02", "2020-03", "2020-04", "2020-05", "2020-06", "2020-07"], "y": [-1.0960315465927124, -1.0929068326950073, -1.5243782997131348, -0.4843308925628662, -0.5840707421302795, -0.3937757611274719, -0.7184164524078369, -0.38667944073677063, -0.41620081663131714, -0.844528317451477, -2.1315932273864746, -1.976403832435608, -1.5705897808074951, -1.1346070766448975, 0.22721804678440094, 0.3909657895565033, 0.38403820991516113, -0.4041248559951782, -1.574389934539795]}, "spi_06": {"px": [], "py": [], "pt": [], "pb": [], "x": ["2019-01", "2019-02", "2019-03", "2019-04", "2019-05", "2019-06", "2019-07", "2019-08", "2019-09", "2019-10", "2019-11", "2019-12", "2020-01", "2020-02", "2020-03", "2020-04", "2020-05", "2020-06", "2020-07"], "y": [-0.9620037078857422, -0.8332356214523315, -1.1196115016937256, -0.952373743057251, -0.9693769812583923, -1.2304178476333618, -0.6222078800201416, -0.6256627440452576, -0.4869740307331085, -1.0417990684509277, -2.087373971939087, -1.9571928977966309, -2.106433153152466, -1.8466107845306396, -0.844895601272583, -0.45171666145324707, -0.3254660367965698, -0.0647859200835228, 0.07830969244241714]}, "spi_12": {"px": ["2021-01", "2021-02", "2021-03", "2021-04", "2021-05", "2021-06", "2021-07", "2021-08", "2021-09", "2021-10", "2021-11", "2021-12"], "py": [0.04181915248168089, -0.11061574983985833, 1.1220190234293197, 1.3155101216721898, 0.9915430865281261, 0.9170703326782972, 1.3684135752365059, 1.4260450790977544, 1.1842376812468123, 0.876129302653387, 0.3249256829976952, -0.41388749870155106], "pt": [0.8045214207588529, 0.823499939311438, 2.200642911261431, 2.5214482884475506, 2.3125821596705425, 2.3439556130888963, 2.8938181032669856, 3.0439809074974313, 2.8896917895425496, 2.664824661339786, 2.193157054340582, 1.5306293635429462], "pb": [-0.7208831157954909, -1.0447314389911546, 0.04339513559720842, 0.10957195489682903, -0.3294959866142908, -0.509814947732302, -0.15699095279397435, -0.19189074930192307, -0.521216427048925, -0.9125660560330124, -1.5433056883451919, -2.358404360946048], "x": ["2019-01", "2019-02", "2019-03", "2019-04", "2019-05", "2019-06", "2019-07", "2019-08", "2019-09", "2019-10", "2019-11", "2019-12", "2020-01", "2020-02", "2020-03", "2020-04", "2020-05", "2020-06", "2020-07", "2020-08", "2020-09", "2020-10", "2020-11", "2020-12"], "y": [-1.0690025091171265, -1.469059705734253, -1.5161056518554688, -1.0725324153900146, -0.976676881313324, -0.9764329791069031, -0.9234846830368042, -0.922965943813324, -1.0046052932739258, -1.1058015823364258, -1.3412731885910034, -1.6674317121505737, -1.3921939134597778, -1.4658007621765137, -0.8860311508178711, -0.7788165807723999, -0.8847828507423401, -0.843036413192749, -0.8584275841712952, -0.8576251864433289, -0.8715395331382751, -0.7189827561378479, -0.4753379821777344, -0.5530825853347778],