{"IIS3": {"px": [], "py": [], "pt": [], "pb": [], "x": ["2019-01", "2019-02", "2019-03", "2019-04", "2019-05", "2019-06", "2019-07", "2019-08", "2019-09", "2019-10", "2019-11", "2019-12", "2020-01", "2020-02", "2020-03", "2020-04", "2020-05", "2020-06", "2020-07", "2020-08", "2020-09", "2020-10", "2020-11", "2020-12"], "y": [NaN, NaN, NaN, NaN, NaN, NaN, NaN, NaN, NaN, NaN, NaN, NaN, NaN, NaN, NaN, NaN, NaN, NaN, NaN, NaN, NaN, NaN, NaN, NaN]}, "VHI": {"px": ["2021-01", "2021-02", "2021-03", "2021-04", "2021-05", "2021-06", "2021-07", "2021-08", "2021-09", "2021-10", "2021-11", "2021-12"], "py": [47.84440584324038, 52.357316038963575, 79.86627287437872, 100.66661983720152, 106.94424028873877, 96.83586415006833, 47.88452154917829, 119.26123139233596, 122.91769548805979, 90.57334395671592, 66.65112274372464, 48.46687590161896], "pt": [92.1431852147715, 99.08178096203542, 128.89656341897117, 151.89906228753694, 160.2880021355256, 152.21050362073657, 105.21814575911526, 178.4890815439838, 183.9810396654452, 153.41859652734058, 131.22913401076033, 114.7323518883284], "pb": [3.545626471709248, 5.632851115891725, 30.835982329786276, 49.43417738686611, 53.600478441951935, 41.46122467940009, -9.449102660758669, 60.03338124068813, 61.85435131067439, 27.728091386091243, 2.0731114766889505, -17.79860008509047], "x": ["2019-01", "2019-02", "2019-03", "2019-04", "2019-05", "2019-06", "2019-07", "2019-08", "2019-09", "2019-10", "2019-11", "2019-12", "2020-01", "2020-02", "2020-03", "2020-04", "2020-05", "2020-06", "2020-07", "2020-08", "2020-09", "2020-10", "2020-11", "2020-12"], "y": [49.623043060302734, 41.79597473144531, 53.027496337890625, 51.158721923828125, 33.340213775634766, 23.670215606689453, 23.670215606689453, 69.69268798828125, 71.93495178222656, 51.96173858642578, 38.49347686767578, 28.62912940979004, 34.8046760559082, 39.7738037109375, 61.975128173828125, 77.97488403320312, 83.96804809570312, 77.7672119140625, 71.27793884277344, 73.6327133178711, 61.35539627075195, 50.525211334228516, 67.72608184814453, 54.88275909423828]}, "spi_01": {"px": [], "py": [], "pt": [], "pb": [], "x": ["2019-01", "2019-02", "2019-03", "2019-04", "2019-05", "2019-06", "2019-07", "2019-08", "2019-09", "2019-10", "2019-11", "2019-12", "2020-01", "2020-02", "2020-03", "2020-04", "2020-05", "2020-06", "2020-07", "2020-08", "2020-09", "2020-10", "2020-11", "2020-12"], "y": [NaN, NaN, NaN, NaN, NaN, NaN, NaN, NaN, NaN, NaN, NaN, NaN, NaN, NaN, NaN, NaN, NaN, NaN, NaN, NaN, NaN, NaN, NaN, NaN]}, "spi_03": {"px": [], "py": [], "pt": [], "pb": [], "x": ["2019-01", "2019-02", "2019-03", "2019-04", "2019-05", "2019-06", "2019-07", "2019-08", "2019-09", "2019-10", "2019-11", "2019-12", "2020-01", "2020-02", "2020-03", "2020-04", "2020-05", "2020-06", "2020-07"], "y": [NaN, NaN, NaN, NaN, NaN, NaN, NaN, NaN, NaN, NaN, NaN, NaN, NaN, NaN, NaN, NaN, NaN, NaN, NaN]}, "spi_06": {"px": [], "py": [], "pt": [], "pb": [], "x": ["2019-01", "2019-02", "2019-03", "2019-04", "2019-05", "2019-06", "2019-07", "2019-08", "2019-09", "2019-10", "2019-11", "2019-12", "2020-01", "2020-02", "2020-03", "2020-04", "2020-05", "2020-06", "2020-07"], "y": [NaN, NaN, NaN, NaN, NaN, NaN, NaN, NaN, NaN, NaN, NaN, NaN, NaN, NaN, NaN, NaN, NaN, NaN, NaN]}, "spi_12": {"px": [], "py": [], "pt": [], "pb": [], "x": ["2019-01", "2019-02", "2019-03", "2019-04", "2019-05", "2019-06", "2019-07", "2019-08", "2019-09", "2019-10", "2019-11", "2019-12", "2020-01", "2020-02", "2020-03", "2020-04", "2020-05", "2020-06", "2020-07", "2020-08", "2020-09", "2020-10", "2020-11", "2020-12"], "y": [NaN, NaN, NaN, NaN, NaN, NaN, NaN, NaN, NaN, NaN, NaN, NaN, NaN, NaN, NaN, NaN, NaN, NaN, NaN, NaN, NaN, NaN, NaN, NaN], "geox": [-37.65630845301557, -37.65472043734707, -37.65472843447375, -37.654088428126926, -37.64978038833485, -37.64894837399997, -37.647979362906106, -37.63964227869278, -37.6385012653021, -37.63571923828682, -37.63063718820278, -37.62417112580061, -37.62289611064248, -37.61983708022198, -37.61855606440625, -37.61525202938978, -37.6117019883618, -37.60794895020101, -37.60469791554358, -37.5967768363494, -37.595282820580294, -37.59288879259081, -37.59025076418328, -37.589445748310936, -37.59111275904891, -37.58911073983073, -37.58303068539089, -37.579476651051905, -37.57422460450778, -37.56994656219487, -37.56674752937204, -37.56139048048611, -37.55558443471173, -37.55277841464365, -37.546222363525466, -37.52905422274285, -37.52583719730292, -37.52192216826077, -37.513807103101506, -37.508252061549, -37.50044799875127, -37.48927991180084, -37.46916574193704, -37.45319460532809, -37.44525153596773, -37.33186259571904, -37.44986167026394, -37.4453326529622, -37.461273789298424, -37.512905230519344, -37.65630845301557], "geoy": [-9.40840104396173, -9.406729033015953, -9.403718010537393, -9.403011005877879, -9.40124999688664, -9.394101944332219, -9.39150992591542, -9.380710853304556, -9.377317829062525, -9.374825813123952, -9.36951877836401, -9.364122744256994, -9.360123715600363, -9.356644692536197, -9.352019659200117, -9.346033617623881, -9.336085546653775, -9.330940511772512, -9.324827469165013, -9.315347405817452, -9.312697387417836, -9.305631336833954, -9.30036229991969, -9.291282232732634, -9.28713120007888, -9.285554190177981, -9.284842190626227, -9.281813171326533, -9.28170317549105, -9.277041144644583, -9.272324112355411, -9.270749105639856, -9.276547154573057, -9.281486194226948, -9.288626253924908, -9.300147356519608, -9.30328538307914, -9.309094430306375, -9.315990489670606, -9.323875554006836, -9.330372610092494, -9.342695713014468, -9.35119679585997, -9.356186848470243, -9.357211863726482, -9.424103473264493, -9.453314578522432, -9.47663075720511, -9.471635704470048, -9.45528753244296, -9.40840104396173]}}