{"IIS3": {"px": [], "py": [], "pt": [], "pb": [], "x": ["2019-01", "2019-02", "2019-03", "2019-04", "2019-05", "2019-06", "2019-07", "2019-08", "2019-09", "2019-10", "2019-11", "2019-12", "2020-01", "2020-02", "2020-03", "2020-04", "2020-05", "2020-06", "2020-07", "2020-08", "2020-09", "2020-10", "2020-11", "2020-12"], "y": [NaN, NaN, NaN, NaN, NaN, NaN, NaN, NaN, NaN, NaN, NaN, NaN, NaN, NaN, NaN, NaN, NaN, NaN, NaN, NaN, NaN, NaN, NaN, NaN]}, "VHI": {"px": ["2021-01", "2021-02", "2021-03", "2021-04", "2021-05", "2021-06", "2021-07", "2021-08", "2021-09", "2021-10", "2021-11", "2021-12"], "py": [42.44214282313767, 46.462556462267116, 43.85753384133086, 43.26241503647819, 53.06832538451141, 58.87674554217213, 46.36516017670775, 51.56473628936871, 40.3359222200103, 47.39563204869148, 41.108578891368595, 35.33594359948049], "pt": [58.8992805217417, 63.931870773705754, 62.283507459917644, 62.59777293525724, 73.27217715477785, 79.91326587315652, 68.20262222972437, 74.17478516587408, 63.693016891201395, 71.47660862274272, 65.89230326929504, 60.803031287750755], "pb": [25.98500512453365, 28.99324215082848, 25.431560222744082, 23.927057137699144, 32.86447361424497, 37.84022521118774, 24.527698123691124, 28.954687412863336, 16.97882754881921, 23.314655474640247, 16.324854513442148, 9.868855911210218], "x": ["2019-01", "2019-02", "2019-03", "2019-04", "2019-05", "2019-06", "2019-07", "2019-08", "2019-09", "2019-10", "2019-11", "2019-12", "2020-01", "2020-02", "2020-03", "2020-04", "2020-05", "2020-06", "2020-07", "2020-08", "2020-09", "2020-10", "2020-11", "2020-12"], "y": [64.05125427246094, 52.92528533935547, 61.072208404541016, 55.52199935913086, 58.79884719848633, 57.61951446533203, 57.61951446533203, 63.52099609375, 50.98076629638672, 59.002113342285156, 52.23722457885742, 46.49192428588867, 53.07518005371094, 58.399169921875, 56.03355407714844, 54.68647766113281, 64.32605743408203, 70.04145812988281, 63.04346466064453, 70.91615295410156, 53.46415328979492, 34.81607437133789, 36.35557556152344, 40.10589599609375]}, "spi_01": {"px": [], "py": [], "pt": [], "pb": [], "x": ["2019-01", "2019-02", "2019-03", "2019-04", "2019-05", "2019-06", "2019-07", "2019-08", "2019-09", "2019-10", "2019-11", "2019-12", "2020-01", "2020-02", "2020-03", "2020-04", "2020-05", "2020-06", "2020-07", "2020-08", "2020-09", "2020-10", "2020-11", "2020-12"], "y": [NaN, NaN, NaN, NaN, NaN, NaN, NaN, NaN, NaN, NaN, NaN, NaN, NaN, NaN, NaN, NaN, NaN, NaN, NaN, NaN, NaN, NaN, NaN, NaN]}, "spi_03": {"px": [], "py": [], "pt": [], "pb": [], "x": ["2019-01", "2019-02", "2019-03", "2019-04", "2019-05", "2019-06", "2019-07", "2019-08", "2019-09", "2019-10", "2019-11", "2019-12", "2020-01", "2020-02", "2020-03", "2020-04", "2020-05", "2020-06", "2020-07"], "y": [NaN, NaN, NaN, NaN, NaN, NaN, NaN, NaN, NaN, NaN, NaN, NaN, NaN, NaN, NaN, NaN, NaN, NaN, NaN]}, "spi_06": {"px": [], "py": [], "pt": [], "pb": [], "x": ["2019-01", "2019-02", "2019-03", "2019-04", "2019-05", "2019-06", "2019-07", "2019-08", "2019-09", "2019-10", "2019-11", "2019-12", "2020-01", "2020-02", "2020-03", "2020-04", "2020-05", "2020-06", "2020-07"], "y": [NaN, NaN, NaN, NaN, NaN, NaN, NaN, NaN, NaN, NaN, NaN, NaN, NaN, NaN, NaN, NaN, NaN, NaN, NaN]}, "spi_12": {"px": [], "py": [], "pt": [], "pb": [], "x": ["2019-01", "2019-02", "2019-03", "2019-04", "2019-05", "2019-06", "2019-07", "2019-08", "2019-09", "2019-10", "2019-11", "2019-12", "2020-01", "2020-02", "2020-03", "2020-04", "2020-05", "2020-06", "2020-07", "2020-08", "2020-09", "2020-10", "2020-11", "2020-12"], "y": [NaN, NaN, NaN, NaN, NaN, NaN, NaN, NaN, NaN, NaN, NaN, NaN, NaN, NaN, NaN, NaN, NaN, NaN, NaN, NaN, NaN, NaN, NaN, NaN], "geox": [-49.02159439430232, -49.01497033680478, -49.01099229936127, -49.00851527823614, -49.003296238693686, -48.99910220452102, -48.99304415693341, -48.98527009706473, -48.98234307573408, -48.979813055432395, -48.972695994080645, -48.970993980317765, -48.96860696300089, -48.96694294889146, -48.96483393851666, -48.963296928392516, -48.95898389633382, -48.95049682801986, -48.94841480630888, -48.946399788154366, -48.94363375797371, -48.939660719582946, -48.93560168446823, -48.92385058878103, -48.914740505726556, -48.90891845444658, -48.906903437533884, -48.906353453739, -48.89948939687082, -48.89718037939645, -48.89351435488144, -48.88720930994212, -48.875790220516265, -48.85857208774033, -48.83604692120914, -48.81507175215954, -48.81044971381198, -48.80741168649082, -48.802386633547144, -48.79479555725037, -48.791630530025785, -48.79065052646142, -48.788408512735415, -48.783696481443286, -48.78099246564917, -48.78059946684657, -48.775793443200975, -48.776905456248386, -48.7770724626271, -48.77601746192274, -48.77599047297884, -48.77440546933464, -48.77226245592828, -48.77174345867558, -48.77013745046772, -48.76976345073464, -48.7729204795699, -48.77448549891391, -48.77523550919405, -48.77549052260692, -48.77981956013759, -48.78110857928039, -48.78395660693979, -48.78399261140555, -48.78712463968864, -48.78877966098501, -48.810214889754185, -48.81093589912367, -48.80934689469226, -48.80004483952589, -48.79607281445842, -48.79499380838545, -48.79488181158988, -48.80048487842352, -48.79835287179538, -48.79860587527381, -48.799881887687825, -48.80043789660979, -48.802713916841114, -48.804680941051, -48.806515956501755, -48.80668696436606, -48.80921199253781, -48.80821698949872, -48.80918100639525, -48.81238003822487, -48.81829709167214, -48.81985510859349, -48.8235751446451, -48.827321174953696, -48.82924319792885, -48.83143221897407, -48.83829227771197, -48.85129137927032, -48.85355239832234, -48.85646040616856, -48.85357337325252, -48.852945361375724, -48.85176734851044, -48.85204634627542, -48.854188353887075, -48.858159374534736, -48.86193939756002, -48.86965645150772, -48.87001845161818, -48.871684462619214, -48.869444431197785, -48.87085342752234, -48.86876640124802, -48.8699944040842, -48.875692439510885, -48.87666944154396, -48.87957545676989, -48.88051446018598, -48.880015448764155, -48.88158145707984, -48.88487546848381, -48.88710448177894, -48.89243351521201, -48.89473753103522, -48.898684560305256, -48.903903600607116, -48.90784762880729, -48.99707629996312, -48.99799230541997, -49.001414322433995, -49.00315531535583, -49.00801733795248, -49.00920633708704, -49.00793532451814, -49.007663318291186, -49.01043933160787, -49.010518326843204, -49.01203232960415, -49.02159439430232],