{"IIS3": {"px": [], "py": [], "pt": [], "pb": [], "x": ["2019-01", "2019-02", "2019-03", "2019-04", "2019-05", "2019-06", "2019-07", "2019-08", "2019-09", "2019-10", "2019-11", "2019-12", "2020-01", "2020-02", "2020-03", "2020-04", "2020-05", "2020-06", "2020-07", "2020-08", "2020-09", "2020-10", "2020-11", "2020-12"], "y": [NaN, NaN, NaN, NaN, NaN, NaN, NaN, NaN, NaN, NaN, NaN, NaN, NaN, NaN, NaN, NaN, NaN, NaN, NaN, NaN, NaN, NaN, NaN, NaN]}, "VHI": {"px": ["2021-01", "2021-02", "2021-03", "2021-04", "2021-05", "2021-06", "2021-07", "2021-08", "2021-09", "2021-10", "2021-11", "2021-12"], "py": [185.35721399855433, 288.7567736945965, 297.2593998480224, 277.05479303998715, 229.0447794865752, 201.32819035916128, 209.74063110125078, 144.73396220968084, 127.187451513622, 112.41327323052103, 78.80244482725416, 71.73571259961233], "pt": [243.89961999378636, 360.45628501811353, 380.0508640720093, 369.6184639518101, 330.44320056399056, 310.85100269208755, 326.82544243745247, 268.9211582886427, 258.0922501050986, 249.7073842425948, 222.20146694008514, 220.9901469298417], "pb": [126.8148080033223, 217.0572623710795, 214.46793562403548, 184.49112212816416, 127.64635840915986, 91.805378026235, 92.65581976504907, 20.54676613071902, -3.7173470778546687, -24.880837781552728, -64.59657728557681, -77.51872173061705], "x": ["2019-01", "2019-02", "2019-03", "2019-04", "2019-05", "2019-06", "2019-07", "2019-08", "2019-09", "2019-10", "2019-11", "2019-12", "2020-01", "2020-02", "2020-03", "2020-04", "2020-05", "2020-06", "2020-07", "2020-08", "2020-09", "2020-10", "2020-11", "2020-12"], "y": [47.316463470458984, 58.47413635253906, 71.59673309326172, 66.9630355834961, 51.06034469604492, 45.005001068115234, 45.005001068115234, 28.520137786865234, 24.32420539855957, 20.521896362304688, 11.942758560180664, 10.268413543701172, 43.524654388427734, 72.04517364501953, 75.58413696289062, 70.56603240966797, 58.51189422607422, 54.13310241699219, 38.85930633544922, 38.507667541503906, 40.683101654052734, 23.660137176513672, 48.555171966552734, 65.18792724609375]}, "spi_01": {"px": ["2021-01", "2021-02", "2021-03", "2021-04", "2021-05", "2021-06", "2021-07", "2021-08", "2021-09", "2021-10", "2021-11", "2021-12"], "py": [0.6731122631358657, -0.23783689679752706, -0.5084119598377166, -0.35767903125372236, -1.2082610338703317, 0.1196560541451861, -0.12138067082759596, -0.9647173211965343, -0.1980944541397962, 0.09687283180026984, 0.15283442626759136, -1.5271033667680947], "pt": [2.1710376096076125, 1.2600884496742193, 0.9895133866340302, 1.1402463152180244, 0.2896643126014151, 1.617581400616933, 1.3765446756441513, 0.5332080252752132, 1.2998308923319515, 1.5947981782720175, 1.650759772739339, -0.02917802029634675], "pb": [-0.8248130833358807, -1.7357622432692736, -2.0063373063094634, -1.8556043777254692, -2.7061863803420785, -1.3782692923265611, -1.6193060172993432, -2.4626426676682818, -1.6960198006115437, -1.401052514671478, -1.3450909202041565, -3.025028713239843], "x": ["2019-01", "2019-02", "2019-03", "2019-04", "2019-05", "2019-06", "2019-07", "2019-08", "2019-09", "2019-10", "2019-11", "2019-12", "2020-01", "2020-02", "2020-03", "2020-04", "2020-05", "2020-06", "2020-07", "2020-08", "2020-09", "2020-10", "2020-11", "2020-12"], "y": [-1.2217649221420288, -0.21380449831485748, 0.34073516726493835, 1.0507279634475708, -0.02362050674855709, 1.0058261156082153, -0.03944296017289162, -0.8761428594589233, -0.1252502202987671, 0.049785349518060684, -0.03617915138602257, -1.6466031074523926, 0.18624570965766907, -0.5589823126792908, -0.8123546838760376, -0.7073231935501099, -1.3671756982803345, -0.08374186605215073, -0.046278662979602814, -0.1805260330438614, -1.4666016101837158, 0.6411235332489014, 1.7867586612701416, -1.383550763130188]}, "spi_03": {"px": [], "py": [], "pt": [], "pb": [], "x": ["2019-01", "2019-02", "2019-03", "2019-04", "2019-05", "2019-06", "2019-07", "2019-08", "2019-09", "2019-10", "2019-11", "2019-12", "2020-01", "2020-02", "2020-03", "2020-04", "2020-05", "2020-06", "2020-07"], "y": [-0.36013829708099365, -0.28181833028793335, -0.8081786632537842, 0.3606158196926117, 0.6825688481330872, 0.9024382829666138, 0.19539940357208252, 0.44261640310287476, -0.40626686811447144, -0.16335423290729523, -0.24610000848770142, -1.4205504655838013, -0.6618582606315613, -0.8601458072662354, -0.8313611149787903, -1.1707640886306763, -1.1690726280212402, -1.1114083528518677, -1.1484732627868652]}, "spi_06": {"px": [], "py": [], "pt": [], "pb": [], "x": ["2019-01", "2019-02", "2019-03", "2019-04", "2019-05", "2019-06", "2019-07", "2019-08", "2019-09", "2019-10", "2019-11", "2019-12", "2020-01", "2020-02", "2020-03", "2020-04", "2020-05", "2020-06", "2020-07"], "y": [-0.3713248074054718, -0.4993076026439667, -0.31524786353111267, 0.0052564265206456184, 0.15831789374351501, -0.22898231446743011, 0.36279207468032837, 0.6552684903144836, 0.7464424967765808, -0.07784488052129745, -0.10610213875770569, -1.3776787519454956, -0.7242342233657837, -0.9650442600250244, -1.257533311843872, -1.3748245239257812, -1.3713608980178833, -1.1731815338134766, -1.2967826128005981]}, "spi_12": {"px": ["2021-01", "2021-02", "2021-03", "2021-04", "2021-05", "2021-06", "2021-07", "2021-08", "2021-09", "2021-10", "2021-11", "2021-12"], "py": [-0.32536343180055205, -0.3095639572355573, -0.6313916970325768, -1.2920312253835033, -1.3378089731997118, -1.3780868084645521, -0.7397979269071302, -0.810575116834851, -0.8557083520489286, -0.8856609872051442, -0.7814336366542938, -1.2066840689531648], "pt": [0.9442570763502229, 1.2453972448738995, 1.1641228379724566, 0.7154150505509227, 0.8612382423260603, 0.9971556552557956, 1.7994430752053043, 1.8826966800986886, 1.9832493928825228, 2.0918630148567914, 2.3284887559792553, 2.030225783599457], "pb": [-1.594983939951327, -1.864525159345014, -2.4269062320376102, -3.29947750131793, -3.536856188725484, -3.7533292721848994, -3.279038929019565, -3.50384691376839, -3.69466609698038, -3.86318498926708, -3.8913560292878433, -4.443593921505787], "x": ["2019-01", "2019-02", "2019-03", "2019-04", "2019-05", "2019-06", "2019-07", "2019-08", "2019-09", "2019-10", "2019-11", "2019-12", "2020-01", "2020-02", "2020-03", "2020-04", "2020-05", "2020-06", "2020-07", "2020-08", "2020-09", "2020-10", "2020-11", "2020-12"], "y": [-0.6860260367393494, -0.8552701473236084, -0.6491477489471436, -0.2935037910938263, -0.08343250304460526, -0.0017895777709782124, 0.0155633594840765, 0.018383588641881943, 0.0303993858397007, -0.01255315076559782, 0.08459112048149109, -0.622925341129303, -0.0712648332118988, -0.16838674247264862, -0.6114581823348999, -1.3425650596618652, -1.4335874319076538, -1.4858009815216064, -1.4795808792114258, -1.4510546922683716, -1.44670569896698, -1.364328145980835, -0.8481400609016418, -0.865979015827179], "geox": [-41.46245022059985, -41.46318617407643, -41.46136615888111, -41.46003614683894, -41.45725011922254, -41.454608096815534, -41.449981058317356, -41.44619302971769, -41.44262300073456, -41.43738295742866, -41.432511918833576, -41.42830788426529, -41.425000856252105, -41.42075581896391, -41.419966812486685, -41.41817879966926, -41.416631786377835, -41.41533577441913, -41.41267775255674, -41.40985872829356, -41.40834871616156, -41.40241067065098, -41.40073965711379, -41.400490650113696, -41.385418499363915, -41.37881644505131, -41.333247066889456, -41.2705695466229, -41.23329523652933, -41.192277895450026, -41.26404258785465, -41.223846269732604, -41.279855761600864, -41.31994213157823, -41.356900404315496, -41.41256489350161, -41.42205695215508, -41.44334308701512, -41.449018132666325, -41.45496117637891, -41.458928197041956, -41.46245022059985],