{"IIS3": {"px": [], "py": [], "pt": [], "pb": [], "x": ["2019-01", "2019-02", "2019-03", "2019-04", "2019-05", "2019-06", "2019-07", "2019-08", "2019-09", "2019-10", "2019-11", "2019-12", "2020-01", "2020-02", "2020-03", "2020-04", "2020-05", "2020-06", "2020-07", "2020-08", "2020-09", "2020-10", "2020-11", "2020-12"], "y": [NaN, NaN, NaN, NaN, NaN, NaN, NaN, NaN, NaN, NaN, NaN, NaN, NaN, NaN, NaN, NaN, NaN, NaN, NaN, NaN, NaN, NaN, NaN, NaN]}, "VHI": {"px": ["2021-01", "2021-02", "2021-03", "2021-04", "2021-05", "2021-06", "2021-07", "2021-08", "2021-09", "2021-10", "2021-11", "2021-12"], "py": [35.32896457637366, 39.36727172075473, 51.4682553171874, 59.610594450994526, 70.2897523627511, 60.44323371477074, 53.69928792143172, 50.02963824070012, 50.14692219864179, 51.52308028463298, 41.668347114133326, 40.68501203528234], "pt": [49.940372295986236, 57.26251834471839, 72.13190620264835, 82.71325845538891, 95.59745277751949, 87.77867438192293, 82.92210319736168, 81.02511450474314, 82.81902291191982, 85.78986859638334, 77.45884022873066, 77.93693834211604], "pb": [20.71755685676107, 21.47202509679107, 30.804604431726446, 36.50793044660014, 44.98205194798271, 33.10779304761856, 24.476472645501758, 19.034161976657103, 17.474821485363762, 17.25629197288262, 5.877853999535986, 3.4330857284486385], "x": ["2019-01", "2019-02", "2019-03", "2019-04", "2019-05", "2019-06", "2019-07", "2019-08", "2019-09", "2019-10", "2019-11", "2019-12", "2020-01", "2020-02", "2020-03", "2020-04", "2020-05", "2020-06", "2020-07", "2020-08", "2020-09", "2020-10", "2020-11", "2020-12"], "y": [44.71305465698242, 49.70646667480469, 57.36680603027344, 52.080440521240234, 43.27333068847656, 44.61305236816406, 44.61305236816406, 39.84366989135742, 38.48411560058594, 38.8084716796875, 30.97394371032715, 30.918420791625977, 25.482498168945312, 29.109169006347656, 39.643577575683594, 46.89262771606445, 56.73236083984375, 49.39777374267578, 46.59833526611328, 41.51569366455078, 41.50822448730469, 40.23633575439453, 40.78888702392578, 42.34407424926758]}, "spi_01": {"px": [], "py": [], "pt": [], "pb": [], "x": ["2019-01", "2019-02", "2019-03", "2019-04", "2019-05", "2019-06", "2019-07", "2019-08", "2019-09", "2019-10", "2019-11", "2019-12", "2020-01", "2020-02", "2020-03", "2020-04", "2020-05", "2020-06", "2020-07", "2020-08", "2020-09", "2020-10", "2020-11", "2020-12"], "y": [NaN, NaN, NaN, NaN, NaN, NaN, NaN, NaN, NaN, NaN, NaN, NaN, NaN, NaN, NaN, NaN, NaN, NaN, NaN, NaN, NaN, NaN, NaN, NaN]}, "spi_03": {"px": [], "py": [], "pt": [], "pb": [], "x": ["2019-01", "2019-02", "2019-03", "2019-04", "2019-05", "2019-06", "2019-07", "2019-08", "2019-09", "2019-10", "2019-11", "2019-12", "2020-01", "2020-02", "2020-03", "2020-04", "2020-05", "2020-06", "2020-07"], "y": [NaN, NaN, NaN, NaN, NaN, NaN, NaN, NaN, NaN, NaN, NaN, NaN, NaN, NaN, NaN, NaN, NaN, NaN, NaN]}, "spi_06": {"px": [], "py": [], "pt": [], "pb": [], "x": ["2019-01", "2019-02", "2019-03", "2019-04", "2019-05", "2019-06", "2019-07", "2019-08", "2019-09", "2019-10", "2019-11", "2019-12", "2020-01", "2020-02", "2020-03", "2020-04", "2020-05", "2020-06", "2020-07"], "y": [NaN, NaN, NaN, NaN, NaN, NaN, NaN, NaN, NaN, NaN, NaN, NaN, NaN, NaN, NaN, NaN, NaN, NaN, NaN]}, "spi_12": {"px": [], "py": [], "pt": [], "pb": [], "x": ["2019-01", "2019-02", "2019-03", "2019-04", "2019-05", "2019-06", "2019-07", "2019-08", "2019-09", "2019-10", "2019-11", "2019-12", "2020-01", "2020-02", "2020-03", "2020-04", "2020-05", "2020-06", "2020-07", "2020-08", "2020-09", "2020-10", "2020-11", "2020-12"], "y": [NaN, NaN, NaN, NaN, NaN, NaN, NaN, NaN, NaN, NaN, NaN, NaN, NaN, NaN, NaN, NaN, NaN, NaN, NaN, NaN, NaN, NaN, NaN, NaN], "geox": [-35.44545883272292, -35.44027978162965, -35.438682764447435, -35.436521744278295, -35.43651274297188, -35.432177697499775, -35.42953667215561, -35.42620663852094, -35.42466562431183, -35.423320614457836, -35.42192560242175, -35.42158360084786, -35.41933557811178, -35.417253558270524, -35.41393252831638, -35.413786527761005, -35.41243551554402, -35.407381467353936, -35.40563945242398, -35.40558745290994, -35.407216471509, -35.40599946457647, -35.40454744781378, -35.40538645434775, -35.4052864521015, -35.40320743467427, -35.387816283827206, -35.37242815032354, -35.364598066669124, -35.35753402405195, -35.35372999210225, -35.35190497590817, -35.34815194127068, -35.34602092613042, -35.341977891613844, -35.34014387413693, -35.337476845647636, -35.335351827222965, -35.33385881250109, -35.333110805942496, -35.331409789548765, -35.33036177864459, -35.32889476473591, -35.3282087568613, -35.326358739442554, -35.319636672093374, -35.31799365356182, -35.314664623143074, -35.3127256064279, -35.32529774267176, -35.326672755198345, -35.32742376304947, -35.327230764540204, -35.325714754777216, -35.32310173303006, -35.321234718501245, -35.31911970472296, -35.315576677371084, -35.31611768559535, -35.3145066730253, -35.31026763736969, -35.30214156771093, -35.29405247950154, -35.2898794358069, -35.27267929951485, -35.26822329388472, -35.28064643218206, -35.26810434782454, -35.26442734358777, -35.26465734565936, -35.26968938964952, -35.278942466779164, -35.28592352627579, -35.28855654795366, -35.29178657296029, -35.29490959984948, -35.29838662553503, -35.30321266689257, -35.30340666784202, -35.307291700549406, -35.311487738458155, -35.315113768122636, -35.31791779281772, -35.319325803677536, -35.321709824652544, -35.32682486832028, -35.3312189040676, -35.33356992455432, -35.335820939322026, -35.33866596159958, -35.356888106013535, -35.35987513493079, -35.3691272203074, -35.37055423475099, -35.37507727783171, -35.376848291618714, -35.377318294171, -35.379257311821135, -35.379251310965785, -35.380816325296095, -35.383631347579616, -35.384501356680495, -35.38523136327934, -35.386546377939155, -35.387410385969474, -35.386135376892774, -35.38680538393879, -35.38839439791673, -35.390647422325806, -35.39218343764007, -35.39172943485845, -35.39304944701616, -35.39421345700697, -35.39499846245016, -35.396553476091704, -35.401669518998695, -35.406439561389554, -35.40872058109564, -35.41289961880342, -35.418537665207765, -35.4233967070486, -35.42813274892902, -35.43156177732385, -35.43181977888456, -35.430042760274084, -35.42969575505158, -35.4300847573573, -35.431830771729864, -35.43074475846039, -35.43234576987756, -35.43061274876332, -35.42854572844698, -35.429226733220666, -35.4624340365456, -35.46320504446823, -35.4630890456716, -35.46408805518783, -35.46369505235149, -35.46441706219569, -35.46608208258937, -35.466950090978415, -35.466766099940195, -35.470837140085074, -35.471501146244115, -35.47386016389296, -35.47533717710388, -35.477182192303864, -35.47776219329387, -35.47925420662128, -35.47863319561497, -35.47905719863899, -35.48022220968111, -35.4809992164078, -35.48118121604443, -35.484427246876635, -35.48604725709151, -35.48835427767162, -35.49000529166893, -35.49036829262481, -35.48745326249081, -35.485816243991586, -35.48580924294079, -35.48769725916103, -35.48819526208184, -35.48762125573206, -35.4878442565271, -35.488687263740246, -35.486456242420694, -35.48628424026462, -35.4880232556454, -35.488741260595475, -35.48830425585597, -35.489685267613716, -35.49299329776137, -35.50021836566507, -35.50034636301108, -35.50223838044393, -35.502500382342305, -35.50092936651822, -35.50060236207402, -35.50268437985359, -35.50443839326152, -35.50533240116538, -35.5056074009957, -35.504063386305546, -35.501826362162355, -35.50033134844965, -35.50014734842946, -35.49562430684966, -35.48573421551123, -35.483248193233585, -35.47128108128818, -35.46993006806431, -35.466508036185026, -35.46543902533281, -35.463199004929415, -35.4574899504191, -35.45566493372268, -35.45377491467865, -35.45045588295901, -35.446143840536905, -35.44620184007861, -35.44545883272292],