{"IIS3": {"px": [], "py": [], "pt": [], "pb": [], "x": ["2019-01", "2019-02", "2019-03", "2019-04", "2019-05", "2019-06", "2019-07", "2019-08", "2019-09", "2019-10", "2019-11", "2019-12", "2020-01", "2020-02", "2020-03", "2020-04", "2020-05", "2020-06", "2020-07", "2020-08", "2020-09", "2020-10", "2020-11", "2020-12"], "y": [NaN, NaN, NaN, NaN, NaN, NaN, NaN, NaN, NaN, NaN, NaN, NaN, NaN, NaN, NaN, NaN, NaN, NaN, NaN, NaN, NaN, NaN, NaN, NaN]}, "VHI": {"px": ["2021-01", "2021-02", "2021-03", "2021-04", "2021-05", "2021-06", "2021-07", "2021-08", "2021-09", "2021-10", "2021-11", "2021-12"], "py": [53.49248953638002, 48.677125653219875, 51.85897321935862, 57.85748329273822, 59.65934420962341, 54.78432350993499, 47.86095452004733, 57.5006039918577, 67.99548785719774, 64.16487905964601, 48.21918370666377, 49.02382857135976], "pt": [63.945052090697544, 59.53026800768298, 63.09842756467987, 69.47040579290504, 71.63409280862126, 67.11028144526485, 60.52838812113011, 70.50054664758358, 81.3196442682611, 77.80554543196085, 62.16918062763551, 63.27644408955294], "pb": [43.0399269820625, 37.82398329875677, 40.61951887403737, 46.244560792571406, 47.684595610625564, 42.45836557460514, 35.19352091896455, 44.50066133613183, 54.67133144613439, 50.52421268733117, 34.26918678569203, 34.771213053166576], "x": ["2019-01", "2019-02", "2019-03", "2019-04", "2019-05", "2019-06", "2019-07", "2019-08", "2019-09", "2019-10", "2019-11", "2019-12", "2020-01", "2020-02", "2020-03", "2020-04", "2020-05", "2020-06", "2020-07", "2020-08", "2020-09", "2020-10", "2020-11", "2020-12"], "y": [42.247196197509766, 41.587196350097656, 34.23540115356445, 43.816078186035156, 48.01860046386719, 38.145999908447266, 38.145999908447266, 46.788875579833984, 56.53135681152344, 53.820499420166016, 39.84086608886719, 41.00961685180664, 48.26740264892578, 44.0108642578125, 46.87322998046875, 51.786441802978516, 53.5364990234375, 49.665679931640625, 42.209896087646484, 55.452003479003906, 50.176876068115234, 48.954158782958984, 51.919498443603516, 51.102928161621094]}, "spi_01": {"px": [], "py": [], "pt": [], "pb": [], "x": ["2019-01", "2019-02", "2019-03", "2019-04", "2019-05", "2019-06", "2019-07", "2019-08", "2019-09", "2019-10", "2019-11", "2019-12", "2020-01", "2020-02", "2020-03", "2020-04", "2020-05", "2020-06", "2020-07", "2020-08", "2020-09", "2020-10", "2020-11", "2020-12"], "y": [NaN, NaN, NaN, NaN, NaN, NaN, NaN, NaN, NaN, NaN, NaN, NaN, NaN, NaN, NaN, NaN, NaN, NaN, NaN, NaN, NaN, NaN, NaN, NaN]}, "spi_03": {"px": [], "py": [], "pt": [], "pb": [], "x": ["2019-01", "2019-02", "2019-03", "2019-04", "2019-05", "2019-06", "2019-07", "2019-08", "2019-09", "2019-10", "2019-11", "2019-12", "2020-01", "2020-02", "2020-03", "2020-04", "2020-05", "2020-06", "2020-07"], "y": [NaN, NaN, NaN, NaN, NaN, NaN, NaN, NaN, NaN, NaN, NaN, NaN, NaN, NaN, NaN, NaN, NaN, NaN, NaN]}, "spi_06": {"px": [], "py": [], "pt": [], "pb": [], "x": ["2019-01", "2019-02", "2019-03", "2019-04", "2019-05", "2019-06", "2019-07", "2019-08", "2019-09", "2019-10", "2019-11", "2019-12", "2020-01", "2020-02", "2020-03", "2020-04", "2020-05", "2020-06", "2020-07"], "y": [NaN, NaN, NaN, NaN, NaN, NaN, NaN, NaN, NaN, NaN, NaN, NaN, NaN, NaN, NaN, NaN, NaN, NaN, NaN]}, "spi_12": {"px": [], "py": [], "pt": [], "pb": [], "x": ["2019-01", "2019-02", "2019-03", "2019-04", "2019-05", "2019-06", "2019-07", "2019-08", "2019-09", "2019-10", "2019-11", "2019-12", "2020-01", "2020-02", "2020-03", "2020-04", "2020-05", "2020-06", "2020-07", "2020-08", "2020-09", "2020-10", "2020-11", "2020-12"], "y": [NaN, NaN, NaN, NaN, NaN, NaN, NaN, NaN, NaN, NaN, NaN, NaN, NaN, NaN, NaN, NaN, NaN, NaN, NaN, NaN, NaN, NaN, NaN, NaN], "geox": [-39.34906951862916, -39.3496355215761, -39.35145853539892, -39.3518245363505, -39.349853516488906, -39.34604448141171, -39.34349145539738, -39.3434074475706, -39.34626646784206, -39.34457244615678, -39.34248242702214, -39.34068740856582, -39.34229941972785, -39.34285141782356, -39.34485743240386, -39.34477242823411, -39.34160040397576, -39.33987639417112, -39.338384381113976, -39.3370823709967, -39.334213350636354, -39.332875339595354, -39.32972131005381, -39.32312925281468, -39.320626232989866, -39.3192962210127, -39.31535618495359, -39.31385016912462, -39.30773411085152, -39.30022804864526, -39.296661006511805, -39.293930979068705, -39.29227296687949, -39.292678973383055, -39.29173796743994, -39.29209897295024, -39.28919094756788, -39.28743593533927, -39.286737928712526, -39.28534391792481, -39.2844569087189, -39.282490891486674, -39.2811028768084, -39.274045814140564, -39.271159787157245, -39.269659771877045, -39.268706761546674, -39.268538756303, -39.27073576660543, -39.2662377188122, -39.265320703232014, -39.26410069257951, -39.25781664408384, -39.25165259227914, -39.24928657036496, -39.24339451214725, -39.24139949563475, -39.234401433718766, -39.23192241359861, -39.22770737457529, -39.22264433108456, -39.21639627149184, -39.21434225381391, -39.21425325493206, -39.21320024600269, -39.212134235492094, -39.210375216544136, -39.21059621454391, -39.21214522708593, -39.21178322110983, -39.21262122819103, -39.2146192456713, -39.215230248154455, -39.21859927376614, -39.2185642719689, -39.216377251813846, -39.216529248382095, -39.21590624174012, -39.21310222099077, -39.212704217833256, -39.21156320485751, -39.211597201977845, -39.21042919058126, -39.20769516718299, -39.202035116717404, -39.200750106929675, -39.199197092209964, -39.19930809195912, -39.197623077066105, -39.19587606267974, -39.19490705747801, -39.19706808297701, -39.19709608645647, -39.195596074168975, -39.194473062846974, -39.19239404412454, -39.18920902015753, -39.1861189915752, -39.18508598308629, -39.18626299671754, -39.185422989851055, -39.183477970890245, -39.18184395757045, -39.178348917000896, -39.176727905009955, -39.176256898719984, -39.17475988582255, -39.17398887768291, -39.173367867025455, -39.171179841055405, -39.17159583934597, -39.16884180739108, -39.166013777227825, -39.1659817738307, -39.164342758718526, -39.162842746754144, -39.160486724456995, -39.15720369683277, -39.15557067891292, -39.15776569728944, -39.15800269315215, -39.15511766945124, -39.15360265521348, -39.15151663753017, -39.15229164737503, -39.15175764437799, -39.150419630704725, -39.1495096191064, -39.148843614079084, -39.14828560675327, -39.147679601219735, -39.14698459682664, -39.14351656150184, -39.14214355075846, -39.142338555041356, -39.140119534855025, -39.13778751792903, -39.13263047505756, -39.13056746027069, -39.12737743249993, -39.122869395199324, -39.11930836182284, -39.11589633367218, -39.11573832782099, -39.11520332212255, -39.11389231194879, -39.11198529091533, -39.10714725404913, -39.10673224552598, -39.10475922501009, -39.10447721982233, -39.10300620530135, -39.100901187075145, -39.09975917776509, -39.09855516653783, -39.09579213879634, -39.09412312479209, -39.092559113132175, -39.09278312222021, -39.08947509522028, -39.08633806666802, -39.08473306119723, -39.083619052387924, -39.08128303106817, -39.07976601495048, -39.07823200088949, -39.07509097752177, -39.070534938627425, -39.073617980912616, -39.07567300344403, -39.08353908133535, -39.08559710492689, -39.0882911462449, -39.0909581791932, -39.09237319767475, -39.093034211335706, -39.09258921191687, -39.08997719402555, -39.087653184790696, -39.089341205341896, -39.094528258135064, -39.09567727109073, -39.09551227343339, -39.09417426811681, -39.090231242556804, -39.086867216681554, -39.084396200621796, -39.08234018323333, -39.08267219173143, -39.085813228986886, -39.08592224123457, -39.086752250547455, -39.090367284047154, -39.10100837548734, -39.10803543391738, -39.11228147438325, -39.113529485298585, -39.116479505437155, -39.125456587839736, -39.13178464782991, -39.13567768688935, -39.13967172194548, -39.143033755945254, -39.14489977253722, -39.14834779924534, -39.14955281007829, -39.152063833517495, -39.15415286113114, -39.15591887826619, -39.16000891317743, -39.163348948633, -39.17214502592421, 