{"IIS3": {"px": [], "py": [], "pt": [], "pb": [], "x": ["2019-01", "2019-02", "2019-03", "2019-04", "2019-05", "2019-06", "2019-07", "2019-08", "2019-09", "2019-10", "2019-11", "2019-12", "2020-01", "2020-02", "2020-03", "2020-04", "2020-05", "2020-06", "2020-07", "2020-08", "2020-09", "2020-10", "2020-11", "2020-12"], "y": [NaN, NaN, NaN, NaN, NaN, NaN, NaN, NaN, NaN, NaN, NaN, NaN, NaN, NaN, NaN, NaN, NaN, NaN, NaN, NaN, NaN, NaN, NaN, NaN]}, "VHI": {"px": ["2021-01", "2021-02", "2021-03", "2021-04", "2021-05", "2021-06", "2021-07", "2021-08", "2021-09", "2021-10", "2021-11", "2021-12"], "py": [44.36164814386686, 48.992805623412636, 50.93175854825128, 54.265477327709974, 55.75938363220156, 63.13428969872335, 60.99573917557083, 60.741724262263006, 46.46862668807913, 47.656762089456805, 40.46078561926656, 36.52523728391273], "pt": [55.36489809788924, 60.46019594784234, 62.845220352233966, 66.60890081785583, 68.51828776849848, 76.2955649432179, 74.54744376811104, 74.67292050184005, 60.76924765248958, 62.31750188217757, 55.47300805873223, 51.88089923233184], "pb": [33.35839818984448, 37.525415298982935, 39.018296744268596, 41.92205383756412, 43.00047949590464, 49.9730144542288, 47.44403458303063, 46.81052802268596, 32.16800572366867, 32.996022296736044, 25.448563179800892, 21.16957533549361], "x": ["2019-01", "2019-02", "2019-03", "2019-04", "2019-05", "2019-06", "2019-07", "2019-08", "2019-09", "2019-10", "2019-11", "2019-12", "2020-01", "2020-02", "2020-03", "2020-04", "2020-05", "2020-06", "2020-07", "2020-08", "2020-09", "2020-10", "2020-11", "2020-12"], "y": [43.73994827270508, 41.72995376586914, 57.013206481933594, 61.71229934692383, 63.84636688232422, 66.7569351196289, 66.7569351196289, 67.4690933227539, 52.80324172973633, 54.070472717285156, 46.167972564697266, 41.88944625854492, 49.96431350708008, 55.291160583496094, 57.31686019897461, 59.83732604980469, 60.295188903808594, 67.66045379638672, 70.85598754882812, 71.2232666015625, 46.41781234741211, 34.821170806884766, 38.62702560424805, 40.348236083984375]}, "spi_01": {"px": ["2021-01", "2021-02", "2021-03", "2021-04", "2021-05", "2021-06", "2021-07", "2021-08", "2021-09", "2021-10", "2021-11", "2021-12"], "py": [1.4638641721374066, 5.685344165109221, 7.677689631950846, 7.222718323734249, 4.349646169301689, 3.236562022104523, 8.747444048974282, 4.5538133307440205, 5.016345566081606, 3.24349385900483, 1.237526239241845, 0.31529988336021475], "pt": [3.7133788006945565, 8.440425662712624, 10.858983716561793, 10.779513235888253, 8.245919778979093, 7.445018513006218, 13.246473280948287, 9.325754447784401, 10.04641316193403, 8.519073259714158, 6.747689213921685, 6.050459340766485], "pb": [-0.7856504564197428, 2.9302626675058185, 4.496395547339899, 3.665923411580245, 0.45337255962428413, -0.9718944687971716, 4.248414817000278, -0.21812778629635954, -0.013722029770819155, -2.0320855417044976, -4.272636735437995, -5.419859574046056], "x": ["2019-01", "2019-02", "2019-03", "2019-04", "2019-05", "2019-06", "2019-07", "2019-08", "2019-09", "2019-10", "2019-11", "2019-12", "2020-01", "2020-02", "2020-03", "2020-04", "2020-05", "2020-06", "2020-07", "2020-08", "2020-09", "2020-10", "2020-11", "2020-12"], "y": [-1.4854921102523804, -1.7505087852478027, -0.4216795563697815, -0.6805312633514404, 0.14652569591999054, -0.6660044193267822, 0.6324577331542969, -0.5179188847541809, -0.24109186232089996, -0.7335583567619324, -1.3955001831054688, -1.7207878828048706, -1.2386958599090576, 0.2252737581729889, 0.8558752536773682, 0.6532992124557495, -0.26356467604637146, -0.5483517646789551, 0.09048284590244293, -0.5366590619087219, -0.9489726424217224, -0.3808327913284302, 0.08776699006557465, 0.05933885648846626]}, "spi_03": {"px": [], "py": [], "pt": [], "pb": [], "x": ["2019-01", "2019-02", "2019-03", "2019-04", "2019-05", "2019-06", "2019-07", "2019-08", "2019-09", "2019-10", "2019-11", "2019-12", "2020-01", "2020-02", "2020-03", "2020-04", "2020-05", "2020-06", "2020-07"], "y": [-1.8082270622253418, -2.408637285232544, -2.0441994667053223, -1.5868425369262695, -0.5749807953834534, -0.5050787925720215, -0.013671524822711945, -0.7768761515617371, -0.5342485904693604, -1.0195446014404297, -1.367836594581604, -1.6471346616744995, -1.985203504562378, -1.332566738128662, -0.21084710955619812, 0.7300280332565308, 0.5658653974533081, 0.1463620960712433, -0.5555552244186401]}, "spi_06": {"px": [], "py": [], "pt": [], "pb": [], "x": ["2019-01", "2019-02", "2019-03", "2019-04", "2019-05", "2019-06", "2019-07", "2019-08", "2019-09", "2019-10", "2019-11", "2019-12", "2020-01", "2020-02", "2020-03", "2020-04", "2020-05", "2020-06", "2020-07"], "y": [-1.5234041213989258, -2.139519453048706, -1.9819977283477783, -2.137880325317383, -1.939658522605896, -1.9644144773483276, -1.4713795185089111, -0.679087221622467, -0.7718603014945984, -0.933307945728302, -1.5009503364562988, -1.7180373668670654, -2.066831350326538, -1.6304476261138916, -1.1855449676513672, -0.8358460664749146, -0.562288224697113, -0.1507660150527954, 0.4738989770412445]}, "spi_12": {"px": ["2021-01", "2021-02", "2021-03", "2021-04", "2021-05", "2021-06", "2021-07", "2021-08", "2021-09", "2021-10", "2021-11", "2021-12"], "py": [-0.12810667102554252, 1.2389327192643664, 1.7482010610507155, 2.225790288043699, 1.7875120532766209, 1.500433297829682, 1.5854211005397705, 1.2120370249708383, 1.382456997818795, 0.8059601425399285, 0.5361729609247115, 0.0034811783625019466], "pt": [1.0661762368766938, 2.7016245820756293, 3.4371721404245283, 4.114117359392305, 3.8560707180997547, 3.7347320180642267, 3.9739869029970913, 3.745493638788302, 4.052954748336909, 3.606801811922397, 3.4615566756493337, 3.0483170852387476], "pb": [-1.322389578927779, -0.2237591435468964, 0.05922998167690263, 0.33746321669509305, -0.28104661154651245, -0.7338654224048629, -0.8031447019175504, -1.321419588846625, -1.288040752699319, -1.9948815268425393, -2.3892107537999103, -3.0413547285137437], "x": ["2019-01", "2019-02", "2019-03", "2019-04", "2019-05", "2019-06", "2019-07", "2019-08", "2019-09", "2019-10", "2019-11", "2019-12", "2020-01", "2020-02", "2020-03", "2020-04", "2020-05", "2020-06", "2020-07", "2020-08", "2020-09", "2020-10", "2020-11", "2020-12"], "y": [-1.0499628782272339, -1.6932401657104492, -1.9444211721420288, -2.1388297080993652, -1.8537760972976685, -1.8653819561004639, -1.835629940032959, -1.9835631847381592, -1.911472201347351, -2.012455701828003, -2.0346806049346924, -2.159503698348999, -2.0723764896392822, -1.5243544578552246, -1.268958330154419, -1.0088574886322021, -1.0865274667739868, -1.0780913829803467, -1.0917104482650757, -1.0864825248718262, -1.112291932106018, -1.0233513116836548, -0.6286305785179138, -0.2953433692455292],