{"IIS3": {"px": [], "py": [], "pt": [], "pb": [], "x": ["2019-01", "2019-02", "2019-03", "2019-04", "2019-05", "2019-06", "2019-07", "2019-08", "2019-09", "2019-10", "2019-11", "2019-12", "2020-01", "2020-02", "2020-03", "2020-04", "2020-05", "2020-06", "2020-07", "2020-08", "2020-09", "2020-10", "2020-11", "2020-12"], "y": [NaN, NaN, NaN, NaN, NaN, NaN, NaN, NaN, NaN, NaN, NaN, NaN, NaN, NaN, NaN, NaN, NaN, NaN, NaN, NaN, NaN, NaN, NaN, NaN]}, "VHI": {"px": ["2021-01", "2021-02", "2021-03", "2021-04", "2021-05", "2021-06", "2021-07", "2021-08", "2021-09", "2021-10", "2021-11", "2021-12"], "py": [61.186503706704215, 74.25072659831667, 66.00418183703316, 57.65310300553162, 61.874027715494464, 66.29062961095352, 61.92090118243986, 66.50832231525548, 58.312998784157344, 68.79037103744253, 58.798194365490204, 38.97244216830822], "pt": [76.36048137791633, 90.37528450767047, 83.02631851777227, 75.52780318716889, 80.56243792046062, 85.75876884907134, 82.13872042192271, 87.44900005514877, 79.95240158579959, 91.10663244067452, 81.77138074489875, 62.584283727761004], "pb": [46.0125260354921, 58.12616868896288, 48.98204515629405, 39.77840282389435, 43.1856175105283, 46.82249037283569, 41.70308194295701, 45.567644575362195, 36.673595982515096, 46.474109634210535, 35.82500798608166, 15.360600608855435], "x": ["2019-01", "2019-02", "2019-03", "2019-04", "2019-05", "2019-06", "2019-07", "2019-08", "2019-09", "2019-10", "2019-11", "2019-12", "2020-01", "2020-02", "2020-03", "2020-04", "2020-05", "2020-06", "2020-07", "2020-08", "2020-09", "2020-10", "2020-11", "2020-12"], "y": [63.156517028808594, 63.200870513916016, 56.551631927490234, 55.26130294799805, 51.27239227294922, 49.3659782409668, 49.3659782409668, 52.35530471801758, 44.96208572387695, 53.12021255493164, 44.16647720336914, 27.66363525390625, 46.990333557128906, 58.40670394897461, 52.06236267089844, 44.93716049194336, 48.52021408081055, 53.5483512878418, 51.81401824951172, 60.00619888305664, 53.2019157409668, 46.036258697509766, 52.118587493896484, 50.17290115356445]}, "spi_01": {"px": ["2021-01", "2021-02", "2021-03", "2021-04", "2021-05", "2021-06", "2021-07", "2021-08", "2021-09", "2021-10", "2021-11", "2021-12"], "py": [1.640543058111156, -0.27453671606153396, 1.6616904623575, 2.8414078776689946, -0.04273436213115955, -0.38239727364871356, 3.5001319991120807, -0.00516503371440713, 1.5578075050599676, 1.8893280359047315, 1.163979060505521, 0.05603276237713439], "pt": [3.128942390106042, 1.3323416430860933, 3.3788927074967017, 4.662261809297027, 1.8761805734351382, 1.629805504292305, 5.601485255746411, 2.1817073902696364, 3.8269783863282765, 4.237915266137013, 3.589383659252766, 2.5558953500483916], "pb": [0.15214372611626992, -1.881415075209161, -0.05551178278170177, 1.0205539460409625, -1.9616492976974573, -2.3946000515897325, 1.3987787424777514, -2.1920374576984507, -0.7113633762083413, -0.4592591943275499, -1.2614255382417245, -2.443829825294123], "x": ["2019-01", "2019-02", "2019-03", "2019-04", "2019-05", "2019-06", "2019-07", "2019-08", "2019-09", "2019-10", "2019-11", "2019-12", "2020-01", "2020-02", "2020-03", "2020-04", "2020-05", "2020-06", "2020-07", "2020-08", "2020-09", "2020-10", "2020-11", "2020-12"], "y": [-1.225467562675476, -1.4016742706298828, -0.9714609384536743, -1.7968868017196655, -0.9497510194778442, -1.780946135520935, 0.3868281841278076, -1.3516863584518433, -0.5036182403564453, -0.1703256219625473, -0.49266207218170166, -1.1368697881698608, 0.05616065487265587, -1.1915054321289062, 0.04106646031141281, 0.7336617112159729, -1.0611789226531982, -1.2070614099502563, 0.07449419796466827, -1.1007624864578247, -0.2561631500720978, -0.8330533504486084, 1.014260172843933, 0.3709687292575836]}, "spi_03": {"px": [], "py": [], "pt": [], "pb": [], "x": ["2019-01", "2019-02", "2019-03", "2019-04", "2019-05", "2019-06", "2019-07", "2019-08", "2019-09", "2019-10", "2019-11", "2019-12", "2020-01", "2020-02", "2020-03", "2020-04", "2020-05", "2020-06", "2020-07"], "y": [-0.8771500587463379, -1.578565001487732, -1.8521819114685059, -1.7704130411148071, -1.4874297380447388, -1.7556315660476685, -1.250252366065979, -1.2238984107971191, -0.46393895149230957, -0.6077466011047363, -0.699347198009491, -1.220010757446289, -0.7142018675804138, -1.140946626663208, -0.5111413598060608, 0.04200635850429535, 0.13313324749469757, 0.07556091994047165, -1.3158655166625977]}, "spi_06": {"px": [], "py": [], "pt": [], "pb": [], "x": ["2019-01", "2019-02", "2019-03", "2019-04", "2019-05", "2019-06", "2019-07", "2019-08", "2019-09", "2019-10", "2019-11", "2019-12", "2020-01", "2020-02", "2020-03", "2020-04", "2020-05", "2020-06", "2020-07"], "y": [-1.184699296951294, -1.6447259187698364, -1.5751290321350098, -1.679674506187439, -1.729393720626831, -1.9913599491119385, -1.7289589643478394, -1.5889567136764526, -1.895002007484436, -1.4496811628341675, -1.4039356708526611, -1.4404864311218262, -1.0347843170166016, -1.4472171068191528, -0.8394662737846375, -0.23859386146068573, -0.320045530796051, -0.2672412395477295, -0.2673085331916809]}, "spi_12": {"px": ["2021-01", "2021-02", "2021-03", "2021-04", "2021-05", "2021-06", "2021-07", "2021-08", "2021-09", "2021-10", "2021-11", "2021-12"], "py": [0.9187198560459624, 0.7850901875426128, 1.1296165251739945, 3.491750041421758, 3.3163292839618492, 3.0035506538946235, 3.1457925811569343, 2.9229271966528323, 2.616773980476279, 2.4494566214516347, 1.4237074447521127, 0.1784731750989037], "pt": [1.9862009809901426, 2.092482217378379, 2.6392628040234722, 5.17958589090774, 5.165260819302208, 5.000624961461082, 5.2807548191152645, 5.187396610240491, 5.0037343263220215, 4.952921752066802, 4.038491494682815, 2.9000267011824903], "pb": [-0.14876126889821828, -0.5223018422931531, -0.3800297536754833, 1.8039141919357764, 1.4673977486214902, 1.0064763463281645, 1.010830343198604, 0.6584577830651739, 0.22981363463053706, -0.054008509163532725, -1.1910766051785897, -2.5430803509846824], "x": ["2019-01", "2019-02", "2019-03", "2019-04", "2019-05", "2019-06", "2019-07", "2019-08", "2019-09", "2019-10", "2019-11", "2019-12", "2020-01", "2020-02", "2020-03", "2020-04", "2020-05", "2020-06", "2020-07", "2020-08", "2020-09", "2020-10", "2020-11", "2020-12"], "y": [-2.247697114944458, -2.3276150226593018, -2.1423146724700928, -2.0412654876708984, -1.80710768699646, -1.8470505475997925, -1.7438125610351562, -1.769582986831665, -1.8142257928848267, -1.7876369953155518, -1.980387568473816, -2.2783875465393066, -1.825920581817627, -1.8080800771713257, -1.6093850135803223, -0.5928323864936829, -0.5475334525108337, -0.5322487354278564, -0.5227377414703369, -0.5151976943016052, -0.5272079706192017, -0.5536234378814697, -0.40792548656463623, -0.24688664078712463],