{"IIS3": {"px": [], "py": [], "pt": [], "pb": [], "x": ["2019-01", "2019-02", "2019-03", "2019-04", "2019-05", "2019-06", "2019-07", "2019-08", "2019-09", "2019-10", "2019-11", "2019-12", "2020-01", "2020-02", "2020-03", "2020-04", "2020-05", "2020-06", "2020-07", "2020-08", "2020-09", "2020-10", "2020-11", "2020-12"], "y": [NaN, NaN, NaN, NaN, NaN, NaN, NaN, NaN, NaN, NaN, NaN, NaN, NaN, NaN, NaN, NaN, NaN, NaN, NaN, NaN, NaN, NaN, NaN, NaN]}, "VHI": {"px": ["2021-01", "2021-02", "2021-03", "2021-04", "2021-05", "2021-06", "2021-07", "2021-08", "2021-09", "2021-10", "2021-11", "2021-12"], "py": [57.861080171257115, 83.31857804829012, 97.76262811517901, 94.8396378774785, 100.70494756741131, 100.42507787744198, 69.18286173817296, 51.55844186779683, 55.04151497321078, 58.424226834542424, 70.90981759720381, 44.989573759797906], "pt": [83.24489154416091, 110.77002740895688, 127.13653259155637, 126.01768233785853, 133.58829667542534, 134.92955353996462, 105.23564294755693, 89.09571967423614, 94.00677408057322, 98.76695368201747, 112.58450777812868, 87.95495510178262], "pb": [32.47726879835333, 55.867128687623364, 68.38872363880164, 63.66159341709846, 67.8215984593973, 65.92060221491934, 33.130080528789, 14.021164061357524, 16.07625586584833, 18.081499987067374, 29.235127416278942, 2.024192417813204], "x": ["2019-01", "2019-02", "2019-03", "2019-04", "2019-05", "2019-06", "2019-07", "2019-08", "2019-09", "2019-10", "2019-11", "2019-12", "2020-01", "2020-02", "2020-03", "2020-04", "2020-05", "2020-06", "2020-07", "2020-08", "2020-09", "2020-10", "2020-11", "2020-12"], "y": [32.62647247314453, 25.368677139282227, 41.783233642578125, 46.836944580078125, 43.404850006103516, 26.551029205322266, 26.551029205322266, 18.138471603393555, 21.49894142150879, 24.582794189453125, 33.06842041015625, 19.745262145996094, 36.267765045166016, 57.32026290893555, 70.6107406616211, 68.74921417236328, 73.49970245361328, 74.54281616210938, 59.24736022949219, 60.702056884765625, 44.09775924682617, 28.042232513427734, 52.57102966308594, 42.83431625366211]}, "spi_01": {"px": [], "py": [], "pt": [], "pb": [], "x": ["2019-01", "2019-02", "2019-03", "2019-04", "2019-05", "2019-06", "2019-07", "2019-08", "2019-09", "2019-10", "2019-11", "2019-12", "2020-01", "2020-02", "2020-03", "2020-04", "2020-05", "2020-06", "2020-07", "2020-08", "2020-09", "2020-10", "2020-11", "2020-12"], "y": [NaN, NaN, NaN, NaN, NaN, NaN, NaN, NaN, NaN, NaN, NaN, NaN, NaN, NaN, NaN, NaN, NaN, NaN, NaN, NaN, NaN, NaN, NaN, NaN]}, "spi_03": {"px": [], "py": [], "pt": [], "pb": [], "x": ["2019-01", "2019-02", "2019-03", "2019-04", "2019-05", "2019-06", "2019-07", "2019-08", "2019-09", "2019-10", "2019-11", "2019-12", "2020-01", "2020-02", "2020-03", "2020-04", "2020-05", "2020-06", "2020-07"], "y": [NaN, NaN, NaN, NaN, NaN, NaN, NaN, NaN, NaN, NaN, NaN, NaN, NaN, NaN, NaN, NaN, NaN, NaN, NaN]}, "spi_06": {"px": [], "py": [], "pt": [], "pb": [], "x": ["2019-01", "2019-02", "2019-03", "2019-04", "2019-05", "2019-06", "2019-07", "2019-08", "2019-09", "2019-10", "2019-11", "2019-12", "2020-01", "2020-02", "2020-03", "2020-04", "2020-05", "2020-06", "2020-07"], "y": [NaN, NaN, NaN, NaN, NaN, NaN, NaN, NaN, NaN, NaN, NaN, NaN, NaN, NaN, NaN, NaN, NaN, NaN, NaN]}, "spi_12": {"px": [], "py": [], "pt": [], "pb": [], "x": ["2019-01", "2019-02", "2019-03", "2019-04", "2019-05", "2019-06", "2019-07", "2019-08", "2019-09", "2019-10", "2019-11", "2019-12", "2020-01", "2020-02", "2020-03", "2020-04", "2020-05", "2020-06", "2020-07", "2020-08", "2020-09", "2020-10", "2020-11", "2020-12"], "y": [NaN, NaN, NaN, NaN, NaN, NaN, NaN, NaN, NaN, NaN, NaN, NaN, NaN, NaN, NaN, NaN, NaN, NaN, NaN, NaN, NaN, NaN, NaN, NaN], "geox": [-43.24733487474709, -43.24671886609159, -43.24565985566928, -43.24223982863757, -43.235658771715286, -43.23373975617019, -43.232823747985975, -43.23245374085019, -43.23207473466758, -43.23527275847849, -43.23713076026335, -43.23601875010755, -43.23188672056792, -43.231194718598275, -43.22982570776168, -43.22885870265262, -43.227852694376146, -43.22693768515745, -43.224192664912806, -43.22194263978767, -43.22279364499239, -43.22165263080038, -43.21991161489796, -43.219075605048474, -43.216489581020056, -43.21363255690231, -43.212571543343294, -43.21018752109235, -43.208458502943195, -43.2074634942439, -43.20732149473408, -43.205796482050296, -43.20445846865331, -43.20041043762258, -43.19957743234197, -43.19794141646721, -43.19693240907394, -43.19657240385718, -43.19552339538037, -43.195467398216365, -43.192220373468636, -43.19315838883791, -43.191851379890686, -43.18937935850623, -43.184852321876484, -43.18573933080986, -43.18474932470451, -43.18536133228912, -43.1842503240294, -43.1854343351887, -43.18577734028734, -43.180994300398915, -43.17966228783335, -43.17829927722156, -43.17643526426486, -43.17763028026679, -43.17324024333473, -43.17252324037698, -43.16955121630409, -43.16762820365926, -43.16935022753565, -43.168432222978666, -43.16685221022672, -43.16551619742642, -43.1644601888786, -43.162127165450194, -43.159775146857925, -43.159496147516556, -43.157658133687626, -43.15385110151407, -43.15310909386066, -43.152441089094374, -43.151382078061935, -43.1493550676015, -43.14557203460028, -43.140938992292455, -43.135576945698794, -43.129543901627805, -43.127191879627745, -43.126070870853795, -43.12512886106385, -43.121436833965475, -43.11768580366477, -43.119292827014874, -43.11565980303602, -43.11496779537024, -43.11304577854366, -43.11199576587951, -43.111189758324706, -43.11046575366427, -43.10927774162119, -43.10838372958323, -43.105439701505425, -43.104299693656785, -43.10551970865055, -43.09907766149826, -43.09949466742494, -43.098137660902005, -43.0999686777349, -43.09968767774277, -43.097190656115956, -43.0958216482926, -43.088080590771504, -43.086096574917605, -43.08410755632266, -43.0786945107496, -43.07749350684316, -43.07829551489175, -43.08338055952685, -43.084356572937125, -43.085489584619545, -43.085157586770215, -43.08696460600833, -43.08299157464922, -43.08205157187428, -43.08028355786971, -43.081013565908776, -43.07860554553337, -43.078269545938454, -43.077329537378795, -43.07538252326989, -43.072185490327065, -43.06987947028846, -43.06940546494044, -43.06785745452431, -43.06688844542667, -43.065962439061785, -43.06633144523943, -43.065574439628136, -43.06538243614474, -43.06446942852271, -43.06207941267722, -43.06082340738808, -43.05946539823933, -43.05615137031534, -43.053852351225956, -43.05071732726381, -43.049190318384746, -43.04974133062492, -43.047071310424144, -43.04290427503668, -43.03845824150486, -43.03702223109421, -43.036190229197175, -43.033796209260906, -43.03084918860045, -43.02868516949088, -43.022465121790354, -43.02024109812242, -43.01838008174713, -43.017380074210244, -43.01404004420374, -43.01046201591908, -43.00910200249297, -43.00702298729304, -43.00468196710956, -43.00014591916215, -42.99540587634204, -42.99407285882796, -42.9915158365936, -42.989076813671296, -42.9852977862099, -42.98434977637579, -42.97941173699363, -42.978656733943026, -42.97882573943372, -42.97765873077326, -42.97571571539193, -42.97079667224551, -42.96782264943407, -42.963993617516785, -42.964519634643516, -42.963490630195246, -42.95885060010539, -42.9531345551731, -42.950602537296604, -42.9487115251881, -42.94716251845258, -42.94371851045454, -42.9450055381878, -42.945021544855955, -42.94357654648537, -42.94191154573834, -42.940244537847754, -42.94085654636964, -42.94593158883069, -42.94954761653994, -42.95637866392349, -42.963600717483594, -42.96693773943698, -42.9696467631961, -42.9737987980594, -42.9767668207136, -42.98120686801324, -42.991826972304835, -42.99398998842013, -42.994904987112676, -42.993657954694505, -42.994663961248456, -43.00043601116759, -43.003446034252136, -43.00621504959881, -43.00740405234412, -43.0094940637357, -43.01271108979926, -43.029271231831885, -43.03129525025147, -43.03246726351643, -43.03280426806402, -43.03174226471494, -43.027495237643166, -43.0273512382702,