{"IIS3": {"px": [], "py": [], "pt": [], "pb": [], "x": ["2019-01", "2019-02", "2019-03", "2019-04", "2019-05", "2019-06", "2019-07", "2019-08", "2019-09", "2019-10", "2019-11", "2019-12", "2020-01", "2020-02", "2020-03", "2020-04", "2020-05", "2020-06", "2020-07", "2020-08", "2020-09", "2020-10", "2020-11", "2020-12"], "y": [NaN, NaN, NaN, NaN, NaN, NaN, NaN, NaN, NaN, NaN, NaN, NaN, NaN, NaN, NaN, NaN, NaN, NaN, NaN, NaN, NaN, NaN, NaN, NaN]}, "VHI": {"px": ["2021-01", "2021-02", "2021-03", "2021-04", "2021-05", "2021-06", "2021-07", "2021-08", "2021-09", "2021-10", "2021-11", "2021-12"], "py": [48.824025275493156, 53.705334804459326, 60.17865166727469, 69.38465742966773, 75.66840754229933, 58.959135490045554, 53.78478872660055, 57.37852318793071, 58.62237586401142, 50.635208698802245, 48.95314971536092, 51.170404755298236], "pt": [58.46980994568011, 64.78276432264305, 72.52278904325371, 82.87710014341516, 90.21881280162013, 74.4956272445307, 70.24841101526773, 74.71977866989086, 76.79893836953833, 69.61034262043877, 68.69457798615115, 71.64947389912089], "pb": [39.1782406053062, 42.627905286275606, 47.834514291295676, 55.89221471592029, 61.11800228297854, 43.42264373556041, 37.32116643793337, 40.037267705970564, 40.4458133584845, 31.66007477716572, 29.2117214445707, 30.691335611475573], "x": ["2019-01", "2019-02", "2019-03", "2019-04", "2019-05", "2019-06", "2019-07", "2019-08", "2019-09", "2019-10", "2019-11", "2019-12", "2020-01", "2020-02", "2020-03", "2020-04", "2020-05", "2020-06", "2020-07", "2020-08", "2020-09", "2020-10", "2020-11", "2020-12"], "y": [31.599750518798828, 37.3246955871582, 41.88863754272461, 47.100181579589844, 39.328407287597656, 31.47049903869629, 31.47049903869629, 33.79899978637695, 34.38999557495117, 28.496246337890625, 27.789106369018555, 30.27004623413086, 32.17499923706055, 36.284278869628906, 42.06092834472656, 50.33250045776367, 56.50810623168945, 44.062599182128906, 39.639583587646484, 39.62000274658203, 51.222999572753906, 38.658599853515625, 46.98974609375, 46.9023323059082]}, "spi_01": {"px": [], "py": [], "pt": [], "pb": [], "x": ["2019-01", "2019-02", "2019-03", "2019-04", "2019-05", "2019-06", "2019-07", "2019-08", "2019-09", "2019-10", "2019-11", "2019-12", "2020-01", "2020-02", "2020-03", "2020-04", "2020-05", "2020-06", "2020-07", "2020-08", "2020-09", "2020-10", "2020-11", "2020-12"], "y": [NaN, NaN, NaN, NaN, NaN, NaN, NaN, NaN, NaN, NaN, NaN, NaN, NaN, NaN, NaN, NaN, NaN, NaN, NaN, NaN, NaN, NaN, NaN, NaN]}, "spi_03": {"px": [], "py": [], "pt": [], "pb": [], "x": ["2019-01", "2019-02", "2019-03", "2019-04", "2019-05", "2019-06", "2019-07", "2019-08", "2019-09", "2019-10", "2019-11", "2019-12", "2020-01", "2020-02", "2020-03", "2020-04", "2020-05", "2020-06", "2020-07"], "y": [NaN, NaN, NaN, NaN, NaN, NaN, NaN, NaN, NaN, NaN, NaN, NaN, NaN, NaN, NaN, NaN, NaN, NaN, NaN]}, "spi_06": {"px": [], "py": [], "pt": [], "pb": [], "x": ["2019-01", "2019-02", "2019-03", "2019-04", "2019-05", "2019-06", "2019-07", "2019-08", "2019-09", "2019-10", "2019-11", "2019-12", "2020-01", "2020-02", "2020-03", "2020-04", "2020-05", "2020-06", "2020-07"], "y": [NaN, NaN, NaN, NaN, NaN, NaN, NaN, NaN, NaN, NaN, NaN, NaN, NaN, NaN, NaN, NaN, NaN, NaN, NaN]}, "spi_12": {"px": [], "py": [], "pt": [], "pb": [], "x": ["2019-01", "2019-02", "2019-03", "2019-04", "2019-05", "2019-06", "2019-07", "2019-08", "2019-09", "2019-10", "2019-11", "2019-12", "2020-01", "2020-02", "2020-03", "2020-04", "2020-05", "2020-06", "2020-07", "2020-08", "2020-09", "2020-10", "2020-11", "2020-12"], "y": [NaN, NaN, NaN, NaN, NaN, NaN, NaN, NaN, NaN, NaN, NaN, NaN, NaN, NaN, NaN, NaN, NaN, NaN, NaN, NaN, NaN, NaN, NaN, NaN], "geox": [-36.39262609972577, -36.32993356321364, -36.31376842902468, -36.310597400972505, -36.30718636793985, -36.304598344154805, -36.30223532064857, -36.29927130058103, -36.29745228641189, -36.293773256166695, -36.29371525676285, -36.29770929556257, -36.30037532458998, -36.30482236491627, -36.30741638979259, -36.313853455004136, -36.32065352537502, -36.33579868662134, -36.337404704976315, -36.34284876302084, -36.35037384682157, -36.35185386200665, -36.3579059312681, -36.370482065812396, -36.37657313251763, -36.37901815990191, -36.38084918420129, -36.38271820539033, -36.385351233325146, -36.39151929078751, -36.39387031104262, -36.393874309569156, -36.399406354885016, -36.40420338832616, -36.408031407555605, -36.4192904868774, -36.42179650111235, -36.42734254167731, -36.43045256062227, -36.432241574209755, -36.43792262051618, -36.44359967111386, -36.44770170408769, -36.450311723754716, -36.45637777489422, -36.458830796101665, -36.463522838270876, -36.46786587974891, -36.483848036117, -36.487407069935955, -36.4992981592462, -36.50160917810583, -36.501858179985945, -36.50618020970641, -36.50590620455716, -36.50387418397863, -36.49685512035799, -36.492851082842606, -36.48815803400677, -36.48993004611324, -36.50149515258093, -36.50496218323362, -36.508432212274094, -36.508457204936406, -36.50770719489603, -36.50445916392778, -36.5022251445308, -36.500265126317856, -36.49554208416707, -36.49163004648958, -36.490162029513904, -36.49057902863966, -36.49390605906579, -36.49618707764172, -36.49471306206138, -36.49066002335094, -36.49076802284704, -36.460244731442025, -36.44754961976816, -36.44070955347197, -36.43565750665897, -36.43046545945464, -36.42835543846832, -36.42546341283619, -36.42134937835715, -36.416964338199755, -36.41510031758576, -36.41254129240146, -36.41044026999201, -36.41054226837734, -36.40835124463799, -36.40551821798254, -36.40345919634907, -36.40068217017162, -36.398455144724686, -36.3961251259404, -36.394903117898494, -36.39262609972577], "geoy": [-10.309997030886466, -10.3362292908957, -10.347037388177041, -10.347502394893976, -10.345263381649985, -10.344790380760452, -10.342642367122181, -10.348983417540815, -10.351096435191293, -10.353848459519199, -10.354920467589585, -10.357650483904115, -10.36246951718206, -10.362756514773679, -10.364220523054566, -10.371184568478307, -10.379953626991409, -10.40376378916589, -10.407481815257155, -10.416102873971754, -10.431396980285518, -10.433170991987035, -10.447219090472629, -10.467476228422774, -10.478728305929485, -10.483815341280145, -10.49120039437403, -10.495325423146806, -10.499328450213318, -10.501188457647357, -10.50034644893517, -10.498924438345892, -10.49473540141273, -10.485585328313169, -10.471241217542092, -10.450517051539466, -10.442663990453571, -10.433857919119824, -10.425313852253888, -10.422947832777913, -10.418431793262952, -10.418023784358672, -10.414328752593955, -10.41073172310066, -10.407527692967342, -10.406733684519516, -10.406739679719735, -10.409067692575917, -10.421175766224096, -10.422922775548408, -10.406331639723843, -10.404531623932755, -10.404193621158692, -10.39556155241701, -10.393009533695432, -10.390798519326946, -10.390249522481664, -10.388776515640957, -10.38242647317572, -10.378802444349056, -10.381267450791123, -10.380806443782145, -10.378788425172502, -10.371596371571979, -10.368451348914576, -10.3667383394971, -10.36737234652145, -10.366791344210688, -10.367046350973677, -10.36462633696701, -10.361015311566321, -10.356612278321064, -10.357131278767564, -10.355310262849553, -10.353077247722073, -10.35087523547519, -10.349469224883453, -10.333018133539857, -10.335302163593234, -10.330677136094975, -10.329323131166172, -10.328801132587731, -10.326863120284266, -10.327207125812375, -10.32959814787008, -10.328885147037226, -10.325187121340429, -10.323095108341079, -10.319716085262613, -10.317288067029946, -10.313407040290306, -10.312265034657148, -10.309265014356434, -10.308099008484128, -10.302884971813246, -10.304961989705733, -10.307790012076836, -10.309997030886466]}}