{"IIS3": {"px": [], "py": [], "pt": [], "pb": [], "x": ["2019-01", "2019-02", "2019-03", "2019-04", "2019-05", "2019-06", "2019-07", "2019-08", "2019-09", "2019-10", "2019-11", "2019-12", "2020-01", "2020-02", "2020-03", "2020-04", "2020-05", "2020-06", "2020-07", "2020-08", "2020-09", "2020-10", "2020-11", "2020-12"], "y": [NaN, NaN, NaN, NaN, NaN, NaN, NaN, NaN, NaN, NaN, NaN, NaN, NaN, NaN, NaN, NaN, NaN, NaN, NaN, NaN, NaN, NaN, NaN, NaN]}, "VHI": {"px": ["2021-01", "2021-02", "2021-03", "2021-04", "2021-05", "2021-06", "2021-07", "2021-08", "2021-09", "2021-10", "2021-11", "2021-12"], "py": [110.27392553199998, 149.95434788702525, 154.0961499522466, 145.60182776018993, 149.3082103068268, 150.1750494741964, 151.93699328091373, 119.966501206759, 95.86231140320099, 89.25284461117617, 64.67608993088372, 55.4522147392895], "pt": [137.24431841770365, 182.98619817117154, 192.23804521164993, 188.24576302376914, 196.02230085292834, 200.6320340881665, 205.87777875090345, 177.179343977456, 156.16994291604962, 152.50402214546855, 130.73979025306983, 124.21349411252874], "pb": [83.3035326462963, 116.92249760287896, 115.95425469284328, 102.95789249661073, 102.59411976072525, 99.71806486022632, 97.996207810924, 62.75365843606201, 35.554679890352354, 26.001667076883784, -1.3876103913023883, -13.309064633949717], "x": ["2019-01", "2019-02", "2019-03", "2019-04", "2019-05", "2019-06", "2019-07", "2019-08", "2019-09", "2019-10", "2019-11", "2019-12", "2020-01", "2020-02", "2020-03", "2020-04", "2020-05", "2020-06", "2020-07", "2020-08", "2020-09", "2020-10", "2020-11", "2020-12"], "y": [32.88377380371094, 50.485286712646484, 58.494956970214844, 66.48664855957031, 67.57976531982422, 58.4427375793457, 58.4427375793457, 45.08528518676758, 34.89218521118164, 32.06132125854492, 20.58930778503418, 16.562681198120117, 48.3916130065918, 70.21015167236328, 73.74276733398438, 69.83208465576172, 73.25409698486328, 76.22415161132812, 72.97272491455078, 69.41028594970703, 49.48407745361328, 42.78685760498047, 51.70209503173828, 48.869834899902344]}, "spi_01": {"px": ["2021-01", "2021-02", "2021-03", "2021-04", "2021-05", "2021-06", "2021-07", "2021-08", "2021-09", "2021-10", "2021-11", "2021-12"], "py": [4.13933693565346, 4.902392127988826, 5.10477266652472, 4.0067830503538175, 3.8722088133436285, 4.210588899044699, 4.531057856782929, 3.6333801329831354, 2.1300862706845685, 2.811651773637206, 5.865851304827228, -0.48356262978316433], "pt": [6.589817998854171, 7.783867822930095, 8.36068220457538, 7.598299674205258, 7.770546458909138, 8.393301073969628, 8.980004459934872, 8.333504665070471, 7.068630120501149, 7.977623133990761, 11.249651527293246, 5.109589395225376], "pb": [1.6888558724527485, 2.0209164330475557, 1.8488631284740604, 0.4152664265023778, -0.026128832221880227, 0.02787672411977038, 0.0821112536309867, -1.0667443991041994, -2.8084575791320123, -2.3543195867163487, 0.48205108236120964, -6.076714654791704], "x": ["2019-01", "2019-02", "2019-03", "2019-04", "2019-05", "2019-06", "2019-07", "2019-08", "2019-09", "2019-10", "2019-11", "2019-12", "2020-01", "2020-02", "2020-03", "2020-04", "2020-05", "2020-06", "2020-07", "2020-08", "2020-09", "2020-10", "2020-11", "2020-12"], "y": [-0.279195636510849, 1.2856937646865845, 0.8943402767181396, 0.09907210618257523, 0.9973645210266113, -0.6872584223747253, 0.8248944282531738, 0.41870641708374023, -0.31996819376945496, 0.01299331709742546, 1.4499882459640503, -1.5681809186935425, 0.7659915685653687, 0.9813787341117859, 0.9558902382850647, 0.42991873621940613, 0.38395044207572937, 0.6135164499282837, -0.30769598484039307, -1.3497862815856934, -0.6042268872261047, 0.025473855435848236, 1.9783614873886108, -0.3178052306175232]}, "spi_03": {"px": [], "py": [], "pt": [], "pb": [], "x": ["2019-01", "2019-02", "2019-03", "2019-04", "2019-05", "2019-06", "2019-07", "2019-08", "2019-09", "2019-10", "2019-11", "2019-12", "2020-01", "2020-02", "2020-03", "2020-04", "2020-05", "2020-06", "2020-07"], "y": [0.4707511365413666, 0.9173773527145386, 0.7347489595413208, 0.9864700436592102, 0.8283002972602844, 0.33202147483825684, 0.7834641933441162, 0.13482971489429474, 0.6332428455352783, -0.2538122236728668, 0.5827256441116333, -0.1628686785697937, 0.5704329609870911, 0.7673577666282654, 1.30994713306427, 1.061983585357666, 0.7388203740119934, 0.4063693583011627, 0.19456958770751953]}, "spi_06": {"px": [], "py": [], "pt": [], "pb": [], "x": ["2019-01", "2019-02", "2019-03", "2019-04", "2019-05", "2019-06", "2019-07", "2019-08", "2019-09", "2019-10", "2019-11", "2019-12", "2020-01", "2020-02", "2020-03", "2020-04", "2020-05", "2020-06", "2020-07"], "y": [0.13983020186424255, 0.9699519872665405, 1.024699330329895, 0.958393394947052, 0.9464309811592102, 0.7154400944709778, 0.9817891120910645, 0.7240636944770813, 0.39996206760406494, 0.6060431003570557, 0.15973664820194244, 0.14868396520614624, 0.3791763186454773, 0.7807922959327698, 1.1383488178253174, 1.0282446146011353, 0.8164978623390198, 0.9739274382591248, 0.828885555267334]}, "spi_12": {"px": ["2021-01", "2021-02", "2021-03", "2021-04", "2021-05", "2021-06", "2021-07", "2021-08", "2021-09", "2021-10", "2021-11", "2021-12"], "py": [1.1000407498910696, 0.9921852501194777, 1.1299542572819217, 1.291788513708409, 0.9700572289529386, 1.1569949828098651, 1.2128326024780076, 1.1977814507527196, 1.175524807800492, 1.134681152223128, 1.06086237283102, 0.8073119881910915], "pt": [1.4581402740931817, 1.3928071272706388, 1.568999252322819, 1.7661545399885408, 1.4772906526418197, 1.695091967865055, 1.7801164684074258, 1.792822292848594, 1.7970843166011443, 1.7816733022518974, 1.732324554504114, 1.502383265568838], "pb": [0.7419412256889575, 0.5915633729683163, 0.6909092622410244, 0.8174224874282774, 0.46282380526405764, 0.6188979977546754, 0.6455487365485895, 0.6027406086568452, 0.5539652989998396, 0.4876890021943585, 0.3894001911579261, 0.11224071081334519], "x": ["2019-01", "2019-02", "2019-03", "2019-04", "2019-05", "2019-06", "2019-07", "2019-08", "2019-09", "2019-10", "2019-11", "2019-12", "2020-01", "2020-02", "2020-03", "2020-04", "2020-05", "2020-06", "2020-07", "2020-08", "2020-09", "2020-10", "2020-11", "2020-12"], "y": [0.404893159866333, 0.5350748896598816, 0.776641845703125, 0.45426762104034424, 0.7001399993896484, 0.7632074952125549, 0.8860239386558533, 0.9047228693962097, 0.8998271822929382, 0.8915159702301025, 0.8476883769035339, 0.6201318502426147, 0.9630444645881653, 0.8445419073104858, 0.953768253326416, 1.083060622215271, 0.7737740874290466, 0.9490090608596802, 0.7913204431533813, 0.7522050142288208, 0.743923008441925, 0.7373685240745544, 0.8447571396827698, 0.8590287566184998],