{"IIS3": {"px": [], "py": [], "pt": [], "pb": [], "x": ["2019-01", "2019-02", "2019-03", "2019-04", "2019-05", "2019-06", "2019-07", "2019-08", "2019-09", "2019-10", "2019-11", "2019-12", "2020-01", "2020-02", "2020-03", "2020-04", "2020-05", "2020-06", "2020-07", "2020-08", "2020-09", "2020-10", "2020-11", "2020-12"], "y": [NaN, NaN, NaN, NaN, NaN, NaN, NaN, NaN, NaN, NaN, NaN, NaN, NaN, NaN, NaN, NaN, NaN, NaN, NaN, NaN, NaN, NaN, NaN, NaN]}, "VHI": {"px": ["2021-01", "2021-02", "2021-03", "2021-04", "2021-05", "2021-06", "2021-07", "2021-08", "2021-09", "2021-10", "2021-11", "2021-12"], "py": [82.75848321360934, 103.70749896594279, 111.5038219650296, 113.95609032210103, 110.87811370307782, 108.98964914557882, 118.40182859325006, 114.30887027269526, 94.43783989551297, 102.44563518393508, 81.71735989252613, 52.83520773771467], "pt": [115.00763096154412, 143.20447717888374, 157.11100391523274, 164.94646983553807, 166.73527582585078, 169.32227976861023, 182.9001237287073, 182.71964305641666, 166.54912604651264, 178.0765901417879, 160.7113160241326, 135.05472405110325], "pb": [50.50933546567455, 64.21052075300184, 65.89664001482646, 62.965710808664, 55.02095158030485, 48.65701852254742, 53.903533457792804, 45.898097488973875, 22.32655374451329, 26.81468022608226, 2.723403760919666, -29.384308575673913], "x": ["2019-01", "2019-02", "2019-03", "2019-04", "2019-05", "2019-06", "2019-07", "2019-08", "2019-09", "2019-10", "2019-11", "2019-12", "2020-01", "2020-02", "2020-03", "2020-04", "2020-05", "2020-06", "2020-07", "2020-08", "2020-09", "2020-10", "2020-11", "2020-12"], "y": [49.346500396728516, 49.3474006652832, 54.11479568481445, 50.73448181152344, 53.1088981628418, 53.603397369384766, 53.603397369384766, 50.187679290771484, 39.22471618652344, 42.6254997253418, 31.653518676757812, 16.82940673828125, 31.23953628540039, 41.024070739746094, 44.742366790771484, 45.19796371459961, 43.72489929199219, 45.01496124267578, 43.875999450683594, 50.700199127197266, 38.423282623291016, 28.57823944091797, 46.63429641723633, 52.195133209228516]}, "spi_01": {"px": [], "py": [], "pt": [], "pb": [], "x": ["2019-01", "2019-02", "2019-03", "2019-04", "2019-05", "2019-06", "2019-07", "2019-08", "2019-09", "2019-10", "2019-11", "2019-12", "2020-01", "2020-02", "2020-03", "2020-04", "2020-05", "2020-06", "2020-07", "2020-08", "2020-09", "2020-10", "2020-11", "2020-12"], "y": [NaN, NaN, NaN, NaN, NaN, NaN, NaN, NaN, NaN, NaN, NaN, NaN, NaN, NaN, NaN, NaN, NaN, NaN, NaN, NaN, NaN, NaN, NaN, NaN]}, "spi_03": {"px": [], "py": [], "pt": [], "pb": [], "x": ["2019-01", "2019-02", "2019-03", "2019-04", "2019-05", "2019-06", "2019-07", "2019-08", "2019-09", "2019-10", "2019-11", "2019-12", "2020-01", "2020-02", "2020-03", "2020-04", "2020-05", "2020-06", "2020-07"], "y": [NaN, NaN, NaN, NaN, NaN, NaN, NaN, NaN, NaN, NaN, NaN, NaN, NaN, NaN, NaN, NaN, NaN, NaN, NaN]}, "spi_06": {"px": [], "py": [], "pt": [], "pb": [], "x": ["2019-01", "2019-02", "2019-03", "2019-04", "2019-05", "2019-06", "2019-07", "2019-08", "2019-09", "2019-10", "2019-11", "2019-12", "2020-01", "2020-02", "2020-03", "2020-04", "2020-05", "2020-06", "2020-07"], "y": [NaN, NaN, NaN, NaN, NaN, NaN, NaN, NaN, NaN, NaN, NaN, NaN, NaN, NaN, NaN, NaN, NaN, NaN, NaN]}, "spi_12": {"px": [], "py": [], "pt": [], "pb": [], "x": ["2019-01", "2019-02", "2019-03", "2019-04", "2019-05", "2019-06", "2019-07", "2019-08", "2019-09", "2019-10", "2019-11", "2019-12", "2020-01", "2020-02", "2020-03", "2020-04", "2020-05", "2020-06", "2020-07", "2020-08", "2020-09", "2020-10", "2020-11", "2020-12"], "y": [NaN, NaN, NaN, NaN, NaN, NaN, NaN, NaN, NaN, NaN, NaN, NaN, NaN, NaN, NaN, NaN, NaN, NaN, NaN, NaN, NaN, NaN, NaN, NaN], "geox": [-44.43439556736146, -44.426963505279076, -44.42263946834105, -44.4190124388286, -44.41603241603927, -44.41342639699389, -44.40769735929195, -44.405066340166975, -44.40203931701398, -44.39425125177845, -44.387830202420226, -44.38550418315531, -44.374071085983026, -44.37155906565317, -44.369325048920324, -44.36477101015623, -44.349706887611354, -44.33547877105933, -44.33259974542239, -44.33325474855401, -44.33772877827335, -44.339138781352254, -44.34528282529192, -44.34556982452125, -44.348198841062285, -44.349450849336044, -44.35209086914415, -44.352700872928246, -44.34751582757502, -44.34268778738678, -44.34199577967013, -44.34049376766816, -44.33968476230128, -44.336463736190794, -44.331749698743245, -44.320262603881496, -44.31590656756006, -44.3127535454272, -44.30242246589581, -44.29044437071573, -44.28891635841044, -44.28513032632899, -44.28122029563, -44.27567024535757, -44.27390422800612, -44.271341206586676, -44.27077519997726, -44.267993175065584, -44.261644122100236, -44.260883113109166, -44.258829092323715, -44.25628807146457, -44.25121003216231, -44.24734300037732, -44.236775915984616, -44.233854888928974, -44.23257787807257, -44.090448788057735, -44.08972078300021, -44.09070179164916, -44.09022478862813, -44.091315797881094, -44.09135779964953, -44.092044805304695, -44.09271981015868, -44.093359816523304, -44.096203841228935, -44.096025838244564, -44.097401849380326, -44.098717860911925, -44.09873586281656, -44.09939186824968, -44.100045872933485, -44.10071687875457, -44.10120588374131, -44.100262877608465, -44.10126788642085, -44.09996087714125, -44.0998358773421, -44.100176881206316, -44.10382791241675, -44.10253490258313, -44.10218890097489, -44.10374991432163, -44.102845908327645, -44.105086926066875, -44.1071989450625, -44.10863695672752, -44.110341971348085, -44.11091697550582, -44.11084497340086, -44.11184998173278, -44.11370799587778, -44.11462200421647, -44.1154090103432, -44.115109005732904, -44.118116029992855, -44.11996004273157, -44.123653072777266, -44.12411707750245, -44.122729066763554, -44.12281506788015, -44.12452008346034, -44.12620509665301, -44.12615609862106, -44.127696113266396, -44.128046119121294, -44.13065514257004, -44.1315701518054, -44.13275616210582, -44.13314716435574, -44.134712176636086, -44.135207181117636, -44.134666177844345, -44.137561201558775, -44.13635919318809, -44.13778320506817, -44.13786920688489, -44.13999122367657, -44.14058022927818, -44.143137250493915, -44.14360825562005, -44.14598527480034, -44.14747328803027, -44.151156318260114, -44.15292633489762, -44.154683349544094, -44.15471135059938, -44.156978369166744, -44.15672236756693, -44.15515635525525, -44.155453358111664, -44.15733237345196, -44.158992387808084, -44.15751437654115, -44.157508377803616, -44.161148408323825, -44.16900147262502, -44.295269493362646, -44.30410656516749, -44.31425064445439, -44.32626273930867, -44.337388826251306, -44.34310286981451, -44.34733690272035, -44.35225994248186, -44.357181981008026, -44.365055045109486, -44.368699072824384, -44.376870137315535, -44.38356618910135, -44.387701222245326, -44.3926232602619, -44.394298273826, -44.39695229649098, -44.403251347906064, -44.40629937337419, -44.418016466443724, -44.42037748651091, -44.42294350168916, -44.42295049759994, -44.42521751269507, -44.426603519098826, -44.43439556736146],