{"IIS3": {"px": [], "py": [], "pt": [], "pb": [], "x": ["2019-01", "2019-02", "2019-03", "2019-04", "2019-05", "2019-06", "2019-07", "2019-08", "2019-09", "2019-10", "2019-11", "2019-12", "2020-01", "2020-02", "2020-03", "2020-04", "2020-05", "2020-06", "2020-07", "2020-08", "2020-09", "2020-10", "2020-11", "2020-12"], "y": [NaN, NaN, NaN, NaN, NaN, NaN, NaN, NaN, NaN, NaN, NaN, NaN, NaN, NaN, NaN, NaN, NaN, NaN, NaN, NaN, NaN, NaN, NaN, NaN]}, "VHI": {"px": ["2021-01", "2021-02", "2021-03", "2021-04", "2021-05", "2021-06", "2021-07", "2021-08", "2021-09", "2021-10", "2021-11", "2021-12"], "py": [51.68783650690331, 38.65801025373193, 37.16702227389624, 43.385594739064146, 50.78410202555965, 56.08313586700908, 48.47360020436459, 56.32361328262844, 57.61641194941302, 66.02740838269335, 73.75884689601222, 62.94871221863801], "pt": [61.748927247041976, 50.980279507653535, 51.39555319774708, 59.29357591003041, 68.2104222802966, 74.9057130100438, 68.59578157195818, 77.66640962413835, 80.11369463777356, 89.62275752282781, 98.40338531184955, 88.59956106257532], "pb": [41.62674576676464, 26.33574099981032, 22.938491350045396, 27.47761356809788, 33.3577817708227, 37.260558723974356, 28.35141883677099, 34.98081694111853, 35.11912926105248, 42.43205924255889, 49.114308480174884, 37.2978633747007], "x": ["2019-01", "2019-02", "2019-03", "2019-04", "2019-05", "2019-06", "2019-07", "2019-08", "2019-09", "2019-10", "2019-11", "2019-12", "2020-01", "2020-02", "2020-03", "2020-04", "2020-05", "2020-06", "2020-07", "2020-08", "2020-09", "2020-10", "2020-11", "2020-12"], "y": [58.00893783569336, 41.94554138183594, 39.16429138183594, 40.702335357666016, 43.40567398071289, 46.693077087402344, 46.693077087402344, 53.84146499633789, 54.751075744628906, 62.76779556274414, 70.55009460449219, 60.64799880981445, 49.188297271728516, 36.559234619140625, 34.81047821044922, 40.41718673706055, 47.69384765625, 53.33799743652344, 48.57961654663086, 50.982791900634766, 47.01838684082031, 57.60837936401367, 77.77018737792969, 64.06436157226562]}, "spi_01": {"px": [], "py": [], "pt": [], "pb": [], "x": ["2019-01", "2019-02", "2019-03", "2019-04", "2019-05", "2019-06", "2019-07", "2019-08", "2019-09", "2019-10", "2019-11", "2019-12", "2020-01", "2020-02", "2020-03", "2020-04", "2020-05", "2020-06", "2020-07", "2020-08", "2020-09", "2020-10", "2020-11", "2020-12"], "y": [NaN, NaN, NaN, NaN, NaN, NaN, NaN, NaN, NaN, NaN, NaN, NaN, NaN, NaN, NaN, NaN, NaN, NaN, NaN, NaN, NaN, NaN, NaN, NaN]}, "spi_03": {"px": [], "py": [], "pt": [], "pb": [], "x": ["2019-01", "2019-02", "2019-03", "2019-04", "2019-05", "2019-06", "2019-07", "2019-08", "2019-09", "2019-10", "2019-11", "2019-12", "2020-01", "2020-02", "2020-03", "2020-04", "2020-05", "2020-06", "2020-07"], "y": [NaN, NaN, NaN, NaN, NaN, NaN, NaN, NaN, NaN, NaN, NaN, NaN, NaN, NaN, NaN, NaN, NaN, NaN, NaN]}, "spi_06": {"px": [], "py": [], "pt": [], "pb": [], "x": ["2019-01", "2019-02", "2019-03", "2019-04", "2019-05", "2019-06", "2019-07", "2019-08", "2019-09", "2019-10", "2019-11", "2019-12", "2020-01", "2020-02", "2020-03", "2020-04", "2020-05", "2020-06", "2020-07"], "y": [NaN, NaN, NaN, NaN, NaN, NaN, NaN, NaN, NaN, NaN, NaN, NaN, NaN, NaN, NaN, NaN, NaN, NaN, NaN]}, "spi_12": {"px": [], "py": [], "pt": [], "pb": [], "x": ["2019-01", "2019-02", "2019-03", "2019-04", "2019-05", "2019-06", "2019-07", "2019-08", "2019-09", "2019-10", "2019-11", "2019-12", "2020-01", "2020-02", "2020-03", "2020-04", "2020-05", "2020-06", "2020-07", "2020-08", "2020-09", "2020-10", "2020-11", "2020-12"], "y": [NaN, NaN, NaN, NaN, NaN, NaN, NaN, NaN, NaN, NaN, NaN, NaN, NaN, NaN, NaN, NaN, NaN, NaN, NaN, NaN, NaN, NaN, NaN, NaN], "geox": [-48.46950072566071, -48.45761863526513, -48.450450580925285, -48.44197951616413, -48.44108550908605, -48.43931149549197, -48.30719051221994, -48.298718448709906, -48.2912693927381, -48.285138346872436, -48.27452726783722, -48.27094324091684, -48.26199517332027, -48.25480511954639, -48.24653905754139, -48.242041023683285, -48.236857984697046, -48.22960493119282, -48.22616190546815, -48.223577885874214, -48.22275987945191, -48.219766856062634, -48.21724583689763, -48.21383381118975, -48.211407793590126, -48.2086637733187, -48.20546474938533, -48.1988766998524, -48.18954663047555, -48.18591360333236, -48.17935055382119, -48.177018536638116, -48.17677253569327, -48.17409751574147, -48.16932447981564, -48.16546345063733, -48.16124041898016, -48.15615638127356, -48.152689355281545, -48.15118134432676, -48.14879732666618, -48.144853297198615, -48.14170927357353, -48.13571022827825, -48.12788216962615, -48.12093711682979, -48.11410706508908, -48.112736054397, -48.11154804466618, -48.021488383851015, -47.969169000274945, -48.03604650447839, -48.05832167228897, -48.06815374607923, -48.07698781175643, -48.07951883105138, -48.08573387776977, -48.08785289331677, -48.091483919158286, -48.09643795562936, -48.09952297865716, -48.10374401110315, -48.106713033662345, -48.10960005527607, -48.126215180690785, -48.12913120279114, -48.13749726557758, -48.144878320011884, -48.14662733270665, -48.14529532227157, -48.14688333374893, -48.14698933399115, -48.14934835141162, -48.15069036053135, -48.15246637343625, -48.1524653729252, -48.15571739729384, -48.155022391649375, -48.1582954160774, -48.160771434346344, -48.162444446824395, -48.166743478685696, -48.1686104922174, -48.17443753613479, -48.176994555016016, -48.18402360759749, -48.18763263486737, -48.1903226548123, -48.19196466663028, -48.195355691737404, -48.198412714603535, -48.20215774280402, -48.208966793367935, -48.216610850908474, -48.21863586575244, -48.21732985556018, -48.21818986158662, -48.22452390907822, -48.22682792603779, -48.22541391505165, -48.22196788900707, -48.22068687896947, -48.228409935837156, -48.2276359295579, -48.2245549058542, -48.22396490118613, -48.225415911682404, -48.22799693082922, -48.23377097374367, -48.23421797662602, -48.233378969887156, -48.23336196923972, -48.23427097573035, -48.23710499670811, -48.24171603120687, -48.244391051462806, -48.25044509759515, -48.26132917963214, -48.26513520842255, -48.27377227402537, -48.276745296462735, -48.27974631892504, -48.2865533695543, -48.293222419318106, -48.3018274839236, -48.30427350148653, -48.31591658603788, -48.32377564175584, -48.46950072566071],