{"IIS3": {"px": [], "py": [], "pt": [], "pb": [], "x": ["2019-01", "2019-02", "2019-03", "2019-04", "2019-05", "2019-06", "2019-07", "2019-08", "2019-09", "2019-10", "2019-11", "2019-12", "2020-01", "2020-02", "2020-03", "2020-04", "2020-05", "2020-06", "2020-07", "2020-08", "2020-09", "2020-10", "2020-11", "2020-12"], "y": [NaN, NaN, NaN, NaN, NaN, NaN, NaN, NaN, NaN, NaN, NaN, NaN, NaN, NaN, NaN, NaN, NaN, NaN, NaN, NaN, NaN, NaN, NaN, NaN]}, "VHI": {"px": ["2021-01", "2021-02", "2021-03", "2021-04", "2021-05", "2021-06", "2021-07", "2021-08", "2021-09", "2021-10", "2021-11", "2021-12"], "py": [40.55688869604752, 35.28907598285191, 31.41861576620736, 34.28022288024626, 29.682665709282354, 35.539082262704355, 35.884249394194725, 42.9812492476631, 32.41063452864403, 32.347273465075276, 39.957909367741436, 34.89755037603972], "pt": [55.4965547973526, 51.82500151063658, 49.409725873768735, 53.617318131197294, 50.27796766352205, 57.32002972667537, 58.78955188663568, 66.95824013710079, 57.41342041250374, 58.33539597894861, 66.89535025654983, 62.75197428823009], "pb": [25.617222594742437, 18.753150455067242, 13.427505658645991, 14.943127629295219, 9.087363755042666, 13.758134798733337, 12.978946901753773, 19.004258358225414, 7.407848644784323, 6.35915095120194, 13.02046847893304, 7.043126463849347], "x": ["2019-01", "2019-02", "2019-03", "2019-04", "2019-05", "2019-06", "2019-07", "2019-08", "2019-09", "2019-10", "2019-11", "2019-12", "2020-01", "2020-02", "2020-03", "2020-04", "2020-05", "2020-06", "2020-07", "2020-08", "2020-09", "2020-10", "2020-11", "2020-12"], "y": [50.35478591918945, 49.89928436279297, 53.210784912109375, 49.308570861816406, 54.333641052246094, 57.38242721557617, 57.38242721557617, 67.8532485961914, 53.984745025634766, 54.13821029663086, 64.41938781738281, 57.1563606262207, 58.537803649902344, 52.141204833984375, 46.91545486450195, 49.491355895996094, 42.089141845703125, 47.68040084838867, 56.36164093017578, 63.09128189086914, 38.41645431518555, 33.61868667602539, 28.704143524169922, 46.52056884765625]}, "spi_01": {"px": [], "py": [], "pt": [], "pb": [], "x": ["2019-01", "2019-02", "2019-03", "2019-04", "2019-05", "2019-06", "2019-07", "2019-08", "2019-09", "2019-10", "2019-11", "2019-12", "2020-01", "2020-02", "2020-03", "2020-04", "2020-05", "2020-06", "2020-07", "2020-08", "2020-09", "2020-10", "2020-11", "2020-12"], "y": [NaN, NaN, NaN, NaN, NaN, NaN, NaN, NaN, NaN, NaN, NaN, NaN, NaN, NaN, NaN, NaN, NaN, NaN, NaN, NaN, NaN, NaN, NaN, NaN]}, "spi_03": {"px": [], "py": [], "pt": [], "pb": [], "x": ["2019-01", "2019-02", "2019-03", "2019-04", "2019-05", "2019-06", "2019-07", "2019-08", "2019-09", "2019-10", "2019-11", "2019-12", "2020-01", "2020-02", "2020-03", "2020-04", "2020-05", "2020-06", "2020-07"], "y": [NaN, NaN, NaN, NaN, NaN, NaN, NaN, NaN, NaN, NaN, NaN, NaN, NaN, NaN, NaN, NaN, NaN, NaN, NaN]}, "spi_06": {"px": [], "py": [], "pt": [], "pb": [], "x": ["2019-01", "2019-02", "2019-03", "2019-04", "2019-05", "2019-06", "2019-07", "2019-08", "2019-09", "2019-10", "2019-11", "2019-12", "2020-01", "2020-02", "2020-03", "2020-04", "2020-05", "2020-06", "2020-07"], "y": [NaN, NaN, NaN, NaN, NaN, NaN, NaN, NaN, NaN, NaN, NaN, NaN, NaN, NaN, NaN, NaN, NaN, NaN, NaN]}, "spi_12": {"px": [], "py": [], "pt": [], "pb": [], "x": ["2019-01", "2019-02", "2019-03", "2019-04", "2019-05", "2019-06", "2019-07", "2019-08", "2019-09", "2019-10", "2019-11", "2019-12", "2020-01", "2020-02", "2020-03", "2020-04", "2020-05", "2020-06", "2020-07", "2020-08", "2020-09", "2020-10", "2020-11", "2020-12"], "y": [NaN, NaN, NaN, NaN, NaN, NaN, NaN, NaN, NaN, NaN, NaN, NaN, NaN, NaN, NaN, NaN, NaN, NaN, NaN, NaN, NaN, NaN, NaN, NaN], "geox": [-45.73961582154003, -45.73823680955726, -45.736074783986396, -45.73477476117302, -45.73484875322806, -45.73193071773429, -45.72927969107763, -45.72639665524182, -45.72270361836588, -45.719238587852054, -45.71765456868283, -45.71629855728096, -45.709068479069586, -45.6974093686854, -45.694122344860716, -45.692291326401595, -45.689833305338574, -45.68790628685128, -45.68594927523983, -45.683907256726464, -45.68279224928067, -45.67394917823094, -45.67205716858657, -45.67102017853061, -45.66837816546069, -45.65943509193556, -45.65530606279859, -45.650848025171136, -45.64693299485443, -45.64192996322669, -45.62854183559239, -45.6255778126894, -45.62187479250896, -45.61979377816766, -45.618434761446565, -45.61454372939851, -45.6105406928553, -45.609182681663576, -45.607039668436244, -45.60651366434745, -45.60621465371247, -45.60479063316656, -45.60056959011085, -45.5989925697858, -45.59915655947284, -45.601324563377176, -45.59977154211143, -45.599869539744475, -45.59221046096227, -45.597602481258605, -45.606040539378824, -45.606456532795136, -45.60254248218424, -45.59659442463912, -45.591768370751545, -45.58790633564145, -45.58546130986236, -45.581205274705276, -45.57676823508494, -45.56984718386022, -45.56159311045904, -45.558483079396304, -45.55540305320456, -45.55187602641139, -45.55006801487186, -45.544761969118944, -45.53962993233327, -45.53171086243873, -45.52943184961211, -45.51770275075164, -45.51454071998375, -45.51070969387584, -45.50831968289971, -45.504457647129364, -45.50312963714506, -45.50101563046904, -45.49929561741333, -45.49379659777037, -45.49337760109865, -45.49605165556275, -45.49903768664656, -45.498592687847704, -45.49962270514244, -45.50104171780121, -45.50496875988323, -45.50570677149919, -45.50557377383845, -45.501601754617994, -45.50082576077277, -45.498204748946065, -45.49736974203072, -45.495275714036396, -45.49220368246174, -45.48868364020995, -45.48598559780596, -45.47984656189507, -45.4880856491526, -45.49334271568606, -45.493928736785605, -45.49059872495335, -45.48995672640849, -45.491822756049444, -45.49107578231437, -45.49060078395815, -45.487454767799235, -45.485629760467724, -45.48449076903039, -45.485962804051944, -45.48820183067524, -45.48751582684967, -45.4877688376857, -45.48665083083891, -45.48660083441896, -45.48334181420107, -45.482013817306665, -45.47656478192665, -45.47404276179536, -45.47420676906654, -45.472873763788556, -45.46995976146931, -45.47048578088798, -45.469593785516984, -45.464709747092144, -45.463655740564135, -45.46316074796664, -45.4615197382201, -45.454870685237, -45.45284667149649, -45.452545678634955, -45.45184367427759, -45.450103658869736, -45.44935266054174, -45.441905605150644, -45.44090460243801, -45.4411316307289, -45.43879362619469, -45.43710061643735, -45.43689261921549, -45.44417967775157, -45.44688170871957, -45.449595737249886, -45.452653764986636, -45.460273840546336, -45.46234785868299, -45.47317996828554, -45.47412497658729, -45.477511998882115, -45.47979201218981, -45.481262022886796, -45.48635907429496, -45.49006710559929, -45.493676145826136, -45.50032320665617, -45.50327023562803, -45.5079062763889, -45.513666331339245, -45.51987439493729, -45.52292042119164, -45.52639444592598, -45.52848746476619, -45.53365552317626, -45.545872628535136, -45.54840565250959, -45.54873565135699, -45.550955667942056, -45.55748272756473, -45.562814779570466, -45.56385278612828, -45.56643081165599, -45.570317845641725, -45.57343587668544, -45.57677190200646, -45.57976893173266, -45.581793946989876, -45.582566956595905, -45.58735599630539, -45.59218304634946, -45.599176107857254, -45.602205131834, -45.60576816620763, -45.609818196170856, -45.611649212089766, -45.6192122851292, -45.618071237954304, -45.61596121216258, -45.61626921184987, -45.62037623921922, -45.624930276060084, -45.62817929785728, -45.63435135719669, -45.63743838357845, -45.63849238559423, -45.63737636224497, -45.639952364757626, -45.64380038918951, -45.64765742165948, -45.65193346265754, -45.654268475649, -45.657621506429564, -45.66168553321703, -45.66484456137842, -45.668548587324004, -45.67176559819596, -45.686237732042635, -45.689299775101915, -45.68901778388437, -45.685962768316045, -45.686047771029486, -45.68881580155863, -45.691462824427255, -45.69406784297869, -45.702071889807584, 