{"IIS3": {"px": [], "py": [], "pt": [], "pb": [], "x": ["2019-01", "2019-02", "2019-03", "2019-04", "2019-05", "2019-06", "2019-07", "2019-08", "2019-09", "2019-10", "2019-11", "2019-12", "2020-01", "2020-02", "2020-03", "2020-04", "2020-05", "2020-06", "2020-07", "2020-08", "2020-09", "2020-10", "2020-11", "2020-12"], "y": [NaN, NaN, NaN, NaN, NaN, NaN, NaN, NaN, NaN, NaN, NaN, NaN, NaN, NaN, NaN, NaN, NaN, NaN, NaN, NaN, NaN, NaN, NaN, NaN]}, "VHI": {"px": ["2021-01", "2021-02", "2021-03", "2021-04", "2021-05", "2021-06", "2021-07", "2021-08", "2021-09", "2021-10", "2021-11", "2021-12"], "py": [62.588634428578615, 59.627072625904646, 46.78449048055063, 42.0551700254796, 48.24186991957498, 61.84165297273309, 54.41467305236061, 67.56045742266869, 60.63380329679727, 66.63574485348137, 67.74270466489243, 61.065905610893424], "pt": [72.15730959792097, 69.195747795247, 56.353165649892986, 51.62384519482195, 57.81054508891734, 71.41032814207544, 63.98334822170297, 77.12913259201105, 70.20247846613964, 76.20442002282374, 77.3113798342348, 70.6345807802358], "pb": [53.01995925923626, 50.05839745656229, 37.215815311208274, 32.48649485613724, 38.673194750232625, 52.27297780339073, 44.845997883018256, 57.991782253326335, 51.0651281274549, 57.067069684139, 58.17402949555006, 51.497230441551054], "x": ["2019-01", "2019-02", "2019-03", "2019-04", "2019-05", "2019-06", "2019-07", "2019-08", "2019-09", "2019-10", "2019-11", "2019-12", "2020-01", "2020-02", "2020-03", "2020-04", "2020-05", "2020-06", "2020-07", "2020-08", "2020-09", "2020-10", "2020-11", "2020-12"], "y": [66.69242095947266, 59.605857849121094, 51.895599365234375, 46.651554107666016, 45.53410339355469, 52.84468460083008, 52.84468460083008, 65.51835632324219, 58.47981262207031, 63.89286422729492, 64.83380889892578, 58.78049850463867, 61.381404876708984, 59.30448532104492, 46.655906677246094, 41.682769775390625, 47.5721321105957, 61.42469024658203, 68.67235565185547, 70.03828430175781, 58.253684997558594, 57.04196548461914, 64.57384490966797, 67.37606811523438]}, "spi_01": {"px": ["2021-01", "2021-02", "2021-03", "2021-04", "2021-05", "2021-06", "2021-07", "2021-08", "2021-09", "2021-10", "2021-11", "2021-12"], "py": [1.3917772055398405, 0.8328286486315424, 2.0191772991166754, 1.0176379917688223, 0.6761763386625539, -0.8172279097332464, 1.9929398143083148, -0.5447161678674242, 0.5665476757994132, 1.6471473572041004, 0.7829026750807069, 0.06989323796807412], "pt": [3.772780904029852, 3.2484478969166384, 4.468923019216579, 3.5010412682444993, 3.192787070196628, 1.732157764215442, 4.574684390171146, 2.068986721800698, 3.211822810057063, 4.323622329323991, 3.490217953515508, 2.8077014411314813], "pb": [-0.9892264929501708, -1.5827905996535536, -0.43056842098322745, -1.4657652847068552, -1.8404343928715208, -3.3666135836819353, -0.588804761554516, -3.158419057535546, -2.0787274584582365, -1.0293276149157902, -1.924412603354094, -2.667914965195333], "x": ["2019-01", "2019-02", "2019-03", "2019-04", "2019-05", "2019-06", "2019-07", "2019-08", "2019-09", "2019-10", "2019-11", "2019-12", "2020-01", "2020-02", "2020-03", "2020-04", "2020-05", "2020-06", "2020-07", "2020-08", "2020-09", "2020-10", "2020-11", "2020-12"], "y": [-1.062661051750183, -0.8550418615341187, -0.9097191095352173, -2.1840360164642334, -1.1288708448410034, -0.6028995513916016, -0.06666190922260284, -1.5637218952178955, -0.8276339173316956, -0.001473796321079135, -0.48094257712364197, -0.9879269003868103, 0.14311107993125916, -0.3763640820980072, 0.5674394965171814, -0.12559162080287933, -0.3549256920814514, -1.3644506931304932, -1.8119078874588013, -1.6205216646194458, 1.8704707622528076, -1.3844685554504395, 2.052762269973755, 0.49931567907333374]}, "spi_03": {"px": [], "py": [], "pt": [], "pb": [], "x": ["2019-01", "2019-02", "2019-03", "2019-04", "2019-05", "2019-06", "2019-07", "2019-08", "2019-09", "2019-10", "2019-11", "2019-12", "2020-01", "2020-02", "2020-03", "2020-04", "2020-05", "2020-06", "2020-07"], "y": [-0.46681204438209534, -0.856704592704773, -1.4086580276489258, -1.654205560684204, -1.7848156690597534, -1.8010212182998657, -1.1889480352401733, -0.8521299362182617, -0.862506628036499, -0.8032603859901428, -0.6801975965499878, -1.1169241666793823, -0.493499755859375, -0.5331564545631409, 0.12325821816921234, 0.02490316890180111, 0.009620138444006443, -0.4885333478450775, -0.989996075630188]}, "spi_06": {"px": [], "py": [], "pt": [], "pb": [], "x": ["2019-01", "2019-02", "2019-03", "2019-04", "2019-05", "2019-06", "2019-07", "2019-08", "2019-09", "2019-10", "2019-11", "2019-12", "2020-01", "2020-02", "2020-03", "2020-04", "2020-05", "2020-06", "2020-07"], "y": [-0.612511396408081, -0.9933263659477234, -1.139103651046753, -1.542948842048645, -1.55763840675354, -1.8572864532470703, -1.7511776685714722, -1.8171497583389282, -1.9147001504898071, -1.3199853897094727, -1.0597466230392456, -1.3507674932479858, -0.6517165303230286, -0.7390459775924683, -0.24984873831272125, -0.2375883162021637, -0.24351347982883453, -0.22944295406341553, -0.35296112298965454]}, "spi_12": {"px": ["2021-01", "2021-02", "2021-03", "2021-04", "2021-05", "2021-06", "2021-07", "2021-08", "2021-09", "2021-10", "2021-11", "2021-12"], "py": [1.1991983911315502, 0.893874766003925, 1.9819990246244217, 3.202080920374269, 3.453278988047459, 2.9756331083354324, 2.6670081578364755, 2.7208165916906326, 2.6277170717671963, 2.574108568706241, 2.166284452411106, 0.43696429961236216], "pt": [2.4108381539175827, 2.377824347764811, 3.695516403483599, 5.117851588825099, 5.551900607239604, 5.242403530540727, 5.090287669867411, 5.291092654659941, 5.337025929449746, 5.415655670684535, 5.134183604876593, 3.526051677083169], "pb": [-0.012441371654482225, -0.5900748157569615, 0.26848164576524436, 1.2863102519234388, 1.3546573688553138, 0.7088626861301366, 0.24372864580553966, 0.1505405287213244, -0.08159178591535365, -0.2674385332720526, -0.801614700054381, -2.652123077858445], "x": ["2019-01", "2019-02", "2019-03", "2019-04", "2019-05", "2019-06", "2019-07", "2019-08", "2019-09", "2019-10", "2019-11", "2019-12", "2020-01", "2020-02", "2020-03", "2020-04", "2020-05", "2020-06", "2020-07", "2020-08", "2020-09", "2020-10", "2020-11", "2020-12"], "y": [-1.7074729204177856, -1.8982144594192505, -1.5906401872634888, -2.0094573497772217, -1.8680108785629272, -1.7188550233840942, -1.7034926414489746, -1.6909109354019165, -1.7005029916763306, -1.6544246673583984, -1.663097620010376, -2.0690417289733887, -1.6454252004623413, -1.687961220741272, -1.2294273376464844, -0.6861670613288879, -0.4758526086807251, -0.5174024105072021, -0.5743944048881531, -0.5591368675231934, -0.4430690109729767, -0.4775297939777374, -0.13222160935401917, 0.04848558455705643],