{"IIS3": {"px": [], "py": [], "pt": [], "pb": [], "x": ["2019-01", "2019-02", "2019-03", "2019-04", "2019-05", "2019-06", "2019-07", "2019-08", "2019-09", "2019-10", "2019-11", "2019-12", "2020-01", "2020-02", "2020-03", "2020-04", "2020-05", "2020-06", "2020-07", "2020-08", "2020-09", "2020-10", "2020-11", "2020-12"], "y": [NaN, NaN, NaN, NaN, NaN, NaN, NaN, NaN, NaN, NaN, NaN, NaN, NaN, NaN, NaN, NaN, NaN, NaN, NaN, NaN, NaN, NaN, NaN, NaN]}, "VHI": {"px": ["2021-01", "2021-02", "2021-03", "2021-04", "2021-05", "2021-06", "2021-07", "2021-08", "2021-09", "2021-10", "2021-11", "2021-12"], "py": [26.01319630316744, 31.78327737050457, 48.09419262254053, 56.55323311013703, 62.55699564415687, 50.29307500992758, 30.753737990025144, 66.93996860971252, 74.09933739367413, 52.808309206692414, 34.467189128945826, 28.016189743085988], "pt": [50.30898471281992, 57.706295509660805, 75.54816145109866, 85.45717642996557, 92.84157050384873, 81.8980273027044, 63.62607505974256, 101.0326082760912, 109.37008468399895, 89.2190651644362, 71.98332811486486, 66.6060617227546], "pb": [1.7174078935149595, 5.860259231348337, 20.6402237939824, 27.649289790308487, 32.27242078446501, 18.688122717150748, -2.118599079692274, 32.84732894333384, 38.82859010334931, 16.397553248948626, -3.048949856973209, -10.573682236582627], "x": ["2019-01", "2019-02", "2019-03", "2019-04", "2019-05", "2019-06", "2019-07", "2019-08", "2019-09", "2019-10", "2019-11", "2019-12", "2020-01", "2020-02", "2020-03", "2020-04", "2020-05", "2020-06", "2020-07", "2020-08", "2020-09", "2020-10", "2020-11", "2020-12"], "y": [28.429445266723633, 35.15666198730469, 47.87000274658203, 58.28466796875, 45.11805725097656, 36.17305374145508, 36.17305374145508, 76.55110931396484, 85.68244934082031, 63.03444290161133, 43.74472427368164, 37.98289108276367, 37.21555709838867, 44.02222442626953, 60.97777557373047, 67.71665954589844, 72.90249633789062, 58.67533493041992, 54.74833679199219, 55.10249710083008, 49.088218688964844, 36.99933624267578, 40.237220764160156, 29.45185089111328]}, "spi_01": {"px": ["2021-01", "2021-02", "2021-03", "2021-04", "2021-05", "2021-06", "2021-07", "2021-08", "2021-09", "2021-10", "2021-11", "2021-12"], "py": [-0.04107095327579113, 0.4036835189033332, 2.3828044822461676, 0.43793307474911236, 0.8698195986219721, 2.3268091888399143, 0.8383129702166938, 1.8459289631368447, 1.250101203102437, 0.6766190202387512, -1.295419380528735, -0.4008110604600099], "pt": [2.2048816607402095, 2.6496361329193343, 4.628757096262168, 2.6838856887651144, 3.1157722126379737, 4.572761802855917, 3.0842655842326963, 4.091881577152847, 3.4960538171184403, 2.922571634254755, 0.9505332334872683, 1.8451415535559939], "pb": [-2.287023567291792, -1.842269095112668, 0.13685186823016648, -1.8080195392668892, -1.3761330153940294, 0.08085657482391229, -1.4076396437993082, -0.40002365087915814, -0.9958514109135659, -1.5693335937772521, -3.5413719945447384, -2.6467636744760137], "x": ["2019-01", "2019-02", "2019-03", "2019-04", "2019-05", "2019-06", "2019-07", "2019-08", "2019-09", "2019-10", "2019-11", "2019-12", "2020-01", "2020-02", "2020-03", "2020-04", "2020-05", "2020-06", "2020-07", "2020-08", "2020-09", "2020-10", "2020-11", "2020-12"], "y": [-1.034102439880371, 0.2328958660364151, 1.5554207563400269, -0.5281355977058411, -0.7628552317619324, 0.14511676132678986, 0.1406112015247345, 0.9449508190155029, 0.4329892098903656, -0.02330276370048523, -1.5526543855667114, -0.7881453633308411, -0.3095107972621918, -0.03454216569662094, 1.4490176439285278, -0.1811619997024536, 0.20592771470546722, 1.4682819843292236, -0.32210904359817505, -1.1538199186325073, -0.042024724185466766, -0.4611843228340149, 0.23638693988323212, -0.8411845564842224]}, "spi_03": {"px": [], "py": [], "pt": [], "pb": [], "x": ["2019-01", "2019-02", "2019-03", "2019-04", "2019-05", "2019-06", "2019-07", "2019-08", "2019-09", "2019-10", "2019-11", "2019-12", "2020-01", "2020-02", "2020-03", "2020-04", "2020-05", "2020-06", "2020-07"], "y": [-0.5160068869590759, -0.38835451006889343, -0.13695822656154633, 0.5456805229187012, 0.0357973612844944, -0.7592177391052246, -0.40430280566215515, 0.3183475434780121, 0.45536312460899353, 0.6673805117607117, -0.04882843419909477, -1.1752784252166748, -0.8423562049865723, -0.6488485932350159, 0.4810087978839874, 0.5756203532218933, 0.5544595122337341, 0.9207536578178406, 0.8613319993019104]}, "spi_06": {"px": [], "py": [], "pt": [], "pb": [], "x": ["2019-01", "2019-02", "2019-03", "2019-04", "2019-05", "2019-06", "2019-07", "2019-08", "2019-09", "2019-10", "2019-11", "2019-12", "2020-01", "2020-02", "2020-03", "2020-04", "2020-05", "2020-06", "2020-07"], "y": [-1.5715512037277222, -0.7399085164070129, -0.21589268743991852, 0.03643930330872536, -0.26843467354774475, -0.29409730434417725, -0.06949348002672195, 0.1510651856660843, -0.28762349486351013, -0.0864286869764328, 0.22601395845413208, 0.14045841991901398, -0.11655980348587036, -0.6479895710945129, 0.14394481480121613, -0.036137063056230545, 0.05721818283200264, 0.825024425983429, 0.8711157441139221]}, "spi_12": {"px": ["2021-01", "2021-02", "2021-03", "2021-04", "2021-05", "2021-06", "2021-07", "2021-08", "2021-09", "2021-10", "2021-11", "2021-12"], "py": [0.3261939184183045, 0.21520482496043547, 0.15338411070876523, 0.1937621340480411, 0.4810949968512097, 1.1299015241924746, 0.20366974450432984, 0.9917943258536677, 1.1805330089166537, 1.1243015105185479, 0.9153812539114958, 0.5624436466849407], "pt": [1.4723937653660792, 1.6138286775411865, 1.7653776816861875, 1.994011523643067, 2.451697051199572, 3.257258346276327, 2.4769980622647507, 3.4022706754983068, 3.7207634756382983, 3.7879729271774396, 3.697021059456115, 3.4572484068812184], "pb": [-0.8200059285294701, -1.1834190276203156, -1.4586094602686575, -1.6064872555469847, -1.489507057497152, -0.9974552978913773, -2.069658573256091, -1.4186820237909714, -1.3596974578049914, -1.5393699061403439, -1.8662585516331234, -2.3323611135113365], "x": ["2019-01", "2019-02", "2019-03", "2019-04", "2019-05", "2019-06", "2019-07", "2019-08", "2019-09", "2019-10", "2019-11", "2019-12", "2020-01", "2020-02", "2020-03", "2020-04", "2020-05", "2020-06", "2020-07", "2020-08", "2020-09", "2020-10", "2020-11", "2020-12"], "y": [-0.11792980134487152, -0.2400856465101242, -0.5475629568099976, -1.4211399555206299, -1.4890499114990234, -1.1491317749023438, -0.769985020160675, -0.2807040810585022, -0.15738734602928162, -0.13155098259449005, -0.15378250181674957, -0.2715480327606201, -0.12534287571907043, -0.16028429567813873, -0.1945057213306427, -0.14852337539196014, 0.11458314210176468, 0.70669025182724, 0.622214674949646, 0.30477374792099, 0.2524881958961487, 0.24091579020023346, 0.26896610856056213, 0.26888713240623474],