{"IIS3": {"px": [], "py": [], "pt": [], "pb": [], "x": ["2019-01", "2019-02", "2019-03", "2019-04", "2019-05", "2019-06", "2019-07", "2019-08", "2019-09", "2019-10", "2019-11", "2019-12", "2020-01", "2020-02", "2020-03", "2020-04", "2020-05", "2020-06", "2020-07", "2020-08", "2020-09", "2020-10", "2020-11", "2020-12"], "y": [NaN, NaN, NaN, NaN, NaN, NaN, NaN, NaN, NaN, NaN, NaN, NaN, NaN, NaN, NaN, NaN, NaN, NaN, NaN, NaN, NaN, NaN, NaN, NaN]}, "VHI": {"px": ["2021-01", "2021-02", "2021-03", "2021-04", "2021-05", "2021-06", "2021-07", "2021-08", "2021-09", "2021-10", "2021-11", "2021-12"], "py": [69.5218283182491, 70.43711550366865, 78.89569694799141, 70.83506296408035, 65.6793636749432, 74.13584542991326, 66.97678438726305, 69.35706029567416, 58.33973509799907, 61.810860910490135, 58.31469695474428, 62.32326268970036], "pt": [89.95225525434375, 95.45917605148043, 107.78868369781733, 103.13840416267578, 101.0659009717759, 112.35767415549086, 107.83763802977333, 112.69654033018662, 104.02355826254126, 109.72445885717349, 108.35881786283574, 114.41083516846857], "pb": [49.09140138215446, 45.41505495585686, 50.00271019816549, 38.5317217654849, 30.292826378110504, 35.914016704335666, 26.115930744752774, 26.017580261161697, 12.655911933456885, 13.897262963806789, 8.270576046652828, 10.235690210932134], "x": ["2019-01", "2019-02", "2019-03", "2019-04", "2019-05", "2019-06", "2019-07", "2019-08", "2019-09", "2019-10", "2019-11", "2019-12", "2020-01", "2020-02", "2020-03", "2020-04", "2020-05", "2020-06", "2020-07", "2020-08", "2020-09", "2020-10", "2020-11", "2020-12"], "y": [49.395790100097656, 53.00315475463867, 56.10104751586914, 54.7821044921875, 44.61933517456055, 44.14091873168945, 44.14091873168945, 46.00410461425781, 37.58357620239258, 40.56920623779297, 38.058189392089844, 42.0097770690918, 54.18165969848633, 57.20096969604492, 66.69210815429688, 59.99916458129883, 55.1757926940918, 63.2156867980957, 73.66999816894531, 78.30828857421875, 60.04862976074219, 40.834739685058594, 43.788421630859375, 56.615787506103516]}, "spi_01": {"px": [], "py": [], "pt": [], "pb": [], "x": ["2019-01", "2019-02", "2019-03", "2019-04", "2019-05", "2019-06", "2019-07", "2019-08", "2019-09", "2019-10", "2019-11", "2019-12", "2020-01", "2020-02", "2020-03", "2020-04", "2020-05", "2020-06", "2020-07", "2020-08", "2020-09", "2020-10", "2020-11", "2020-12"], "y": [NaN, NaN, NaN, NaN, NaN, NaN, NaN, NaN, NaN, NaN, NaN, NaN, NaN, NaN, NaN, NaN, NaN, NaN, NaN, NaN, NaN, NaN, NaN, NaN]}, "spi_03": {"px": [], "py": [], "pt": [], "pb": [], "x": ["2019-01", "2019-02", "2019-03", "2019-04", "2019-05", "2019-06", "2019-07", "2019-08", "2019-09", "2019-10", "2019-11", "2019-12", "2020-01", "2020-02", "2020-03", "2020-04", "2020-05", "2020-06", "2020-07"], "y": [NaN, NaN, NaN, NaN, NaN, NaN, NaN, NaN, NaN, NaN, NaN, NaN, NaN, NaN, NaN, NaN, NaN, NaN, NaN]}, "spi_06": {"px": [], "py": [], "pt": [], "pb": [], "x": ["2019-01", "2019-02", "2019-03", "2019-04", "2019-05", "2019-06", "2019-07", "2019-08", "2019-09", "2019-10", "2019-11", "2019-12", "2020-01", "2020-02", "2020-03", "2020-04", "2020-05", "2020-06", "2020-07"], "y": [NaN, NaN, NaN, NaN, NaN, NaN, NaN, NaN, NaN, NaN, NaN, NaN, NaN, NaN, NaN, NaN, NaN, NaN, NaN]}, "spi_12": {"px": [], "py": [], "pt": [], "pb": [], "x": ["2019-01", "2019-02", "2019-03", "2019-04", "2019-05", "2019-06", "2019-07", "2019-08", "2019-09", "2019-10", "2019-11", "2019-12", "2020-01", "2020-02", "2020-03", "2020-04", "2020-05", "2020-06", "2020-07", "2020-08", "2020-09", "2020-10", "2020-11", "2020-12"], "y": [NaN, NaN, NaN, NaN, NaN, NaN, NaN, NaN, NaN, NaN, NaN, NaN, NaN, NaN, NaN, NaN, NaN, NaN, NaN, NaN, NaN, NaN, NaN, NaN], "geox": [-43.17004700724238, -43.16348494577614, -43.156935887681115, -43.15305285955253, -43.150305835741094, -43.14481778362932, -43.13020665520793, -43.128789639488446, -43.12652061848667, -43.123151594421856, -43.121682581836566, -43.11696153550412, -43.11629652747868, -43.116434520413605, -43.11479750270687, -43.1122624794589, -43.10951346034348, -43.10818244903792, -43.10629143019111, -43.10193139074758, -43.10134638182029, -43.10221138072494, -43.10510639904362, -43.10632239930086, -43.10615738933913, -43.10399736502681, -43.104927367489836, -43.10271934469174, -43.102046332587335, -43.10423834501745, -43.104523335207745, -43.105740339073186, -43.11082037986714, -43.11279139293206, -43.11107237525723, -43.11074436682196, -43.110908360831104, -43.11390638263475, -43.11285936679158, -43.11067734540872, -43.105265298237335, -43.10133225825189, -43.09890623579688, -43.097015213614334, -43.093491181561006, -43.092819169163455, -43.0899861411138, -43.08837810165709, -43.08685208654032, -43.083650060403244, -43.08243604206629, -43.08015201724517, -43.07384996540223, -43.07170595568338, -43.07262297847646, -43.069962959286244, -43.06745793783131, -43.064734908731594, -43.06270788999319, -43.06038187059788, -43.059568865526046, -43.0576858486201, -43.052153785951774, -43.05026776705677, -43.04879275841775, -43.0480947643372, -43.04628975169944, -43.04262172033427, -43.04018470290065, -43.03868269633394, -43.03671468035945, -43.033349657895805, -43.032345648024226, -43.03173763592554, -43.03093062729917, -43.02512257499909, -43.02279354717164, -43.02164853703276, -43.01873551400917, -43.017879505363624, -43.01599247698212, -43.015072467337184, -43.01299144940007, -43.009628423253496, -43.00554639525568, -43.00359237062424, -43.00045733795001, -42.99746030375619, -42.9904542405188, -42.984203172079255, -42.97526909711678, -42.973792096610005, -42.97254709012018, -42.970676076484914, -42.963155005242626, -42.9586509600425, -42.956241935071276, -42.953985907082576, -42.950674878355635, -42.94754184869159, -42.942626812802814, -42.94157381058199, -42.94065080380011, -42.93629276358264, -42.93212673031589, -42.93135172200969, -42.9326277239455, -42.9320367144821, -42.92812667399256, -42.926621653861304, -42.92490163658978, -42.91954059214983, -42.91732057615521, -42.91501756293466, -42.91370856153139, -42.91218355106469, -42.90799251413311, -42.90765750895064, -42.90579349084249, -42.90537948040463, -42.90435047115065, -42.90162445536399, -42.89878643506669, -42.89654441635483, -42.89157336610938, -42.88851732679319, -42.882071266735366, -42.87790322820318, -42.87601321484262, -42.87345419385107, -42.87514921380888, -42.87690322719846, -42.87904224598093, -42.87859824693071, -42.879043253367534, -42.88006726248698, -42.87990926551692, -42.881016274661604, -42.88073927482549, -42.882566291799364, -42.88060328224351, -42.88279430385141, -42.88279530792096, -42.884684325351614, -42.885002330541255, -42.883491333075874, -42.884896348276555, -42.884907350467635, -42.8865723671616, -42.88770637670398, -42.88823438302607, -42.893515430380816, -42.894241435099104, -42.89398743043827, -42.89254641483898, -42.89390842222434, -42.89387541943336, -42.894743425005885, -42.89648244098155, -42.89804045102771, -42.90107347633183, -42.90073547980952, -42.902953505140665, -42.902594509191516, -42.903513518358416, -42.906791545297075, -42.90820556000783, -42.91101558000995, -42.916210626895314, -42.9190746488273, -42.919928657393406, -42.920062661275175, -42.919461662727656, -42.91911466257553, -42.920232675208744, -42.91885166914502, -42.92011968336, -42.92035168997439, -42.92106569768309, -42.92231670807242, -42.92273571914746, -42.92423573528994, -42.92390273935028, -42.92295573180781, -42.923764743316454, -42.922604740384465, -42.92434675828669, -42.92640077513319, -42.92684278108859, -42.92499076738346, -42.92426876801109, -42.92492977847573, -42.92421277431539, -42.92534778537774, -42.92512578876236, -42.92682181016609, -42.92946383496, -42.93203486715905, -42.93323487122817, -42.93551189139378, -42.935990893674386, -42.937041903016556, -42.937324907603255, -42.939400925363955, -42.9387399244719, -42.9405739426377, -42.94142895366349, -42.94252096105387, -42.94384597241232, -42.945256987635325, -42.94909502237581, -42.949904028220935, 