{"IIS3": {"px": [], "py": [], "pt": [], "pb": [], "x": ["2019-01", "2019-02", "2019-03", "2019-04", "2019-05", "2019-06", "2019-07", "2019-08", "2019-09", "2019-10", "2019-11", "2019-12", "2020-01", "2020-02", "2020-03", "2020-04", "2020-05", "2020-06", "2020-07", "2020-08", "2020-09", "2020-10", "2020-11", "2020-12"], "y": [NaN, NaN, NaN, NaN, NaN, NaN, NaN, NaN, NaN, NaN, NaN, NaN, NaN, NaN, NaN, NaN, NaN, NaN, NaN, NaN, NaN, NaN, NaN, NaN]}, "VHI": {"px": ["2021-01", "2021-02", "2021-03", "2021-04", "2021-05", "2021-06", "2021-07", "2021-08", "2021-09", "2021-10", "2021-11", "2021-12"], "py": [85.86472396524837, 116.30639161542084, 130.75708004690094, 126.79476472940192, 130.07815097416895, 108.85961658998315, 96.0696841278814, 79.52278200634998, 63.445070189743845, 64.63030562615134, 69.01748925036217, 61.8908119683463], "pt": [114.81922219659054, 148.10717579919105, 165.16953101419858, 163.63419589290655, 169.1942677973472, 150.1270068902973, 139.38162715832505, 124.78702082626529, 110.58081270877352, 113.56603009911888, 119.68929636801022, 114.2411600420894], "pb": [56.91022573390619, 84.5056074316506, 96.3446290796033, 89.95533356589729, 90.96203415099069, 67.592226289669, 52.75774109743776, 34.25854318643467, 16.309327670714183, 15.694581153183798, 18.34568213271413, 9.540463894603178], "x": ["2019-01", "2019-02", "2019-03", "2019-04", "2019-05", "2019-06", "2019-07", "2019-08", "2019-09", "2019-10", "2019-11", "2019-12", "2020-01", "2020-02", "2020-03", "2020-04", "2020-05", "2020-06", "2020-07", "2020-08", "2020-09", "2020-10", "2020-11", "2020-12"], "y": [32.6130256652832, 33.10346603393555, 58.3712043762207, 59.97105026245117, 55.92731857299805, 34.71548080444336, 34.71548080444336, 27.588558197021484, 20.539806365966797, 21.365503311157227, 23.914512634277344, 21.176902770996094, 40.59844970703125, 59.63468933105469, 70.3339614868164, 68.53790283203125, 71.7536392211914, 61.56568145751953, 48.22868347167969, 56.89396667480469, 45.77254104614258, 22.39750862121582, 60.77798080444336, 62.26652145385742]}, "spi_01": {"px": ["2021-01", "2021-02", "2021-03", "2021-04", "2021-05", "2021-06", "2021-07", "2021-08", "2021-09", "2021-10", "2021-11", "2021-12"], "py": [2.505254641484804, 1.3980580243881384, 2.312483281245684, 3.1286047563704518, 1.1581707858745873, 3.8927136729366065, 3.2195792792859326, 2.0447313627366643, 2.1435277363085623, 2.518135009719903, -0.6475206730119885, -0.478496329556799], "pt": [6.500464259421179, 5.393267642324515, 6.30769289918206, 7.1238143743068285, 5.1533804038109645, 7.887923290872983, 7.214788897222309, 6.039940980673043, 6.138737354244942, 6.5133446276562825, 3.347688944924391, 3.516713288379581], "pb": [-1.4899549764515716, -2.597151593548238, -1.6827263366906924, -0.8666048615659254, -2.83703883206179, -0.1024959449997711, -0.7756303386504451, -1.9504782551997142, -1.8516818816278162, -1.4770746082164763, -4.642730290948368, -4.47370594749318], "x": ["2019-01", "2019-02", "2019-03", "2019-04", "2019-05", "2019-06", "2019-07", "2019-08", "2019-09", "2019-10", "2019-11", "2019-12", "2020-01", "2020-02", "2020-03", "2020-04", "2020-05", "2020-06", "2020-07", "2020-08", "2020-09", "2020-10", "2020-11", "2020-12"], "y": [-0.6510044932365417, 0.43599024415016174, -0.4431637227535248, 0.48715344071388245, 0.8620943427085876, 0.21656186878681183, 0.30036917328834534, -0.31732264161109924, -0.2925598919391632, -0.08862008899450302, -1.7130836248397827, -1.636153221130371, 0.2928997576236725, -0.27239564061164856, 0.300799697637558, 0.7791908383369446, -0.2711106240749359, 1.644284725189209, 1.6766787767410278, 1.1407049894332886, -0.34875568747520447, 0.49980029463768005, 2.4698212146759033, -1.749609351158142]}, "spi_03": {"px": [], "py": [], "pt": [], "pb": [], "x": ["2019-01", "2019-02", "2019-03", "2019-04", "2019-05", "2019-06", "2019-07", "2019-08", "2019-09", "2019-10", "2019-11", "2019-12", "2020-01", "2020-02", "2020-03", "2020-04", "2020-05", "2020-06", "2020-07"], "y": [-0.7128705382347107, -0.15066926181316376, -0.7479405403137207, 0.041739705950021744, 0.042916908860206604, 0.5619736909866333, 0.7833821177482605, 0.012673177756369114, -0.6291710734367371, -0.2951127588748932, -1.996087670326233, -2.3980705738067627, -1.070834755897522, -0.9214696884155273, -0.14717091619968414, 0.1893821358680725, 0.4669014513492584, 0.6815183758735657, 0.38454774022102356]}, "spi_06": {"px": [], "py": [], "pt": [], "pb": [], "x": ["2019-01", "2019-02", "2019-03", "2019-04", "2019-05", "2019-06", "2019-07", "2019-08", "2019-09", "2019-10", "2019-11", "2019-12", "2020-01", "2020-02", "2020-03", "2020-04", "2020-05", "2020-06", "2020-07"], "y": [-0.5027422904968262, -0.32260382175445557, -0.5755937099456787, -0.6008338332176208, -0.20484034717082977, -0.474688857793808, 0.1305670142173767, 0.032196491956710815, 0.4990903437137604, 0.10357639938592911, -2.0145576000213623, -2.3998639583587646, -1.2321213483810425, -1.4229532480239868, -1.1234498023986816, -0.6779643893241882, -0.3840257227420807, 0.09116432815790176, 0.1955292969942093]}, "spi_12": {"px": ["2021-01", "2021-02", "2021-03", "2021-04", "2021-05", "2021-06", "2021-07", "2021-08", "2021-09", "2021-10", "2021-11", "2021-12"], "py": [1.6757398211442092, 1.1236721479335152, 1.644712084283185, 1.9050908876980532, 1.380194016152681, 1.281220717924501, 1.870861106991141, 2.1085580957598697, 2.2159541894659815, 1.7910198422222878, 1.8671460195992529, 0.47418836705649614], "pt": [2.9056699866911835, 2.6300228066159166, 3.38409599869179, 3.8497812220428047, 3.5104955420603154, 3.5822093502464636, 4.330721424339545, 4.717633961973018, 4.966161630814067, 4.675461740620813, 4.879847325740867, 3.6099073045280736], "pb": [0.4458096555972353, -0.38267851074888637, -0.09467183012541991, -0.03959944664669823, -0.7501075097549541, -1.0197679143974612, -0.5889992103572639, -0.5005177704532788, -0.5342532518821046, -1.093422056176237, -1.1455552865423608, -2.661530570415082], "x": ["2019-01", "2019-02", "2019-03", "2019-04", "2019-05", "2019-06", "2019-07", "2019-08", "2019-09", "2019-10", "2019-11", "2019-12", "2020-01", "2020-02", "2020-03", "2020-04", "2020-05", "2020-06", "2020-07", "2020-08", "2020-09", "2020-10", "2020-11", "2020-12"], "y": [0.4684920310974121, 0.12379137426614761, -0.7557952404022217, -0.565361738204956, -0.3845827877521515, -0.37944015860557556, -0.37564948201179504, -0.37384286522865295, -0.37971124053001404, -0.5562213063240051, -0.5508206486701965, -1.1238322257995605, -0.6940086483955383, -0.9282895922660828, -0.7666462063789368, -0.6900763511657715, -0.8370904922485352, -0.7742747664451599, -0.7541608214378357, -0.7454404830932617, -0.743211567401886, -0.5852665901184082, 0.5173830986022949, 0.47546133399009705],