{"IIS3": {"px": [], "py": [], "pt": [], "pb": [], "x": ["2019-01", "2019-02", "2019-03", "2019-04", "2019-05", "2019-06", "2019-07", "2019-08", "2019-09", "2019-10", "2019-11", "2019-12", "2020-01", "2020-02", "2020-03", "2020-04", "2020-05", "2020-06", "2020-07", "2020-08", "2020-09", "2020-10", "2020-11", "2020-12"], "y": [NaN, NaN, NaN, NaN, NaN, NaN, NaN, NaN, NaN, NaN, NaN, NaN, NaN, NaN, NaN, NaN, NaN, NaN, NaN, NaN, NaN, NaN, NaN, NaN]}, "VHI": {"px": ["2021-01", "2021-02", "2021-03", "2021-04", "2021-05", "2021-06", "2021-07", "2021-08", "2021-09", "2021-10", "2021-11", "2021-12"], "py": [45.66059465550241, 45.632006850819465, 56.475167881053096, 67.1678376766561, 67.72586855326011, 62.618134002375484, 63.15844910106401, 67.15228624650695, 72.54516162849818, 63.30296321791192, 49.13216885973068, 47.134808337674414], "pt": [58.941396160777145, 58.9128083560942, 69.75596938632783, 80.44863918193084, 81.00667005853485, 75.89893550765022, 76.43925060633875, 80.43308775178168, 85.82596313377292, 76.58376472318668, 62.412970365005435, 60.415609842949166], "pb": [32.37979315022767, 32.35120534554473, 43.19436637577836, 53.88703617138137, 54.445067047985376, 49.337332497100746, 49.87764759578927, 53.87148474123221, 59.26436012322344, 50.02216171263717, 35.85136735445593, 33.85400683239966], "x": ["2019-01", "2019-02", "2019-03", "2019-04", "2019-05", "2019-06", "2019-07", "2019-08", "2019-09", "2019-10", "2019-11", "2019-12", "2020-01", "2020-02", "2020-03", "2020-04", "2020-05", "2020-06", "2020-07", "2020-08", "2020-09", "2020-10", "2020-11", "2020-12"], "y": [52.62263488769531, 38.477535247802734, 45.5676383972168, 52.100032806396484, 64.28482818603516, 60.81721878051758, 60.81721878051758, 64.81781005859375, 71.07594299316406, 63.14603805541992, 49.65064239501953, 47.7595100402832, 47.136314392089844, 47.56364822387695, 58.48115158081055, 67.7948989868164, 67.36527252197266, 62.42508316040039, 66.30079650878906, 73.3429183959961, 59.89811325073242, 40.78452682495117, 51.92805480957031, 50.404720306396484]}, "spi_01": {"px": ["2021-01", "2021-02", "2021-03", "2021-04", "2021-05", "2021-06", "2021-07", "2021-08", "2021-09", "2021-10", "2021-11", "2021-12"], "py": [1.1727992919626709, -0.3166258552604657, 2.9325822633388414, 3.097156862350377, 1.7174679018980488, 1.1613689022395777, 1.1011659133325917, 4.93572343091282, 1.587942449329109, 1.11195678690044, -1.0561703796273092, 0.328292645292108], "pt": [4.101993899129108, 2.6125687519059717, 5.861776870505279, 6.026351469516815, 4.6466625090644875, 4.090563509406017, 4.0303605204990305, 7.86491803807926, 4.5171370564955495, 4.041151394066881, 1.8730242275391316, 3.2574872524585494], "pb": [-1.7563953152037666, -3.2458204624269036, 0.0033876561724035525, 0.16796225518393815, -1.21172670526839, -1.7678257049268615, -1.8280286938338475, 2.0065288237463808, -1.341252157837331, -1.8172378202660004, -3.9853649867937495, -2.6009019618743334], "x": ["2019-01", "2019-02", "2019-03", "2019-04", "2019-05", "2019-06", "2019-07", "2019-08", "2019-09", "2019-10", "2019-11", "2019-12", "2020-01", "2020-02", "2020-03", "2020-04", "2020-05", "2020-06", "2020-07", "2020-08", "2020-09", "2020-10", "2020-11", "2020-12"], "y": [-1.1692992448806763, -1.1851485967636108, 0.31550997495651245, 0.16457219421863556, 0.21473228931427002, 0.5929835438728333, -0.10522545874118805, 2.534670829772949, 0.30833157896995544, 0.04714139923453331, -1.460631012916565, -0.49539169669151306, 0.3577812612056732, -0.8567156195640564, 1.3559566736221313, 1.3908356428146362, 0.5367201566696167, 0.17811466753482819, -0.20927946269512177, 0.9097862839698792, -0.9653592705726624, 0.6277680993080139, 0.7269030809402466, -1.0682616233825684]}, "spi_03": {"px": [], "py": [], "pt": [], "pb": [], "x": ["2019-01", "2019-02", "2019-03", "2019-04", "2019-05", "2019-06", "2019-07", "2019-08", "2019-09", "2019-10", "2019-11", "2019-12", "2020-01", "2020-02", "2020-03", "2020-04", "2020-05", "2020-06", "2020-07"], "y": [0.39047372341156006, 0.1386021375656128, -1.2076438665390015, -0.36051443219184875, 0.1830649971961975, 0.3860728144645691, 0.23011811077594757, 1.2604035139083862, 1.294278860092163, 1.3047337532043457, -1.0339075326919556, -1.2198466062545776, -1.176076889038086, -0.8372929096221924, 0.5752710700035095, 1.057447075843811, 1.8786462545394897, 1.2341784238815308, 0.06677421182394028]}, "spi_06": {"px": [], "py": [], "pt": [], "pb": [], "x": ["2019-01", "2019-02", "2019-03", "2019-04", "2019-05", "2019-06", "2019-07", "2019-08", "2019-09", "2019-10", "2019-11", "2019-12", "2020-01", "2020-02", "2020-03", "2020-04", "2020-05", "2020-06", "2020-07"], "y": [0.2805343568325043, -0.004222206771373749, 0.17446066439151764, 0.02900017239153385, 0.11492712050676346, -0.8337445259094238, -0.29856279492378235, 1.0516072511672974, 1.0843462944030762, 0.9114004969596863, 0.25801539421081543, -0.22901605069637299, -0.29104316234588623, -1.4068597555160522, -0.7428449392318726, -0.15858374536037445, 0.6155054569244385, 1.21359121799469, 0.9246367812156677]}, "spi_12": {"px": ["2021-01", "2021-02", "2021-03", "2021-04", "2021-05", "2021-06", "2021-07", "2021-08", "2021-09", "2021-10", "2021-11", "2021-12"], "py": [0.9871388717475362, 1.1510242602472425, 1.9804544987580859, 2.8440059002388125, 3.0891453803700264, 2.660915943956522, 1.756816845811131, 3.1665637950848513, 3.362381648037414, 3.012116744437817, 2.2571868031237736, 0.45031382356793337], "pt": [2.5168399363990632, 3.0245177892885815, 4.1437784827058275, 5.262675641168171, 5.738665331578367, 5.522724572781099, 4.8162189580184425, 6.411549764290623, 6.782897193464166, 6.599583713298971, 6.004173847247838, 4.350301588291991], "pb": [-0.5425621929039905, -0.7224692687940968, -0.18286948518965573, 0.4253361593094547, 0.4396254291616861, -0.20089268486805478, -1.3025852663961808, -0.07842217412092012, -0.05813389738933861, -0.5753502244233366, -1.4898002410002902, -3.4496739411561244], "x": ["2019-01", "2019-02", "2019-03", "2019-04", "2019-05", "2019-06", "2019-07", "2019-08", "2019-09", "2019-10", "2019-11", "2019-12", "2020-01", "2020-02", "2020-03", "2020-04", "2020-05", "2020-06", "2020-07", "2020-08", "2020-09", "2020-10", "2020-11", "2020-12"], "y": [0.725895881652832, -0.02629701979458332, 0.1379135251045227, 0.09214301407337189, -0.06116126850247383, -0.026775935664772987, -0.01180968340486288, 0.589641809463501, 0.6618316769599915, 0.5126404762268066, 0.20147305727005005, -0.6270054578781128, -0.34759750962257385, -0.2777024507522583, 0.05973932147026062, 0.38639119267463684, 0.48571717739105225, 0.36568787693977356, 0.34707486629486084, -0.10210221260786057, -0.2579943537712097, -0.10038070380687714, 0.603122353553772, 0.4525805711746216],