{"IIS3": {"px": [], "py": [], "pt": [], "pb": [], "x": ["2019-01", "2019-02", "2019-03", "2019-04", "2019-05", "2019-06", "2019-07", "2019-08", "2019-09", "2019-10", "2019-11", "2019-12", "2020-01", "2020-02", "2020-03", "2020-04", "2020-05", "2020-06", "2020-07", "2020-08", "2020-09", "2020-10", "2020-11", "2020-12"], "y": [NaN, NaN, NaN, NaN, NaN, NaN, NaN, NaN, NaN, NaN, NaN, NaN, NaN, NaN, NaN, NaN, NaN, NaN, NaN, NaN, NaN, NaN, NaN, NaN]}, "VHI": {"px": ["2021-01", "2021-02", "2021-03", "2021-04", "2021-05", "2021-06", "2021-07", "2021-08", "2021-09", "2021-10", "2021-11", "2021-12"], "py": [89.39130838909699, 97.70041194697174, 98.45498245721593, 108.067340925336, 116.9640428716398, 109.44655520055682, 95.21890699730106, 73.02446494100731, 69.61959053616741, 61.04637529404074, 64.24614107995316, 59.255421206835194], "pt": [110.3007730002943, 121.01342687247958, 123.94591456075014, 135.56422391408637, 146.3301718076618, 140.56986613106528, 128.00535904486404, 107.39367197953507, 105.5018054489515, 98.38033170957837, 102.9774624649421, 99.33541884677203], "pb": [68.48184377789968, 74.3873970214639, 72.96405035368173, 80.57045793658563, 87.59791393561781, 78.32324427004835, 62.43245494973809, 38.655257902479555, 33.73737562338332, 23.712418878503108, 25.51481969496421, 19.175423566898367], "x": ["2019-01", "2019-02", "2019-03", "2019-04", "2019-05", "2019-06", "2019-07", "2019-08", "2019-09", "2019-10", "2019-11", "2019-12", "2020-01", "2020-02", "2020-03", "2020-04", "2020-05", "2020-06", "2020-07", "2020-08", "2020-09", "2020-10", "2020-11", "2020-12"], "y": [41.966983795166016, 35.17134475708008, 43.53000259399414, 52.18112564086914, 52.81012725830078, 38.71647262573242, 38.71647262573242, 27.600000381469727, 26.537384033203125, 22.367435455322266, 24.701887130737305, 23.047948837280273, 48.236473083496094, 55.16877746582031, 57.534767150878906, 64.67371368408203, 71.96109008789062, 69.25276947021484, 55.70256042480469, 60.71782302856445, 48.67963790893555, 30.62824249267578, 57.02804946899414, 54.88751983642578]}, "spi_01": {"px": ["2021-01", "2021-02", "2021-03", "2021-04", "2021-05", "2021-06", "2021-07", "2021-08", "2021-09", "2021-10", "2021-11", "2021-12"], "py": [2.0681950381825533, 1.1658248572224794, 1.8752246679655382, 2.263426692188462, 1.597183487177868, 3.6474738752775178, 4.536956802677122, 2.6959853626050236, 1.9289425172078678, 1.4734248860097807, -0.6950084030672143, -1.0576083614559915], "pt": [4.57145607912082, 3.7280643755600593, 4.495115287740008, 4.939726819198459, 4.32872844929824, 6.433168293252441, 7.375767980016699, 5.586937525965665, 4.871111771532139, 4.465934774271221, 2.3470091743958026, 2.033123987332144], "pb": [-0.4350660027557125, -1.3964146611151005, -0.744665951808932, -0.41287343482153416, -1.1343614749425042, 0.8617794573025948, 1.6981456253375455, -0.1949668007556178, -1.0132267371164025, -1.5190850022516598, -3.7370259805302313, -4.148340710244127], "x": ["2019-01", "2019-02", "2019-03", "2019-04", "2019-05", "2019-06", "2019-07", "2019-08", "2019-09", "2019-10", "2019-11", "2019-12", "2020-01", "2020-02", "2020-03", "2020-04", "2020-05", "2020-06", "2020-07", "2020-08", "2020-09", "2020-10", "2020-11", "2020-12"], "y": [-0.8550406694412231, -0.029506437480449677, -0.11864639073610306, -0.02934691496193409, 0.5862270593643188, -0.5536236763000488, 1.3198622465133667, 0.3097822666168213, -0.14135897159576416, -0.3862553834915161, -1.6211785078048706, -1.8058593273162842, 0.3953474760055542, -0.20193511247634888, 0.24673917889595032, 0.49564802646636963, 0.17192527651786804, 1.689333438873291, 1.3278948068618774, 0.8648831844329834, -0.3845386505126953, 0.4476786255836487, 0.9309635758399963, -1.4391911029815674]}, "spi_03": {"px": [], "py": [], "pt": [], "pb": [], "x": ["2019-01", "2019-02", "2019-03", "2019-04", "2019-05", "2019-06", "2019-07", "2019-08", "2019-09", "2019-10", "2019-11", "2019-12", "2020-01", "2020-02", "2020-03", "2020-04", "2020-05", "2020-06", "2020-07"], "y": [-1.2377233505249023, -0.9004595279693604, -0.8907966613769531, -0.3439065217971802, -0.10810305923223495, 0.04113692045211792, 0.5181851387023926, -0.09738755226135254, -0.13158586621284485, -0.5835349559783936, -2.338165760040283, -2.567521333694458, -0.9227237701416016, -0.6610822081565857, -0.011526539921760559, 0.009764901362359524, 0.29127490520477295, 0.48530125617980957, 0.5277422070503235]}, "spi_06": {"px": [], "py": [], "pt": [], "pb": [], "x": ["2019-01", "2019-02", "2019-03", "2019-04", "2019-05", "2019-06", "2019-07", "2019-08", "2019-09", "2019-10", "2019-11", "2019-12", "2020-01", "2020-02", "2020-03", "2020-04", "2020-05", "2020-06", "2020-07"], "y": [-0.9369617700576782, -0.9212791919708252, -1.0211658477783203, -1.1583242416381836, -0.8566503524780273, -0.8411091566085815, -0.2819521427154541, -0.11454160511493683, -0.023969821631908417, -0.20168764889240265, -2.3444881439208984, -2.547783374786377, -1.1498193740844727, -1.1817148923873901, -1.03275465965271, -0.6858241558074951, -0.3879878520965576, 0.09262572228908539, 0.050376053899526596]}, "spi_12": {"px": ["2021-01", "2021-02", "2021-03", "2021-04", "2021-05", "2021-06", "2021-07", "2021-08", "2021-09", "2021-10", "2021-11", "2021-12"], "py": [1.4216611597555162, 1.4146316738936315, 1.2931671918580219, 1.603854303081702, 1.2819900351848639, 1.1902928754035003, 1.3848144414242012, 1.5642182814471708, 1.5649410418432765, 1.0488476472787691, 0.8478036517492331, 0.0739478381442793], "pt": [2.2650301421979036, 2.447543507265424, 2.4858710404696733, 2.937337743348815, 2.7427479550470784, 2.768091758472491, 3.0715523968835914, 3.353274050662008, 3.4507714054588536, 3.0267232185187876, 2.9136273107970236, 2.2241252739051447], "pb": [0.5782921773131293, 0.3817198405218396, 0.1004633432463704, 0.27037086281458933, -0.1787678846773506, -0.3875060076654906, -0.301923514035189, -0.2248374877676662, -0.320889321772301, -0.9290279239612498, -1.218020007298557, -2.0762295976165857], "x": ["2019-01", "2019-02", "2019-03", "2019-04", "2019-05", "2019-06", "2019-07", "2019-08", "2019-09", "2019-10", "2019-11", "2019-12", "2020-01", "2020-02", "2020-03", "2020-04", "2020-05", "2020-06", "2020-07", "2020-08", "2020-09", "2020-10", "2020-11", "2020-12"], "y": [-0.06348123401403427, -0.4657927453517914, -1.2033934593200684, -1.1062569618225098, -0.9844623804092407, -0.9884144067764282, -0.9804013967514038, -0.9744548797607422, -0.990136444568634, -1.1691527366638184, -1.236448049545288, -1.5293837785720825, -0.9226481914520264, -0.918445348739624, -0.9606229066848755, -0.806790828704834, -0.8780709505081177, -0.8208503723144531, -0.8199887275695801, -0.8104158639907837, -0.8142954111099243, -0.6011937856674194, -0.13083991408348083, -0.07020830363035202], "geox": [-43.01881655379211, -42.98255924674191, -42.97693229565582, -42.96438622723738, -42.953360210522796, -42.95387823075799, -42.957047267750994, -42.957489276841606, -42.95005122825999, -42.94735520646496, -42.94218516803806, -42.93805014322303, -42.93614312892899, -42.931799094635, -42.923640033412894, -42.921615020186266, -42.920318013435356, -42.92053401662261, -42.9167509933613, -42.91550199253585, -42.90935795157475, -42.899868883327926, -42.899816886378815, -42.89897988101775, -42.89420884540103, -42.893692842353786, -42.89082481803453, -42.866545667821, -42.9939127801611, -43.00884391048319, -43.01690691734576, -43.04727916030456, -43.044393144451135, -43.091877535185105, -43.10009550844663, -43.06669603665637, -43.01687362939026, -43.01881655379211],