{"IIS3": {"px": [], "py": [], "pt": [], "pb": [], "x": ["2019-01", "2019-02", "2019-03", "2019-04", "2019-05", "2019-06", "2019-07", "2019-08", "2019-09", "2019-10", "2019-11", "2019-12", "2020-01", "2020-02", "2020-03", "2020-04", "2020-05", "2020-06", "2020-07", "2020-08", "2020-09", "2020-10", "2020-11", "2020-12"], "y": [NaN, NaN, NaN, NaN, NaN, NaN, NaN, NaN, NaN, NaN, NaN, NaN, NaN, NaN, NaN, NaN, NaN, NaN, NaN, NaN, NaN, NaN, NaN, NaN]}, "VHI": {"px": ["2021-01", "2021-02", "2021-03", "2021-04", "2021-05", "2021-06", "2021-07", "2021-08", "2021-09", "2021-10", "2021-11", "2021-12"], "py": [55.68230290067889, 58.75225523479038, 57.43701975546399, 64.81881290082352, 54.689922351674994, 52.282976620774846, 55.771155294096985, 58.89740138953677, 44.42872276597626, 46.37527873287634, 55.22243428903241, 50.536041239515484], "pt": [65.72304871642564, 71.04960714703196, 71.63677861153572, 80.69462592213563, 72.08100416405053, 71.06749189591076, 75.85264681337638, 80.1970396295625, 66.88051282095945, 69.92291479661144, 79.81713802189314, 76.13502050088975], "pb": [45.641557084932145, 46.4549033225488, 43.23726089939227, 48.942999879511405, 37.29884053929946, 33.49846134563893, 35.68966377481759, 37.59776314951104, 21.97693271099307, 22.82764266914124, 30.62773055617167, 24.937061978141216], "x": ["2019-01", "2019-02", "2019-03", "2019-04", "2019-05", "2019-06", "2019-07", "2019-08", "2019-09", "2019-10", "2019-11", "2019-12", "2020-01", "2020-02", "2020-03", "2020-04", "2020-05", "2020-06", "2020-07", "2020-08", "2020-09", "2020-10", "2020-11", "2020-12"], "y": [45.27587127685547, 50.574249267578125, 48.524749755859375, 50.944496154785156, 47.09262466430664, 49.409873962402344, 49.409873962402344, 52.903099060058594, 39.79840087890625, 42.35924530029297, 51.495872497558594, 47.18059539794922, 54.87174606323242, 58.7183723449707, 57.937095642089844, 65.18687438964844, 54.35662078857422, 51.507102966308594, 60.3848762512207, 64.96138000488281, 44.879798889160156, 38.462501525878906, 44.337501525878906, 48.06499481201172]}, "spi_01": {"px": ["2021-01", "2021-02", "2021-03", "2021-04", "2021-05", "2021-06", "2021-07", "2021-08", "2021-09", "2021-10", "2021-11", "2021-12"], "py": [1.640857438492934, 1.6658571378087155, 0.01624845097453198, 1.1631566622990173, 1.0985551642734332, 0.12719902671561423, -0.43326868690382225, 0.30334657640840623, 0.5225968914180279, 0.17629097547355732, -0.06460966632653875, -0.6702465998771099], "pt": [2.9664847694874377, 2.99148446880322, 1.3418757819690361, 2.488783993293522, 2.424182495267938, 1.4528263577101193, 0.8923586440906828, 1.6289739074029113, 1.848224222412533, 1.5019183064680632, 1.2610176646679667, 0.655380731117396], "pb": [0.3152301074984303, 0.34022980681421133, -1.3093788800199722, -0.16247066869548732, -0.22707216672107133, -1.1984283042788906, -1.758896017898327, -1.0222807545860988, -0.8030304395764771, -1.1493363555209481, -1.3902369973210442, -1.9958739308716156], "x": ["2019-01", "2019-02", "2019-03", "2019-04", "2019-05", "2019-06", "2019-07", "2019-08", "2019-09", "2019-10", "2019-11", "2019-12", "2020-01", "2020-02", "2020-03", "2020-04", "2020-05", "2020-06", "2020-07", "2020-08", "2020-09", "2020-10", "2020-11", "2020-12"], "y": [-2.103154182434082, 1.1770122051239014, -0.5943719148635864, 1.5055720806121826, -0.14296923577785492, 0.06654458492994308, -0.9008804559707642, -0.17088229954242706, 0.026588836684823036, -0.2956532835960388, -0.5079779624938965, -1.0186563730239868, 1.2070627212524414, 1.3233296871185303, -0.20274657011032104, 0.8134599328041077, 0.6956545114517212, -0.20757561922073364, 0.19645123183727264, 0.7479273080825806, -0.40204235911369324, -0.5263848900794983, -1.1320661306381226, -0.7239678502082825]}, "spi_03": {"px": [], "py": [], "pt": [], "pb": [], "x": ["2019-01", "2019-02", "2019-03", "2019-04", "2019-05", "2019-06", "2019-07", "2019-08", "2019-09", "2019-10", "2019-11", "2019-12", "2020-01", "2020-02", "2020-03", "2020-04", "2020-05", "2020-06", "2020-07"], "y": [-1.0435194969177246, -0.8759417533874512, -0.6986123323440552, 0.9240441918373108, 0.07860150188207626, 0.9427433609962463, -0.8158335089683533, -1.0908700227737427, -0.551184356212616, -0.5189857482910156, -0.7421990036964417, -1.1770329475402832, 0.20387159287929535, 0.9795076251029968, 1.3194972276687622, 1.0360323190689087, 0.1893652230501175, 0.5808636546134949, -0.008238223381340504]}, "spi_06": {"px": [], "py": [], "pt": [], "pb": [], "x": ["2019-01", "2019-02", "2019-03", "2019-04", "2019-05", "2019-06", "2019-07", "2019-08", "2019-09", "2019-10", "2019-11", "2019-12", "2020-01", "2020-02", "2020-03", "2020-04", "2020-05", "2020-06", "2020-07"], "y": [-0.6258412599563599, -0.18095405399799347, -0.3916163444519043, -0.3099190592765808, -0.7621391415596008, -0.43996259570121765, 0.7812466025352478, -0.2345437854528427, 0.3866240084171295, -1.0291264057159424, -1.0648462772369385, -1.1831729412078857, 0.0025467919185757637, 0.5885557532310486, 0.48878854513168335, 0.653147280216217, 0.896583080291748, 1.3443020582199097, 1.0375005006790161]}, "spi_12": {"px": ["2021-01", "2021-02", "2021-03", "2021-04", "2021-05", "2021-06", "2021-07", "2021-08", "2021-09", "2021-10", "2021-11", "2021-12"], "py": [3.86975276515245, 4.122672454009304, 4.222542126276784, 3.7593173269731217, 3.710548099909558, 3.412283206110927, 4.327276039731729, 3.699925842386093, 3.304417892580088, 2.450775138275329, 0.8431587146822657, 0.8875540250211782], "pt": [5.016386610310607, 5.527006371743073, 5.844127255134586, 5.572304615336741, 5.696576167536843, 5.557438693025258, 6.62054371723341, 6.1323035306387315, 5.8683691003733545, 5.139869850921175, 3.6518265396867005, 3.8109081822950515], "pb": [2.7231189199942927, 2.7183385362755343, 2.600956997418983, 1.9463300386095028, 1.7245200322822734, 1.267127719196596, 2.0340083622300478, 1.2675481541334537, 0.7404666847868215, -0.2383195743705171, -1.9655091103221691, -2.035800132252695], "x": ["2019-01", "2019-02", "2019-03", "2019-04", "2019-05", "2019-06", "2019-07", "2019-08", "2019-09", "2019-10", "2019-11", "2019-12", "2020-01", "2020-02", "2020-03", "2020-04", "2020-05", "2020-06", "2020-07", "2020-08", "2020-09", "2020-10", "2020-11", "2020-12"], "y": [-0.8028296828269958, -0.6443142890930176, -0.6225075125694275, -0.24457252025604248, -0.20642367005348206, -0.17587624490261078, -0.1768503487110138, -0.28437113761901855, -0.3327096402645111, -0.563269317150116, -1.0829155445098877, -1.049143671989441, 0.30009686946868896, 0.4477819800376892, 0.5429176092147827, 0.4087332487106323, 0.47816112637519836, 0.4533993899822235, 0.4713175594806671, 0.5267895460128784, 0.478561669588089, 0.4504612982273102, 0.4596748948097229, 0.5106579661369324],