{"IIS3": {"px": [], "py": [], "pt": [], "pb": [], "x": ["2019-01", "2019-02", "2019-03", "2019-04", "2019-05", "2019-06", "2019-07", "2019-08", "2019-09", "2019-10", "2019-11", "2019-12", "2020-01", "2020-02", "2020-03", "2020-04", "2020-05", "2020-06", "2020-07", "2020-08", "2020-09", "2020-10", "2020-11", "2020-12"], "y": [NaN, NaN, NaN, NaN, NaN, NaN, NaN, NaN, NaN, NaN, NaN, NaN, NaN, NaN, NaN, NaN, NaN, NaN, NaN, NaN, NaN, NaN, NaN, NaN]}, "VHI": {"px": ["2021-01", "2021-02", "2021-03", "2021-04", "2021-05", "2021-06", "2021-07", "2021-08", "2021-09", "2021-10", "2021-11", "2021-12"], "py": [24.581676974523035, 20.923540191573885, 39.91195894990061, 56.96064469087223, 63.23172394131585, 64.10919265051804, 58.368661832901864, 62.290594183877545, 71.1542897230817, 59.356757282472515, 45.75009656582766, 29.8056452067665], "pt": [43.89381606820268, 40.235679285253525, 59.224098043580256, 76.27278378455188, 82.5438630349955, 83.42133174419769, 77.68080092658153, 81.6027332775572, 90.46642881676136, 78.66889637615218, 65.06223565950732, 49.11778430044616], "pb": [5.269537880843394, 1.611401097894241, 20.59981985622096, 37.64850559719258, 43.9195848476362, 44.79705355683839, 39.05652273922221, 42.97845509019788, 51.84215062940204, 40.04461818879285, 26.437957472148, 10.493506113086838], "x": ["2019-01", "2019-02", "2019-03", "2019-04", "2019-05", "2019-06", "2019-07", "2019-08", "2019-09", "2019-10", "2019-11", "2019-12", "2020-01", "2020-02", "2020-03", "2020-04", "2020-05", "2020-06", "2020-07", "2020-08", "2020-09", "2020-10", "2020-11", "2020-12"], "y": [39.87474822998047, 22.608123779296875, 34.434959411621094, 47.2349967956543, 61.49300003051758, 58.5462532043457, 58.5462532043457, 61.804100036621094, 71.05610656738281, 60.1505012512207, 46.88315963745117, 30.895893096923828, 25.784866333007812, 22.510656356811523, 41.958892822265625, 57.492095947265625, 62.365997314453125, 64.13749694824219, 67.65287017822266, 70.6604995727539, 55.597900390625, 30.44219970703125, 47.21637725830078, 47.83333206176758]}, "spi_01": {"px": ["2021-01", "2021-02", "2021-03", "2021-04", "2021-05", "2021-06", "2021-07", "2021-08", "2021-09", "2021-10", "2021-11", "2021-12"], "py": [2.061864194763226, 0.7221226054665517, 2.43705480233287, 1.9442819597478858, 2.5377706708759105, 1.942023871600278, 1.5779622863197753, 4.8013884663085395, 1.4555555259799915, 1.180429740839572, -0.692934272222238, -0.06624698150727726], "pt": [5.117764265234806, 3.8128731182791995, 5.562267150989374, 5.103580254613146, 5.730791060363266, 5.168413913028225, 4.837380361861616, 8.09350323996275, 4.780045437929758, 4.5369825359553, 2.6953780153543736, 3.3535298606106547], "pb": [-0.9940358757083536, -2.3686279073460965, -0.6881575463236329, -1.2150163351173742, -0.6552497186114454, -1.2843661698276687, -1.6814557892220647, 1.5092736926543289, -1.8689343859697747, -2.176123054276156, -4.081246559798849, -3.4860238236252092], "x": ["2019-01", "2019-02", "2019-03", "2019-04", "2019-05", "2019-06", "2019-07", "2019-08", "2019-09", "2019-10", "2019-11", "2019-12", "2020-01", "2020-02", "2020-03", "2020-04", "2020-05", "2020-06", "2020-07", "2020-08", "2020-09", "2020-10", "2020-11", "2020-12"], "y": [-1.3423528671264648, -0.6150096654891968, -0.4869363009929657, 0.1125803291797638, -1.5246622562408447, 0.33184489607810974, -0.3882492780685425, 1.4854234457015991, -0.31517452001571655, -0.41622987389564514, -1.4586818218231201, -1.0138870477676392, 0.8952117562294006, -0.09189089387655258, 1.1394695043563843, 0.751425564289093, 1.3271052837371826, 0.9240933656692505, 1.2696967124938965, 1.3907389640808105, -0.5666393637657166, 0.3482613265514374, 1.3442721366882324, -1.6498624086380005]}, "spi_03": {"px": [], "py": [], "pt": [], "pb": [], "x": ["2019-01", "2019-02", "2019-03", "2019-04", "2019-05", "2019-06", "2019-07", "2019-08", "2019-09", "2019-10", "2019-11", "2019-12", "2020-01", "2020-02", "2020-03", "2020-04", "2020-05", "2020-06", "2020-07"], "y": [-0.3855110704898834, -0.549910843372345, -1.4694684743881226, -0.6197495460510254, -0.7086085677146912, -0.47444555163383484, -0.7223321795463562, 0.7232829928398132, 0.40875664353370667, -0.0312795452773571, -1.5474376678466797, -1.8164756298065186, -0.8764576315879822, -0.19833877682685852, 0.9934313297271729, 0.8079961538314819, 1.3355768918991089, 1.4031211137771606, 1.492500901222229]}, "spi_06": {"px": [], "py": [], "pt": [], "pb": [], "x": ["2019-01", "2019-02", "2019-03", "2019-04", "2019-05", "2019-06", "2019-07", "2019-08", "2019-09", "2019-10", "2019-11", "2019-12", "2020-01", "2020-02", "2020-03", "2020-04", "2020-05", "2020-06", "2020-07"], "y": [-0.7942066192626953, -0.867225170135498, -0.8195103406906128, -0.7232819199562073, -0.8992775082588196, -1.3646517992019653, -1.004927158355713, -0.4333558976650238, -0.14455707371234894, -0.407152384519577, -0.971222460269928, -1.5135431289672852, -1.1570632457733154, -1.3581684827804565, -0.447677880525589, -0.053288280963897705, 0.6760514378547668, 1.2400717735290527, 1.2760131359100342]}, "spi_12": {"px": ["2021-01", "2021-02", "2021-03", "2021-04", "2021-05", "2021-06", "2021-07", "2021-08", "2021-09", "2021-10", "2021-11", "2021-12"], "py": [1.9963148074551889, 2.405612859192896, 4.472880684793213, 4.7480528410729095, 5.261435056889966, 4.90114953903639, 4.142493366409276, 5.636584176096067, 6.086239572475774, 5.485501674336785, 3.7612503817051026, 1.3345082610889856], "pt": [3.874717287535784, 4.706176657367335, 7.129342937822356, 7.718067927577781, 8.514923573292691, 8.415318777798557, 7.899298305577684, 9.621277547393037, 10.286475182004825, 9.890745945413446, 8.362377960913443, 6.123513681053499], "pb": [0.11791232737459323, 0.10504906101845712, 1.8164184317640704, 1.7780377545680386, 2.007946540487241, 1.3869803002742227, 0.3856884272408694, 1.6518908047990966, 1.8860039629467238, 1.0802574032601235, -0.8398771975032382, -3.4544971588755278], "x": ["2019-01", "2019-02", "2019-03", "2019-04", "2019-05", "2019-06", "2019-07", "2019-08", "2019-09", "2019-10", "2019-11", "2019-12", "2020-01", "2020-02", "2020-03", "2020-04", "2020-05", "2020-06", "2020-07", "2020-08", "2020-09", "2020-10", "2020-11", "2020-12"], "y": [-0.35223308205604553, -1.0723092555999756, -1.2552769184112549, -1.1740573644638062, -1.2409881353378296, -1.1692969799041748, -1.1634865999221802, -0.8964587450027466, -0.7776050567626953, -0.8425137996673584, -1.1630407571792603, -1.685052752494812, -1.3494558334350586, -1.1643184423446655, -0.4701783359050751, -0.30369627475738525, 0.009031127206981182, 0.09230413287878036, 0.24549119174480438, 0.23673641681671143, 0.21275070309638977, 0.3566705584526062, 1.1455397605895996, 0.9793325662612915],