{"IIS3": {"px": [], "py": [], "pt": [], "pb": [], "x": ["2019-01", "2019-02", "2019-03", "2019-04", "2019-05", "2019-06", "2019-07", "2019-08", "2019-09", "2019-10", "2019-11", "2019-12", "2020-01", "2020-02", "2020-03", "2020-04", "2020-05", "2020-06", "2020-07", "2020-08", "2020-09", "2020-10", "2020-11", "2020-12"], "y": [NaN, NaN, NaN, NaN, NaN, NaN, NaN, NaN, NaN, NaN, NaN, NaN, NaN, NaN, NaN, NaN, NaN, NaN, NaN, NaN, NaN, NaN, NaN, NaN]}, "VHI": {"px": ["2021-01", "2021-02", "2021-03", "2021-04", "2021-05", "2021-06", "2021-07", "2021-08", "2021-09", "2021-10", "2021-11", "2021-12"], "py": [91.482593962774, 126.4966307760757, 130.78010897771946, 115.83811792705677, 122.53005061809205, 130.60790555913303, 136.4398480798785, 122.64215905727178, 89.55543464727431, 70.40863465062758, 58.376283095595454, 43.66535102869924], "pt": [116.91006693305323, 157.63879781153102, 166.73998597520264, 156.0424826115539, 166.57172549194263, 178.17835133909057, 187.29479373626276, 176.58197444186243, 146.4129923659597, 130.04134426325174, 120.66061693447887, 108.49294104840766], "pb": [66.05512099249478, 95.35446374062037, 94.82023198023629, 75.63375324255964, 78.48837574424148, 83.03745977917549, 85.5849024234942, 68.70234367268115, 32.69787692858893, 10.775925038003408, -3.9080507432879728, -21.162238991009183], "x": ["2019-01", "2019-02", "2019-03", "2019-04", "2019-05", "2019-06", "2019-07", "2019-08", "2019-09", "2019-10", "2019-11", "2019-12", "2020-01", "2020-02", "2020-03", "2020-04", "2020-05", "2020-06", "2020-07", "2020-08", "2020-09", "2020-10", "2020-11", "2020-12"], "y": [60.54603958129883, 58.931785583496094, 45.96500015258789, 50.671539306640625, 57.317569732666016, 59.295074462890625, 59.295074462890625, 51.40485382080078, 35.936798095703125, 27.160926818847656, 21.353897094726562, 14.209799766540527, 41.82193374633789, 61.34117889404297, 65.33152770996094, 58.27668762207031, 63.00242614746094, 69.3679428100586, 66.13300323486328, 68.5625, 59.53833770751953, 37.73902893066406, 39.448333740234375, 39.86642837524414]}, "spi_01": {"px": ["2021-01", "2021-02", "2021-03", "2021-04", "2021-05", "2021-06", "2021-07", "2021-08", "2021-09", "2021-10", "2021-11", "2021-12"], "py": [0.7518384562960523, 0.9833327597213652, 1.5415728507209048, 1.1721474615461913, 0.9053551805283764, 0.0800522654599587, -0.6194463513425166, -0.5815499536055724, 0.32530488840254934, 0.961328708751672, 0.254497714879395, -0.79086898086087], "pt": [1.5281858836723798, 1.7596801870976928, 2.3179202780972323, 1.9484948889225189, 1.681702607904704, 0.8563996928362867, 0.15690107603381165, 0.19479747377075585, 1.1016523157788773, 1.7376761361280004, 1.0308451422557234, -0.014521553484541538], "pb": [-0.024508971080275277, 0.2069853323450377, 0.7652254233445772, 0.39580003416986376, 0.12900775315204882, -0.6962951619163693, -1.3957937787188446, -1.3578973809819006, -0.45104253897377866, 0.18498128137534353, -0.5218497124969335, -1.5672164082371984], "x": ["2019-01", "2019-02", "2019-03", "2019-04", "2019-05", "2019-06", "2019-07", "2019-08", "2019-09", "2019-10", "2019-11", "2019-12", "2020-01", "2020-02", "2020-03", "2020-04", "2020-05", "2020-06", "2020-07", "2020-08", "2020-09", "2020-10", "2020-11", "2020-12"], "y": [-0.549065887928009, -0.4959476888179779, 0.7416452765464783, 1.0748636722564697, 0.10962881147861481, 0.19593356549739838, -0.9488936066627502, -0.8761428594589233, -0.08857662975788116, 0.42973360419273376, -0.1671709567308426, -1.040649175643921, 0.34322887659072876, 0.537312924861908, 1.0517480373382568, 0.7312759757041931, 0.5192723870277405, -0.18700353801250458, -1.2336795330047607, -0.42482274770736694, 0.29958245158195496, 0.34124934673309326, 0.6135232448577881, -1.053192138671875]}, "spi_03": {"px": [], "py": [], "pt": [], "pb": [], "x": ["2019-01", "2019-02", "2019-03", "2019-04", "2019-05", "2019-06", "2019-07", "2019-08", "2019-09", "2019-10", "2019-11", "2019-12", "2020-01", "2020-02", "2020-03", "2020-04", "2020-05", "2020-06", "2020-07"], "y": [0.9121120572090149, -0.09613574296236038, -0.32017430663108826, 0.38684752583503723, 1.025070309638977, 0.8940760493278503, -0.21022182703018188, -0.5418211221694946, -1.1600109338760376, -0.0024110430385917425, -0.1277230829000473, -0.8224459290504456, -0.3394782841205597, 0.14636024832725525, 0.805120050907135, 0.9098963141441345, 1.0676076412200928, 0.7068666815757751, 0.07289430499076843]}, "spi_06": {"px": [], "py": [], "pt": [], "pb": [], "x": ["2019-01", "2019-02", "2019-03", "2019-04", "2019-05", "2019-06", "2019-07", "2019-08", "2019-09", "2019-10", "2019-11", "2019-12", "2020-01", "2020-02", "2020-03", "2020-04", "2020-05", "2020-06", "2020-07"], "y": [0.7391569018363953, 0.21700315177440643, 0.40678131580352783, 0.6947929263114929, 0.48430877923965454, 0.10356882214546204, 0.32644122838974, 0.8683490753173828, 0.6632746458053589, -0.2880299389362335, -0.5028606057167053, -1.293314814567566, -0.37829893827438354, 0.03698870539665222, 0.4377935528755188, 0.5763282775878906, 0.6697971224784851, 0.9230879545211792, 0.8693016171455383]}, "spi_12": {"px": ["2021-01", "2021-02", "2021-03", "2021-04", "2021-05", "2021-06", "2021-07", "2021-08", "2021-09", "2021-10", "2021-11", "2021-12"], "py": [1.3417153260245684, 2.2531003404810557, 2.4487942634765476, 2.211271096957912, 2.310454464130292, 2.1888515462297486, 2.582226600867964, 2.5348492842620294, 2.4264095365847167, 2.4607711868379396, 1.8535417719936729, 0.6994143757623101], "pt": [2.44650342583008, 3.5938027059560875, 3.9897059806455815, 3.9292160924182715, 4.188821066991876, 4.214977697796883, 4.746045740579673, 4.828108832743446, 4.842183831509568, 4.993139945794292, 4.497368093569395, 3.450185850453563], "pb": [0.23692722621905693, 0.9123979750060238, 0.9078825463075137, 0.4933261014975523, 0.432087861268708, 0.16272539466261504, 0.41840746115625604, 0.24158973578061316, 0.01063524165986518, -0.07159757211841322, -0.790284549582049, -2.0513570989289427], "x": ["2019-01", "2019-02", "2019-03", "2019-04", "2019-05", "2019-06", "2019-07", "2019-08", "2019-09", "2019-10", "2019-11", "2019-12", "2020-01", "2020-02", "2020-03", "2020-04", "2020-05", "2020-06", "2020-07", "2020-08", "2020-09", "2020-10", "2020-11", "2020-12"], "y": [0.4214170277118683, -0.31608816981315613, 0.32025548815727234, 0.36867809295654297, 0.5846207737922668, 0.5977194905281067, 0.5902639031410217, 0.584820032119751, 0.5782564878463745, 0.6092316508293152, 0.2977420687675476, -0.2957160174846649, 0.07659436017274857, 0.5418084263801575, 0.6311582922935486, 0.49517199397087097, 0.5491800308227539, 0.5346454381942749, 0.5225800275802612, 0.5206003785133362, 0.5195644497871399, 0.5108692049980164, 0.6077720522880554, 0.6518197655677795],