{"IIS3": {"px": [], "py": [], "pt": [], "pb": [], "x": ["2019-01", "2019-02", "2019-03", "2019-04", "2019-05", "2019-06", "2019-07", "2019-08", "2019-09", "2019-10", "2019-11", "2019-12", "2020-01", "2020-02", "2020-03", "2020-04", "2020-05", "2020-06", "2020-07", "2020-08", "2020-09", "2020-10", "2020-11", "2020-12"], "y": [NaN, NaN, NaN, NaN, NaN, NaN, NaN, NaN, NaN, NaN, NaN, NaN, NaN, NaN, NaN, NaN, NaN, NaN, NaN, NaN, NaN, NaN, NaN, NaN]}, "VHI": {"px": ["2021-01", "2021-02", "2021-03", "2021-04", "2021-05", "2021-06", "2021-07", "2021-08", "2021-09", "2021-10", "2021-11", "2021-12"], "py": [97.81812044991527, 135.55080002215936, 168.88662622195662, 187.5860954776513, 181.83051292251724, 180.9125540928823, 161.66749210299204, 139.0389960122014, 128.47685913159063, 122.80025523254679, 104.15316118058522, 64.03798599962819], "pt": [139.85787487266145, 187.03877351810786, 228.33981686395816, 254.05678330551166, 254.64550315875607, 259.561732511339, 245.7470004786535, 228.21878179063674, 222.48060721794246, 221.3922179733148, 207.12910778886686, 171.21874939804013], "pb": [55.7783660271691, 84.06282652621088, 109.43343557995507, 121.11540764979091, 109.01552268627843, 102.26337567442555, 77.58798372733058, 49.85921023376608, 34.47311104523878, 24.208292491778778, 1.177214572303555, -43.142777398783764], "x": ["2019-01", "2019-02", "2019-03", "2019-04", "2019-05", "2019-06", "2019-07", "2019-08", "2019-09", "2019-10", "2019-11", "2019-12", "2020-01", "2020-02", "2020-03", "2020-04", "2020-05", "2020-06", "2020-07", "2020-08", "2020-09", "2020-10", "2020-11", "2020-12"], "y": [42.31705856323242, 34.850894927978516, 52.84637451171875, 58.21377182006836, 57.701778411865234, 44.81376647949219, 44.81376647949219, 36.96181869506836, 34.13142395019531, 33.015968322753906, 27.341548919677734, 13.924605369567871, 31.551021575927734, 49.65822219848633, 66.98405456542969, 76.91284942626953, 75.56278228759766, 78.09546661376953, 78.17264556884766, 78.00179290771484, 66.34993743896484, 42.56491470336914, 54.34226608276367, 57.19450759887695]}, "spi_01": {"px": ["2021-01", "2021-02", "2021-03", "2021-04", "2021-05", "2021-06", "2021-07", "2021-08", "2021-09", "2021-10", "2021-11", "2021-12"], "py": [2.841034274573209, 1.338715659659281, 3.9997168213301446, 3.3637128445779876, 2.449738089355286, 3.128222949699949, 4.273426263820364, 4.598743441164887, 3.4622018953883495, 2.2793155956393285, -0.6140061979366289, -0.4351816719636914], "pt": [6.538894447764957, 5.036575832851028, 7.697576994521894, 7.061573017769739, 6.147598262547039, 6.826083122891703, 7.97128643701212, 8.296603614356643, 7.160062068580107, 5.9771757688310885, 3.083853975255132, 3.2626785012280717], "pb": [-0.8568258986185375, -2.3591445135324665, 0.30185664813839574, -0.33414732861376306, -1.2481220838364666, -0.5696372234918052, 0.5755660906286089, 0.9008832679731298, -0.2356582778034082, -1.418544577552431, -4.31186637112839, -4.1330418451554545], "x": ["2019-01", "2019-02", "2019-03", "2019-04", "2019-05", "2019-06", "2019-07", "2019-08", "2019-09", "2019-10", "2019-11", "2019-12", "2020-01", "2020-02", "2020-03", "2020-04", "2020-05", "2020-06", "2020-07", "2020-08", "2020-09", "2020-10", "2020-11", "2020-12"], "y": [-1.1958208084106445, 0.3667125999927521, 0.9272923469543457, 0.686880350112915, 0.8839925527572632, 0.8584078550338745, 1.5052814483642578, 1.7771124839782715, 1.1031180620193481, 0.43815067410469055, -1.290292739868164, -1.1864559650421143, 1.1841429471969604, 0.13489918410778046, 1.8363347053527832, 1.3757250308990479, 0.8778135776519775, 1.4231536388397217, 1.6642705202102661, 1.4961528778076172, 0.8630318641662598, 0.6376492977142334, 1.5891773700714111, -1.2843854427337646]}, "spi_03": {"px": [], "py": [], "pt": [], "pb": [], "x": ["2019-01", "2019-02", "2019-03", "2019-04", "2019-05", "2019-06", "2019-07", "2019-08", "2019-09", "2019-10", "2019-11", "2019-12", "2020-01", "2020-02", "2020-03", "2020-04", "2020-05", "2020-06", "2020-07"], "y": [-0.8092426061630249, -0.2587753236293793, -0.03682760149240494, 0.8145430684089661, 0.9908137321472168, 0.8171150088310242, 1.178758144378662, 1.4468574523925781, 1.629324197769165, 0.7343752384185791, -0.9251731634140015, -1.6867550611495972, -0.106704942882061, 0.45077309012413025, 1.6351103782653809, 1.734684705734253, 2.025484085083008, 1.5680965185165405, 1.4953148365020752]}, "spi_06": {"px": [], "py": [], "pt": [], "pb": [], "x": ["2019-01", "2019-02", "2019-03", "2019-04", "2019-05", "2019-06", "2019-07", "2019-08", "2019-09", "2019-10", "2019-11", "2019-12", "2020-01", "2020-02", "2020-03", "2020-04", "2020-05", "2020-06", "2020-07"], "y": [-0.8850572109222412, -0.7702221870422363, -0.22750139236450195, -0.034609634429216385, 0.4028360843658447, 0.18497920036315918, 1.0323853492736816, 1.2908141613006592, 1.1935126781463623, 0.9766616821289062, -0.2974559962749481, -1.2151551246643066, 0.10551396012306213, -0.09711270779371262, 1.002584457397461, 1.4927332401275635, 1.8718183040618896, 2.0558598041534424, 2.0003890991210938]}, "spi_12": {"px": ["2021-01", "2021-02", "2021-03", "2021-04", "2021-05", "2021-06", "2021-07", "2021-08", "2021-09", "2021-10", "2021-11", "2021-12"], "py": [7.042298496760564, 6.1902619778873005, 8.04951594725681, 9.254228683166053, 9.016971366225523, 8.572338568751768, 7.659689067226504, 7.99584690977435, 8.037465597327264, 7.6272098033684355, 6.581222001990154, 2.7299818825994535], "pt": [9.378546081877333, 9.051569218953857, 11.35346895488205, 12.948160440171295, 13.063470862608513, 12.943057562583764, 12.332184211350222, 12.951776410955304, 13.261473978780309, 13.106196016009203, 12.303836462804686, 8.686267857595917], "pb": [4.7060509116437945, 3.3289547368207444, 4.7455629396315695, 5.560296926160811, 4.970471869842532, 4.201619574919772, 2.987193923102785, 3.0399174085933964, 2.8134572158742186, 2.1482235907276666, 0.8586075411756218, -3.22630409239701], "x": ["2019-01", "2019-02", "2019-03", "2019-04", "2019-05", "2019-06", "2019-07", "2019-08", "2019-09", "2019-10", "2019-11", "2019-12", "2020-01", "2020-02", "2020-03", "2020-04", "2020-05", "2020-06", "2020-07", "2020-08", "2020-09", "2020-10", "2020-11", "2020-12"], "y": [0.097932830452919, 0.0003226473927497864, -0.037877388298511505, 0.18172526359558105, 0.20372584462165833, 0.04602799192070961, 0.1138889491558075, 0.217519149184227, 0.29537439346313477, 0.31999969482421875, 0.2064436376094818, -0.5778418779373169, 0.787423849105835, 0.6642475724220276, 1.3233336210250854, 1.8044188022613525, 1.8767098188400269, 1.936112880706787, 1.9679811000823975, 1.9359087944030762, 1.8812273740768433, 1.6958391666412354, 2.4726486206054688, 2.245138168334961],