{"IIS3": {"px": [], "py": [], "pt": [], "pb": [], "x": ["2019-01", "2019-02", "2019-03", "2019-04", "2019-05", "2019-06", "2019-07", "2019-08", "2019-09", "2019-10", "2019-11", "2019-12", "2020-01", "2020-02", "2020-03", "2020-04", "2020-05", "2020-06", "2020-07", "2020-08", "2020-09", "2020-10", "2020-11", "2020-12"], "y": [NaN, NaN, NaN, NaN, NaN, NaN, NaN, NaN, NaN, NaN, NaN, NaN, NaN, NaN, NaN, NaN, NaN, NaN, NaN, NaN, NaN, NaN, NaN, NaN]}, "VHI": {"px": ["2021-01", "2021-02", "2021-03", "2021-04", "2021-05", "2021-06", "2021-07", "2021-08", "2021-09", "2021-10", "2021-11", "2021-12"], "py": [49.72604953413156, 49.155276139219964, 48.636970864851335, 48.4707513189241, 54.33019622995715, 53.9766592404757, 47.90508708361101, 49.41001780043197, 40.15232503665831, 49.24594972487256, 52.09881668280707, 49.30390335947203], "pt": [63.13478138041319, 65.57755165900794, 67.59978122540095, 69.67181780843137, 77.55480093735419, 79.06209938684722, 74.72255062622682, 77.85423328235147, 70.13516075818754, 80.69221311858198, 84.94336759995144, 83.48959581218139], "pb": [36.317317687849936, 32.73300061943199, 29.674160504301724, 27.269684829416832, 31.10559152256012, 28.891219094104173, 21.08762354099519, 20.965802318512473, 10.169489315129084, 17.799686331163144, 19.254265765662687, 15.11821090676267], "x": ["2019-01", "2019-02", "2019-03", "2019-04", "2019-05", "2019-06", "2019-07", "2019-08", "2019-09", "2019-10", "2019-11", "2019-12", "2020-01", "2020-02", "2020-03", "2020-04", "2020-05", "2020-06", "2020-07", "2020-08", "2020-09", "2020-10", "2020-11", "2020-12"], "y": [59.3111572265625, 49.789710998535156, 43.51172637939453, 41.12284469604492, 41.84865188598633, 41.70278549194336, 41.70278549194336, 42.09707260131836, 33.37815475463867, 41.51980972290039, 44.30223846435547, 42.20134735107422, 41.841033935546875, 41.476722717285156, 40.87503433227539, 40.21094512939453, 45.506534576416016, 46.02646255493164, 43.07807922363281, 42.20461654663086, 27.886075973510742, 32.394920349121094, 52.71702194213867, 50.590763092041016]}, "spi_01": {"px": ["2021-01", "2021-02", "2021-03", "2021-04", "2021-05", "2021-06", "2021-07", "2021-08", "2021-09", "2021-10", "2021-11", "2021-12"], "py": [1.336185630572074, 1.0384682882288376, 1.4899535994244344, 0.4553683525164609, -0.10980533632914602, 1.206788568309877, -0.5527839530130887, 0.347207973675725, -0.2831394303290773, 0.20860127232176984, 2.0492800750878697, 0.5917615109140226], "pt": [2.1655098293167647, 1.8985467248342829, 2.3797239111362893, 1.3738712093949554, 0.8365581184724964, 2.180215545064808, 0.44697420252473385, 1.372621383015848, 0.7673028339314003, 1.2834897507393324, 3.148071015860939, 1.713945908424125], "pb": [0.5068614318273839, 0.17838985162339238, 0.6001832877125794, -0.4631345043620336, -1.0561687911307884, 0.23336159155494585, -1.5525421085509112, -0.6782054356643978, -1.3335816945895547, -0.8662872060957927, 0.9504891343148003, -0.5304228865960801], "x": ["2019-01", "2019-02", "2019-03", "2019-04", "2019-05", "2019-06", "2019-07", "2019-08", "2019-09", "2019-10", "2019-11", "2019-12", "2020-01", "2020-02", "2020-03", "2020-04", "2020-05", "2020-06", "2020-07", "2020-08", "2020-09", "2020-10", "2020-11", "2020-12"], "y": [0.36761030554771423, 1.2176998853683472, 0.6508160829544067, 0.3874041736125946, -0.8340685367584229, -0.09535311907529831, -0.8999813199043274, -0.22452448308467865, -0.735517144203186, -0.38187822699546814, 0.983116090297699, -0.05932307988405228, 0.6592128872871399, 0.3903701901435852, 0.7466301321983337, -0.03368692472577095, -0.4183022975921631, 0.786621630191803, -1.1378811597824097, -0.3767368197441101, -0.42943838238716125, 0.6023653149604797, 2.639141321182251, 0.27751824259757996]}, "spi_03": {"px": [], "py": [], "pt": [], "pb": [], "x": ["2019-01", "2019-02", "2019-03", "2019-04", "2019-05", "2019-06", "2019-07", "2019-08", "2019-09", "2019-10", "2019-11", "2019-12", "2020-01", "2020-02", "2020-03", "2020-04", "2020-05", "2020-06", "2020-07"], "y": [1.091713547706604, 1.1171468496322632, 0.8851737380027771, 1.0061874389648438, 0.10998621582984924, -0.32924792170524597, -0.9413152933120728, -0.5728658437728882, -0.8737655282020569, -0.5828254818916321, -0.050857704132795334, 0.10414628684520721, 0.6226527690887451, 0.4708363711833954, 0.7108833193778992, 0.5025475025177002, 0.16769330203533173, 0.026862001046538353, -0.27824801206588745]}, "spi_06": {"px": [], "py": [], "pt": [], "pb": [], "x": ["2019-01", "2019-02", "2019-03", "2019-04", "2019-05", "2019-06", "2019-07", "2019-08", "2019-09", "2019-10", "2019-11", "2019-12", "2020-01", "2020-02", "2020-03", "2020-04", "2020-05", "2020-06", "2020-07"], "y": [0.5900025963783264, 1.0209901332855225, 1.0999524593353271, 1.1544859409332275, 0.7598446011543274, 0.46890750527381897, 0.3337041437625885, -0.15302562713623047, -0.6069291830062866, -0.9889565706253052, -0.48828476667404175, -0.5131620764732361, 0.2843702733516693, 0.38435837626457214, 0.6250211596488953, 0.5894559025764465, 0.36026284098625183, 0.5024440288543701, 0.22062931954860687]}, "spi_12": {"px": ["2021-01", "2021-02", "2021-03", "2021-04", "2021-05", "2021-06", "2021-07", "2021-08", "2021-09", "2021-10", "2021-11", "2021-12"], "py": [0.9768718467360484, 0.60925579368176, 0.6920399941335882, 0.5763885003291622, 0.6895254663085142, 0.852136291953224, 0.9413820797646348, 0.9257539667739083, 0.948487346428609, 1.0181659148665991, 1.0189185067007211, 0.7815604601062804], "pt": [1.6460010177722184, 1.4287683121715329, 1.6383315392671949, 1.6343746102669288, 1.8484911816129603, 2.103962338047906, 2.279640414358873, 2.3451912815366427, 2.4447056496754116, 2.5874129098933984, 2.6579435375744227, 2.4875117994651843], "pb": [0.30774267569987845, -0.21025672480801294, -0.2542515510000185, -0.4815976096086043, -0.4694402489959322, -0.39968975414145813, -0.3968762548296034, -0.4936833479888263, -0.5477309568181936, -0.5510810801602002, -0.6201065241729806, -0.9243908792526234], "x": ["2019-01", "2019-02", "2019-03", "2019-04", "2019-05", "2019-06", "2019-07", "2019-08", "2019-09", "2019-10", "2019-11", "2019-12", "2020-01", "2020-02", "2020-03", "2020-04", "2020-05", "2020-06", "2020-07", "2020-08", "2020-09", "2020-10", "2020-11", "2020-12"], "y": [-0.5341942310333252, -0.05868823826313019, 0.6242408752441406, 0.6291517615318298, 0.42337170243263245, 0.6023348569869995, 0.45443835854530334, 0.48580536246299744, 0.48805224895477295, 0.49491986632347107, 0.4537906050682068, 0.24175584316253662, 0.3721548914909363, 0.0757671520113945, 0.1189875677227974, 0.01696372777223587, 0.10248292982578278, 0.25486668944358826, 0.24522486329078674, 0.24003171920776367, 0.25299835205078125, 0.2989664673805237, 0.7209497094154358, 0.7746399641036987], "geox": [-46.068619554951844, -46.03155725362908, -46.020880145400206, -45.93505448529314, -45.86163093712708, -45.86048992857833, -45.851479858528414, -45.85109385595422, -45.855388890631296, -45.855390890905106, -45.85503888840493, -45.852363867791645, -45.84930884525894, -45.85275787322052, -45.85599089868856, -45.85814191542699, -45.86040293343561, -45.861657944622515, -45.864449967872424, -45.86616798155173, -45.86866000190665, -45.86986601209523, -45.872009029319976, -45.87196902917842, -45.86870600385038, -45.868190000007395, -45.8702520163689, -45.874110046568276, -45.87497605364252, -45.87527805678005, -45.874078047949546, -45.86806900188446, -45.86772599944612, -45.87004801854817, -45.86992101952907, -45.870954028439684, -45.87198903681942, -45.89098218506194, -45.89901924751711, -45.901691268373526, -45.905549298725376, -45.913582361354074, -45.920192413302914, -45.928825480571504, -45.93312451390604, -45.94441060290248, -45.951144656336695, -45.95846171487632, -45.970500810393155, -45.977254864704335, -45.98250190621589, -46.068619554951844],