{"IIS3": {"px": [], "py": [], "pt": [], "pb": [], "x": ["2019-01", "2019-02", "2019-03", "2019-04", "2019-05", "2019-06", "2019-07", "2019-08", "2019-09", "2019-10", "2019-11", "2019-12", "2020-01", "2020-02", "2020-03", "2020-04", "2020-05", "2020-06", "2020-07", "2020-08", "2020-09", "2020-10", "2020-11", "2020-12"], "y": [NaN, NaN, NaN, NaN, NaN, NaN, NaN, NaN, NaN, NaN, NaN, NaN, NaN, NaN, NaN, NaN, NaN, NaN, NaN, NaN, NaN, NaN, NaN, NaN]}, "VHI": {"px": ["2021-01", "2021-02", "2021-03", "2021-04", "2021-05", "2021-06", "2021-07", "2021-08", "2021-09", "2021-10", "2021-11", "2021-12"], "py": [108.39391406193042, 124.86054982384726, 116.5056376922135, 106.53648261136152, 107.9110619269274, 117.08983672102096, 117.96167775504412, 97.55887093358898, 97.51556900451034, 88.68689943591306, 66.08052787365496, 54.35939485504048], "pt": [128.35023245714828, 149.30069949211787, 144.72597056983253, 138.08729020228986, 142.47288669871773, 154.4206015601198, 157.86972550719875, 139.88756743258847, 142.13378074837755, 135.48274424222814, 114.95708015645087, 105.23162337875507], "pb": [88.43759566671255, 100.42040015557666, 88.28530481459447, 74.98567502043316, 73.34923715513708, 79.75907188192214, 78.05363000288949, 55.230174434589486, 52.89735726064313, 41.89105462959799, 17.203975590859038, 3.487166331325888], "x": ["2019-01", "2019-02", "2019-03", "2019-04", "2019-05", "2019-06", "2019-07", "2019-08", "2019-09", "2019-10", "2019-11", "2019-12", "2020-01", "2020-02", "2020-03", "2020-04", "2020-05", "2020-06", "2020-07", "2020-08", "2020-09", "2020-10", "2020-11", "2020-12"], "y": [70.16971588134766, 69.62055969238281, 69.05166625976562, 63.31959915161133, 64.6483383178711, 69.75666046142578, 69.75666046142578, 56.056793212890625, 56.284664154052734, 50.34555435180664, 35.12055969238281, 27.319555282592773, 67.44527435302734, 78.91500091552734, 73.20933532714844, 66.17305755615234, 68.01248931884766, 76.38687896728516, 68.62340545654297, 63.29471969604492, 59.46310806274414, 53.48711013793945, 59.19361114501953, 50.76370620727539]}, "spi_01": {"px": [], "py": [], "pt": [], "pb": [], "x": ["2019-01", "2019-02", "2019-03", "2019-04", "2019-05", "2019-06", "2019-07", "2019-08", "2019-09", "2019-10", "2019-11", "2019-12", "2020-01", "2020-02", "2020-03", "2020-04", "2020-05", "2020-06", "2020-07", "2020-08", "2020-09", "2020-10", "2020-11", "2020-12"], "y": [NaN, NaN, NaN, NaN, NaN, NaN, NaN, NaN, NaN, NaN, NaN, NaN, NaN, NaN, NaN, NaN, NaN, NaN, NaN, NaN, NaN, NaN, NaN, NaN]}, "spi_03": {"px": [], "py": [], "pt": [], "pb": [], "x": ["2019-01", "2019-02", "2019-03", "2019-04", "2019-05", "2019-06", "2019-07", "2019-08", "2019-09", "2019-10", "2019-11", "2019-12", "2020-01", "2020-02", "2020-03", "2020-04", "2020-05", "2020-06", "2020-07"], "y": [NaN, NaN, NaN, NaN, NaN, NaN, NaN, NaN, NaN, NaN, NaN, NaN, NaN, NaN, NaN, NaN, NaN, NaN, NaN]}, "spi_06": {"px": [], "py": [], "pt": [], "pb": [], "x": ["2019-01", "2019-02", "2019-03", "2019-04", "2019-05", "2019-06", "2019-07", "2019-08", "2019-09", "2019-10", "2019-11", "2019-12", "2020-01", "2020-02", "2020-03", "2020-04", "2020-05", "2020-06", "2020-07"], "y": [NaN, NaN, NaN, NaN, NaN, NaN, NaN, NaN, NaN, NaN, NaN, NaN, NaN, NaN, NaN, NaN, NaN, NaN, NaN]}, "spi_12": {"px": [], "py": [], "pt": [], "pb": [], "x": ["2019-01", "2019-02", "2019-03", "2019-04", "2019-05", "2019-06", "2019-07", "2019-08", "2019-09", "2019-10", "2019-11", "2019-12", "2020-01", "2020-02", "2020-03", "2020-04", "2020-05", "2020-06", "2020-07", "2020-08", "2020-09", "2020-10", "2020-11", "2020-12"], "y": [NaN, NaN, NaN, NaN, NaN, NaN, NaN, NaN, NaN, NaN, NaN, NaN, NaN, NaN, NaN, NaN, NaN, NaN, NaN, NaN, NaN, NaN, NaN, NaN], "geox": [-40.6093091624824, -40.54372059301954, -40.539367556737545, -40.53907355279669, -40.53770454082485, -40.53488251741737, -40.532623498003744, -40.53181949193988, -40.52911546918567, -40.52710145262794, -40.52148740367045, -40.51826037594351, -40.51801337285611, -40.51906038104333, -40.51917438058979, -40.514920340210466, -40.51539534207596, -40.51792536076287, -40.51751935669637, -40.51469333125094, -40.51980737177814, -40.523861402942636, -40.52458340818091, -40.52477340689439, -40.52629541746789, -40.53117245749, -40.53302047169825, -40.534232480142656, -40.53659949957803, -40.472731955422724, -40.4708249394348, -40.4418606960078, -40.43175561174528, -40.43250561895123, -40.434813640367764, -40.43576165042617, -40.43719666389032, -40.4367556643922, -40.43405764269682, -40.433231638725786, -40.43372664547343, -40.43522665919494, -40.43667067434939, -40.431316631117845, -40.4301436219661, -40.43045062569808, -40.4328966514448, -40.437448691156554, -40.44575376204314, -40.44612276565933, -40.446086766277055, -40.44342174706225, -40.4425667447297, -40.444198762019106, -40.44417676307623, -40.44711479006093, -40.450286818139325, -40.44964781512411, -40.45012081960424, -40.45055082347921, -40.456253874565654, -40.46734197066341, -40.484287119621065, -40.48933516711351, -40.49145518613004, -40.49432321029212, -40.49828524352781, -40.50770232406369, -40.512971370160294, -40.519454427787544, -40.52131144355289, -40.5255934786801, -40.530644518991394, -40.53164452624836, -40.54594063812869, -40.54668664371483, -40.54704964418137, -40.54847065451006, -40.550742672184356, -40.5530586909271, -40.56042375022697, -40.56453678425042, -40.57076283685126, -40.57889690611534, -40.58134092564841, -40.58939499153709, -40.599503077756665, -40.603354111480854, -40.60907516050334, -40.6093091624824], "geoy": [-4.207683190125216, -4.171838940811023, -4.172790950252117, -4.169594925428115, -4.1686669188110725, -4.169536926905699, -4.168754921838345, -4.170327934494688, -4.1704529367166625, -4.17140094504921, -4.167912920388296, -4.166817913319078, -4.1646188962528505, -4.163200884692942, -4.160095860381343, -4.1502377853034105, -4.145521748230245, -4.139659701258576, -4.138245690392622, -4.134710664052992, -4.128919616453198, -4.122197562060744, -4.120308546965479, -4.113901496791689, -4.108869456759424, -4.106383435110355, -4.103314410278201, -4.099355378775691, -4.098175368477929, -4.08648930591575, -4.086736308708723, -4.089260341525029, -4.09167636499935, -4.093624379915238, -4.097920412511692, -4.102498447926476, -4.105495470740469, -4.114902544579006, -4.117329564800487, -4.124002617406583, -4.129692661714202, -4.13202267926565, -4.1385667298157625, -4.142964766672607, -4.144634780275685, -4.147147799798621, -4.15835188633513, -4.161129905978854, -4.162764914956741, -4.163862923374628, -4.165886939220068, -4.173108996922577, -4.183809080983362, -4.1914651400862235, -4.194176161289662, -4.198907196912249, -4.201714217383226, -4.206893258155972, -4.207948266181548, -4.208477270116184, -4.214825317072794, -4.220175353713287, -4.232920445351351, -4.243436525093679, -4.245848542929397, -4.245747540797148, -4.245303535474996, -4.247575548793015, -4.251078573656841, -4.257343619492887, -4.257548620219111, -4.255396601417961, -4.250449560453036, -4.247915540215295, -4.229144387075669, -4.22762037483679, -4.222016330942624, -4.218434302330115, -4.21521327613774, -4.213501261700174, -4.207405210705513, -4.2059711976036365, -4.2061891964094285, -4.20766520414062, -4.2053411848743885, -4.200982147126924, -4.203183159595657, -4.20592517918844, -4.207668190117209, -4.207683190125216]}}