{"IIS3": {"px": [], "py": [], "pt": [], "pb": [], "x": ["2019-01", "2019-02", "2019-03", "2019-04", "2019-05", "2019-06", "2019-07", "2019-08", "2019-09", "2019-10", "2019-11", "2019-12", "2020-01", "2020-02", "2020-03", "2020-04", "2020-05", "2020-06", "2020-07", "2020-08", "2020-09", "2020-10", "2020-11", "2020-12"], "y": [NaN, NaN, NaN, NaN, NaN, NaN, NaN, NaN, NaN, NaN, NaN, NaN, NaN, NaN, NaN, NaN, NaN, NaN, NaN, NaN, NaN, NaN, NaN, NaN]}, "VHI": {"px": ["2021-01", "2021-02", "2021-03", "2021-04", "2021-05", "2021-06", "2021-07", "2021-08", "2021-09", "2021-10", "2021-11", "2021-12"], "py": [81.94920730589497, 111.55234451039053, 131.01461356426623, 130.04986194034834, 131.5237963219056, 128.32168791333967, 118.29097613141911, 130.94130927150002, 146.79912079223905, 124.71715005658785, 95.40831310845431, 70.51613482257429], "pt": [114.78716283037807, 151.77046202610353, 177.4544954545927, 181.9712282885796, 188.40080342448627, 189.75587701376472, 183.96688681339256, 200.60113196282134, 220.22702114943363, 201.72898164333736, 175.844547840232, 154.2368222976865], "pb": [49.11125178141188, 71.33422699467752, 84.57473167393977, 78.12849559211708, 74.64678921932492, 66.88749881291463, 52.615065449445666, 61.281486580178694, 73.37122043504448, 47.70531846983836, 14.972078376676635, -13.204552652537913], "x": ["2019-01", "2019-02", "2019-03", "2019-04", "2019-05", "2019-06", "2019-07", "2019-08", "2019-09", "2019-10", "2019-11", "2019-12", "2020-01", "2020-02", "2020-03", "2020-04", "2020-05", "2020-06", "2020-07", "2020-08", "2020-09", "2020-10", "2020-11", "2020-12"], "y": [51.42672348022461, 41.233741760253906, 45.69309997558594, 48.84351348876953, 51.347286224365234, 45.99451446533203, 45.99451446533203, 51.600379943847656, 60.39299392700195, 50.3968505859375, 36.255340576171875, 24.231033325195312, 34.12728500366211, 51.47991180419922, 62.95061492919922, 62.287742614746094, 64.2119369506836, 65.22301483154297, 62.130516052246094, 67.44702911376953, 65.19296264648438, 51.79999923706055, 67.22120666503906, 64.97827911376953]}, "spi_01": {"px": [], "py": [], "pt": [], "pb": [], "x": ["2019-01", "2019-02", "2019-03", "2019-04", "2019-05", "2019-06", "2019-07", "2019-08", "2019-09", "2019-10", "2019-11", "2019-12", "2020-01", "2020-02", "2020-03", "2020-04", "2020-05", "2020-06", "2020-07", "2020-08", "2020-09", "2020-10", "2020-11", "2020-12"], "y": [NaN, NaN, NaN, NaN, NaN, NaN, NaN, NaN, NaN, NaN, NaN, NaN, NaN, NaN, NaN, NaN, NaN, NaN, NaN, NaN, NaN, NaN, NaN, NaN]}, "spi_03": {"px": [], "py": [], "pt": [], "pb": [], "x": ["2019-01", "2019-02", "2019-03", "2019-04", "2019-05", "2019-06", "2019-07", "2019-08", "2019-09", "2019-10", "2019-11", "2019-12", "2020-01", "2020-02", "2020-03", "2020-04", "2020-05", "2020-06", "2020-07"], "y": [NaN, NaN, NaN, NaN, NaN, NaN, NaN, NaN, NaN, NaN, NaN, NaN, NaN, NaN, NaN, NaN, NaN, NaN, NaN]}, "spi_06": {"px": [], "py": [], "pt": [], "pb": [], "x": ["2019-01", "2019-02", "2019-03", "2019-04", "2019-05", "2019-06", "2019-07", "2019-08", "2019-09", "2019-10", "2019-11", "2019-12", "2020-01", "2020-02", "2020-03", "2020-04", "2020-05", "2020-06", "2020-07"], "y": [NaN, NaN, NaN, NaN, NaN, NaN, NaN, NaN, NaN, NaN, NaN, NaN, NaN, NaN, NaN, NaN, NaN, NaN, NaN]}, "spi_12": {"px": [], "py": [], "pt": [], "pb": [], "x": ["2019-01", "2019-02", "2019-03", "2019-04", "2019-05", "2019-06", "2019-07", "2019-08", "2019-09", "2019-10", "2019-11", "2019-12", "2020-01", "2020-02", "2020-03", "2020-04", "2020-05", "2020-06", "2020-07", "2020-08", "2020-09", "2020-10", "2020-11", "2020-12"], "y": [NaN, NaN, NaN, NaN, NaN, NaN, NaN, NaN, NaN, NaN, NaN, NaN, NaN, NaN, NaN, NaN, NaN, NaN, NaN, NaN, NaN, NaN, NaN, NaN], "geox": [-40.507743880603556, -40.5058868549248, -40.50766386799166, -40.50701985894963, -40.50846386595059, -40.50777285690927, -40.506184842592184, -40.50672184066595, -40.505394822616395, -40.503722803852796, -40.50161178510388, -40.49996077245228, -40.49811075653955, -40.49835775501299, -40.49674373771587, -40.49536171990862, -40.492086688439954, -40.48952366069403, -40.48773563847096, -40.48613162324941, -40.48288259644958, -40.48037957453231, -40.47885255844925, -40.47840954994585, -40.473805502917415, -40.46609943991002, -40.46498842736296, -40.45988637706767, -40.455861341853776, -40.45616134149999, -40.45437831894847, -40.45096929113144, -40.449274275342745, -40.44485522853653, -40.440996192167404, -40.4361901597348, -40.432742129587574, -40.43105110999126, -40.42516405032548, -40.42424303883662, -40.4217760130261, -40.418500985781556, -40.41601895808303, -40.41315793186112, -40.409688902564696, -40.40633987141536, -40.40357685063373, -40.394942779909435, -40.391666748683505, -40.39233475064586, -40.39141074095427, -40.39144473882956, -40.249804542964945, -40.24993454744236, -40.2454975111329, -40.24263848936435, -40.24194248564463, -40.21288015309334, -40.210748132134626, -40.20715810080388, -40.20398906930289, -40.201471040529, -40.190713929983474, -40.18963391515038, -40.18737889013601, -40.18740688690878, -40.180190811241616, -40.17541477157712, -40.174102765781626, -40.171248743642096, -40.170744741555765, -40.17161575480563, -40.16968774386733, -40.16950574846628, -40.17102577006326, -40.169466759314524, -40.161188694294054, -40.15659864766909, -40.1538306225842, -40.152040607653966, -40.14369452984084, -40.14049650136862, -40.13882048730343, -40.132485441534065, -40.13070242615053, -40.129412411852684, -40.12979441087222, -40.13260642878214, -40.13243742413996, -40.131098410697284, -40.12848638751898, -40.12585735945591, -40.12363534283711, -40.12171932583328, -40.12043230366959, -40.115164251187416, -40.10955020437659, -40.106468180188685, -40.10591117973045, -40.1047731724028, -40.105884195177985, -40.10568319981358, -40.10375018797605, -40.101742180119444, -40.101433182720875, -40.099210172755754, -40.09813716487885, -40.094246130326916, -40.09323311662255, -40.09274411000878, -40.089440077775876, -40.08871306883376, -40.08869606042479, -40.09095906817502, -40.088610047656424, -40.086541033667345, -40.03791891659363, -40.038578922108705, -40.04305396342136, -40.044658974874935, -40.04735300077001, -40.048653010067646, -40.05216605069656, -40.052280055644125, -40.05146505215474, -40.05291106959708, -40.05224606727545, -40.05238507293655, -40.05340708432545, -40.053273089035706, -40.05530211325927, -40.056871142416625, -40.05840715915308, -40.05835116862922, -40.059236179578406, -40.060101192230846, -40.06238421425662, -40.06593624614003, -40.0686262702056, -40.071046289987585, -40.074273318343856, -40.080187366525436, -40.08107937533594, -40.08173738395549, -40.083865404457526, -40.084235413878964, -40.08704944783964, -40.0864104480003, -40.08774246726077, -40.09190350869122, -40.09293152438504, -40.09348453000032, -40.095290543512164, -40.09676555942814, -40.09652756651375, -40.10023659786194, -40.10251161919013, -40.10561264446975, -40.105989645619566, -40.10535563744914, -40.10674264743249, -40.107248648994855, -40.10618562981311, -40.10693563449649, -40.11084666577764, -40.11218367446422, -40.11694471120012, -40.117521713075256, -40.12110573841818, -40.12079273231659, -40.11882170999439, -40.1216837350993, -40.1276047836751, -40.13213682422153, -40.133636842603636, -40.13588386150148, -40.13874788300585, -40.13860287642658, -40.14074189437319, -40.14435092712085, -40.14568893644353, -40.14860496136442, -40.1493559654587, -40.15513001614754, -40.15703803648426, -40.158385048538555, -40.16612911046132, -40.16565910131273, -40.166746109887285, -40.16991413797724, -40.17260216438801, -40.17465418287764, -40.17646920254821, -40.183688260478256, -40.18666827753218, -40.1874192739978, -40.18958228605004, -40.19202630260173, -40.19668733936577, -40.20124737860413, -40.20377339920807, -40.21185745900091, -40.31454332943702, -40.38506489743604, -40.49077974554932, -40.493771768142366, -40.496300789666016, -40.49874780846539, -40.49957481326221, -40.50113682758082, -40.507743880603556],