{"IIS3": {"px": [], "py": [], "pt": [], "pb": [], "x": ["2019-01", "2019-02", "2019-03", "2019-04", "2019-05", "2019-06", "2019-07", "2019-08", "2019-09", "2019-10", "2019-11", "2019-12", "2020-01", "2020-02", "2020-03", "2020-04", "2020-05", "2020-06", "2020-07", "2020-08", "2020-09", "2020-10", "2020-11", "2020-12"], "y": [NaN, NaN, NaN, NaN, NaN, NaN, NaN, NaN, NaN, NaN, NaN, NaN, NaN, NaN, NaN, NaN, NaN, NaN, NaN, NaN, NaN, NaN, NaN, NaN]}, "VHI": {"px": ["2021-01", "2021-02", "2021-03", "2021-04", "2021-05", "2021-06", "2021-07", "2021-08", "2021-09", "2021-10", "2021-11", "2021-12"], "py": [128.56760532112295, 158.6373079638866, 154.8948476357585, 146.4393818804824, 154.93970393409694, 145.50020925697123, 156.81579622601328, 109.05157057288261, 87.63541941601589, 95.52732942738143, 87.46306994879168, 63.23220685916556], "pt": [157.56244388126055, 194.148587699049, 195.89974141356834, 192.28424679499577, 205.1602372280644, 199.74458490671955, 214.8054730222459, 170.55891111230142, 152.46984904667238, 163.5262528808675, 158.4856291545368, 137.15483019893946], "pb": [99.57276676098536, 123.12602822872421, 113.88995385794868, 100.594516965969, 104.71917064012948, 91.25583360722291, 98.82611942978065, 47.544230033463805, 22.80098978535942, 27.52840597389536, 16.44051074304656, -10.690416480608349], "x": ["2019-01", "2019-02", "2019-03", "2019-04", "2019-05", "2019-06", "2019-07", "2019-08", "2019-09", "2019-10", "2019-11", "2019-12", "2020-01", "2020-02", "2020-03", "2020-04", "2020-05", "2020-06", "2020-07", "2020-08", "2020-09", "2020-10", "2020-11", "2020-12"], "y": [58.8763542175293, 64.38166046142578, 59.53807067871094, 63.049835205078125, 68.21269989013672, 64.73863983154297, 64.73863983154297, 41.47319030761719, 31.359546661376953, 35.172767639160156, 31.14706039428711, 19.495479583740234, 54.346614837646484, 68.82201385498047, 67.59146881103516, 64.0941390991211, 70.19129943847656, 68.34711456298828, 54.63813018798828, 48.25310134887695, 45.626766204833984, 45.07746887207031, 65.48097229003906, 58.05825424194336]}, "spi_01": {"px": ["2021-01", "2021-02", "2021-03", "2021-04", "2021-05", "2021-06", "2021-07", "2021-08", "2021-09", "2021-10", "2021-11", "2021-12"], "py": [0.7417907795979626, 0.9460872630714556, 2.358913172913824, 0.4503910681226406, 1.0274316676253301, -0.5276158611521315, 0.5387679530797058, 0.0033650613980575894, 1.6598338904144962, 0.24616418321413347, -0.1379003789127513, -0.4076931974660416], "pt": [2.5051184444185495, 2.709414927892043, 4.122240837734411, 2.213718732943229, 2.7907593324459183, 1.2357118036684565, 2.302095617900294, 1.766692726218646, 3.423161555235085, 2.0094918480347226, 1.625427285907838, 1.3556344673545482], "pb": [-1.0215368852226248, -0.8172404017491322, 0.5955855080932362, -1.3129365966979476, -0.7358959971952581, -2.29094352597272, -1.2245597117408824, -1.759962603422531, -0.10349377440609242, -1.5171634816064556, -1.9012280437333404, -2.171020862286631], "x": ["2019-01", "2019-02", "2019-03", "2019-04", "2019-05", "2019-06", "2019-07", "2019-08", "2019-09", "2019-10", "2019-11", "2019-12", "2020-01", "2020-02", "2020-03", "2020-04", "2020-05", "2020-06", "2020-07", "2020-08", "2020-09", "2020-10", "2020-11", "2020-12"], "y": [-0.32217082381248474, 0.4775782525539398, 0.6610527634620667, 1.1235181093215942, 0.7916696071624756, 0.020582759752869606, 0.39382651448249817, -0.07446075230836868, 1.5981141328811646, 0.21133531630039215, -0.20503544807434082, -0.48776891827583313, 0.6010492444038391, 0.7489470839500427, 1.8830457925796509, 0.08178824186325073, 0.6616209149360657, -0.6544310450553894, -0.12998153269290924, -0.3633287847042084, -0.4612386226654053, -0.24290287494659424, 2.201636791229248, -0.8985564112663269]}, "spi_03": {"px": [], "py": [], "pt": [], "pb": [], "x": ["2019-01", "2019-02", "2019-03", "2019-04", "2019-05", "2019-06", "2019-07", "2019-08", "2019-09", "2019-10", "2019-11", "2019-12", "2020-01", "2020-02", "2020-03", "2020-04", "2020-05", "2020-06", "2020-07"], "y": [0.6786236763000488, 0.7556830048561096, 0.2111222743988037, 0.9601995348930359, 1.0285207033157349, 1.0572706460952759, 0.6164184212684631, -0.08045122027397156, 0.5578328967094421, 0.4837670624256134, 0.5229273438453674, -0.5561972260475159, 0.3160703480243683, 0.5857383012771606, 1.4739733934402466, 1.2754803895950317, 1.2044076919555664, 0.16878806054592133, 0.2582334578037262]}, "spi_06": {"px": [], "py": [], "pt": [], "pb": [], "x": ["2019-01", "2019-02", "2019-03", "2019-04", "2019-05", "2019-06", "2019-07", "2019-08", "2019-09", "2019-10", "2019-11", "2019-12", "2020-01", "2020-02", "2020-03", "2020-04", "2020-05", "2020-06", "2020-07"], "y": [0.6966230273246765, 0.7915231585502625, 0.8170723915100098, 1.0095797777175903, 1.0230547189712524, 0.6386423707008362, 0.9054222106933594, 0.9193127751350403, 1.0036290884017944, 0.5948393940925598, -0.10990103334188461, -0.32820382714271545, 0.30999407172203064, 0.5922980308532715, 1.2790260314941406, 1.103284478187561, 1.0780377388000488, 1.1545621156692505, 1.0964303016662598]}, "spi_12": {"px": ["2021-01", "2021-02", "2021-03", "2021-04", "2021-05", "2021-06", "2021-07", "2021-08", "2021-09", "2021-10", "2021-11", "2021-12"], "py": [1.555382292324313, 1.750501028513452, 2.5086595216820564, 2.159073758782233, 1.9456742395242577, 1.886377809651023, 2.075201907436739, 2.023982590190135, 1.996268862771986, 1.8533806511449704, 1.8208488613781642, 1.2546231382691815], "pt": [2.1014559801157926, 2.4193019753769733, 3.280924334134948, 3.022492066776831, 2.89150160675763, 2.9079881280381112, 3.167349276916849, 3.1823798064720457, 3.217326742119659, 3.134036958959207, 3.1584507501222507, 2.64684332444632], "pb": [1.0093086045328334, 1.0817000816499305, 1.7363947092291654, 1.2956554507876343, 0.999846872290886, 0.8647674912639349, 0.9830545379566287, 0.8655853739082242, 0.775210983424313, 0.5727243433307336, 0.4832469726340771, -0.1375970479079569], "x": ["2019-01", "2019-02", "2019-03", "2019-04", "2019-05", "2019-06", "2019-07", "2019-08", "2019-09", "2019-10", "2019-11", "2019-12", "2020-01", "2020-02", "2020-03", "2020-04", "2020-05", "2020-06", "2020-07", "2020-08", "2020-09", "2020-10", "2020-11", "2020-12"], "y": [0.6755731701850891, 0.5293877720832825, 0.6716878414154053, 0.8477717041969299, 1.0032232999801636, 1.0465248823165894, 1.0002778768539429, 0.981524646282196, 1.0092161893844604, 0.950075089931488, 0.9377946853637695, 0.5179608464241028, 0.8222572207450867, 0.9627650380134583, 1.5243486166000366, 1.2465823888778687, 1.0826150178909302, 1.061841368675232, 1.0069514513015747, 0.9794182777404785, 0.9366996884346008, 0.9245097041130066, 1.0804389715194702, 1.1389293670654297],