{"IIS3": {"px": [], "py": [], "pt": [], "pb": [], "x": ["2019-01", "2019-02", "2019-03", "2019-04", "2019-05", "2019-06", "2019-07", "2019-08", "2019-09", "2019-10", "2019-11", "2019-12", "2020-01", "2020-02", "2020-03", "2020-04", "2020-05", "2020-06", "2020-07", "2020-08", "2020-09", "2020-10", "2020-11", "2020-12"], "y": [NaN, NaN, NaN, NaN, NaN, NaN, NaN, NaN, NaN, NaN, NaN, NaN, NaN, NaN, NaN, NaN, NaN, NaN, NaN, NaN, NaN, NaN, NaN, NaN]}, "VHI": {"px": ["2021-01", "2021-02", "2021-03", "2021-04", "2021-05", "2021-06", "2021-07", "2021-08", "2021-09", "2021-10", "2021-11", "2021-12"], "py": [61.04171759274769, 62.870467098340285, 55.51431766665864, 53.00603455962444, 54.55313430701169, 64.21949195637613, 58.39399356471408, 62.331845561674996, 63.04380188124955, 58.95106982228475, 56.06554879622625, 51.58786613444103], "pt": [67.31823766806511, 69.41168628741518, 62.30993336379608, 60.04686099739719, 61.83091426730856, 71.72675013590863, 66.12392044650389, 70.27820408753297, 71.20085147317522, 67.31350381417933, 64.62844237798078, 60.34663264098245], "pb": [54.765197517430266, 56.32924790926539, 48.718701969521206, 45.96520812185169, 47.27535434671482, 56.71223377684363, 50.66406668292427, 54.38548703581702, 54.88675228932388, 50.588635830390174, 47.50265521447173, 42.82909962789961], "x": ["2019-01", "2019-02", "2019-03", "2019-04", "2019-05", "2019-06", "2019-07", "2019-08", "2019-09", "2019-10", "2019-11", "2019-12", "2020-01", "2020-02", "2020-03", "2020-04", "2020-05", "2020-06", "2020-07", "2020-08", "2020-09", "2020-10", "2020-11", "2020-12"], "y": [51.910274505615234, 49.81209945678711, 49.5107421875, 51.02649688720703, 49.831390380859375, 50.51816940307617, 50.51816940307617, 54.51466751098633, 55.42038345336914, 51.40951919555664, 48.50187301635742, 44.60499954223633, 55.973793029785156, 57.99913787841797, 50.96951675415039, 48.61089324951172, 50.514259338378906, 60.23530578613281, 57.32563400268555, 58.27442169189453, 55.65884017944336, 56.19548416137695, 58.40082931518555, 48.93185043334961]}, "spi_01": {"px": ["2021-01", "2021-02", "2021-03", "2021-04", "2021-05", "2021-06", "2021-07", "2021-08", "2021-09", "2021-10", "2021-11", "2021-12"], "py": [1.0094772894444475, 2.0692761105648327, 1.3064475142924135, 1.3147975801031846, 1.2646151099126772, 0.38635936524999126, 0.7779083008542043, 0.34596474907399966, 0.5938008611210446, 0.5277683611430923, -0.5292868659403025, 1.285066026592098], "pt": [2.783017059095215, 3.8428158802156, 3.079987283943181, 3.088337349753953, 3.0381548795634448, 2.1598991349007592, 2.5514480705049722, 2.119504518724768, 2.367340630771813, 2.3013081307938617, 1.2442529037104668, 3.058605796242867], "pb": [-0.7640624802063196, 0.2957363409140652, -0.4670922553583541, -0.4587421895475834, -0.5089246597380908, -1.387180404400777, -0.995631468796564, -1.427575020576769, -1.179738908529724, -1.2457714085076768, -2.302826635591072, -0.48847374305867164], "x": ["2019-01", "2019-02", "2019-03", "2019-04", "2019-05", "2019-06", "2019-07", "2019-08", "2019-09", "2019-10", "2019-11", "2019-12", "2020-01", "2020-02", "2020-03", "2020-04", "2020-05", "2020-06", "2020-07", "2020-08", "2020-09", "2020-10", "2020-11", "2020-12"], "y": [0.5947789549827576, 1.2945548295974731, 1.7135318517684937, 0.676413893699646, 0.7321672439575195, 0.5366970300674438, 0.3606374263763428, -0.014340750873088837, 0.14220982789993286, 0.040223024785518646, -0.8011652827262878, 0.590318500995636, 0.45344221591949463, 1.251543402671814, 0.5981966257095337, 0.6207326054573059, 0.6931520700454712, 0.0167304128408432, 0.4812365770339966, -0.7956873178482056, 0.05078282207250595, 0.6594964861869812, 1.1335618495941162, -0.004437685944139957]}, "spi_03": {"px": [], "py": [], "pt": [], "pb": [], "x": ["2019-01", "2019-02", "2019-03", "2019-04", "2019-05", "2019-06", "2019-07", "2019-08", "2019-09", "2019-10", "2019-11", "2019-12", "2020-01", "2020-02", "2020-03", "2020-04", "2020-05", "2020-06", "2020-07"], "y": [1.105165958404541, 1.3557848930358887, 1.4460668563842773, 1.5581417083740234, 1.419252872467041, 0.8514098525047302, 0.7181895971298218, 0.3464496433734894, 0.13856729865074158, -0.17636552453041077, -0.3480061888694763, 0.1209428682923317, 0.42276567220687866, 0.9495707154273987, 0.8892104625701904, 1.0091887712478638, 0.793580949306488, 0.6644441485404968, 0.5536788105964661]}, "spi_06": {"px": [], "py": [], "pt": [], "pb": [], "x": ["2019-01", "2019-02", "2019-03", "2019-04", "2019-05", "2019-06", "2019-07", "2019-08", "2019-09", "2019-10", "2019-11", "2019-12", "2020-01", "2020-02", "2020-03", "2020-04", "2020-05", "2020-06", "2020-07"], "y": [0.9325025081634521, 1.3289670944213867, 1.6222891807556152, 1.5330740213394165, 1.6534790992736816, 1.507736086845398, 1.5313544273376465, 1.2824130058288574, 0.7393081188201904, 0.5939541459083557, 0.16905423998832703, -0.0030497461557388306, 0.2821741998195648, 0.8834688663482666, 0.8486515283584595, 0.8748553991317749, 0.9988421201705933, 0.9632865786552429, 0.9975736737251282]}, "spi_12": {"px": ["2021-01", "2021-02", "2021-03", "2021-04", "2021-05", "2021-06", "2021-07", "2021-08", "2021-09", "2021-10", "2021-11", "2021-12"], "py": [0.9236196833993913, 0.9821184962975584, 0.6944413541930909, 0.7437735827474663, 0.858903282232077, 0.7660057967924705, 1.011704291278443, 0.9072269727727491, 0.8584254214894176, 0.8485193447823964, 0.8492770423241658, 0.8140397066669833], "pt": [1.6518320635428378, 1.873992871947113, 1.724289174643463, 1.8951784483931178, 2.1202041170762387, 2.128366405194181, 2.4681290434269285, 2.451998700251239, 2.4867577958414646, 2.556328746533387, 2.6330257869782923, 2.6706242631580883], "pb": [0.1954073032559447, 0.09024412064800402, -0.3354064662572809, -0.4076312828981852, -0.40239755261208465, -0.5963548116092399, -0.44472046087004236, -0.6375447547057405, -0.7699069528626297, -0.8592900569685937, -0.9344717023299609, -1.0425448498241217], "x": ["2019-01", "2019-02", "2019-03", "2019-04", "2019-05", "2019-06", "2019-07", "2019-08", "2019-09", "2019-10", "2019-11", "2019-12", "2020-01", "2020-02", "2020-03", "2020-04", "2020-05", "2020-06", "2020-07", "2020-08", "2020-09", "2020-10", "2020-11", "2020-12"], "y": [0.2961257994174957, 0.27635037899017334, 0.9787628650665283, 1.3339564800262451, 1.7122926712036133, 1.7696776390075684, 1.5494389533996582, 1.5220677852630615, 1.5150179862976074, 1.4969251155853271, 1.4656134843826294, 1.3676539659500122, 1.3534833192825317, 1.3734159469604492, 0.9917788505554199, 1.0036735534667969, 1.0896310806274414, 0.9512656331062317, 0.8946222066879272, 0.8647416830062866, 0.8541826009750366, 0.8549245595932007, 0.8934811353683472, 0.8962421417236328],