{"IIS3": {"px": [], "py": [], "pt": [], "pb": [], "x": ["2019-01", "2019-02", "2019-03", "2019-04", "2019-05", "2019-06", "2019-07", "2019-08", "2019-09", "2019-10", "2019-11", "2019-12", "2020-01", "2020-02", "2020-03", "2020-04", "2020-05", "2020-06", "2020-07", "2020-08", "2020-09", "2020-10", "2020-11", "2020-12"], "y": [NaN, NaN, NaN, NaN, NaN, NaN, NaN, NaN, NaN, NaN, NaN, NaN, NaN, NaN, NaN, NaN, NaN, NaN, NaN, NaN, NaN, NaN, NaN, NaN]}, "VHI": {"px": ["2021-01", "2021-02", "2021-03", "2021-04", "2021-05", "2021-06", "2021-07", "2021-08", "2021-09", "2021-10", "2021-11", "2021-12"], "py": [81.63016412876722, 103.89886284402009, 104.82281229832549, 91.63449581702211, 77.226762499321, 80.75436005278326, 89.62472380712543, 109.39063180015373, 111.35907201633586, 101.04072884309313, 69.6195096709452, 47.15831119471373], "pt": [106.76200769391465, 134.6789592826069, 140.36460618319248, 131.37142937184024, 120.75639222581526, 127.77173386195466, 139.88841065655004, 162.70332251711795, 167.55558229293888, 159.980126049495, 131.17970231878925, 111.23219116639437], "pb": [56.498320563619785, 73.11876640543326, 69.2810184134585, 51.89756226220398, 33.69713277282672, 33.73698624361184, 39.36103695770082, 56.0779410831895, 55.16256173973285, 42.10133163669128, 8.059317023101151, -16.915568776966907], "x": ["2019-01", "2019-02", "2019-03", "2019-04", "2019-05", "2019-06", "2019-07", "2019-08", "2019-09", "2019-10", "2019-11", "2019-12", "2020-01", "2020-02", "2020-03", "2020-04", "2020-05", "2020-06", "2020-07", "2020-08", "2020-09", "2020-10", "2020-11", "2020-12"], "y": [33.63176345825195, 31.900585174560547, 45.17264175415039, 45.83305740356445, 43.04161834716797, 38.3720588684082, 38.3720588684082, 48.9837646484375, 50.345882415771484, 44.290000915527344, 27.191944122314453, 15.287333488464355, 33.30263900756836, 43.731388092041016, 43.32866668701172, 36.21236038208008, 29.60161590576172, 33.088470458984375, 32.31235122680664, 40.34103012084961, 44.02399826049805, 38.974586486816406, 46.27308654785156, 45.20705795288086]}, "spi_01": {"px": ["2021-01", "2021-02", "2021-03", "2021-04", "2021-05", "2021-06", "2021-07", "2021-08", "2021-09", "2021-10", "2021-11", "2021-12"], "py": [2.7142476184992983, 3.2979634365328376, 6.7587724858621225, 3.8531488590620526, 0.06789910252018094, 0.6112431990791993, 4.358761667395697, -0.6394416734313157, 0.8583167460986005, 0.6593683312198677, 1.7497731321348287, 0.4377724001763119], "pt": [5.371791760187708, 6.026905757861622, 9.557292008977207, 6.719557212624611, 3.0006251683998704, 3.6088201381430007, 7.419815870398978, 2.483799937754247, 4.04253148288347, 3.9034103805889693, 5.052558948107736, 3.7982752605096826], "pb": [0.05670347681088872, 0.5690211152040541, 3.960252962747039, 0.9867405054994944, -2.8648269633595085, -2.3863337399846016, 1.297707464392417, -3.762683284616879, -2.325897990686269, -2.5846737181492334, -1.5530126838380784, -2.9227304601570587], "x": ["2019-01", "2019-02", "2019-03", "2019-04", "2019-05", "2019-06", "2019-07", "2019-08", "2019-09", "2019-10", "2019-11", "2019-12", "2020-01", "2020-02", "2020-03", "2020-04", "2020-05", "2020-06", "2020-07", "2020-08", "2020-09", "2020-10", "2020-11", "2020-12"], "y": [-0.47642409801483154, -1.0119925737380981, -0.49944400787353516, 0.6990160346031189, -0.21389247477054596, -0.6527883410453796, 0.5263420343399048, -1.735446572303772, -0.8854737877845764, -0.899055004119873, -0.34808337688446045, -1.0846067667007446, 0.4125579297542572, 0.7432870864868164, 2.853121042251587, 1.1725863218307495, -1.0207818746566772, -0.6152948141098022, -0.9095234274864197, 0.3510093688964844, -0.8708626627922058, 0.37557992339134216, 1.2638267278671265, 0.6247271299362183]}, "spi_03": {"px": [], "py": [], "pt": [], "pb": [], "x": ["2019-01", "2019-02", "2019-03", "2019-04", "2019-05", "2019-06", "2019-07", "2019-08", "2019-09", "2019-10", "2019-11", "2019-12", "2020-01", "2020-02", "2020-03", "2020-04", "2020-05", "2020-06", "2020-07"], "y": [0.22319035232067108, -0.8715177178382874, -0.940394401550293, -0.39187729358673096, 0.02195725403726101, 0.27615442872047424, -0.3410722315311432, -0.6452177166938782, -1.0186898708343506, -1.7853586673736572, -1.180776834487915, -1.3765852451324463, -0.5169809460639954, 0.13319791853427887, 2.2375941276550293, 2.3453404903411865, 1.9727749824523926, 0.4419180750846863, -1.259818196296692]}, "spi_06": {"px": [], "py": [], "pt": [], "pb": [], "x": ["2019-01", "2019-02", "2019-03", "2019-04", "2019-05", "2019-06", "2019-07", "2019-08", "2019-09", "2019-10", "2019-11", "2019-12", "2020-01", "2020-02", "2020-03", "2020-04", "2020-05", "2020-06", "2020-07"], "y": [-0.08448901027441025, -0.5210275650024414, -0.5877674221992493, -0.17435722053050995, -0.4841276705265045, -0.5718416571617126, -0.46509113907814026, -0.07886610180139542, 0.0703478753566742, -1.1128590106964111, -1.2321046590805054, -1.5819897651672363, -1.0018084049224854, -0.3235085606575012, 1.5390547513961792, 1.6883893013000488, 1.4780365228652954, 1.817302942276001, 1.912434458732605]}, "spi_12": {"px": ["2021-01", "2021-02", "2021-03", "2021-04", "2021-05", "2021-06", "2021-07", "2021-08", "2021-09", "2021-10", "2021-11", "2021-12"], "py": [2.2398079493337244, 3.877075356408281, 8.237179410257719, 7.923890457143036, 7.1086931601921055, 6.630437308553956, 7.387666410466393, 7.093483403367873, 6.048385564371916, 5.446664708855798, 3.554464399557565, 2.3190742016954458], "pt": [3.821784464016976, 5.814592974616658, 10.474432044344077, 10.425214941608186, 9.848756846394185, 9.590044348737134, 10.551619422152932, 10.449362347552064, 9.585792568927271, 9.156728474309944, 7.429499621538685, 6.352338735476087], "pb": [0.6578314346504728, 1.9395577381999045, 5.99992677617136, 5.422565972677888, 4.368629473990025, 3.6708302683707794, 4.2237133987798545, 3.7376044591836814, 2.51097855981656, 1.7366009434016534, -0.32057082242355595, -1.7141903320851952], "x": ["2019-01", "2019-02", "2019-03", "2019-04", "2019-05", "2019-06", "2019-07", "2019-08", "2019-09", "2019-10", "2019-11", "2019-12", "2020-01", "2020-02", "2020-03", "2020-04", "2020-05", "2020-06", "2020-07", "2020-08", "2020-09", "2020-10", "2020-11", "2020-12"], "y": [-1.107547640800476, -1.0728607177734375, -0.9462898373603821, -0.543030858039856, -0.4190385341644287, -0.4173475205898285, -0.3815959095954895, -0.4006507396697998, -0.48529818654060364, -0.4668423533439636, -0.7928966879844666, -1.0191491842269897, -0.83134925365448, -0.26584064960479736, 1.2283772230148315, 1.2818944454193115, 1.1731890439987183, 1.2037378549575806, 1.1802843809127808, 1.1906710863113403, 1.2342958450317383, 1.3070709705352783, 1.490572452545166, 1.751397728919983],