{"IIS3": {"px": [], "py": [], "pt": [], "pb": [], "x": ["2019-01", "2019-02", "2019-03", "2019-04", "2019-05", "2019-06", "2019-07", "2019-08", "2019-09", "2019-10", "2019-11", "2019-12", "2020-01", "2020-02", "2020-03", "2020-04", "2020-05", "2020-06", "2020-07", "2020-08", "2020-09", "2020-10", "2020-11", "2020-12"], "y": [NaN, NaN, NaN, NaN, NaN, NaN, NaN, NaN, NaN, NaN, NaN, NaN, NaN, NaN, NaN, NaN, NaN, NaN, NaN, NaN, NaN, NaN, NaN, NaN]}, "VHI": {"px": ["2021-01", "2021-02", "2021-03", "2021-04", "2021-05", "2021-06", "2021-07", "2021-08", "2021-09", "2021-10", "2021-11", "2021-12"], "py": [47.817913824252145, 49.71316218406129, 53.01987289744274, 60.017184633188734, 63.16458475228849, 59.414552183718754, 54.66035889373285, 53.05452072307489, 61.779184684267136, 61.3279815459896, 57.574215611345636, 48.079854391391706], "pt": [53.98823670773456, 56.25346106759295, 59.910310799740714, 67.24080972623747, 70.70669218220635, 67.26222760284263, 62.802142143329945, 61.48015182602016, 70.47940792751888, 70.2943916125612, 66.79913482407675, 57.556233419317635], "pb": [41.64759094076973, 43.17286330052963, 46.12943499514476, 52.793559540139995, 55.62247732237063, 51.56687676459488, 46.51857564413575, 44.62888962012961, 53.078961441015394, 52.361571479418004, 48.34929639861453, 38.603475363465776], "x": ["2019-01", "2019-02", "2019-03", "2019-04", "2019-05", "2019-06", "2019-07", "2019-08", "2019-09", "2019-10", "2019-11", "2019-12", "2020-01", "2020-02", "2020-03", "2020-04", "2020-05", "2020-06", "2020-07", "2020-08", "2020-09", "2020-10", "2020-11", "2020-12"], "y": [41.90837478637695, 41.027626037597656, 43.13162612915039, 51.60139846801758, 54.17537307739258, 47.98775100708008, 47.98775100708008, 46.74879837036133, 55.36030197143555, 55.36212158203125, 52.15546417236328, 43.58799743652344, 45.53109359741211, 47.65296936035156, 50.97462463378906, 57.39453125, 60.181495666503906, 56.723304748535156, 51.30299758911133, 54.499122619628906, 53.930198669433594, 51.2244987487793, 54.239501953125, 49.88616180419922]}, "spi_01": {"px": [], "py": [], "pt": [], "pb": [], "x": ["2019-01", "2019-02", "2019-03", "2019-04", "2019-05", "2019-06", "2019-07", "2019-08", "2019-09", "2019-10", "2019-11", "2019-12", "2020-01", "2020-02", "2020-03", "2020-04", "2020-05", "2020-06", "2020-07", "2020-08", "2020-09", "2020-10", "2020-11", "2020-12"], "y": [NaN, NaN, NaN, NaN, NaN, NaN, NaN, NaN, NaN, NaN, NaN, NaN, NaN, NaN, NaN, NaN, NaN, NaN, NaN, NaN, NaN, NaN, NaN, NaN]}, "spi_03": {"px": [], "py": [], "pt": [], "pb": [], "x": ["2019-01", "2019-02", "2019-03", "2019-04", "2019-05", "2019-06", "2019-07", "2019-08", "2019-09", "2019-10", "2019-11", "2019-12", "2020-01", "2020-02", "2020-03", "2020-04", "2020-05", "2020-06", "2020-07"], "y": [NaN, NaN, NaN, NaN, NaN, NaN, NaN, NaN, NaN, NaN, NaN, NaN, NaN, NaN, NaN, NaN, NaN, NaN, NaN]}, "spi_06": {"px": [], "py": [], "pt": [], "pb": [], "x": ["2019-01", "2019-02", "2019-03", "2019-04", "2019-05", "2019-06", "2019-07", "2019-08", "2019-09", "2019-10", "2019-11", "2019-12", "2020-01", "2020-02", "2020-03", "2020-04", "2020-05", "2020-06", "2020-07"], "y": [NaN, NaN, NaN, NaN, NaN, NaN, NaN, NaN, NaN, NaN, NaN, NaN, NaN, NaN, NaN, NaN, NaN, NaN, NaN]}, "spi_12": {"px": [], "py": [], "pt": [], "pb": [], "x": ["2019-01", "2019-02", "2019-03", "2019-04", "2019-05", "2019-06", "2019-07", "2019-08", "2019-09", "2019-10", "2019-11", "2019-12", "2020-01", "2020-02", "2020-03", "2020-04", "2020-05", "2020-06", "2020-07", "2020-08", "2020-09", "2020-10", "2020-11", "2020-12"], "y": [NaN, NaN, NaN, NaN, NaN, NaN, NaN, NaN, NaN, NaN, NaN, NaN, NaN, NaN, NaN, NaN, NaN, NaN, NaN, NaN, NaN, NaN, NaN, NaN], "geox": [-39.668797267318766, -39.66263020039164, -39.65393811264524, -39.650838076030304, -39.64573802643936, -39.639542958649145, -39.63938094927942, -39.638076933810396, -39.629298843620404, -39.627793825145474, -39.62607580911731, -39.621299768984024, -39.615231708656886, -39.611780676621414, -39.60446161271321, -39.60204558929968, -39.59884855479476, -39.59666253626571, -39.591434494925636, -39.58732145257075, -39.578525387561875, -39.573160351717334, -39.571233337122486, -39.569581326034665, -39.56663331061151, -39.56451529441702, -39.56104226137468, -39.558321238727714, -39.55573421582882, -39.551718178399426, -39.54985716339828, -39.54668514511029, -39.547131156466534, -39.54613215011879, -39.542933124356004, -39.53896409565853, -39.53507406434504, -39.53201603835129, -39.52902001021339, -39.52606497979403, -39.52007191888755, -39.51474187015442, -39.506659807878684, -39.50652381250433, -39.50555380851707, -39.50204778015555, -39.503604804218305, -39.50249079591605, -39.49988177171535, -39.4968817469416, -39.49602174415037, -39.49462473325866, -39.48793067067374, -39.483520628189055, -39.47993259682699, -39.47079251991284, -39.46560546565143, -39.45771139696402, -39.45543437573293, -39.44951431272326, -39.44838030198292, -39.442654246360306, -39.4367651973231, -39.43457417757547, -39.431601155200234, -39.429383137124624, -39.42740311925506, -39.42376408921736, -39.42206107445028, -39.41898304399317, -39.41757603164842, -39.414046005981, -39.40913796698948, -39.40449792756418, -39.40160190119664, -39.40076789632168, -39.401160900882445, -39.40510093988684, -39.4072969632534, -39.40532794688421, -39.40457794345215, -39.40132791849332, -39.40066191595878, -39.39915090413771, -39.39592987624611, -39.393436857080616, -39.39254785633877, -39.388963827798754, -39.387762816998695, -39.383627775193574, -39.376368696985566, -39.37562968996175, -39.37455068151495, -39.37407568269076, -39.37229566938009, -39.3689886518276, -39.369321659082104, -39.37237268967176, -39.37157568773868, -39.36943967123651, -39.36893567043444, -39.36929767650433, -39.3710676926853, -39.372165704227044, -39.37281571959166, -39.37546674455241, -39.37590074994217, -39.374801745925204, -39.37503975081192, -39.376626768018724, -39.377430781837916, -39.378949797244324, -39.382621831469045, -39.38304783693142, -39.37953681364637, -39.37499077922922, -39.3728487598772, -39.37174175179656, -39.36985573473033, -39.36801971659164, -39.36698470463929, -39.366410696289435, -39.366516695257765, -39.367821704037425, -39.3672656975811, -39.365767684540174, -39.362847654741955, -39.356796597675775, -39.355097575104104, -39.34906951862916, -39.34877352299044, -39.35162755512664, -39.352907574763925, -39.352690583391045, -39.35685563888811, -39.357738663276535, -39.35996069034535, -39.36084769901213, -39.35993469412286, -39.36015870167989, -39.358548692776196, -39.35856369691545, -39.35701968887579, -39.35688469133292, -39.360601729003186, -39.36009572669542, -39.356320697657495, -39.35412268738683, -39.354020691053314, -39.35687572335842, -39.35671772534639, -39.354633709801334, -39.355350718182386, -39.35790674192367, -39.358237740399076, -39.3608537615386, -39.361578764049206, -39.36435178843517, -39.36577079731029, -39.36977082881546, -39.37695588612139, -39.3792359061706, -39.382738934323676, -39.38305493240657, -39.38399093696742, -39.384905944117705, -39.3884539782074, -39.38963098822399, -39.391593002211025, -39.394270024388554, -39.39482702704963, -39.39818205625245, -39.39932506401902, -39.39695903962981, -39.396798036483716, -39.397937043657066, -39.39738503658219, -39.397654030518254, -39.39157597487024, -39.39299197923213, -39.394936996479686, -39.395428003624914, -39.39799102266817, -39.40049504484803, -39.40260106135, -39.40144004713699, -39.40444206980357, -39.40540907519169, -39.40760609255875, -39.40912810130845, -39.412217126600645, -39.41599015360512, -39.417932170804804, -39.41738216371003, -39.41973718481246, -39.42123820053355, -39.42268921019113, -39.42282621338431, -39.42393722335879, -39.425325234098565, -39.426404241855806, -39.425634226465185, -39.42883724978103, -39.43065326538178, -39.43307129099671, -39.435045307900104, -39.43654232264131, -39.43842833906868, -39.44104436542865, -39.445073400788516, -39.4471014226262, -39.44887643891326, 