{"IIS3": {"px": [], "py": [], "pt": [], "pb": [], "x": ["2019-01", "2019-02", "2019-03", "2019-04", "2019-05", "2019-06", "2019-07", "2019-08", "2019-09", "2019-10", "2019-11", "2019-12", "2020-01", "2020-02", "2020-03", "2020-04", "2020-05", "2020-06", "2020-07", "2020-08", "2020-09", "2020-10", "2020-11", "2020-12"], "y": [NaN, NaN, NaN, NaN, NaN, NaN, NaN, NaN, NaN, NaN, NaN, NaN, NaN, NaN, NaN, NaN, NaN, NaN, NaN, NaN, NaN, NaN, NaN, NaN]}, "VHI": {"px": ["2021-01", "2021-02", "2021-03", "2021-04", "2021-05", "2021-06", "2021-07", "2021-08", "2021-09", "2021-10", "2021-11", "2021-12"], "py": [45.41739298306538, 58.22845668349922, 59.10331347824474, 59.17791566930194, 61.153365306214695, 69.07136099453703, 68.99943281348246, 81.80406711856156, 58.91232689578629, 55.44482170650021, 42.58390245516388, 28.16678481632198], "pt": [61.78291805623837, 74.5939817566722, 75.46883855141773, 75.54344074247493, 77.51889037938768, 85.43688606771002, 85.36495788665545, 98.16959219173455, 75.27785196895928, 71.81034677967321, 58.949427528336884, 44.53230988949498], "pb": [29.0518679098924, 41.86293161032623, 42.737788405071754, 42.81239059612895, 44.787840233041706, 52.70583592136404, 52.63390774030947, 65.43854204538857, 42.546801822613304, 39.0792966333272, 26.218377381990877, 11.801259743148975], "x": ["2019-01", "2019-02", "2019-03", "2019-04", "2019-05", "2019-06", "2019-07", "2019-08", "2019-09", "2019-10", "2019-11", "2019-12", "2020-01", "2020-02", "2020-03", "2020-04", "2020-05", "2020-06", "2020-07", "2020-08", "2020-09", "2020-10", "2020-11", "2020-12"], "y": [53.37431716918945, 54.396209716796875, 59.94840621948242, 56.47818374633789, 57.9327278137207, 63.36954116821289, 63.36954116821289, 74.52570343017578, 52.80120849609375, 49.173030853271484, 37.08356857299805, 23.74519920349121, 40.50871276855469, 52.72314453125, 54.06879806518555, 53.939998626708984, 55.39560317993164, 64.04248046875, 68.94446563720703, 78.02112579345703, 63.74176025390625, 35.45272445678711, 43.54666519165039, 45.93050765991211]}, "spi_01": {"px": ["2021-01", "2021-02", "2021-03", "2021-04", "2021-05", "2021-06", "2021-07", "2021-08", "2021-09", "2021-10", "2021-11", "2021-12"], "py": [1.3578675059578975, 1.1192176109540606, 3.76096911428633, 2.4304383026340055, -0.7293232522705759, 2.1204608261917093, 3.5969222879491403, 1.2570652809671765, 1.5881422592851244, 1.3458849850703825, -2.2869510809966505, 0.5985450182074814], "pt": [5.698170199512726, 5.459520304508889, 8.101271807841158, 6.7707409961888345, 3.610979441284254, 6.460763519746539, 7.93722498150397, 5.597367974522008, 5.928444952839957, 5.686187678625217, 2.053351612558183, 4.938847711762316], "pb": [-2.9824351875969306, -3.2210850826007684, -0.579333579268499, -1.9098643909208244, -5.069625945825406, -2.2198418673631215, -0.7433804056056905, -3.083237412587655, -2.7521604342697072, -2.994417708484451, -6.627253774551484, -3.741757675347353], "x": ["2019-01", "2019-02", "2019-03", "2019-04", "2019-05", "2019-06", "2019-07", "2019-08", "2019-09", "2019-10", "2019-11", "2019-12", "2020-01", "2020-02", "2020-03", "2020-04", "2020-05", "2020-06", "2020-07", "2020-08", "2020-09", "2020-10", "2020-11", "2020-12"], "y": [-1.381941556930542, -0.04506928473711014, -0.6297159790992737, 0.033146362751722336, -0.6107301115989685, -1.0048295259475708, 0.8890360593795776, -0.5980783104896545, -0.3563618063926697, -0.454588383436203, -2.8477933406829834, -1.0173557996749878, -0.1952575296163559, -0.4741190969944, 1.223698616027832, 0.286818265914917, -1.7255897521972656, 0.3099195957183838, -0.8399505615234375, -0.6828173398971558, -0.9928540587425232, -0.009922327473759651, 0.0756051242351532, -1.2293455600738525]}, "spi_03": {"px": [], "py": [], "pt": [], "pb": [], "x": ["2019-01", "2019-02", "2019-03", "2019-04", "2019-05", "2019-06", "2019-07", "2019-08", "2019-09", "2019-10", "2019-11", "2019-12", "2020-01", "2020-02", "2020-03", "2020-04", "2020-05", "2020-06", "2020-07"], "y": [-1.1245410442352295, -1.0652105808258057, -1.4747025966644287, -0.32533255219459534, -0.45062410831451416, -0.3230772018432617, -0.6968332529067993, -0.40021154284477234, -0.2577747404575348, -0.7617787718772888, -2.0111618041992188, -1.8884080648422241, -1.6299011707305908, -1.2583807706832886, 0.13643738627433777, 0.40051931142807007, 0.43215659260749817, -0.24009010195732117, -1.4576705694198608]}, "spi_06": {"px": [], "py": [], "pt": [], "pb": [], "x": ["2019-01", "2019-02", "2019-03", "2019-04", "2019-05", "2019-06", "2019-07", "2019-08", "2019-09", "2019-10", "2019-11", "2019-12", "2020-01", "2020-02", "2020-03", "2020-04", "2020-05", "2020-06", "2020-07"], "y": [-1.1410441398620605, -0.8972119688987732, -1.1093482971191406, -0.8600854873657227, -0.8691408038139343, -1.1497101783752441, -0.4686731994152069, -0.4921583831310272, -0.402339369058609, -0.9222019910812378, -1.945389747619629, -1.8239147663116455, -2.2096645832061768, -1.922223687171936, -0.9801045656204224, -0.48262980580329895, -0.34400105476379395, -0.07603813707828522, 0.10417762398719788]}, "spi_12": {"px": ["2021-01", "2021-02", "2021-03", "2021-04", "2021-05", "2021-06", "2021-07", "2021-08", "2021-09", "2021-10", "2021-11", "2021-12"], "py": [0.12127682025944697, -0.13082763034471556, 0.9109682923899105, 1.1686396274006579, 0.8901391985295404, 0.8240488541937263, 1.2777182825343636, 1.3168719168417122, 1.0957753852900725, 0.9598988346854713, 0.47783954198613676, -0.3394399859552184], "pt": [0.850924513450642, 0.7628046375945448, 1.9428459520110977, 2.322313922229286, 2.1539260684848207, 2.189094687414867, 2.7370136607623055, 2.864688403070123, 2.727317217166748, 2.671074343885662, 2.2651040712065775, 1.5208039151321087], "pb": [-0.6083708729317481, -1.0244598982839759, -0.12090936723127665, 0.014965332572030032, -0.37364767142573996, -0.5409969790274145, -0.18157709569357827, -0.23094456938669872, -0.535766446586603, -0.751276674514719, -1.309424987234304, -2.1996838870425455], "x": ["2019-01", "2019-02", "2019-03", "2019-04", "2019-05", "2019-06", "2019-07", "2019-08", "2019-09", "2019-10", "2019-11", "2019-12", "2020-01", "2020-02", "2020-03", "2020-04", "2020-05", "2020-06", "2020-07", "2020-08", "2020-09", "2020-10", "2020-11", "2020-12"], "y": [-1.0808155536651611, -1.4554243087768555, -1.4749714136123657, -1.022122859954834, -0.9322724342346191, -0.9342975616455078, -0.8814867734909058, -0.8814539313316345, -0.95893794298172, -0.9928953051567078, -1.2055350542068481, -1.5735487937927246, -1.3024307489395142, -1.426288366317749, -0.9410861730575562, -0.8112953305244446, -0.9026739001274109, -0.8606265783309937, -0.8753186464309692, -0.8741760849952698, -0.8882927298545837, -0.7056102752685547, -0.42314714193344116, -0.46872076392173767],