{"IIS3": {"px": [], "py": [], "pt": [], "pb": [], "x": ["2019-01", "2019-02", "2019-03", "2019-04", "2019-05", "2019-06", "2019-07", "2019-08", "2019-09", "2019-10", "2019-11", "2019-12", "2020-01", "2020-02", "2020-03", "2020-04", "2020-05", "2020-06", "2020-07", "2020-08", "2020-09", "2020-10", "2020-11", "2020-12"], "y": [NaN, NaN, NaN, NaN, NaN, NaN, NaN, NaN, NaN, NaN, NaN, NaN, NaN, NaN, NaN, NaN, NaN, NaN, NaN, NaN, NaN, NaN, NaN, NaN]}, "VHI": {"px": ["2021-01", "2021-02", "2021-03", "2021-04", "2021-05", "2021-06", "2021-07", "2021-08", "2021-09", "2021-10", "2021-11", "2021-12"], "py": [69.66232824120436, 77.03563572471613, 84.41060098491425, 86.66806573367116, 76.77618740865037, 72.49613066977, 57.51724574771555, 55.62275536456181, 46.93096289904061, 48.68521786591134, 47.57034239570285, 43.252350291772785], "pt": [84.02381007481772, 94.45760996573217, 104.43054635077493, 108.98557541664132, 101.17586495666086, 98.81375386116605, 85.62223314215726, 85.4080427131698, 78.30669186964093, 81.57456864141295, 81.90665583252087, 78.97706787538468], "pb": [55.30084640759101, 59.613661483700085, 64.39065561905356, 64.35055605070099, 52.376509860639885, 46.178507478373945, 29.41225835327384, 25.83746801595381, 15.555233928440288, 15.795867090409729, 13.234028958884842, 7.527632708160894], "x": ["2019-01", "2019-02", "2019-03", "2019-04", "2019-05", "2019-06", "2019-07", "2019-08", "2019-09", "2019-10", "2019-11", "2019-12", "2020-01", "2020-02", "2020-03", "2020-04", "2020-05", "2020-06", "2020-07", "2020-08", "2020-09", "2020-10", "2020-11", "2020-12"], "y": [54.59886169433594, 47.18363952636719, 44.20954513549805, 50.371639251708984, 46.32719421386719, 30.409000396728516, 30.409000396728516, 28.976362228393555, 23.833635330200195, 25.966590881347656, 25.931251525878906, 23.885499954223633, 51.004058837890625, 57.954376220703125, 65.5885009765625, 69.22093963623047, 62.14659118652344, 59.243263244628906, 45.63492202758789, 48.741817474365234, 49.66545486450195, 47.95072937011719, 45.20659255981445, 36.21454620361328]}, "spi_01": {"px": ["2021-01", "2021-02", "2021-03", "2021-04", "2021-05", "2021-06", "2021-07", "2021-08", "2021-09", "2021-10", "2021-11", "2021-12"], "py": [5.887505026144707, 9.363359994909668, 11.964515740412224, 5.9847092208929595, 8.132186889197342, 6.519746636088033, 7.518703911189181, 6.532663335038373, 4.031425191418307, 6.15916070206041, 7.143273419407844, -0.08311054221100456], "pt": [9.950026800316508, 14.11113254081668, 17.310411842069712, 11.868234194220182, 14.508167370175421, 13.352783155517873, 14.780084569019358, 14.198490755477643, 12.081404757976657, 14.575777124593596, 15.911208922484022, 9.022599422868714], "pb": [1.824983251972907, 4.615587449002656, 6.618619638754737, 0.10118424756573585, 1.7562064082192617, -0.3132898833418061, 0.25732325335900263, -1.1331640854008977, -4.018554375140044, -2.2574557204727768, -1.6246620836683352, -9.188820507290723], "x": ["2019-01", "2019-02", "2019-03", "2019-04", "2019-05", "2019-06", "2019-07", "2019-08", "2019-09", "2019-10", "2019-11", "2019-12", "2020-01", "2020-02", "2020-03", "2020-04", "2020-05", "2020-06", "2020-07", "2020-08", "2020-09", "2020-10", "2020-11", "2020-12"], "y": [-1.1809617280960083, -0.8441686630249023, 1.449816107749939, 0.868437647819519, 0.052174534648656845, 1.1029058694839478, 0.5211225748062134, 0.34273791313171387, -0.4307273030281067, 0.32126444578170776, 0.6646639108657837, -1.9033266305923462, 0.33552175760269165, 1.4869654178619385, 2.3537535667419434, 0.22695709764957428, 0.9682489633560181, 0.48541420698165894, -0.5667732954025269, -0.4069034457206726, -0.19073498249053955, 0.20050889253616333, 0.9089218974113464, 0.22036363184452057]}, "spi_03": {"px": [], "py": [], "pt": [], "pb": [], "x": ["2019-01", "2019-02", "2019-03", "2019-04", "2019-05", "2019-06", "2019-07", "2019-08", "2019-09", "2019-10", "2019-11", "2019-12", "2020-01", "2020-02", "2020-03", "2020-04", "2020-05", "2020-06", "2020-07"], "y": [0.22544342279434204, -0.5485928654670715, -0.29913392663002014, 0.840203046798706, 1.3088874816894531, 0.7866200804710388, 0.45987406373023987, 0.8248297572135925, 0.342399924993515, 0.2706381380558014, 0.37922948598861694, -0.5922979116439819, -0.23954282701015472, 0.720223605632782, 2.1257383823394775, 2.035166025161743, 1.7174090147018433, 0.47926977276802063, 0.680180549621582]}, "spi_06": {"px": [], "py": [], "pt": [], "pb": [], "x": ["2019-01", "2019-02", "2019-03", "2019-04", "2019-05", "2019-06", "2019-07", "2019-08", "2019-09", "2019-10", "2019-11", "2019-12", "2020-01", "2020-02", "2020-03", "2020-04", "2020-05", "2020-06", "2020-07"], "y": [0.5953933000564575, 0.11246412992477417, 0.8554790019989014, 0.8169823288917542, 0.7005311250686646, 0.21954850852489471, 0.8155121207237244, 1.2540125846862793, 0.7443169355392456, 0.2694978415966034, 0.5757624506950378, -0.621660053730011, -0.30828574299812317, 0.7080408334732056, 1.8865073919296265, 1.8801978826522827, 1.7950901985168457, 1.9965219497680664, 1.9442393779754639]}, "spi_12": {"px": ["2021-01", "2021-02", "2021-03", "2021-04", "2021-05", "2021-06", "2021-07", "2021-08", "2021-09", "2021-10", "2021-11", "2021-12"], "py": [3.607414557430607, 5.916515086870091, 7.3417728494932835, 7.314653883619224, 7.250054113434448, 6.777408773928133, 7.169420499718038, 7.1278866933354355, 6.877089068022459, 5.478397908838018, 5.011946869320654, 2.120812448228245], "pt": [5.993259269948527, 8.838566155206161, 10.715866787082785, 11.087005584268631, 11.382458353959173, 11.240915496318163, 11.941109898089984, 12.189027589245121, 12.211999997172423, 11.073699694772177, 10.856048984221816, 8.203546782646155], "pb": [1.221569844912687, 2.994464018534021, 3.967678911903782, 3.5423021829698165, 3.1176498729097233, 2.3139020515381032, 2.397731101346092, 2.0667457974257504, 1.5421781388724938, -0.11690387709614125, -0.832155245580509, -3.9619218861896655], "x": ["2019-01", "2019-02", "2019-03", "2019-04", "2019-05", "2019-06", "2019-07", "2019-08", "2019-09", "2019-10", "2019-11", "2019-12", "2020-01", "2020-02", "2020-03", "2020-04", "2020-05", "2020-06", "2020-07", "2020-08", "2020-09", "2020-10", "2020-11", "2020-12"], "y": [1.3566176891326904, 0.39135587215423584, 1.0159294605255127, 0.7684524655342102, 0.9228422045707703, 1.0505599975585938, 1.112693428993225, 1.0856581926345825, 1.0805059671401978, 0.7504749298095703, 0.6780852675437927, -0.1534586250782013, 0.44055232405662537, 1.2545841932296753, 1.7862880229949951, 1.8408303260803223, 1.900395393371582, 1.8533076047897339, 1.7876486778259277, 1.7173140048980713, 1.7098171710968018, 1.7490493059158325, 1.706812858581543, 1.877327561378479],