{"IIS3": {"px": [], "py": [], "pt": [], "pb": [], "x": ["2019-01", "2019-02", "2019-03", "2019-04", "2019-05", "2019-06", "2019-07", "2019-08", "2019-09", "2019-10", "2019-11", "2019-12", "2020-01", "2020-02", "2020-03", "2020-04", "2020-05", "2020-06", "2020-07", "2020-08", "2020-09", "2020-10", "2020-11", "2020-12"], "y": [NaN, NaN, NaN, NaN, NaN, NaN, NaN, NaN, NaN, NaN, NaN, NaN, NaN, NaN, NaN, NaN, NaN, NaN, NaN, NaN, NaN, NaN, NaN, NaN]}, "VHI": {"px": ["2021-01", "2021-02", "2021-03", "2021-04", "2021-05", "2021-06", "2021-07", "2021-08", "2021-09", "2021-10", "2021-11", "2021-12"], "py": [77.35726333325943, 107.36677121209908, 131.41932113351936, 132.4720824403567, 124.93126994548496, 135.84981388853205, 122.80486876306787, 177.3715333724015, 170.89537252997582, 132.50787009298233, 98.9304786636879, 64.29786910726408], "pt": [112.30863980893295, 150.17329019244573, 180.84803158488853, 187.73506070389044, 185.46882949512585, 201.23785152460758, 192.70762132380287, 251.51459889600835, 249.0490257709368, 214.47611311782018, 184.54351630544775, 153.40674388368524], "pb": [42.4058868575859, 64.56025223175243, 81.9906106821502, 77.20910417682296, 64.39371039584407, 70.46177625245653, 52.90211620233289, 103.22846784879468, 92.74171928901485, 50.53962706814448, 13.317441021928033, -24.811005669157083], "x": ["2019-01", "2019-02", "2019-03", "2019-04", "2019-05", "2019-06", "2019-07", "2019-08", "2019-09", "2019-10", "2019-11", "2019-12", "2020-01", "2020-02", "2020-03", "2020-04", "2020-05", "2020-06", "2020-07", "2020-08", "2020-09", "2020-10", "2020-11", "2020-12"], "y": [42.486087799072266, 32.227230072021484, 45.333473205566406, 51.50721740722656, 48.726844787597656, 45.5044059753418, 45.5044059753418, 70.7154312133789, 69.15838623046875, 52.04473114013672, 36.595176696777344, 20.58347511291504, 32.125118255615234, 49.90005874633789, 64.15633392333984, 65.44535827636719, 62.61162567138672, 71.57955932617188, 80.18565368652344, 86.66178894042969, 85.57591247558594, 63.1083869934082, 71.19684600830078, 57.75043487548828]}, "spi_01": {"px": ["2021-01", "2021-02", "2021-03", "2021-04", "2021-05", "2021-06", "2021-07", "2021-08", "2021-09", "2021-10", "2021-11", "2021-12"], "py": [2.0291313717294646, 0.13510282768220305, 2.592025173723756, 2.6163820741417236, 1.5211972137574543, 1.799745749058169, 2.905205732748886, 2.720026774201176, 2.3389882972745024, 2.0524233015096387, -0.33389299793230265, 0.17157215311919805], "pt": [4.601805924617016, 2.7077773805697554, 5.164699726611309, 5.189056627029277, 4.093871766645007, 4.372420301945723, 5.47788028563644, 5.29270132708873, 4.911662850162056, 4.625097854397193, 2.2387815549552528, 2.744246706006754], "pb": [-0.5435431811580873, -2.4375717252053493, 0.019350620836203536, 0.043707521254170434, -1.0514773391300989, -0.7729288038293847, 0.3325311798613324, 0.1473522213136218, -0.23368625561305167, -0.5202512513779163, -2.9065675508198576, -2.4011023997683574], "x": ["2019-01", "2019-02", "2019-03", "2019-04", "2019-05", "2019-06", "2019-07", "2019-08", "2019-09", "2019-10", "2019-11", "2019-12", "2020-01", "2020-02", "2020-03", "2020-04", "2020-05", "2020-06", "2020-07", "2020-08", "2020-09", "2020-10", "2020-11", "2020-12"], "y": [-1.4558383226394653, -0.04213825985789299, 0.4855319857597351, 0.6134868264198303, 0.3946072459220886, 0.22891639173030853, 1.1657110452651978, 1.1274442672729492, 0.8689274191856384, 0.7329807877540588, -0.9675226211547852, -0.5836331844329834, 1.1705687046051025, -0.3732198476791382, 1.5931553840637207, 1.5791983604431152, 0.7869763970375061, 1.0614120960235596, 2.0832321643829346, 0.9811670780181885, 0.8637863993644714, 0.7495205998420715, 1.8138329982757568, -1.6530672311782837]}, "spi_03": {"px": [], "py": [], "pt": [], "pb": [], "x": ["2019-01", "2019-02", "2019-03", "2019-04", "2019-05", "2019-06", "2019-07", "2019-08", "2019-09", "2019-10", "2019-11", "2019-12", "2020-01", "2020-02", "2020-03", "2020-04", "2020-05", "2020-06", "2020-07"], "y": [-0.22458584606647491, -0.28490400314331055, -0.7757503986358643, 0.3176572322845459, 0.5482591986656189, 0.5119044780731201, 0.5751336216926575, 0.9960687160491943, 1.2561936378479004, 0.9868738651275635, -0.19869372248649597, -0.8784879446029663, 0.17028142511844635, 0.38557830452919006, 1.660651445388794, 1.4190661907196045, 1.7782589197158813, 1.6647311449050903, 1.6004081964492798]}, "spi_06": {"px": [], "py": [], "pt": [], "pb": [], "x": ["2019-01", "2019-02", "2019-03", "2019-04", "2019-05", "2019-06", "2019-07", "2019-08", "2019-09", "2019-10", "2019-11", "2019-12", "2020-01", "2020-02", "2020-03", "2020-04", "2020-05", "2020-06", "2020-07"], "y": [-0.8070124387741089, -0.941845715045929, -0.6717618703842163, -0.06940142810344696, 0.06815537065267563, -0.4520411491394043, 0.3977273106575012, 0.8769114017486572, 1.0343915224075317, 1.0080660581588745, 0.32252803444862366, -0.30315956473350525, 0.6432451009750366, 0.12472732365131378, 1.0859071016311646, 1.4224945306777954, 1.9042572975158691, 2.3219313621520996, 1.7279386520385742]}, "spi_12": {"px": ["2021-01", "2021-02", "2021-03", "2021-04", "2021-05", "2021-06", "2021-07", "2021-08", "2021-09", "2021-10", "2021-11", "2021-12"], "py": [7.249728543339179, 6.197394791819128, 8.180493430776439, 9.409901650338982, 9.142250372557912, 8.741499659199429, 5.659897741536518, 7.170364677660983, 7.530055723977821, 9.197984723593997, 7.141485251543141, 2.999279403777148], "pt": [9.915866022771302, 9.462732988068963, 11.950981199294404, 13.625435126566995, 13.760135923960686, 13.729386129690708, 10.992172670604354, 12.826096318732795, 13.491720329813703, 15.450631311170476, 13.672161619714146, 9.79662287769714], "pb": [4.583591063907056, 2.9320565955692928, 4.410005662258474, 5.194368174110969, 4.52436482115514, 3.753613188708149, 0.3276228124686824, 1.5146330365891698, 1.568391118141938, 2.9453381360175195, 0.6108088833721368, -3.7980640701428428], "x": ["2019-01", "2019-02", "2019-03", "2019-04", "2019-05", "2019-06", "2019-07", "2019-08", "2019-09", "2019-10", "2019-11", "2019-12", "2020-01", "2020-02", "2020-03", "2020-04", "2020-05", "2020-06", "2020-07", "2020-08", "2020-09", "2020-10", "2020-11", "2020-12"], "y": [0.6084288358688354, 0.32298555970191956, -0.11106756329536438, 0.10754704475402832, 0.07730833441019058, -0.4878750443458557, -0.3738349974155426, -0.11628318578004837, -0.000889353163074702, 0.42212045192718506, 0.15621614456176758, -0.599565863609314, 0.7493903040885925, 0.620006263256073, 1.354813814163208, 1.8755446672439575, 1.9530857801437378, 2.045792818069458, 2.1453230381011963, 2.1271750926971436, 2.2033658027648926, 1.8900083303451538, 2.7600483894348145, 2.448970317840576],