{"IIS3": {"px": [], "py": [], "pt": [], "pb": [], "x": ["2019-01", "2019-02", "2019-03", "2019-04", "2019-05", "2019-06", "2019-07", "2019-08", "2019-09", "2019-10", "2019-11", "2019-12", "2020-01", "2020-02", "2020-03", "2020-04", "2020-05", "2020-06", "2020-07", "2020-08", "2020-09", "2020-10", "2020-11", "2020-12"], "y": [NaN, NaN, NaN, NaN, NaN, NaN, NaN, NaN, NaN, NaN, NaN, NaN, NaN, NaN, NaN, NaN, NaN, NaN, NaN, NaN, NaN, NaN, NaN, NaN]}, "VHI": {"px": ["2021-01", "2021-02", "2021-03", "2021-04", "2021-05", "2021-06", "2021-07", "2021-08", "2021-09", "2021-10", "2021-11", "2021-12"], "py": [64.72173070543745, 58.43594732604623, 47.029246923846515, 48.30835783115438, 40.818312528841304, 62.13510894083083, 57.37176495723554, 59.222677770797304, 51.64228478281643, 67.68980591343919, 57.51139828976322, 50.4113815398436], "pt": [76.60473792057252, 70.97393885604573, 60.189664954354754, 62.06306516606753, 55.14267446927343, 77.00732182701181, 72.77235219484679, 75.13410317503629, 68.04865030129885, 84.57661143305822, 74.86534803582458, 68.22022605374202], "pb": [52.838723490302385, 45.89795579604673, 33.868828893338275, 34.55365049624123, 26.493950588409177, 47.26289605464986, 41.97117771962429, 43.31125236655832, 35.235919264334015, 50.803000393820156, 40.15744854370186, 32.60253702594518], "x": ["2019-01", "2019-02", "2019-03", "2019-04", "2019-05", "2019-06", "2019-07", "2019-08", "2019-09", "2019-10", "2019-11", "2019-12", "2020-01", "2020-02", "2020-03", "2020-04", "2020-05", "2020-06", "2020-07", "2020-08", "2020-09", "2020-10", "2020-11", "2020-12"], "y": [67.05424499511719, 55.871253967285156, 53.6403694152832, 49.56049728393555, 42.657875061035156, 51.63474655151367, 51.63474655151367, 52.738800048828125, 45.0370979309082, 59.032997131347656, 49.141902923583984, 42.618282318115234, 56.397857666015625, 51.62952423095703, 41.76799774169922, 42.96821212768555, 35.99137496948242, 56.92180252075195, 63.17194366455078, 64.88362121582031, 52.504798889160156, 51.56909942626953, 57.86199951171875, 55.168663024902344]}, "spi_01": {"px": ["2021-01", "2021-02", "2021-03", "2021-04", "2021-05", "2021-06", "2021-07", "2021-08", "2021-09", "2021-10", "2021-11", "2021-12"], "py": [1.3095599171194117, 1.0982251797861564, 3.158503872376291, 2.6692500236298704, -0.31142192583650896, 0.054379691157554255, 3.537158565348208, 0.08563979323363702, 1.1898836564364665, 1.4048123229954328, -0.04513767745909547, -0.3735594100763002], "pt": [3.0376705207249852, 2.92218299365679, 5.073517698766444, 4.671182540911902, 1.7738093928034377, 2.21970772651908, 5.779724361307899, 2.4028702948657124, 3.5794470153327644, 3.864582412793558, 2.4828901592450796, 2.220931019976759], "pb": [-0.4185506864861619, -0.7257326340844767, 1.243490045986138, 0.6673175063478389, -2.3966532444764552, -2.1109483442039716, 1.294592769388517, -2.2315907083984388, -1.1996797024598314, -1.0549577668026924, -2.5731655141632706, -2.9680498401293596], "x": ["2019-01", "2019-02", "2019-03", "2019-04", "2019-05", "2019-06", "2019-07", "2019-08", "2019-09", "2019-10", "2019-11", "2019-12", "2020-01", "2020-02", "2020-03", "2020-04", "2020-05", "2020-06", "2020-07", "2020-08", "2020-09", "2020-10", "2020-11", "2020-12"], "y": [-1.132956862449646, -1.5653928518295288, -1.743890643119812, -1.514400839805603, -0.6290369033813477, -1.6541110277175903, 0.19734922051429749, -1.3516548871994019, -0.6376951932907104, -0.2976536154747009, -1.1090210676193237, -1.3103288412094116, 0.06148683279752731, -0.1441000998020172, 1.2799521684646606, 0.9925428628921509, -1.0290427207946777, -0.7231570482254028, -0.3817484378814697, -1.3499126434326172, 0.48713529109954834, 0.00976660568267107, 0.5714396238327026, -0.7599624395370483]}, "spi_03": {"px": [], "py": [], "pt": [], "pb": [], "x": ["2019-01", "2019-02", "2019-03", "2019-04", "2019-05", "2019-06", "2019-07", "2019-08", "2019-09", "2019-10", "2019-11", "2019-12", "2020-01", "2020-02", "2020-03", "2020-04", "2020-05", "2020-06", "2020-07"], "y": [-1.154483437538147, -1.7836520671844482, -2.118010997772217, -2.0480704307556152, -1.680031657218933, -1.478881597518921, -1.104116439819336, -1.3101130723953247, -0.9006223082542419, -0.7705346941947937, -1.077880859375, -1.574137806892395, -0.9197794795036316, -0.5801131129264832, 0.5296821594238281, 0.9207009077072144, 0.8145468831062317, 0.3119488060474396, -1.3803741931915283]}, "spi_06": {"px": [], "py": [], "pt": [], "pb": [], "x": ["2019-01", "2019-02", "2019-03", "2019-04", "2019-05", "2019-06", "2019-07", "2019-08", "2019-09", "2019-10", "2019-11", "2019-12", "2020-01", "2020-02", "2020-03", "2020-04", "2020-05", "2020-06", "2020-07"], "y": [-1.4529261589050293, -1.876021146774292, -2.020031213760376, -1.9559195041656494, -1.874773383140564, -2.1399099826812744, -1.9835667610168457, -1.8266531229019165, -1.5578585863113403, -1.3029175996780396, -1.6221859455108643, -1.7317391633987427, -1.2118847370147705, -0.9053886532783508, -0.0031675142236053944, 0.3989288806915283, 0.3000810742378235, 0.46087846159935, 0.5169786214828491]}, "spi_12": {"px": ["2021-01", "2021-02", "2021-03", "2021-04", "2021-05", "2021-06", "2021-07", "2021-08", "2021-09", "2021-10", "2021-11", "2021-12"], "py": [1.3696399828406847, 2.1645061721881396, 4.404948836672226, 6.16732251277544, 5.521652809392933, 5.068092622534044, 4.730776350712619, 4.4381162861804375, 3.975217280050564, 3.697393724618986, 2.4026620364240676, 0.8839959791988061], "pt": [2.6847659647921303, 3.7751999698167884, 6.264817829648624, 8.246719259995817, 7.79951781717244, 7.528468031893757, 7.361028299917793, 7.227919769871226, 6.915928357142107, 6.781637521766765, 5.624049619680729, 4.236922480462418], "pb": [0.05451400088923908, 0.5538123745594907, 2.5450798436958273, 4.087925765555063, 3.2437878016134256, 2.6077172131743307, 2.1005244015074442, 1.6483128024896487, 1.0345062029590206, 0.6131499274712064, -0.818725546832594, -2.4689305220648055], "x": ["2019-01", "2019-02", "2019-03", "2019-04", "2019-05", "2019-06", "2019-07", "2019-08", "2019-09", "2019-10", "2019-11", "2019-12", "2020-01", "2020-02", "2020-03", "2020-04", "2020-05", "2020-06", "2020-07", "2020-08", "2020-09", "2020-10", "2020-11", "2020-12"], "y": [-2.3100833892822266, -2.2906851768493652, -2.262402057647705, -2.31074857711792, -1.9512742757797241, -2.069617986679077, -2.0055136680603027, -2.0203702449798584, -2.0203797817230225, -1.9329166412353516, -2.06606388092041, -2.3162097930908203, -1.9276516437530518, -1.5772346258163452, -0.7062603831291199, 0.07930493354797363, 0.030608922243118286, 0.05516481027007103, 0.04091461002826691, 0.04356160759925842, 0.07506925612688065, 0.09413360804319382, 0.22134217619895935, 0.2808816134929657],