{"IIS3": {"px": [], "py": [], "pt": [], "pb": [], "x": ["2019-01", "2019-02", "2019-03", "2019-04", "2019-05", "2019-06", "2019-07", "2019-08", "2019-09", "2019-10", "2019-11", "2019-12", "2020-01", "2020-02", "2020-03", "2020-04", "2020-05", "2020-06", "2020-07", "2020-08", "2020-09", "2020-10", "2020-11", "2020-12"], "y": [NaN, NaN, NaN, NaN, NaN, NaN, NaN, NaN, NaN, NaN, NaN, NaN, NaN, NaN, NaN, NaN, NaN, NaN, NaN, NaN, NaN, NaN, NaN, NaN]}, "VHI": {"px": ["2021-01", "2021-02", "2021-03", "2021-04", "2021-05", "2021-06", "2021-07", "2021-08", "2021-09", "2021-10", "2021-11", "2021-12"], "py": [109.64418038956069, 148.89045201331183, 129.98792120066832, 111.827073794227, 101.3153476893069, 115.58907015489112, 124.09090488099244, 100.55008114897174, 81.89261867316495, 65.06434377603722, 59.69137344724106, 63.69192592602616], "pt": [132.8821680430791, 177.3510581427369, 162.85139838010662, 148.56955824197024, 141.56472277093826, 159.06336400230214, 170.5668799283245, 149.8452968161075, 133.85433841701695, 119.56225520214429, 116.61258549404315, 122.93740180348198], "pb": [86.40619273604227, 120.42984588388677, 97.12444402123005, 75.08458934648377, 61.06597260767555, 72.1147763074801, 77.61492983366037, 51.25486548183599, 29.93089892931294, 10.566432349930139, 2.7701614004389867, 4.446450048570341], "x": ["2019-01", "2019-02", "2019-03", "2019-04", "2019-05", "2019-06", "2019-07", "2019-08", "2019-09", "2019-10", "2019-11", "2019-12", "2020-01", "2020-02", "2020-03", "2020-04", "2020-05", "2020-06", "2020-07", "2020-08", "2020-09", "2020-10", "2020-11", "2020-12"], "y": [42.18985366821289, 64.82176208496094, 72.38131713867188, 73.77506256103516, 64.01617431640625, 62.75926208496094, 62.75926208496094, 49.91411590576172, 39.106231689453125, 28.41176414489746, 24.47687530517578, 26.541751861572266, 59.438438415527344, 84.93656158447266, 74.12287902832031, 63.313438415527344, 58.01720428466797, 69.73458862304688, 69.65445709228516, 69.55853271484375, 54.29740905761719, 43.956703186035156, 57.9654426574707, 56.854312896728516]}, "spi_01": {"px": ["2021-01", "2021-02", "2021-03", "2021-04", "2021-05", "2021-06", "2021-07", "2021-08", "2021-09", "2021-10", "2021-11", "2021-12"], "py": [2.352177817091671, 2.9489170942420238, 3.630152722799971, 3.0493488233735926, 3.6804741148908438, 2.05125683672391, 2.05866673850838, 2.4048341172985275, 2.4939143739138894, 2.6576941003687313, -0.10344565002716766, 0.5459426403309973], "pt": [4.914286119644737, 5.5732784767302235, 6.3153242960480185, 5.793983605938189, 6.4833108567556685, 4.911111293410726, 4.974424140165016, 5.375442630246587, 5.518379392571486, 5.735073238688791, 3.0259530258931013, 3.7265101659049398], "pb": [-0.20993048546139503, 0.32455571175382447, 0.944981149551924, 0.30471404080899633, 0.8776373730260194, -0.8085976199629057, -0.8570906631482571, -0.565774395649532, -0.5305506447437072, -0.4196850379513286, -3.232844325947437, -2.6346248852429452], "x": ["2019-01", "2019-02", "2019-03", "2019-04", "2019-05", "2019-06", "2019-07", "2019-08", "2019-09", "2019-10", "2019-11", "2019-12", "2020-01", "2020-02", "2020-03", "2020-04", "2020-05", "2020-06", "2020-07", "2020-08", "2020-09", "2020-10", "2020-11", "2020-12"], "y": [-0.13317954540252686, 0.957600474357605, 1.2484532594680786, 1.4202584028244019, 1.219040870666504, 0.6335188746452332, 0.4767277240753174, 0.7136788964271545, 0.7660040855407715, 0.8389842510223389, -0.8031354546546936, -0.42177170515060425, 0.8989713191986084, 1.1996487379074097, 1.4957029819488525, 1.1193963289260864, 1.6238925457000732, 0.7012848258018494, 0.6859703063964844, -0.6713982224464417, 0.3398456275463104, 1.3165669441223145, 1.4294555187225342, 0.301190584897995]}, "spi_03": {"px": [], "py": [], "pt": [], "pb": [], "x": ["2019-01", "2019-02", "2019-03", "2019-04", "2019-05", "2019-06", "2019-07", "2019-08", "2019-09", "2019-10", "2019-11", "2019-12", "2020-01", "2020-02", "2020-03", "2020-04", "2020-05", "2020-06", "2020-07"], "y": [0.13022075593471527, 0.5819218158721924, 1.0110548734664917, 1.7936701774597168, 1.7396148443222046, 1.6568647623062134, 0.884881854057312, 0.6316202878952026, 0.6199012398719788, 0.8043619990348816, 0.5225814580917358, -0.44862881302833557, 0.604898989200592, 1.0117460489273071, 1.5930497646331787, 1.7842072248458862, 1.8005344867706299, 1.6268726587295532, 1.2095973491668701]}, "spi_06": {"px": [], "py": [], "pt": [], "pb": [], "x": ["2019-01", "2019-02", "2019-03", "2019-04", "2019-05", "2019-06", "2019-07", "2019-08", "2019-09", "2019-10", "2019-11", "2019-12", "2020-01", "2020-02", "2020-03", "2020-04", "2020-05", "2020-06", "2020-07"], "y": [-0.31126540899276733, 0.4272700846195221, 0.9766241908073425, 1.4237303733825684, 1.6232823133468628, 1.5765440464019775, 1.681398630142212, 1.572572946548462, 1.3576782941818237, 0.9074150919914246, 0.6238115429878235, 0.45418891310691833, 0.7666789889335632, 1.0160518884658813, 1.4524588584899902, 1.5763030052185059, 1.84330415725708, 1.8759760856628418, 1.8346084356307983]}, "spi_12": {"px": ["2021-01", "2021-02", "2021-03", "2021-04", "2021-05", "2021-06", "2021-07", "2021-08", "2021-09", "2021-10", "2021-11", "2021-12"], "py": [2.1298522828576054, 2.149655966233786, 2.311180420628557, 2.292254465297397, 2.384349439112089, 2.213281225607076, 2.187993201178811, 2.0792648700935272, 2.023470997536714, 2.0080994689107774, 2.0067168112958433, 1.9696133469195916], "pt": [2.4680578319268163, 2.5638714769037634, 2.7894752932102875, 2.8270043890901517, 2.9701386305920456, 2.84600586770119, 2.8644042955374918, 2.7967071774813004, 2.7797215911155053, 2.8012617827826976, 2.835147829549652, 2.831871688638259], "pb": [1.7916467337883941, 1.7354404555638085, 1.8328855480468267, 1.757504541504642, 1.7985602476321327, 1.580556583512962, 1.5115821068201303, 1.361822562705754, 1.2672204039579218, 1.2149371550388572, 1.1782857930420345, 1.1073550052009242], "x": ["2019-01", "2019-02", "2019-03", "2019-04", "2019-05", "2019-06", "2019-07", "2019-08", "2019-09", "2019-10", "2019-11", "2019-12", "2020-01", "2020-02", "2020-03", "2020-04", "2020-05", "2020-06", "2020-07", "2020-08", "2020-09", "2020-10", "2020-11", "2020-12"], "y": [0.964571475982666, 0.7095409035682678, 1.0519812107086182, 1.35407292842865, 1.625651240348816, 1.543084740638733, 1.3821860551834106, 1.3569109439849854, 1.3745704889297485, 1.4030264616012573, 1.4222395420074463, 1.4009270668029785, 1.758046269416809, 1.784482717514038, 1.929114580154419, 1.9070767164230347, 1.9883638620376587, 1.8392666578292847, 1.7812029123306274, 1.588819146156311, 1.540006160736084, 1.5596349239349365, 1.6550099849700928, 1.7271301746368408], "geox": [-36.06252844332343, -35.99240271314394, -35.98425564873069, -35.9112740786254, -35.9151091145424, -35.92178017475736, -35.92367319232236, -35.924341199418784, -35.922807190870344, -35.924284206015585, -35.92738723484774, -35.932776283865, -35.936037317174375, -35.93966935178794, -35.94165937173078, -35.93420433079918, -35.970625655846916, -36.023982123143696, -36.06252844332343], "geoy": [-5.655289042505992, -5.463789527289214, -5.47929565769811, -5.629663918696959, -5.632655940858625, -5.633755946096175, -5.634936954631798, -5.63698297086276, -5.6463310475526365, -5.649857075337392, -5.651859089855537, -5.653429099599008, -5.660971158953403, -5.664878188615446, -5.668781219154398, -5.714877596949695, -5.714309571901609, -5.6980144099999235, -5.655289042505992]}}