{"IIS3": {"px": [], "py": [], "pt": [], "pb": [], "x": ["2019-01", "2019-02", "2019-03", "2019-04", "2019-05", "2019-06", "2019-07", "2019-08", "2019-09", "2019-10", "2019-11", "2019-12", "2020-01", "2020-02", "2020-03", "2020-04", "2020-05", "2020-06", "2020-07", "2020-08", "2020-09", "2020-10", "2020-11", "2020-12"], "y": [NaN, NaN, NaN, NaN, NaN, NaN, NaN, NaN, NaN, NaN, NaN, NaN, NaN, NaN, NaN, NaN, NaN, NaN, NaN, NaN, NaN, NaN, NaN, NaN]}, "VHI": {"px": ["2021-01", "2021-02", "2021-03", "2021-04", "2021-05", "2021-06", "2021-07", "2021-08", "2021-09", "2021-10", "2021-11", "2021-12"], "py": [66.22329399062097, 77.40865352239247, 99.22795600416305, 107.12180614054739, 116.07264571482298, 101.41861610964921, 73.32234991924771, 113.38442045344507, 126.15662564082169, 100.45592892992127, 80.30905212393151, 71.9770513739929], "pt": [104.02194006267692, 123.7023513296449, 152.68331371934318, 166.8867129023464, 181.54182084354434, 172.1334073758606, 148.9196416406613, 193.5674568601637, 210.67696721129704, 189.10161100738338, 172.89644739330467, 168.3450677204748], "pb": [28.424647918565036, 31.114955715140034, 45.77259828898292, 47.356899378748395, 50.60347058610162, 30.703824843437815, -2.27494180216587, 33.201384046726446, 41.63628407034632, 11.810246852459173, -12.278343145441653, -24.390964972489016], "x": ["2019-01", "2019-02", "2019-03", "2019-04", "2019-05", "2019-06", "2019-07", "2019-08", "2019-09", "2019-10", "2019-11", "2019-12", "2020-01", "2020-02", "2020-03", "2020-04", "2020-05", "2020-06", "2020-07", "2020-08", "2020-09", "2020-10", "2020-11", "2020-12"], "y": [53.81975173950195, 43.79378890991211, 41.50654220581055, 51.436363220214844, 40.641746520996094, 29.669124603271484, 29.669124603271484, 51.313995361328125, 58.62080001831055, 44.51487350463867, 33.931190490722656, 30.753334045410156, 32.12440490722656, 39.948097229003906, 53.72962188720703, 59.034523010253906, 67.28187561035156, 60.62309646606445, 54.711734771728516, 50.51287078857422, 57.471595764160156, 58.16019821166992, 77.87274932861328, 66.107666015625]}, "spi_01": {"px": [], "py": [], "pt": [], "pb": [], "x": ["2019-01", "2019-02", "2019-03", "2019-04", "2019-05", "2019-06", "2019-07", "2019-08", "2019-09", "2019-10", "2019-11", "2019-12", "2020-01", "2020-02", "2020-03", "2020-04", "2020-05", "2020-06", "2020-07", "2020-08", "2020-09", "2020-10", "2020-11", "2020-12"], "y": [NaN, NaN, NaN, NaN, NaN, NaN, NaN, NaN, NaN, NaN, NaN, NaN, NaN, NaN, NaN, NaN, NaN, NaN, NaN, NaN, NaN, NaN, NaN, NaN]}, "spi_03": {"px": [], "py": [], "pt": [], "pb": [], "x": ["2019-01", "2019-02", "2019-03", "2019-04", "2019-05", "2019-06", "2019-07", "2019-08", "2019-09", "2019-10", "2019-11", "2019-12", "2020-01", "2020-02", "2020-03", "2020-04", "2020-05", "2020-06", "2020-07"], "y": [NaN, NaN, NaN, NaN, NaN, NaN, NaN, NaN, NaN, NaN, NaN, NaN, NaN, NaN, NaN, NaN, NaN, NaN, NaN]}, "spi_06": {"px": [], "py": [], "pt": [], "pb": [], "x": ["2019-01", "2019-02", "2019-03", "2019-04", "2019-05", "2019-06", "2019-07", "2019-08", "2019-09", "2019-10", "2019-11", "2019-12", "2020-01", "2020-02", "2020-03", "2020-04", "2020-05", "2020-06", "2020-07"], "y": [NaN, NaN, NaN, NaN, NaN, NaN, NaN, NaN, NaN, NaN, NaN, NaN, NaN, NaN, NaN, NaN, NaN, NaN, NaN]}, "spi_12": {"px": [], "py": [], "pt": [], "pb": [], "x": ["2019-01", "2019-02", "2019-03", "2019-04", "2019-05", "2019-06", "2019-07", "2019-08", "2019-09", "2019-10", "2019-11", "2019-12", "2020-01", "2020-02", "2020-03", "2020-04", "2020-05", "2020-06", "2020-07", "2020-08", "2020-09", "2020-10", "2020-11", "2020-12"], "y": [NaN, NaN, NaN, NaN, NaN, NaN, NaN, NaN, NaN, NaN, NaN, NaN, NaN, NaN, NaN, NaN, NaN, NaN, NaN, NaN, NaN, NaN, NaN, NaN], "geox": [-36.752854719977705, -36.69306111082318, -36.654769777085015, -36.65249075485563, -36.65005173226083, -36.64637769934663, -36.63971163627148, -36.63751961670054, -36.63441059476986, -36.631639571544405, -36.6288515474822, -36.62673953404685, -36.62294550478001, -36.62118248958536, -36.61838046375795, -36.616104441680484, -36.612712410966466, -36.61094839619678, -36.609465382928235, -36.60786937090024, -36.60877238293428, -36.61051340099332, -36.60999739878, -36.60851638705751, -36.60810638556957, -36.60532836165975, -36.6042743533206, -36.601933337350786, -36.59904131520036, -36.594690281406585, -36.59483728919352, -36.587559224038145, -36.58585521112936, -36.58671722212711, -36.58349619559846, -36.5812011754456, -36.58036917163293, -36.578795158115454, -36.576996143877246, -36.57283910559321, -36.57040008666211, -36.57071509012951, -36.57226010307133, -36.57668114367027, -36.58157918616813, -36.58278719896424, -36.58365521093587, -36.58144419562674, -36.577180161944064, -36.575666152284285, -36.5756541536357, -36.577361172757776, -36.577811180897044, -36.573528149127156, -36.57297014974629, -36.56399708089374, -36.562844070608676, -36.55835403315635, -36.556911022366684, -36.55717502536013, -36.55269998934864, -36.55190798270747, -36.55290799210664, -36.55335899859594, -36.5573920409151, -36.55912706165536, -36.56271609912647, -36.563917116525495, -36.56533813229051, -36.5651901335358, -36.564180125345445, -36.55578205083102, -36.548594990152736, -36.549449000270265, -36.55161702368689, -36.55192102986824, -36.553100043025964, -36.553504054780106, -36.5545950684639, -36.554910076663234, -36.566214191727425, -36.56181116243956, -36.55788313174268, -36.547119035680986, -36.545133018539296, -36.541961992733285, -36.54262499921908, -36.54171000148836, -36.56057116269066, -36.568740236564885, -36.57399728620696, -36.58131935368148, -36.58471438592131, -36.59115844085164, -36.59211144362998, -36.59819349823207, -36.60421755195479, -36.614654638429826, -36.62182769740188, -36.63117075482898, -36.641626841669755, -36.66566604197116, -36.69082425880645, -36.752854719977705], "geoy": [-9.70980317564807, -9.633820661992171, -9.642740766023062, -9.640855754018274, -9.640061750384241, -9.640014753564886, -9.636495733465123, -9.636537735889137, -9.642565784295169, -9.64417179906047, -9.645077808568592, -9.65066885272302, -9.65546089247628, -9.656056898663886, -9.655288895576046, -9.653541884605119, -9.653177885127427, -9.654219894676412, -9.654224896141464, -9.656533915075562, -9.660574944652634, -9.66310596204381, -9.665563981058202, -9.667130994290059, -9.669360011476583, -9.670337021514237, -9.671456030959867, -9.676547071567136, -9.680363103101094, -9.68562614694234, -9.692224196494847, -9.692231203576291, -9.694625223253404, -9.697967247591318, -9.70032326844754, -9.700728273715514, -9.704433302423183, -9.705021308373059, -9.706927324466639, -9.705851320381514, -9.708816345070549, -9.709474349721685, -9.708563341366746, -9.709588344811117, -9.708200329621826, -9.710214343619503, -9.714486374946956, -9.719052411465746, -9.723629450054812, -9.727591481350112, -9.72907349251887, -9.732967520178455, -9.73713855113871, -9.743823605610475, -9.749518649014059, -9.761190745568676, -9.761234747020303, -9.76403977249279, -9.76620379018032, -9.766839794709707, -9.770968830132201, -9.771428834363967, -9.771873836740031, -9.774350854940105, -9.78060589807737, -9.785855935882926, -9.79122497277088, -9.797924021982277, -9.8009840436075, -9.803576063242966, -9.80444107073318, -9.805174084441928, -9.808923119650526, -9.811407137497085, -9.815426165601309, -9.818907191478111, -9.821517209949297, -9.829699271064735, -9.833627299523593, -9.83902933981786, -9.85285243261015, -9.86303951346048, -9.867548551188834, -9.867953564801873, -9.868612571702913, -9.871231594493098, -9.871775597928911, -9.882253677539648, -9.874414600119708, -9.875087597143587, -9.877625611032553, -9.879496617877622, -9.881318628215512, -9.878521600875914, -9.872765556725762, -9.872886551651527, -9.872651543960899, -9.865652481156276, -9.860388434589119, -9.83411722817959, -9.8273301669634, -9.812416031421531, -9.804110944427652, -9.70980317564807]}}