{"IIS3": {"px": [], "py": [], "pt": [], "pb": [], "x": ["2019-01", "2019-02", "2019-03", "2019-04", "2019-05", "2019-06", "2019-07", "2019-08", "2019-09", "2019-10", "2019-11", "2019-12", "2020-01", "2020-02", "2020-03", "2020-04", "2020-05", "2020-06", "2020-07", "2020-08", "2020-09", "2020-10", "2020-11", "2020-12"], "y": [NaN, NaN, NaN, NaN, NaN, NaN, NaN, NaN, NaN, NaN, NaN, NaN, NaN, NaN, NaN, NaN, NaN, NaN, NaN, NaN, NaN, NaN, NaN, NaN]}, "VHI": {"px": ["2021-01", "2021-02", "2021-03", "2021-04", "2021-05", "2021-06", "2021-07", "2021-08", "2021-09", "2021-10", "2021-11", "2021-12"], "py": [56.68065679410742, 72.19857763869861, 70.72263219294472, 64.2976431525097, 62.80719120861083, 66.23446452702696, 65.45948727622412, 59.06119395213875, 49.57284891911496, 45.70371026272504, 39.20529192952338, 35.970158389535676], "pt": [67.58176282612914, 83.62416981495856, 82.64966872491884, 76.70587607633402, 75.6786436576824, 79.55303547159691, 79.21064634963955, 73.23174156749957, 64.15072474435235, 60.67783819836366, 54.565453103472876, 51.7068859765068], "pb": [45.779550762085705, 60.772985462438655, 58.79559566097059, 51.88941022868539, 49.93573875953926, 52.915893582457, 51.7083282028087, 44.890646336777934, 34.994973093877576, 30.72958232708642, 23.84513075557389, 20.233430802564556], "x": ["2019-01", "2019-02", "2019-03", "2019-04", "2019-05", "2019-06", "2019-07", "2019-08", "2019-09", "2019-10", "2019-11", "2019-12", "2020-01", "2020-02", "2020-03", "2020-04", "2020-05", "2020-06", "2020-07", "2020-08", "2020-09", "2020-10", "2020-11", "2020-12"], "y": [49.49006652832031, 47.52707290649414, 55.722557067871094, 50.71689224243164, 49.76955795288086, 48.611412048339844, 48.611412048339844, 43.440818786621094, 36.00411605834961, 32.79191589355469, 27.405250549316406, 24.84647560119629, 44.76502990722656, 58.6569938659668, 58.120609283447266, 52.51650619506836, 51.36460876464844, 55.28849411010742, 53.872257232666016, 56.16815185546875, 44.035316467285156, 30.004240036010742, 39.0755615234375, 39.32809066772461]}, "spi_01": {"px": ["2021-01", "2021-02", "2021-03", "2021-04", "2021-05", "2021-06", "2021-07", "2021-08", "2021-09", "2021-10", "2021-11", "2021-12"], "py": [2.568067296603642, 3.5621404763706774, 4.734152243845642, 3.819768683367787, 3.9350238660583274, 5.511932454372527, 5.239061055542802, 4.3415187258098245, 3.3766161841676094, 3.307846855107364, 0.8793524482578734, -1.0575783492225739], "pt": [4.599403652462778, 5.894560189174655, 7.333005075907918, 6.660171888682067, 6.997987250560525, 8.782345122651972, 8.704526875152656, 7.991629364259804, 7.2024705984085955, 7.3017192022172175, 5.034454210074337, 3.2527261617246293], "pb": [0.5367309407445071, 1.2297207635667, 2.1352994117833664, 0.9793654780535075, 0.8720604815561295, 2.2415197860930824, 1.773595235932948, 0.6914080873598447, -0.44923823007337704, -0.6860254920024889, -3.275749313558591, -5.367882860169777], "x": ["2019-01", "2019-02", "2019-03", "2019-04", "2019-05", "2019-06", "2019-07", "2019-08", "2019-09", "2019-10", "2019-11", "2019-12", "2020-01", "2020-02", "2020-03", "2020-04", "2020-05", "2020-06", "2020-07", "2020-08", "2020-09", "2020-10", "2020-11", "2020-12"], "y": [-0.9498297572135925, 0.48999786376953125, 0.02064628340303898, -0.34508639574050903, 1.2860790491104126, -0.24084068834781647, 0.5989660620689392, 0.1786460131406784, -0.2651056945323944, -0.2620677351951599, -1.3863956928253174, -2.2569494247436523, -0.3509298861026764, 0.11149467527866364, 0.7096982002258301, 0.30335918068885803, 0.4828432500362396, 1.4598008394241333, 0.21733485162258148, 0.3462238013744354, 0.480557918548584, 0.5848976969718933, 0.9771863222122192, -1.2133077383041382]}, "spi_03": {"px": [], "py": [], "pt": [], "pb": [], "x": ["2019-01", "2019-02", "2019-03", "2019-04", "2019-05", "2019-06", "2019-07", "2019-08", "2019-09", "2019-10", "2019-11", "2019-12", "2020-01", "2020-02", "2020-03", "2020-04", "2020-05", "2020-06", "2020-07"], "y": [-1.570403814315796, -0.6774507164955139, -0.3438541293144226, 0.11956487596035004, 0.245321586728096, 0.46309229731559753, 1.2855008840560913, -0.3831344544887543, -0.5103070735931396, -0.45848938822746277, -1.747351884841919, -2.5825095176696777, -1.8341635465621948, -1.203881859779358, 0.02591283619403839, 0.44991666078567505, 0.5785903334617615, 0.37746429443359375, 0.5242140889167786]}, "spi_06": {"px": [], "py": [], "pt": [], "pb": [], "x": ["2019-01", "2019-02", "2019-03", "2019-04", "2019-05", "2019-06", "2019-07", "2019-08", "2019-09", "2019-10", "2019-11", "2019-12", "2020-01", "2020-02", "2020-03", "2020-04", "2020-05", "2020-06", "2020-07"], "y": [-1.1987653970718384, -0.7222701907157898, -0.6298174858093262, -0.9493235349655151, -0.36987438797950745, -0.17176218330860138, 0.44267114996910095, 0.2233458310365677, 0.3390129506587982, 0.3877670466899872, -1.778638482093811, -2.6078104972839355, -2.0996992588043213, -1.7181910276412964, -1.2045115232467651, -0.9040289521217346, -0.5233580470085144, 0.10395803302526474, 0.48684555292129517]}, "spi_12": {"px": ["2021-01", "2021-02", "2021-03", "2021-04", "2021-05", "2021-06", "2021-07", "2021-08", "2021-09", "2021-10", "2021-11", "2021-12"], "py": [0.5633788433475964, 0.2716235332264234, 0.6396348812114296, 0.9742728995146299, 0.3213649419848954, 0.2427592291981555, 1.1676916584157992, 1.0474416415511292, 1.0881906047271093, 0.6469139478182298, 0.5884186648732124, 0.09593712880555838], "pt": [1.5831706125595613, 1.5206082693542449, 2.081838226654817, 2.586705257207787, 2.0876960906271105, 2.1506149221664526, 3.2072751854426667, 3.2107466552390207, 3.3685143099880506, 3.038537626264068, 3.0863881278231933, 2.6959061779210334], "pb": [-0.4564129258643681, -0.9773612029013976, -0.8025684642319575, -0.6381594581785268, -1.4449662066573197, -1.665096463770142, -0.8718918686110682, -1.1158633721367628, -1.1921331005338316, -1.744709730627608, -1.9095507980767685, -2.504031920309917], "x": ["2019-01", "2019-02", "2019-03", "2019-04", "2019-05", "2019-06", "2019-07", "2019-08", "2019-09", "2019-10", "2019-11", "2019-12", "2020-01", "2020-02", "2020-03", "2020-04", "2020-05", "2020-06", "2020-07", "2020-08", "2020-09", "2020-10", "2020-11", "2020-12"], "y": [-1.5701563358306885, -0.9115526080131531, -0.9225906729698181, -0.8713280558586121, -0.4248383045196533, -0.4244172275066376, -0.4231487810611725, -0.47002384066581726, -0.45767781138420105, -0.712007462978363, -0.7720450758934021, -1.0995497703552246, -0.8558514714241028, -1.0642591714859009, -0.9205393195152283, -0.7736321687698364, -1.0801360607147217, -1.0588940382003784, -1.0585802793502808, -1.0615863800048828, -1.0073890686035156, -0.6259551048278809, -0.13205157220363617, 0.027981624007225037],