{"IIS3": {"px": [], "py": [], "pt": [], "pb": [], "x": ["2019-01", "2019-02", "2019-03", "2019-04", "2019-05", "2019-06", "2019-07", "2019-08", "2019-09", "2019-10", "2019-11", "2019-12", "2020-01", "2020-02", "2020-03", "2020-04", "2020-05", "2020-06", "2020-07", "2020-08", "2020-09", "2020-10", "2020-11", "2020-12"], "y": [NaN, NaN, NaN, NaN, NaN, NaN, NaN, NaN, NaN, NaN, NaN, NaN, NaN, NaN, NaN, NaN, NaN, NaN, NaN, NaN, NaN, NaN, NaN, NaN]}, "VHI": {"px": ["2021-01", "2021-02", "2021-03", "2021-04", "2021-05", "2021-06", "2021-07", "2021-08", "2021-09", "2021-10", "2021-11", "2021-12"], "py": [29.890275263166906, 29.983342386149708, 16.214806580869563, 12.581897422281813, 27.679351347339434, 30.351150441331278, 20.91515190471877, 29.495458942443065, 22.000923675109675, 24.580523146019424, 27.767880761708533, 23.457593795302117], "pt": [61.149115332642154, 68.26744635180982, 60.421481986490306, 62.00646301857567, 81.8212502644147, 88.8310850540789, 83.4328316943245, 95.80547191363858, 91.89781455163265, 97.88900074696951, 104.33608840778996, 103.1523110361449], "pb": [-1.3685648063083455, -8.300761579510407, -27.991868824751172, -36.84266817401205, -26.462547569735833, -28.128784171416342, -41.60252788488697, -36.814554028752454, -47.8959672014133, -48.727954454930675, -48.800326884372886, -56.23712344554066], "x": ["2019-01", "2019-02", "2019-03", "2019-04", "2019-05", "2019-06", "2019-07", "2019-08", "2019-09", "2019-10", "2019-11", "2019-12", "2020-01", "2020-02", "2020-03", "2020-04", "2020-05", "2020-06", "2020-07", "2020-08", "2020-09", "2020-10", "2020-11", "2020-12"], "y": [55.58928680419922, 58.08606719970703, 52.79143142700195, 51.4522819519043, 51.532142639160156, 46.699283599853516, 46.699283599853516, 61.03685760498047, 48.87999725341797, 52.14928436279297, 57.01375198364258, 51.163333892822266, 52.30833435058594, 53.83124923706055, 34.22966384887695, 28.719167709350586, 49.27606964111328, 51.35742950439453, 58.7017822265625, 62.16393280029297, 43.3774299621582, 32.9874267578125, 21.08571434020996, 30.70762062072754]}, "spi_01": {"px": [], "py": [], "pt": [], "pb": [], "x": ["2019-01", "2019-02", "2019-03", "2019-04", "2019-05", "2019-06", "2019-07", "2019-08", "2019-09", "2019-10", "2019-11", "2019-12", "2020-01", "2020-02", "2020-03", "2020-04", "2020-05", "2020-06", "2020-07", "2020-08", "2020-09", "2020-10", "2020-11", "2020-12"], "y": [NaN, NaN, NaN, NaN, NaN, NaN, NaN, NaN, NaN, NaN, NaN, NaN, NaN, NaN, NaN, NaN, NaN, NaN, NaN, NaN, NaN, NaN, NaN, NaN]}, "spi_03": {"px": [], "py": [], "pt": [], "pb": [], "x": ["2019-01", "2019-02", "2019-03", "2019-04", "2019-05", "2019-06", "2019-07", "2019-08", "2019-09", "2019-10", "2019-11", "2019-12", "2020-01", "2020-02", "2020-03", "2020-04", "2020-05", "2020-06", "2020-07"], "y": [NaN, NaN, NaN, NaN, NaN, NaN, NaN, NaN, NaN, NaN, NaN, NaN, NaN, NaN, NaN, NaN, NaN, NaN, NaN]}, "spi_06": {"px": [], "py": [], "pt": [], "pb": [], "x": ["2019-01", "2019-02", "2019-03", "2019-04", "2019-05", "2019-06", "2019-07", "2019-08", "2019-09", "2019-10", "2019-11", "2019-12", "2020-01", "2020-02", "2020-03", "2020-04", "2020-05", "2020-06", "2020-07"], "y": [NaN, NaN, NaN, NaN, NaN, NaN, NaN, NaN, NaN, NaN, NaN, NaN, NaN, NaN, NaN, NaN, NaN, NaN, NaN]}, "spi_12": {"px": [], "py": [], "pt": [], "pb": [], "x": ["2019-01", "2019-02", "2019-03", "2019-04", "2019-05", "2019-06", "2019-07", "2019-08", "2019-09", "2019-10", "2019-11", "2019-12", "2020-01", "2020-02", "2020-03", "2020-04", "2020-05", "2020-06", "2020-07", "2020-08", "2020-09", "2020-10", "2020-11", "2020-12"], "y": [NaN, NaN, NaN, NaN, NaN, NaN, NaN, NaN, NaN, NaN, NaN, NaN, NaN, NaN, NaN, NaN, NaN, NaN, NaN, NaN, NaN, NaN, NaN, NaN], "geox": [-47.756953707001564, -47.75864572229348, -47.75726471929176, -47.760429750917645, -47.76415778241196, -47.76543880171788, -47.76912283812502, -47.76848884087116, -47.76709483574934, -47.76493382115537, -47.76445583096954, -47.761428809085565, -47.7579867910877, -47.7563237764517, -47.756619772573885, -47.75545676302082, -47.753902753825976, -47.75454276704815, -47.75642378825797, -47.754157776982176, -47.75637179681906, -47.75579180165207, -47.757117815595485, -47.75418180200545, -47.75467780802953, -47.75334580072413, -47.75070677973466, -47.75031877979847, -47.75426682293731, -47.756740857931504, -47.760089886382204, -47.76023289729504, -47.75943489175784, -47.7582368784733, -47.75711087081328, -47.754653856107765, -47.75434585755502, -47.75723687815332, -47.75757188906651, -47.75890290168546, -47.75995890720088, -47.76173692121518, -47.76207092831317, -47.76411694871293, -47.76506295607812, -47.76584597221047, -47.764736966018646, -47.766210987885586, -47.76549198716596, -47.76411997778085, -47.764711987882166, -47.7622349736011, -47.76468000022516, -47.78218714096383, -47.805651327767016, -47.80918336066359, -47.828294529168105, -47.83467359150436, -47.83998863102105, -47.84477165823842, -47.847772679178604, -47.852554717445976, -47.851048693855496, -47.85387571076754, -47.85366470240208, -47.85483971154248, -47.85487470990296, -47.85556871718601, -47.856596715891364, -47.85612070970844, -47.85426469304164, -47.851539654640824, -47.85054664659527, -47.84818361814394, -47.846237599985706, -47.84454558099796, -47.84201455901898, -47.84096354367022, -47.83901952220983, -47.83843447713113, -47.83965647943936, -47.842340497658356, -47.84404050446054, -47.842900489962865, -47.84287748034572, -47.841187463349016, -47.84201045879834, -47.84567848902955, -47.84695949527851, -47.84937751655968, -47.850102521282054, -47.85023951115665, -47.85207651815031, -47.852594511081904, -47.85575953614273, -47.85851655196791, -47.85821354734266, -47.86029756118124, -47.86340057293137, -47.861818557399495, -47.861481544875765, -47.86029553155175, -47.85859850459863, -47.86301151584709, -47.862731506083875, -47.863433503154795, -47.862730480510265, -47.85951843966906, -47.859901431079685, -47.8582674144482, -47.85666040193085, -47.854487393123605, -47.85196037786728, -47.85023536509745, -47.841077281504994, -47.84005826505173, -47.838789254118964, -47.827236185002114, -47.82607218031917, -47.82497919884781, -47.82382719873907, -47.81473713468491, -47.808464086876725, -47.80693808069112, -47.80679609581994, -47.793121008896776, -47.79028998427986, -47.783398915553484, -47.77431284779599, -47.76596277313835, -47.763822758605386, -47.75876671806111, -47.757877711110474, -47.756953707001564],