{"IIS3": {"px": [], "py": [], "pt": [], "pb": [], "x": ["2019-01", "2019-02", "2019-03", "2019-04", "2019-05", "2019-06", "2019-07", "2019-08", "2019-09", "2019-10", "2019-11", "2019-12", "2020-01", "2020-02", "2020-03", "2020-04", "2020-05", "2020-06", "2020-07", "2020-08", "2020-09", "2020-10", "2020-11", "2020-12"], "y": [NaN, NaN, NaN, NaN, NaN, NaN, NaN, NaN, NaN, NaN, NaN, NaN, NaN, NaN, NaN, NaN, NaN, NaN, NaN, NaN, NaN, NaN, NaN, NaN]}, "VHI": {"px": ["2021-01", "2021-02", "2021-03", "2021-04", "2021-05", "2021-06", "2021-07", "2021-08", "2021-09", "2021-10", "2021-11", "2021-12"], "py": [75.23352202697923, 120.47020146904413, 128.06032488123515, 128.84586490651532, 146.50554034847994, 141.34353490071393, 144.05121369660876, 186.59913597593862, 166.69902497990242, 111.20046189882545, 64.90382039589106, 49.54688149883373], "pt": [111.85520827004672, 165.3224237655612, 179.85121005021728, 186.74983478973837, 209.9361612652557, 209.85643595984453, 217.29458577346446, 264.28546356863177, 248.58760438197623, 197.08592852816997, 154.60826465475014, 142.91422729725122], "pb": [38.61183578391175, 75.61797917252703, 76.26943971225302, 70.94189502329226, 83.07491943170419, 72.83063384158334, 70.80784161975305, 108.91280838324549, 84.81044557782863, 25.31499526948093, -24.80062386296804, -43.82046429958376], "x": ["2019-01", "2019-02", "2019-03", "2019-04", "2019-05", "2019-06", "2019-07", "2019-08", "2019-09", "2019-10", "2019-11", "2019-12", "2020-01", "2020-02", "2020-03", "2020-04", "2020-05", "2020-06", "2020-07", "2020-08", "2020-09", "2020-10", "2020-11", "2020-12"], "y": [32.50966262817383, 22.161014556884766, 25.14346694946289, 43.41476821899414, 52.040199279785156, 51.422969818115234, 51.422969818115234, 71.10281372070312, 66.06864166259766, 42.89101028442383, 22.165203094482422, 15.574865341186523, 33.985740661621094, 59.78296661376953, 64.44480895996094, 65.52995300292969, 77.2127685546875, 76.46473693847656, 77.25534057617188, 81.04033660888672, 81.27664184570312, 57.61886215209961, 57.20391845703125, 42.50162124633789]}, "spi_01": {"px": [], "py": [], "pt": [], "pb": [], "x": ["2019-01", "2019-02", "2019-03", "2019-04", "2019-05", "2019-06", "2019-07", "2019-08", "2019-09", "2019-10", "2019-11", "2019-12", "2020-01", "2020-02", "2020-03", "2020-04", "2020-05", "2020-06", "2020-07", "2020-08", "2020-09", "2020-10", "2020-11", "2020-12"], "y": [NaN, NaN, NaN, NaN, NaN, NaN, NaN, NaN, NaN, NaN, NaN, NaN, NaN, NaN, NaN, NaN, NaN, NaN, NaN, NaN, NaN, NaN, NaN, NaN]}, "spi_03": {"px": [], "py": [], "pt": [], "pb": [], "x": ["2019-01", "2019-02", "2019-03", "2019-04", "2019-05", "2019-06", "2019-07", "2019-08", "2019-09", "2019-10", "2019-11", "2019-12", "2020-01", "2020-02", "2020-03", "2020-04", "2020-05", "2020-06", "2020-07"], "y": [NaN, NaN, NaN, NaN, NaN, NaN, NaN, NaN, NaN, NaN, NaN, NaN, NaN, NaN, NaN, NaN, NaN, NaN, NaN]}, "spi_06": {"px": [], "py": [], "pt": [], "pb": [], "x": ["2019-01", "2019-02", "2019-03", "2019-04", "2019-05", "2019-06", "2019-07", "2019-08", "2019-09", "2019-10", "2019-11", "2019-12", "2020-01", "2020-02", "2020-03", "2020-04", "2020-05", "2020-06", "2020-07"], "y": [NaN, NaN, NaN, NaN, NaN, NaN, NaN, NaN, NaN, NaN, NaN, NaN, NaN, NaN, NaN, NaN, NaN, NaN, NaN]}, "spi_12": {"px": [], "py": [], "pt": [], "pb": [], "x": ["2019-01", "2019-02", "2019-03", "2019-04", "2019-05", "2019-06", "2019-07", "2019-08", "2019-09", "2019-10", "2019-11", "2019-12", "2020-01", "2020-02", "2020-03", "2020-04", "2020-05", "2020-06", "2020-07", "2020-08", "2020-09", "2020-10", "2020-11", "2020-12"], "y": [NaN, NaN, NaN, NaN, NaN, NaN, NaN, NaN, NaN, NaN, NaN, NaN, NaN, NaN, NaN, NaN, NaN, NaN, NaN, NaN, NaN, NaN, NaN, NaN], "geox": [-39.16078216611544, -39.15849615012894, -39.15560712293356, -39.15327410395182, -39.14935306421317, -39.13807796772408, -39.132617918444495, -39.127208866928186, -39.11726677682579, -39.1163297670042, -39.11737977314037, -39.1141277403859, -39.111009712333065, -39.105900668398185, -39.10133362621473, -39.10028061696064, -39.09955761184987, -39.03207393997761, -39.028596912628956, -39.02678389589208, -39.02306686437533, -39.02101284471187, -39.01893482707392, -39.017468813366555, -39.0143667879662, -39.01341577898508, -39.010595755178, -39.00946374416573, -39.00781673041004, -39.004514700621414, -39.003039686209895, -38.99301959811449, -38.98702754846183, -38.983463515325376, -38.97647144685244, -38.97427242258655, -38.97059139000398, -38.967284359546504, -38.966548353170595, -38.964671342783525, -38.96235032460648, -38.96102731137914, -38.9610773083151, -38.95883828523497, -38.95514025106194, -38.949495201073276, -38.942183137992444, -38.93572408905183, -38.933408068535826, -38.93205505493898, -38.929127027747064, -38.92249097210611, -38.91975594322416, -38.91357489330921, -38.91216888055177, -38.90756583589237, -38.90496581468316, -38.904850815102016, -38.90354780433242, -38.90241479374485, -38.90006176832909, -38.896338731101224, -38.89455070898733, -38.887531640477164, -38.88052158343858, -38.87391352860017, -38.872503518195295, -38.87174751505587, -38.864767465738275, -38.86339546668647, -38.86424047868728, -38.863347473689686, -38.859387441472464, -38.859574444862844, -38.861459463913455, -38.86187647357951, -38.86122347400294, -38.862303489798556, -38.86154748634417, -38.858242462822695, -38.85806346600694, -38.85818847208326, -38.85361744235047, -38.8144252620104, -38.970241591746245, -39.06442749197071, -39.159577162890855, -39.16157617678607, -39.16078216611544], "geoy": [-11.628614461400192, -11.631756486254991, -11.630227479102796, -11.631337489768162, -11.627037464455922, -11.628672489843721, -11.627457488060859, -11.624131471402274, -11.621635466151847, -11.620352458303891, -11.617951440159914, -11.61454742027833, -11.613927419768867, -11.614515430191133, -11.612747423406317, -11.612712424457639, -11.613669432066581, -11.549145061414796, -11.551595082905717, -11.550904080261235, -11.551712090492702, -11.550372083575304, -11.550810089198537, -11.550114086093151, -11.551508099696205, -11.55098609718536, -11.551685105552641, -11.550808100764275, -11.551335106486883, -11.550634105589424, -11.549442099001999, -11.549150109191048, -11.551390132282613, -11.549856125836607, -11.544089093765882, -11.540099068348967, -11.539824070903833, -11.538633066549371, -11.538689067841744, -11.543513104112284, -11.545228119025053, -11.54392211144029, -11.541131091718688, -11.538366074971186, -11.536946069476716, -11.536516073330041, -11.537295087733783, -11.54339613860225, -11.543218140172204, -11.541829132033364, -11.540604126969649, -11.542606149169412, -11.53868512486488, -11.542080156329256, -11.541733155596578, -11.53828813691773, -11.539549148975608, -11.540688157146171, -11.54120816239985, -11.540684160085672, -11.536859135981482, -11.533190114641096, -11.528043080516689, -11.522461049678899, -11.525994083127323, -11.52847210864561, -11.530038121408872, -11.532828142011992, -11.542330217538696, -11.552695292321111, -11.556358317125813, -11.558619334159651, -11.560624353126698, -11.56202036274376, -11.56402837460577, -11.568818407873362, -11.57371944322589, -11.578755477411653, -11.58128449616307, -11.585636530878253, -11.589419557762982, -11.593380585528891, -11.60162064919186, -11.730961608019848, -11.701838210727267, -11.760707506631698, -11.634362503190928, -11.631549480998219, -11.628614461400192]}}