{"IIS3": {"px": [], "py": [], "pt": [], "pb": [], "x": ["2019-01", "2019-02", "2019-03", "2019-04", "2019-05", "2019-06", "2019-07", "2019-08", "2019-09", "2019-10", "2019-11", "2019-12", "2020-01", "2020-02", "2020-03", "2020-04", "2020-05", "2020-06", "2020-07", "2020-08", "2020-09", "2020-10", "2020-11", "2020-12"], "y": [NaN, NaN, NaN, NaN, NaN, NaN, NaN, NaN, NaN, NaN, NaN, NaN, NaN, NaN, NaN, NaN, NaN, NaN, NaN, NaN, NaN, NaN, NaN, NaN]}, "VHI": {"px": ["2021-01", "2021-02", "2021-03", "2021-04", "2021-05", "2021-06", "2021-07", "2021-08", "2021-09", "2021-10", "2021-11", "2021-12"], "py": [43.43628754330768, 86.67219562716356, 133.85756150928827, 102.21430758584751, 78.5109579214825, 88.56077290245962, 86.96481405555957, 92.14086707274376, 118.5220307304177, 93.99403392122213, 77.15785472489748, 38.561171814607114], "pt": [68.33638675908492, 117.16846436309015, 169.07161939349353, 141.58482115286188, 121.63919466249439, 135.1445927356063, 136.76501220883375, 144.96195378973283, 174.2003448915162, 152.38994245666908, 138.15039196953578, 102.04421731021085], "pb": [18.536188327530432, 56.175926891236955, 98.64350362508301, 62.84379401883314, 35.382721180470625, 41.976953069312934, 37.164615902285384, 39.319780355754695, 62.843716569319184, 35.59812538577518, 16.165317480259176, -24.921873680996633], "x": ["2019-01", "2019-02", "2019-03", "2019-04", "2019-05", "2019-06", "2019-07", "2019-08", "2019-09", "2019-10", "2019-11", "2019-12", "2020-01", "2020-02", "2020-03", "2020-04", "2020-05", "2020-06", "2020-07", "2020-08", "2020-09", "2020-10", "2020-11", "2020-12"], "y": [28.078750610351562, 47.376251220703125, 66.12124633789062, 63.28499984741211, 46.269996643066406, 46.193748474121094, 46.193748474121094, 48.87199783325195, 65.18299865722656, 50.26750183105469, 39.474998474121094, 16.17799949645996, 19.920000076293945, 46.94499969482422, 75.7239990234375, 55.30249786376953, 41.00374984741211, 48.34400177001953, 53.338748931884766, 57.55999755859375, 52.9109992980957, 44.74699783325195, 49.65374755859375, 37.49166488647461]}, "spi_01": {"px": [], "py": [], "pt": [], "pb": [], "x": ["2019-01", "2019-02", "2019-03", "2019-04", "2019-05", "2019-06", "2019-07", "2019-08", "2019-09", "2019-10", "2019-11", "2019-12", "2020-01", "2020-02", "2020-03", "2020-04", "2020-05", "2020-06", "2020-07", "2020-08", "2020-09", "2020-10", "2020-11", "2020-12"], "y": [NaN, NaN, NaN, NaN, NaN, NaN, NaN, NaN, NaN, NaN, NaN, NaN, NaN, NaN, NaN, NaN, NaN, NaN, NaN, NaN, NaN, NaN, NaN, NaN]}, "spi_03": {"px": [], "py": [], "pt": [], "pb": [], "x": ["2019-01", "2019-02", "2019-03", "2019-04", "2019-05", "2019-06", "2019-07", "2019-08", "2019-09", "2019-10", "2019-11", "2019-12", "2020-01", "2020-02", "2020-03", "2020-04", "2020-05", "2020-06", "2020-07"], "y": [NaN, NaN, NaN, NaN, NaN, NaN, NaN, NaN, NaN, NaN, NaN, NaN, NaN, NaN, NaN, NaN, NaN, NaN, NaN]}, "spi_06": {"px": [], "py": [], "pt": [], "pb": [], "x": ["2019-01", "2019-02", "2019-03", "2019-04", "2019-05", "2019-06", "2019-07", "2019-08", "2019-09", "2019-10", "2019-11", "2019-12", "2020-01", "2020-02", "2020-03", "2020-04", "2020-05", "2020-06", "2020-07"], "y": [NaN, NaN, NaN, NaN, NaN, NaN, NaN, NaN, NaN, NaN, NaN, NaN, NaN, NaN, NaN, NaN, NaN, NaN, NaN]}, "spi_12": {"px": [], "py": [], "pt": [], "pb": [], "x": ["2019-01", "2019-02", "2019-03", "2019-04", "2019-05", "2019-06", "2019-07", "2019-08", "2019-09", "2019-10", "2019-11", "2019-12", "2020-01", "2020-02", "2020-03", "2020-04", "2020-05", "2020-06", "2020-07", "2020-08", "2020-09", "2020-10", "2020-11", "2020-12"], "y": [NaN, NaN, NaN, NaN, NaN, NaN, NaN, NaN, NaN, NaN, NaN, NaN, NaN, NaN, NaN, NaN, NaN, NaN, NaN, NaN, NaN, NaN, NaN, NaN], "geox": [-35.43399744498801, -35.4335714411439, -35.43087241648393, -35.42901539790663, -35.42816138828769, -35.42597036749566, -35.42464935146257, -35.42196332546274, -35.42187732356752, -35.42078131295614, -35.41857129050251, -35.415911263903716, -35.41553925873251, -35.416054262056335, -35.4087321975964, -35.40386717158614, -35.40007814101626, -35.39762912078962, -35.38770703453366, -35.37959196253431, -35.37799694844895, -35.373783912786095, -35.37089288716163, -35.36819286392215, -35.36638885113844, -35.36194781356493, -35.3580877826664, -35.354214749664926, -35.353318743886504, -35.350089716563474, -35.35019771762518, -35.35626977417363, -35.372369921472696, -35.37445794073773, -35.37233291617545, -35.37728495764884, -35.391042077109866, -35.4049012005327, -35.412486267642926, -35.41716630647034, -35.419256324455525, -35.42161834452263, -35.42356535783842, -35.42564337401741, -35.42821139577318, -35.43340344115002, -35.43399744498801], "geoy": [-6.707486906015955, -6.7074719061720085, -6.706907903395398, -6.7040388815647765, -6.701060858206557, -6.699410846377269, -6.6930187959010246, -6.690205775047248, -6.688473761191743, -6.687321752647785, -6.68336472229198, -6.679259691034152, -6.676438668610827, -6.674406651952903, -6.676660674789314, -6.704153898793426, -6.709620945158663, -6.712432969331502, -6.717195014016348, -6.718864032689128, -6.719295037186377, -6.722809068147176, -6.723448075157247, -6.725111090268804, -6.730443134269065, -6.734181167179914, -6.740134217504209, -6.7430372433407975, -6.746558272202934, -6.749272296103093, -6.749408297124977, -6.752234315862756, -6.755701333199805, -6.756401337456938, -6.748094272149074, -6.74329223036558, -6.736480166712281, -6.734368140733569, -6.732551121209224, -6.727472077392017, -6.726196065789195, -6.7243570494902185, -6.7178819962444525, -6.713993963680618, -6.711899945201451, -6.709809925051253, -6.707486906015955]}}