{"IIS3": {"px": [], "py": [], "pt": [], "pb": [], "x": ["2019-01", "2019-02", "2019-03", "2019-04", "2019-05", "2019-06", "2019-07", "2019-08", "2019-09", "2019-10", "2019-11", "2019-12", "2020-01", "2020-02", "2020-03", "2020-04", "2020-05", "2020-06", "2020-07", "2020-08", "2020-09", "2020-10", "2020-11", "2020-12"], "y": [NaN, NaN, NaN, NaN, NaN, NaN, NaN, NaN, NaN, NaN, NaN, NaN, NaN, NaN, NaN, NaN, NaN, NaN, NaN, NaN, NaN, NaN, NaN, NaN]}, "VHI": {"px": ["2021-01", "2021-02", "2021-03", "2021-04", "2021-05", "2021-06", "2021-07", "2021-08", "2021-09", "2021-10", "2021-11", "2021-12"], "py": [33.752410883585256, 44.58429215854632, 47.02095543021882, 50.07358982613968, 50.38418615416285, 55.794464739845964, 49.20835381714417, 63.95583872264439, 41.1713706751694, 41.88762022738949, 36.69475335092813, 22.452978143966448], "pt": [46.01904119292044, 56.8509224678815, 59.287585739554004, 62.340220135474866, 62.65081646349803, 68.06109504918115, 61.474984126479356, 76.22246903197957, 53.43800098450458, 54.154250536724675, 48.96138366026332, 34.71960845330164], "pb": [21.48578057425008, 32.317661849211134, 34.754325120883635, 37.8069595168045, 38.11755584482766, 43.52783443051078, 36.94172350780899, 51.6892084133092, 28.904740365834215, 29.6209899180543, 24.42812304159294, 10.186347834631256], "x": ["2019-01", "2019-02", "2019-03", "2019-04", "2019-05", "2019-06", "2019-07", "2019-08", "2019-09", "2019-10", "2019-11", "2019-12", "2020-01", "2020-02", "2020-03", "2020-04", "2020-05", "2020-06", "2020-07", "2020-08", "2020-09", "2020-10", "2020-11", "2020-12"], "y": [48.00589370727539, 48.318111419677734, 56.15129089355469, 51.95658493041992, 53.221153259277344, 54.588134765625, 54.588134765625, 69.99446868896484, 45.63725662231445, 46.37997817993164, 41.004825592041016, 26.000741958618164, 37.17237854003906, 48.6913948059082, 50.99618148803711, 53.3282585144043, 52.7343864440918, 58.68305587768555, 60.10232925415039, 63.09269714355469, 42.9699821472168, 26.09449005126953, 37.75406265258789, 33.81270980834961]}, "spi_01": {"px": ["2021-01", "2021-02", "2021-03", "2021-04", "2021-05", "2021-06", "2021-07", "2021-08", "2021-09", "2021-10", "2021-11", "2021-12"], "py": [1.3848402025519775, 0.8355778688743802, 3.684561932790884, 1.4216251527556434, -1.4189703446616022, 2.177267186252455, 3.374166415204834, 1.3480579549267473, 0.6453439166623509, 1.3442148437127424, -2.143210296313289, 0.32951154860892373], "pt": [5.524377644662309, 4.975115310984712, 7.824099374901216, 5.561162594865976, 2.72056709744873, 6.316804628362789, 7.513703857315168, 5.487595397037081, 4.784881358772685, 5.483752285823076, 1.9963271457970464, 4.4690489907192585], "pb": [-2.754697239558353, -3.303959573235951, -0.4549755093194472, -2.7179122893546888, -5.558507786771934, -1.9622702558578782, -0.7653710269054992, -2.7914794871835866, -3.494193525447983, -2.7953225983975925, -6.282747738423623, -3.810025893501412], "x": ["2019-01", "2019-02", "2019-03", "2019-04", "2019-05", "2019-06", "2019-07", "2019-08", "2019-09", "2019-10", "2019-11", "2019-12", "2020-01", "2020-02", "2020-03", "2020-04", "2020-05", "2020-06", "2020-07", "2020-08", "2020-09", "2020-10", "2020-11", "2020-12"], "y": [-1.4860509634017944, -0.7967581152915955, -1.1156619787216187, -0.43383434414863586, -0.7582801580429077, -1.3004422187805176, 0.6329860687255859, -0.5619744062423706, -0.9196256399154663, -0.38411083817481995, -2.7014808654785156, -1.1215847730636597, -0.06884393841028214, -0.546133816242218, 1.3528306484222412, -0.2303580343723297, -2.0985729694366455, 0.5061193704605103, -0.6798708438873291, -0.49976441264152527, -1.4569963216781616, 0.13130921125411987, 0.19414009153842926, -1.7973192930221558]}, "spi_03": {"px": [], "py": [], "pt": [], "pb": [], "x": ["2019-01", "2019-02", "2019-03", "2019-04", "2019-05", "2019-06", "2019-07", "2019-08", "2019-09", "2019-10", "2019-11", "2019-12", "2020-01", "2020-02", "2020-03", "2020-04", "2020-05", "2020-06", "2020-07"], "y": [-1.3354694843292236, -1.5992317199707031, -1.7469093799591064, -1.158298134803772, -0.9665634036064148, -0.7412473559379578, -0.8204888701438904, -0.7258918285369873, -0.823559045791626, -0.8515496253967285, -2.132092237472534, -2.0627541542053223, -1.3687416315078735, -0.9934840798377991, 0.39147642254829407, 0.3577788770198822, 0.3287805914878845, -0.7566766738891602, -1.646833062171936]}, "spi_06": {"px": [], "py": [], "pt": [], "pb": [], "x": ["2019-01", "2019-02", "2019-03", "2019-04", "2019-05", "2019-06", "2019-07", "2019-08", "2019-09", "2019-10", "2019-11", "2019-12", "2020-01", "2020-02", "2020-03", "2020-04", "2020-05", "2020-06", "2020-07"], "y": [-0.7596532106399536, -1.0310955047607422, -1.3355622291564941, -1.4762678146362305, -1.4420359134674072, -1.5745450258255005, -1.2216129302978516, -1.0139716863632202, -0.8746942281723022, -1.3440204858779907, -2.154707670211792, -2.0919594764709473, -1.7239700555801392, -1.671659231185913, -0.5140831470489502, -0.4042404890060425, -0.29093706607818604, -0.032055966556072235, 0.02044401317834854]}, "spi_12": {"px": ["2021-01", "2021-02", "2021-03", "2021-04", "2021-05", "2021-06", "2021-07", "2021-08", "2021-09", "2021-10", "2021-11", "2021-12"], "py": [0.019750001941645667, 0.19934445452932614, 2.0598104996044633, 2.1440706586087837, 1.762897994457573, 1.6066139340636374, 2.110600447830988, 2.22245730900766, 1.8435815141352752, 0.8826748194482215, 0.2337148308626631, -0.12624895723858298], "pt": [0.9517245164253199, 1.3407754585760978, 3.377821492863382, 3.6176517455203605, 3.3771251968846805, 3.3501785879861083, 3.97454946638271, 4.199473794804393, 3.9275398693967727, 3.0683487813685133, 2.516576830451883, 2.2498291455435275], "pb": [-0.9122245125420287, -0.9420865495174457, 0.7417995063455445, 0.6704895716972068, 0.14867079203046574, -0.13695071985883356, 0.2466514292792663, 0.24544082321092642, -0.24037684112622282, -1.3029991424720708, -2.049147168726557, -2.502327060020693], "x": ["2019-01", "2019-02", "2019-03", "2019-04", "2019-05", "2019-06", "2019-07", "2019-08", "2019-09", "2019-10", "2019-11", "2019-12", "2020-01", "2020-02", "2020-03", "2020-04", "2020-05", "2020-06", "2020-07", "2020-08", "2020-09", "2020-10", "2020-11", "2020-12"], "y": [-1.2386152744293213, -1.6841790676116943, -1.7279574871063232, -1.4299440383911133, -1.2784185409545898, -1.2767517566680908, -1.226970911026001, -1.2235658168792725, -1.314263105392456, -1.5851507186889648, -1.7823371887207031, -1.8907744884490967, -1.7174665927886963, -1.6257483959197998, -0.8287094831466675, -0.7341784238815308, -0.8017494678497314, -0.7549201250076294, -0.7718591094017029, -0.765880286693573, -0.7615647315979004, -0.6575175523757935, -0.340787798166275, -0.38618212938308716],