{"IIS3": {"px": [], "py": [], "pt": [], "pb": [], "x": ["2019-01", "2019-02", "2019-03", "2019-04", "2019-05", "2019-06", "2019-07", "2019-08", "2019-09", "2019-10", "2019-11", "2019-12", "2020-01", "2020-02", "2020-03", "2020-04", "2020-05", "2020-06", "2020-07", "2020-08", "2020-09", "2020-10", "2020-11", "2020-12"], "y": [NaN, NaN, NaN, NaN, NaN, NaN, NaN, NaN, NaN, NaN, NaN, NaN, NaN, NaN, NaN, NaN, NaN, NaN, NaN, NaN, NaN, NaN, NaN, NaN]}, "VHI": {"px": ["2021-01", "2021-02", "2021-03", "2021-04", "2021-05", "2021-06", "2021-07", "2021-08", "2021-09", "2021-10", "2021-11", "2021-12"], "py": [43.00446650283577, 38.37515059750373, 46.5099166312112, 48.909367601762426, 50.707164068720175, 43.82415838233969, 41.29811473628156, 46.55216023109068, 55.34616070110192, 47.163722412140984, 39.82511001447736, 46.361686661953186], "pt": [50.56789818012932, 45.938582274797284, 54.07334830850475, 56.47279927905598, 58.270595746013726, 51.38759005963324, 48.86154641357511, 54.11559190838423, 62.90959237839547, 54.72715408943455, 47.38854169177091, 53.92511833924675], "pb": [35.44103482554222, 30.811718920210183, 38.94648495391765, 41.345935924468876, 43.143732391426624, 36.26072670504614, 33.73468305898801, 38.98872855379713, 47.78272902380837, 39.60029073484742, 32.26167833718381, 38.79825498465962], "x": ["2019-01", "2019-02", "2019-03", "2019-04", "2019-05", "2019-06", "2019-07", "2019-08", "2019-09", "2019-10", "2019-11", "2019-12", "2020-01", "2020-02", "2020-03", "2020-04", "2020-05", "2020-06", "2020-07", "2020-08", "2020-09", "2020-10", "2020-11", "2020-12"], "y": [46.03179931640625, 35.067928314208984, 42.53701400756836, 40.18320846557617, 44.37204360961914, 38.57355499267578, 38.57355499267578, 43.531131744384766, 52.18544006347656, 44.62813949584961, 37.895790100097656, 44.56663131713867, 42.379764556884766, 37.83903884887695, 45.3912239074707, 47.10471725463867, 49.06021499633789, 42.779273986816406, 41.742454528808594, 43.51316833496094, 41.69395446777344, 41.977508544921875, 46.70566940307617, 49.01081466674805]}, "spi_01": {"px": ["2021-01", "2021-02", "2021-03", "2021-04", "2021-05", "2021-06", "2021-07", "2021-08", "2021-09", "2021-10", "2021-11", "2021-12"], "py": [-0.2888644621609102, -0.8823064717885925, 1.2808068455936361, 1.4157145118172485, 0.02163120139648056, 0.7956206852073979, 0.8010846804397511, 2.37120313792923, 2.4736867569636605, 0.4943802105101449, -1.4423012770778327, 0.6286955813289854], "pt": [1.868590954903051, 1.3032494418588394, 3.494106515032885, 3.6564144475071023, 2.289400364442214, 3.09013975288188, 3.1220453709690856, 4.718307588532788, 4.846646949866958, 2.892917442275433, 0.9815431129820817, 3.0775856160764725], "pb": [-2.4463198792248715, -3.0678623854360243, -0.9324928238456129, -0.8249854238726053, -2.246137961649253, -1.4988983824670843, -1.5198760100895834, 0.024098687325671442, 0.10072656406036185, -1.9041570212551426, -3.866145667137747, -1.8201944534185013], "x": ["2019-01", "2019-02", "2019-03", "2019-04", "2019-05", "2019-06", "2019-07", "2019-08", "2019-09", "2019-10", "2019-11", "2019-12", "2020-01", "2020-02", "2020-03", "2020-04", "2020-05", "2020-06", "2020-07", "2020-08", "2020-09", "2020-10", "2020-11", "2020-12"], "y": [-1.1472560167312622, -2.7551629543304443, -0.8615791201591492, -1.2717781066894531, -0.5307574272155762, 0.09957461804151535, -0.2689155638217926, 1.0196400880813599, 1.2404805421829224, -0.24024075269699097, -1.816217303276062, -0.10559356212615967, -0.6348838210105896, -1.2233303785324097, 0.5355352759361267, 0.5518757700920105, -0.5442072749137878, 0.1523827165365219, -0.9114559292793274, 0.5260651111602783, -0.45081040263175964, 0.22967587411403656, 0.07725965231657028, -0.48830366134643555]}, "spi_03": {"px": [], "py": [], "pt": [], "pb": [], "x": ["2019-01", "2019-02", "2019-03", "2019-04", "2019-05", "2019-06", "2019-07", "2019-08", "2019-09", "2019-10", "2019-11", "2019-12", "2020-01", "2020-02", "2020-03", "2020-04", "2020-05", "2020-06", "2020-07"], "y": [-0.03307509049773216, -1.4828152656555176, -2.35500168800354, -1.9929795265197754, -1.5327574014663696, -0.9973403811454773, -0.4735279381275177, 0.3401391804218292, 1.0625990629196167, 0.966139018535614, -0.6333515048027039, -1.3374682664871216, -1.688092827796936, -1.4836241006851196, -0.6366570591926575, 0.10912611335515976, 0.2616287171840668, 0.017121663317084312, -0.6685109734535217]}, "spi_06": {"px": [], "py": [], "pt": [], "pb": [], "x": ["2019-01", "2019-02", "2019-03", "2019-04", "2019-05", "2019-06", "2019-07", "2019-08", "2019-09", "2019-10", "2019-11", "2019-12", "2020-01", "2020-02", "2020-03", "2020-04", "2020-05", "2020-06", "2020-07"], "y": [-0.34029102325439453, -0.8169644474983215, -1.3727911710739136, -1.3429962396621704, -1.9135042428970337, -2.020672559738159, -1.7874423265457153, -0.9369614720344543, -0.1374182254076004, 0.22076909244060516, -0.32014429569244385, -0.3974900245666504, -0.750413715839386, -1.45291268825531, -1.527351975440979, -0.9958510398864746, -0.5734140276908875, -0.3747119903564453, -0.3751952648162842]}, "spi_12": {"px": ["2021-01", "2021-02", "2021-03", "2021-04", "2021-05", "2021-06", "2021-07", "2021-08", "2021-09", "2021-10", "2021-11", "2021-12"], "py": [-1.0311480375412934, -0.8770894212458795, -0.11617694140946888, 0.7587039585963837, 0.6853399405173826, 0.5790411398663244, -0.8761076081789403, -0.19325780763077383, 0.18800046421265026, 0.5794015786500242, -0.8105286961705402, -0.8401559240473211], "pt": [0.8014969097941878, 1.367433073510627, 2.475574388471868, 3.6563700336325304, 3.859574085770233, 4.007605873885911, 2.7891822660106182, 3.6943691791453768, 4.285919120650808, 4.877334924021685, 3.6785162766194777, 3.83219022047205], "pb": [-2.863792984876774, -3.1216119160023865, -2.707928271290806, -2.138962116439763, -2.488894204735468, -2.849523594153262, -4.541397482368499, -4.080884794406924, -3.9099181922255077, -3.7185317667216364, -5.299573668960559, -5.512502068566693], "x": ["2019-01", "2019-02", "2019-03", "2019-04", "2019-05", "2019-06", "2019-07", "2019-08", "2019-09", "2019-10", "2019-11", "2019-12", "2020-01", "2020-02", "2020-03", "2020-04", "2020-05", "2020-06", "2020-07", "2020-08", "2020-09", "2020-10", "2020-11", "2020-12"], "y": [0.6595377922058105, 0.16522188484668732, -0.1713418960571289, -0.4495011270046234, -1.2970291376113892, -1.4594334363937378, -1.5162659883499146, -1.2212576866149902, -1.1115590333938599, -0.9453534483909607, -1.690390944480896, -1.6541415452957153, -1.8063713312149048, -1.6812034845352173, -1.2209628820419312, -0.7128083109855652, -0.6990731358528137, -0.6433170437812805, -0.7677602767944336, -0.898354709148407, -1.3053029775619507, -1.1745845079421997, -0.6694522500038147, -0.6435261368751526],