{"IIS3": {"px": [], "py": [], "pt": [], "pb": [], "x": ["2019-01", "2019-02", "2019-03", "2019-04", "2019-05", "2019-06", "2019-07", "2019-08", "2019-09", "2019-10", "2019-11", "2019-12", "2020-01", "2020-02", "2020-03", "2020-04", "2020-05", "2020-06", "2020-07", "2020-08", "2020-09", "2020-10", "2020-11", "2020-12"], "y": [NaN, NaN, NaN, NaN, NaN, NaN, NaN, NaN, NaN, NaN, NaN, NaN, NaN, NaN, NaN, NaN, NaN, NaN, NaN, NaN, NaN, NaN, NaN, NaN]}, "VHI": {"px": ["2021-01", "2021-02", "2021-03", "2021-04", "2021-05", "2021-06", "2021-07", "2021-08", "2021-09", "2021-10", "2021-11", "2021-12"], "py": [45.281280004178726, 41.71646701949604, 35.303306172222364, 40.20469161613465, 34.958076405387075, 40.84981308109866, 40.981489154913206, 41.65507652259579, 36.52545303636339, 39.64817325457577, 43.12046763536456, 39.1244529988798], "pt": [57.17206364454421, 54.47490428111064, 48.87403596597805, 54.541765686937964, 50.02256042204934, 56.60816529396804, 57.404419777716726, 58.716718765298864, 54.20274416918582, 57.920381866868226, 61.96882547756681, 58.531863416662986], "pb": [33.39049636381324, 28.958029757881434, 21.732576378466682, 25.867617545331342, 19.893592388724812, 25.091460868229277, 24.558558532109686, 24.59343427989272, 18.848161903540955, 21.375964642283307, 24.272109793162315, 19.71704258109662], "x": ["2019-01", "2019-02", "2019-03", "2019-04", "2019-05", "2019-06", "2019-07", "2019-08", "2019-09", "2019-10", "2019-11", "2019-12", "2020-01", "2020-02", "2020-03", "2020-04", "2020-05", "2020-06", "2020-07", "2020-08", "2020-09", "2020-10", "2020-11", "2020-12"], "y": [52.2209358215332, 54.39672088623047, 50.6310920715332, 49.915626525878906, 59.18843460083008, 56.716407775878906, 56.716407775878906, 58.05261993408203, 51.96512222290039, 55.893592834472656, 59.768070220947266, 54.29692077636719, 56.95326614379883, 53.02153778076172, 45.36046600341797, 49.96019744873047, 42.799686431884766, 48.524375915527344, 55.406455993652344, 53.97249984741211, 38.70349884033203, 37.17974853515625, 37.58515548706055, 49.227294921875]}, "spi_01": {"px": [], "py": [], "pt": [], "pb": [], "x": ["2019-01", "2019-02", "2019-03", "2019-04", "2019-05", "2019-06", "2019-07", "2019-08", "2019-09", "2019-10", "2019-11", "2019-12", "2020-01", "2020-02", "2020-03", "2020-04", "2020-05", "2020-06", "2020-07", "2020-08", "2020-09", "2020-10", "2020-11", "2020-12"], "y": [NaN, NaN, NaN, NaN, NaN, NaN, NaN, NaN, NaN, NaN, NaN, NaN, NaN, NaN, NaN, NaN, NaN, NaN, NaN, NaN, NaN, NaN, NaN, NaN]}, "spi_03": {"px": [], "py": [], "pt": [], "pb": [], "x": ["2019-01", "2019-02", "2019-03", "2019-04", "2019-05", "2019-06", "2019-07", "2019-08", "2019-09", "2019-10", "2019-11", "2019-12", "2020-01", "2020-02", "2020-03", "2020-04", "2020-05", "2020-06", "2020-07"], "y": [NaN, NaN, NaN, NaN, NaN, NaN, NaN, NaN, NaN, NaN, NaN, NaN, NaN, NaN, NaN, NaN, NaN, NaN, NaN]}, "spi_06": {"px": [], "py": [], "pt": [], "pb": [], "x": ["2019-01", "2019-02", "2019-03", "2019-04", "2019-05", "2019-06", "2019-07", "2019-08", "2019-09", "2019-10", "2019-11", "2019-12", "2020-01", "2020-02", "2020-03", "2020-04", "2020-05", "2020-06", "2020-07"], "y": [NaN, NaN, NaN, NaN, NaN, NaN, NaN, NaN, NaN, NaN, NaN, NaN, NaN, NaN, NaN, NaN, NaN, NaN, NaN]}, "spi_12": {"px": [], "py": [], "pt": [], "pb": [], "x": ["2019-01", "2019-02", "2019-03", "2019-04", "2019-05", "2019-06", "2019-07", "2019-08", "2019-09", "2019-10", "2019-11", "2019-12", "2020-01", "2020-02", "2020-03", "2020-04", "2020-05", "2020-06", "2020-07", "2020-08", "2020-09", "2020-10", "2020-11", "2020-12"], "y": [NaN, NaN, NaN, NaN, NaN, NaN, NaN, NaN, NaN, NaN, NaN, NaN, NaN, NaN, NaN, NaN, NaN, NaN, NaN, NaN, NaN, NaN, NaN, NaN], "geox": [-45.477511998882115, -45.47412497658729, -45.47317996828554, -45.46234785868299, -45.460273840546336, -45.452653764986636, -45.449595737249886, -45.44688170871957, -45.44417967775157, -45.43689261921549, -45.42645652118247, -45.41931344077222, -45.41681641709273, -45.414898389509126, -45.41356537608239, -45.40658931722768, -45.4019262740284, -45.399788258178106, -45.39567722374317, -45.39527421215067, -45.39145617707043, -45.38912915272489, -45.38829113899634, -45.385985119449224, -45.383259100216776, -45.38047906880796, -45.37566002390515, -45.37351200057931, -45.3721249927, -45.35818286116793, -45.354953824753935, -45.35342681296699, -45.34842676867799, -45.335539635182535, -45.33289861107948, -45.32862356289902, -45.321456496658946, -45.320557484366695, -45.31640144829122, -45.31468142728486, -45.31239640728118, -45.31145539709928, -45.31081638199694, -45.30921136638452, -45.30804234661886, -45.304568305931056, -45.30295629161753, -45.30146128103396, -45.29993327762628, -45.29732026413652, -45.289422183579724, -45.28651514855118, -45.28228310576955, -45.2748450382732, -45.27045000340126, -45.26715198810174, -45.26545799213318, -45.26609400378374, -45.268236023272884, -45.268951033767976, -45.26859303506209, -45.26681202362683, -45.26748003347249, -45.26699003586276, -45.26517602244432, -45.26288001241233, -45.2630160168103, -45.267367063071234, -45.26679106573712, -45.26823708977878, -45.27092812117277, -45.27081612457258, -45.27460016182114, -45.275701178144445, -45.27681518803729, -45.27631418998674, -45.27728819886168, -45.27729120348853, -45.27825321185852, -45.27792521208531, -45.278675218619405, -45.278256221876866, -45.27697421078841, -45.27708421383389, -45.27954023917461, -45.28698530281882, -45.29106934441741, -45.29242935500539, -45.29426337712772, -45.2974274028627, -45.299008421440675, -45.30266145526707, -45.30477447858204, -45.30587649437452, -45.30529450285146, -45.30565452437968, -45.307286543039716, -45.311537585694715, -45.3181166442342, -45.317064643776966, -45.31666665725317, -45.31825668198913, -45.31723168139437, -45.32017671747083, -45.32057173387191, -45.31984673424668, -45.32042774813023, -45.3171257200721, -45.31525970726695, -45.311433686150934, -45.31129569068852, -45.31428672967561, -45.31745875793595, -45.325258845045724, -45.32903588077246, -45.33309592259785, -45.33656695312979, -45.34462302978284, -45.34304602452379, -45.34353903257725, -45.34495704872507, -45.34817407752654, -45.350109098308685, -45.35123312220914, -45.35326314687445, -45.35687218858551, -45.36087122866798, -45.36542528295835, -45.365933297261975, -45.36445729847045, -45.368045322128474, -45.37142834849459, -45.37845640731366, -45.38297945567576, -45.3844714684838, -45.38707048573464, -45.39356753810022, -45.39609856060487, -45.3992345851789, -45.40320162095942, -45.418698762575, -45.43482090186222, -45.45121504927543, -45.45837211578784, -45.45349105423107, -45.453513043584636, -45.454455043610075, -45.45218100612561, -45.452206999281735, -45.45470701671242, -45.45547701272094, -45.45720401702244, -45.454016977266534, -45.45315695283669, -45.45375895446528, -45.45796199025903, -45.46012700575408, -45.46301401867729, -45.46439701832559, -45.46574101420026, -45.46784502188034, -45.474409067455355, -45.47865109829148, -45.48345813834599, -45.48490714859133, -45.48887815269327, -45.49037415969755, -45.48440609136418, -45.48290205421458, -45.479002012361136, -45.477511998882115],