{"IIS3": {"px": [], "py": [], "pt": [], "pb": [], "x": ["2019-01", "2019-02", "2019-03", "2019-04", "2019-05", "2019-06", "2019-07", "2019-08", "2019-09", "2019-10", "2019-11", "2019-12", "2020-01", "2020-02", "2020-03", "2020-04", "2020-05", "2020-06", "2020-07", "2020-08", "2020-09", "2020-10", "2020-11", "2020-12"], "y": [NaN, NaN, NaN, NaN, NaN, NaN, NaN, NaN, NaN, NaN, NaN, NaN, NaN, NaN, NaN, NaN, NaN, NaN, NaN, NaN, NaN, NaN, NaN, NaN]}, "VHI": {"px": ["2021-01", "2021-02", "2021-03", "2021-04", "2021-05", "2021-06", "2021-07", "2021-08", "2021-09", "2021-10", "2021-11", "2021-12"], "py": [47.44199992713823, 45.31283877342503, 46.31429366825108, 46.828873460946866, 38.37263095379677, 35.26647265220029, 43.67972300637979, 55.230162589032886, 44.829096633763214, 50.468555185883844, 56.21208624741743, 47.810718977128005], "pt": [55.35549709576533, 53.226335942052145, 54.2277908368782, 54.74237062957398, 46.28612812242389, 43.179969820827424, 51.59322017500692, 63.14365975766002, 52.74259380239036, 58.38205235451099, 64.12558341604458, 55.72421614575515], "pb": [39.528502758511124, 37.39934160479791, 38.400796499623965, 38.91537629231975, 30.459133785169655, 27.352975483573168, 35.76622583775266, 47.316665420405755, 36.91559946513607, 42.5550580172567, 48.298589078790286, 39.89722180850086], "x": ["2019-01", "2019-02", "2019-03", "2019-04", "2019-05", "2019-06", "2019-07", "2019-08", "2019-09", "2019-10", "2019-11", "2019-12", "2020-01", "2020-02", "2020-03", "2020-04", "2020-05", "2020-06", "2020-07", "2020-08", "2020-09", "2020-10", "2020-11", "2020-12"], "y": [47.11849594116211, 40.89249801635742, 50.662750244140625, 54.20759963989258, 42.71025085449219, 46.282249450683594, 46.282249450683594, 58.61259841918945, 48.02519989013672, 53.5885009765625, 59.179443359375, 49.986663818359375, 48.364444732666016, 46.588890075683594, 47.876220703125, 48.20972442626953, 39.04574966430664, 35.63059997558594, 48.071250915527344, 64.22874450683594, 47.089599609375, 48.015602111816406, 47.608245849609375, 51.80800247192383]}, "spi_01": {"px": [], "py": [], "pt": [], "pb": [], "x": ["2019-01", "2019-02", "2019-03", "2019-04", "2019-05", "2019-06", "2019-07", "2019-08", "2019-09", "2019-10", "2019-11", "2019-12", "2020-01", "2020-02", "2020-03", "2020-04", "2020-05", "2020-06", "2020-07", "2020-08", "2020-09", "2020-10", "2020-11", "2020-12"], "y": [NaN, NaN, NaN, NaN, NaN, NaN, NaN, NaN, NaN, NaN, NaN, NaN, NaN, NaN, NaN, NaN, NaN, NaN, NaN, NaN, NaN, NaN, NaN, NaN]}, "spi_03": {"px": [], "py": [], "pt": [], "pb": [], "x": ["2019-01", "2019-02", "2019-03", "2019-04", "2019-05", "2019-06", "2019-07", "2019-08", "2019-09", "2019-10", "2019-11", "2019-12", "2020-01", "2020-02", "2020-03", "2020-04", "2020-05", "2020-06", "2020-07"], "y": [NaN, NaN, NaN, NaN, NaN, NaN, NaN, NaN, NaN, NaN, NaN, NaN, NaN, NaN, NaN, NaN, NaN, NaN, NaN]}, "spi_06": {"px": [], "py": [], "pt": [], "pb": [], "x": ["2019-01", "2019-02", "2019-03", "2019-04", "2019-05", "2019-06", "2019-07", "2019-08", "2019-09", "2019-10", "2019-11", "2019-12", "2020-01", "2020-02", "2020-03", "2020-04", "2020-05", "2020-06", "2020-07"], "y": [NaN, NaN, NaN, NaN, NaN, NaN, NaN, NaN, NaN, NaN, NaN, NaN, NaN, NaN, NaN, NaN, NaN, NaN, NaN]}, "spi_12": {"px": [], "py": [], "pt": [], "pb": [], "x": ["2019-01", "2019-02", "2019-03", "2019-04", "2019-05", "2019-06", "2019-07", "2019-08", "2019-09", "2019-10", "2019-11", "2019-12", "2020-01", "2020-02", "2020-03", "2020-04", "2020-05", "2020-06", "2020-07", "2020-08", "2020-09", "2020-10", "2020-11", "2020-12"], "y": [NaN, NaN, NaN, NaN, NaN, NaN, NaN, NaN, NaN, NaN, NaN, NaN, NaN, NaN, NaN, NaN, NaN, NaN, NaN, NaN, NaN, NaN, NaN, NaN], "geox": [-43.607212518701935, -43.606015506450206, -43.60496249140619, -43.6070734918693, -43.60724148128348, -43.606515472946136, -43.60368644885259, -43.601654428179735, -43.60147042013029, -43.59866139315901, -43.596098361562554, -43.59427034525869, -43.59240833300724, -43.58654330428203, -43.58363627970621, -43.5801692589019, -43.57830625636516, -43.57556024031682, -43.57115220460583, -43.570018190581635, -43.56849017677186, -43.567717176523885, -43.56212513516326, -43.56134912713129, -43.56019910637743, -43.558113078244176, -43.55362903325221, -43.550116984992, -43.54543693205199, -43.54343891276162, -43.538710868319264, -43.53771185381089, -43.53776984805819, -43.53899485177725, -43.538184839586165, -43.539129844632825, -43.53769682806911, -43.53806682596588, -43.5358207934982, -43.53143274236343, -43.526320692542846, -43.52373766148728, -43.52274664524069, -43.51981760791009, -43.52010460218031, -43.51945959318151, -43.514552547029766, -43.513124526654416, -43.51109152210294, -43.51083853790861, -43.509940537161555, -43.51329157415234, -43.51635561358076, -43.51740363033559, -43.5169866401438, -43.51329861640567, -43.51282660978102, -43.51413560927168, -43.512542592723605, -43.50827656545283, -43.50338552513093, -43.502130525635565, -43.499434515031574, -43.500964535653615, -43.50146854837113, -43.49874553380501, -43.498362539985266, -43.492261490897015, -43.486183439520396, -43.48200941111681, -43.48011740378573, -43.47615438434273, -43.47354336416679, -43.46982333028379, -43.46571429849413, -43.46593131063509, -43.464127311035895, -43.46664833934476, -43.46921236393664, -43.46863236272176, -43.46493733433668, -43.458843279197445, -43.448509194162526, -43.44448615150065, -43.43945610173304, -43.43804008943792, -43.432657051349764, -43.428914033901684, -43.42252998996512, -43.41798796108059, -43.42163500142137, -43.41988399708348, -43.421766020312674, -43.42418404114204, -43.42627305399764, -43.430739091634784, -43.43851216646755, -43.44393521344788, -43.44524222730931, -43.44689925283603, -43.451401295066844, -43.452754310629935, -43.45346033376946, -43.45230233526025, -43.45168734037352, -43.4521013517971, -43.453872374738786, -43.455734391554834, -43.459877424839306, -43.466393489731146, -43.47015752128105, -43.47301654229689, -43.47506956642411, -43.482045621422834, -43.48690866432106, -43.48794667227212, -43.48835266991274, -43.48954567673485, -43.49290570338303, -43.499070765859116, -43.500240794305114, -43.50140980332181, -43.50427081710656, -43.50727684466972, -43.50932786495012, -43.51029887718321, -43.51590493289641, -43.51797395103887, -43.5203259652402, -43.52159997996006, -43.525655020627305, -43.53093705772264, -43.534905092766635, -43.53724111593425, -43.539488131721356, -43.545592191828526, -43.54728520652623, -43.55396625792226, -43.554372242415845, -43.55365322697332, -43.55519022587871, -43.556042231512706, -43.559900265877744, -43.561106272897504, -43.562770275428484, -43.56387528247213, -43.566155301307234, -43.564544277557076, -43.564854276066114, -43.565988283463504, -43.5754593635528, -43.57915839125716, -43.58746545856716, -43.59271449719595, -43.59976755748085, -43.599940555670024, -43.60098755847255, -43.60230256394487, -43.60185255616635, -43.60260255509213, -43.600851525387924, -43.601884531279644, -43.60565556033639, -43.60611856104571, -43.60499053843509, -43.60679754753647, -43.607104540315085, -43.60879354203181, -43.608222530075345, -43.607212518701935],