{"IIS3": {"px": [], "py": [], "pt": [], "pb": [], "x": ["2019-01", "2019-02", "2019-03", "2019-04", "2019-05", "2019-06", "2019-07", "2019-08", "2019-09", "2019-10", "2019-11", "2019-12", "2020-01", "2020-02", "2020-03", "2020-04", "2020-05", "2020-06", "2020-07", "2020-08", "2020-09", "2020-10", "2020-11", "2020-12"], "y": [NaN, NaN, NaN, NaN, NaN, NaN, NaN, NaN, NaN, NaN, NaN, NaN, NaN, NaN, NaN, NaN, NaN, NaN, NaN, NaN, NaN, NaN, NaN, NaN]}, "VHI": {"px": ["2021-01", "2021-02", "2021-03", "2021-04", "2021-05", "2021-06", "2021-07", "2021-08", "2021-09", "2021-10", "2021-11", "2021-12"], "py": [40.55917772601802, 38.36416104592706, 28.16935817367061, 29.898188040628, 33.80440639095337, 36.84213411648605, 37.55648898108659, 37.74220064857862, 35.17863252196655, 40.583730556482834, 37.478751040519654, 32.85172437031861], "pt": [58.66968124764841, 58.143780483289845, 49.487809157895796, 52.651635244221666, 57.907567323217776, 62.22333531356398, 64.15439080597613, 65.50352966515085, 64.05655481645111, 70.53665033613372, 68.46940141456172, 64.84646484255914], "pb": [22.448674204387636, 18.584541608564287, 6.850907189445422, 7.144740837034327, 9.701245458688959, 11.460932919408123, 10.95858715619704, 9.980871632006384, 6.300710227481986, 10.63081077683195, 6.488100666477592, 0.8569838980780702], "x": ["2019-01", "2019-02", "2019-03", "2019-04", "2019-05", "2019-06", "2019-07", "2019-08", "2019-09", "2019-10", "2019-11", "2019-12", "2020-01", "2020-02", "2020-03", "2020-04", "2020-05", "2020-06", "2020-07", "2020-08", "2020-09", "2020-10", "2020-11", "2020-12"], "y": [50.48781204223633, 50.817344665527344, 52.633277893066406, 54.252708435058594, 58.1512451171875, 59.35077667236328, 59.35077667236328, 60.558349609375, 57.33625030517578, 64.19671630859375, 59.522186279296875, 52.875247955322266, 55.91343307495117, 53.79734420776367, 41.22724914550781, 42.140625, 44.978904724121094, 47.45162582397461, 55.219703674316406, 65.61249542236328, 39.344627380371094, 36.68637466430664, 27.077342987060547, 46.693748474121094]}, "spi_01": {"px": [], "py": [], "pt": [], "pb": [], "x": ["2019-01", "2019-02", "2019-03", "2019-04", "2019-05", "2019-06", "2019-07", "2019-08", "2019-09", "2019-10", "2019-11", "2019-12", "2020-01", "2020-02", "2020-03", "2020-04", "2020-05", "2020-06", "2020-07", "2020-08", "2020-09", "2020-10", "2020-11", "2020-12"], "y": [NaN, NaN, NaN, NaN, NaN, NaN, NaN, NaN, NaN, NaN, NaN, NaN, NaN, NaN, NaN, NaN, NaN, NaN, NaN, NaN, NaN, NaN, NaN, NaN]}, "spi_03": {"px": [], "py": [], "pt": [], "pb": [], "x": ["2019-01", "2019-02", "2019-03", "2019-04", "2019-05", "2019-06", "2019-07", "2019-08", "2019-09", "2019-10", "2019-11", "2019-12", "2020-01", "2020-02", "2020-03", "2020-04", "2020-05", "2020-06", "2020-07"], "y": [NaN, NaN, NaN, NaN, NaN, NaN, NaN, NaN, NaN, NaN, NaN, NaN, NaN, NaN, NaN, NaN, NaN, NaN, NaN]}, "spi_06": {"px": [], "py": [], "pt": [], "pb": [], "x": ["2019-01", "2019-02", "2019-03", "2019-04", "2019-05", "2019-06", "2019-07", "2019-08", "2019-09", "2019-10", "2019-11", "2019-12", "2020-01", "2020-02", "2020-03", "2020-04", "2020-05", "2020-06", "2020-07"], "y": [NaN, NaN, NaN, NaN, NaN, NaN, NaN, NaN, NaN, NaN, NaN, NaN, NaN, NaN, NaN, NaN, NaN, NaN, NaN]}, "spi_12": {"px": [], "py": [], "pt": [], "pb": [], "x": ["2019-01", "2019-02", "2019-03", "2019-04", "2019-05", "2019-06", "2019-07", "2019-08", "2019-09", "2019-10", "2019-11", "2019-12", "2020-01", "2020-02", "2020-03", "2020-04", "2020-05", "2020-06", "2020-07", "2020-08", "2020-09", "2020-10", "2020-11", "2020-12"], "y": [NaN, NaN, NaN, NaN, NaN, NaN, NaN, NaN, NaN, NaN, NaN, NaN, NaN, NaN, NaN, NaN, NaN, NaN, NaN, NaN, NaN, NaN, NaN, NaN], "geox": [-46.730637053633274, -46.726684014708006, -46.72481399262543, -46.722998977632564, -46.71357591084932, -46.7107948894515, -46.705137841937706, -46.698549797445374, -46.687282704490464, -46.67768463321037, -46.67341659940791, -46.666843542561814, -46.66524552495863, -46.66302948541604, -46.660385454729386, -46.65791543092401, -46.65469640497274, -46.6523923891408, -46.649996368620045, -46.64567032209951, -46.64442731104795, -46.64122228573818, -46.63997828809153, -46.63411322952093, -46.62742117728667, -46.62461516052626, -46.622748158628895, -46.620281145572385, -46.61894314797903, -46.62041015903558, -46.622367176869034, -46.623236188890246, -46.623673203940285, -46.625170225217225, -46.62410922742317, -46.62551425605204, -46.62244724920232, -46.62194227502185, -46.6235253013055, -46.62246830460719, -46.622222307570645, -46.61986829635374, -46.61994130841776, -46.6213673300048, -46.616693311818906, -46.614606299800435, -46.609862266336584, -46.609779275674775, -46.61285731458958, -46.611999317386775, -46.613050343506586, -46.61502136751018, -46.61570338251406, -46.6148833821382, -46.61206036904402, -46.61224838615212, -46.61610943255913, -46.61644644189724, -46.6153584419835, -46.60728739144442, -46.604973379216325, -46.603404378351776, -46.60322237894508, -46.60270138860517, -46.60383541028089, -46.601277395417185, -46.60116140124246, -46.60160741237093, -46.603948442478114, -46.613133527642795, -46.616108567507105, -46.62397264913299, -46.62404965284628, -46.62658869654451, -46.627855732580116, -46.632374779884465, -46.63474881071979, -46.639025848163, -46.64372190508238, -46.64742993835798, -46.64840793979955, -46.64830193322286, -46.64491589500645, -46.64671089738183, -46.64719288931718, -46.6503979119819, -46.65575596057755, -46.66138700520679, -46.665169029370695, -46.66671804189504, -46.67224010999403, -46.67291912804078, -46.6739141407485, -46.6754921555948, -46.6808882002825, -46.68401022972196, -46.687473268513074, -46.69220031639683, -46.693163328968204, -46.6938853536815, -46.69863541095214, -46.70062743996407, -46.70595549609046, -46.70746950787991, -46.710164512280585, -46.71220552379051, -46.71471453189099, -46.72043757007276, -46.72247258718726, -46.72403960574646, -46.72577362387205, -46.73147466877174, -46.734094695760376, -46.73896873173156, -46.73927172520525, -46.74077773220932, -46.74494775955668, -46.75052880415068, -46.75381682146326, -46.75867785299114, -46.76212987001838, -46.76162186092895, -46.759599840883865, -46.75826880733555, -46.75883180672352, -46.76364084329173, -46.76469984659792, -46.76436682135494, -46.76631979428186, -46.765639784356885, -46.76089773297924, -46.76169873070902, -46.76282271609543, -46.76225270438386, -46.759857672392776, -46.754688626728225, -46.75248160165565, -46.75314560076437, -46.75586561732335, -46.758687629981196, -46.75844060786904, -46.75777859432554, -46.75264254421615, -46.751530526335614, -46.75168151051896, -46.753810513949034, -46.752723501865894, -46.75005347957998, -46.747652449248946, -46.74786443842838, -46.74671842235362, -46.745222407728825, -46.735974331533136, -46.730221277940224, -46.72639524693067, -46.72313622328386, -46.72114120229158, -46.716226141214776, -46.71797011973198, -46.71372603681839, -46.71793906619518, -46.72400211523608, -46.728947160605955, -46.734672200631366, -46.734891185252984, -46.73678218839754, -46.73519416693785, -46.73321213145195, -46.72697604097944, -46.730637053633274],