{"IIS3": {"px": [], "py": [], "pt": [], "pb": [], "x": ["2019-01", "2019-02", "2019-03", "2019-04", "2019-05", "2019-06", "2019-07", "2019-08", "2019-09", "2019-10", "2019-11", "2019-12", "2020-01", "2020-02", "2020-03", "2020-04", "2020-05", "2020-06", "2020-07", "2020-08", "2020-09", "2020-10", "2020-11", "2020-12"], "y": [NaN, NaN, NaN, NaN, NaN, NaN, NaN, NaN, NaN, NaN, NaN, NaN, NaN, NaN, NaN, NaN, NaN, NaN, NaN, NaN, NaN, NaN, NaN, NaN]}, "VHI": {"px": ["2021-01", "2021-02", "2021-03", "2021-04", "2021-05", "2021-06", "2021-07", "2021-08", "2021-09", "2021-10", "2021-11", "2021-12"], "py": [48.32274524105219, 55.51113660125179, 58.17738903852866, 56.0060376599064, 53.64136945242379, 62.22415817872678, 57.24625449014748, 63.48932254235403, 49.507595202254464, 40.8611690672998, 35.4283315090843, 31.92317883222139], "pt": [57.74969176421135, 64.93808312441095, 67.60433556168782, 65.43298418306556, 63.06831597558295, 71.65110470188594, 66.67320101330665, 72.9162690655132, 58.93454172541364, 50.28811559045897, 44.855278032243476, 41.350125355380555], "pb": [38.89579871789303, 46.08419007809263, 48.7504425153695, 46.57909113674724, 44.21442292926463, 52.79721165556762, 47.819307966988305, 54.06237601919486, 40.08064867909529, 31.434222544140624, 26.001384985925128, 22.496232309062222], "x": ["2019-01", "2019-02", "2019-03", "2019-04", "2019-05", "2019-06", "2019-07", "2019-08", "2019-09", "2019-10", "2019-11", "2019-12", "2020-01", "2020-02", "2020-03", "2020-04", "2020-05", "2020-06", "2020-07", "2020-08", "2020-09", "2020-10", "2020-11", "2020-12"], "y": [48.321205139160156, 53.16722869873047, 59.926753997802734, 55.14558410644531, 52.40677261352539, 53.22523498535156, 53.22523498535156, 58.88345718383789, 45.271766662597656, 36.73125457763672, 31.382160186767578, 28.151885986328125, 44.88962936401367, 52.13939666748047, 54.62703323364258, 52.150550842285156, 49.951969146728516, 59.11610412597656, 62.50611114501953, 59.96632385253906, 44.302284240722656, 30.48546600341797, 40.712345123291016, 40.95176315307617]}, "spi_01": {"px": ["2021-01", "2021-02", "2021-03", "2021-04", "2021-05", "2021-06", "2021-07", "2021-08", "2021-09", "2021-10", "2021-11", "2021-12"], "py": [0.0534757980793894, -0.7472560255511131, 0.8721773526856698, 0.9559780266835727, -1.0037440290829627, 0.18175099310793774, 1.3724417978692758, -0.3438846567579099, -0.04706385771568877, 0.7166792973888558, -0.8853441377840108, -1.6013829312103216], "pt": [1.3575158110903596, 0.5567839874598572, 2.1762173656966404, 2.2600180396945433, 0.3002959839280077, 1.4857910061189088, 2.6764818108802464, 0.9601553562530611, 1.2569761552952823, 2.0207193103998273, 0.4186958752269607, -0.2973429181993499], "pb": [-1.2505642149315805, -2.051296038562083, -0.4318626603253004, -0.34806198632739793, -2.3077840420939335, -1.122289019903033, 0.06840178485830517, -1.647924669768881, -1.3511038707266598, -0.5873607156221157, -2.1893841507949823, -2.9054229442212933], "x": ["2019-01", "2019-02", "2019-03", "2019-04", "2019-05", "2019-06", "2019-07", "2019-08", "2019-09", "2019-10", "2019-11", "2019-12", "2020-01", "2020-02", "2020-03", "2020-04", "2020-05", "2020-06", "2020-07", "2020-08", "2020-09", "2020-10", "2020-11", "2020-12"], "y": [-0.7701137065887451, -0.698919951915741, -0.40601810812950134, -0.13612718880176544, 0.04957377910614014, -1.0445743799209595, 1.0698118209838867, -0.4987284243106842, -0.1864921897649765, 0.6336471438407898, -0.945758044719696, -1.6438900232315063, -0.012315802276134491, -0.8379682898521423, 0.6896183490753174, 0.6500310301780701, -1.1695406436920166, -0.06673379987478256, -0.5405572652816772, -0.11885491758584976, -0.663852870464325, -0.6997576355934143, -0.42785635590553284, -1.2452312707901]}, "spi_03": {"px": [], "py": [], "pt": [], "pb": [], "x": ["2019-01", "2019-02", "2019-03", "2019-04", "2019-05", "2019-06", "2019-07", "2019-08", "2019-09", "2019-10", "2019-11", "2019-12", "2020-01", "2020-02", "2020-03", "2020-04", "2020-05", "2020-06", "2020-07"], "y": [-1.0870046615600586, -1.6366981267929077, -1.145546317100525, -0.5874858498573303, -0.3134874403476715, -0.21163082122802734, 0.06994876265525818, 0.10728319734334946, -0.0076464214362204075, 0.26061180233955383, -0.45420536398887634, -1.0498653650283813, -1.3104661703109741, -1.3285753726959229, -0.16683076322078705, 0.2454003542661667, 0.3705426752567291, 0.1081351563334465, -1.3423805236816406]}, "spi_06": {"px": [], "py": [], "pt": [], "pb": [], "x": ["2019-01", "2019-02", "2019-03", "2019-04", "2019-05", "2019-06", "2019-07", "2019-08", "2019-09", "2019-10", "2019-11", "2019-12", "2020-01", "2020-02", "2020-03", "2020-04", "2020-05", "2020-06", "2020-07"], "y": [-1.214276909828186, -1.3891078233718872, -1.2758252620697021, -1.110480785369873, -1.0766987800598145, -0.9504988193511963, -0.5188608765602112, -0.3254896104335785, -0.2523455023765564, 0.12582586705684662, -0.4806153476238251, -1.0401339530944824, -1.0774890184402466, -1.3083384037017822, -0.7766067385673523, -0.5202822685241699, -0.41160109639167786, -0.11008451133966446, -0.05122992768883705]}, "spi_12": {"px": ["2021-01", "2021-02", "2021-03", "2021-04", "2021-05", "2021-06", "2021-07", "2021-08", "2021-09", "2021-10", "2021-11", "2021-12"], "py": [-0.4779721982606491, -0.5192838633417098, -0.1693504604851106, 0.3068542379173471, 0.1472639427753215, 0.14173203201005524, 0.34827284207127684, 0.2191299683251371, 0.06573560538141932, 0.19894658151337996, -0.25462870527868287, -0.34003665611154865], "pt": [0.024710686783235847, 0.09637442052311185, 0.5415504904684743, 1.101665663125896, 1.017936235441959, 1.0821655920198587, 1.3536386065411268, 1.2854813925485873, 1.189768700765499, 1.377842437428587, 0.9766878578639488, 0.9415582558027884], "pb": [-0.980655083304534, -1.1349421472065315, -0.8802514114386955, -0.4879571872912023, -0.723408349891316, -0.7987015279997487, -0.6570929223985735, -0.8472214558983131, -1.0582974900026603, -0.979949274401827, -1.4859452684213146, -1.6216315680258855], "x": ["2019-01", "2019-02", "2019-03", "2019-04", "2019-05", "2019-06", "2019-07", "2019-08", "2019-09", "2019-10", "2019-11", "2019-12", "2020-01", "2020-02", "2020-03", "2020-04", "2020-05", "2020-06", "2020-07", "2020-08", "2020-09", "2020-10", "2020-11", "2020-12"], "y": [-2.3371365070343018, -2.1055238246917725, -1.8532863855361938, -1.409756064414978, -1.1443136930465698, -1.1641297340393066, -1.0648113489151, -1.0620163679122925, -1.0917587280273438, -0.9353770613670349, -1.2025843858718872, -1.2360154390335083, -1.086195707321167, -1.1055957078933716, -0.8148589730262756, -0.4406771957874298, -0.5728645920753479, -0.5581393241882324, -0.6227799654006958, -0.6129564046859741, -0.6703720092773438, -0.9109076857566833, -0.7955986857414246, -0.6701071858406067],