{"IIS3": {"px": [], "py": [], "pt": [], "pb": [], "x": ["2019-01", "2019-02", "2019-03", "2019-04", "2019-05", "2019-06", "2019-07", "2019-08", "2019-09", "2019-10", "2019-11", "2019-12", "2020-01", "2020-02", "2020-03", "2020-04", "2020-05", "2020-06", "2020-07", "2020-08", "2020-09", "2020-10", "2020-11", "2020-12"], "y": [NaN, NaN, NaN, NaN, NaN, NaN, NaN, NaN, NaN, NaN, NaN, NaN, NaN, NaN, NaN, NaN, NaN, NaN, NaN, NaN, NaN, NaN, NaN, NaN]}, "VHI": {"px": ["2021-01", "2021-02", "2021-03", "2021-04", "2021-05", "2021-06", "2021-07", "2021-08", "2021-09", "2021-10", "2021-11", "2021-12"], "py": [119.72683835024122, 134.40058106210302, 140.97859122640514, 154.91907503250508, 152.60235346714413, 162.45215884044646, 141.4426962056674, 198.75370377527864, 149.91351970698307, 132.3544093975537, 110.58100984617178, 75.33971942876916], "pt": [159.19800328310657, 182.74268776142247, 196.7992477891805, 217.3284662975242, 220.96841622522, 236.2959463652755, 220.3850256302735, 282.48468844615155, 238.1737271219041, 224.92249586311596, 207.26522288463394, 175.9718389028102], "pb": [80.25567341737586, 86.05847436278356, 85.15793466362979, 92.50968376748597, 84.23629070906824, 88.6083713156174, 62.50036678106132, 115.02271910440572, 61.653312292062026, 39.786322931991435, 13.89679680770962, -25.29240004527186], "x": ["2019-01", "2019-02", "2019-03", "2019-04", "2019-05", "2019-06", "2019-07", "2019-08", "2019-09", "2019-10", "2019-11", "2019-12", "2020-01", "2020-02", "2020-03", "2020-04", "2020-05", "2020-06", "2020-07", "2020-08", "2020-09", "2020-10", "2020-11", "2020-12"], "y": [35.647220611572266, 38.54412078857422, 46.668216705322266, 53.805320739746094, 41.702781677246094, 42.25907897949219, 42.25907897949219, 64.73615264892578, 46.246734619140625, 39.547279357910156, 31.5550594329834, 18.530546188354492, 41.824581146240234, 49.302555084228516, 52.796722412109375, 59.23891830444336, 59.267887115478516, 67.2466812133789, 66.57878875732422, 74.72896575927734, 59.054901123046875, 40.142024993896484, 64.67417907714844, 68.48240661621094]}, "spi_01": {"px": ["2021-01", "2021-02", "2021-03", "2021-04", "2021-05", "2021-06", "2021-07", "2021-08", "2021-09", "2021-10", "2021-11", "2021-12"], "py": [0.6154600055935155, -0.5095744149436059, 1.0190519592577418, 0.9930144327435211, 1.0751687465900672, 1.1352903599539257, 1.5638201894865915, 0.9991598704160762, 0.4074861320387777, 1.2448515260677153, 0.16560152326079924, 0.6229385613182599], "pt": [2.452075336517944, 1.327040915980823, 2.855667290182171, 2.829629763667951, 2.911784077514497, 2.971905690878356, 3.4004355204110217, 2.835775201340507, 2.244101462963208, 3.0814668569921455, 2.00221685418523, 2.459553892242691], "pb": [-1.221155325330913, -2.3461897458680347, -0.8175633716666872, -0.8436008981809084, -0.7614465843343625, -0.7013249709705045, -0.2727951414378387, -0.837455460508354, -1.4291291988856525, -0.5917638048567153, -1.6710138076636314, -1.2136767696061712], "x": ["2019-01", "2019-02", "2019-03", "2019-04", "2019-05", "2019-06", "2019-07", "2019-08", "2019-09", "2019-10", "2019-11", "2019-12", "2020-01", "2020-02", "2020-03", "2020-04", "2020-05", "2020-06", "2020-07", "2020-08", "2020-09", "2020-10", "2020-11", "2020-12"], "y": [-0.6390181183815002, 0.2825184166431427, 0.20617647469043732, -0.24926641583442688, -1.6200767755508423, -0.4667755365371704, 0.7183004021644592, 0.268216609954834, -0.21966961026191711, 0.5415868163108826, -0.2187175452709198, 0.3440951406955719, 0.5767485499382019, -0.5201767683029175, 1.0499411821365356, 1.0134294033050537, 1.1325355768203735, 1.1538491249084473, 0.937938392162323, 0.9564663171768188, 0.4904932975769043, -0.011899277567863464, 1.4777848720550537, -1.7996015548706055]}, "spi_03": {"px": [], "py": [], "pt": [], "pb": [], "x": ["2019-01", "2019-02", "2019-03", "2019-04", "2019-05", "2019-06", "2019-07", "2019-08", "2019-09", "2019-10", "2019-11", "2019-12", "2020-01", "2020-02", "2020-03", "2020-04", "2020-05", "2020-06", "2020-07"], "y": [-0.4962654709815979, -0.11511531472206116, -0.43414559960365295, -0.2373938411474228, -0.6254191398620605, -0.9450093507766724, -0.6038680672645569, 0.14070038497447968, 0.3751221001148224, 0.12192357331514359, -0.5849581956863403, -0.20572657883167267, 0.04237140342593193, -0.025661440566182137, 0.43806880712509155, 0.8438413739204407, 1.2557806968688965, 1.2422603368759155, 1.3809571266174316]}, "spi_06": {"px": [], "py": [], "pt": [], "pb": [], "x": ["2019-01", "2019-02", "2019-03", "2019-04", "2019-05", "2019-06", "2019-07", "2019-08", "2019-09", "2019-10", "2019-11", "2019-12", "2020-01", "2020-02", "2020-03", "2020-04", "2020-05", "2020-06", "2020-07"], "y": [-0.5657209157943726, -0.358772337436676, -0.21933063864707947, -0.5969777703285217, -0.6086801290512085, -1.0449302196502686, -0.4966874420642853, -0.46276789903640747, -0.7032592296600342, -0.4550282955169678, -0.2767792046070099, 0.008405129425227642, 0.02329898439347744, -0.32068395614624023, 0.1945158988237381, 0.5200089812278748, 0.8061255216598511, 1.0220410823822021, 1.2012361288070679]}, "spi_12": {"px": ["2021-01", "2021-02", "2021-03", "2021-04", "2021-05", "2021-06", "2021-07", "2021-08", "2021-09", "2021-10", "2021-11", "2021-12"], "py": [2.82875700486475, 2.22028074938357, 2.600076408235852, 3.4448025389046952, 3.950999091317451, 4.049702400660079, 3.34845657542785, 3.8343220243052585, 3.7324874215503714, 3.089931864303427, 3.104183898895001, 1.738613306433718], "pt": [3.769018552940448, 3.3718612552960163, 3.9298070367487927, 4.931486576356258, 5.579579856898678, 5.808770674727062, 5.228979661071004, 5.828917962946643, 5.834976147145008, 5.295040642586353, 5.407344902139949, 4.135819282080394], "pb": [1.8884954567890517, 1.068700243471124, 1.2703457797229105, 1.9581185014531326, 2.3224183257362236, 2.2906341265930967, 1.4679334897846958, 1.839726085663874, 1.629998695955734, 0.8848230860205009, 0.8010228956500529, -0.6585926692129584], "x": ["2019-01", "2019-02", "2019-03", "2019-04", "2019-05", "2019-06", "2019-07", "2019-08", "2019-09", "2019-10", "2019-11", "2019-12", "2020-01", "2020-02", "2020-03", "2020-04", "2020-05", "2020-06", "2020-07", "2020-08", "2020-09", "2020-10", "2020-11", "2020-12"], "y": [-0.3554527163505554, -0.36724939942359924, -0.8706830739974976, -0.9266949892044067, -1.0162276029586792, -1.023132085800171, -0.8116796016693115, -0.7236750721931458, -0.7390056252479553, -0.8286556601524353, -0.7365844249725342, -0.9971050024032593, -0.391135573387146, -0.4970228672027588, -0.2509903609752655, 0.2054632306098938, 0.5697663426399231, 0.7880302667617798, 0.8835419416427612, 0.9667824506759644, 1.0729665756225586, 1.0051497220993042, 1.4270250797271729, 1.2312339544296265],