{"IIS3": {"px": [], "py": [], "pt": [], "pb": [], "x": ["2019-01", "2019-02", "2019-03", "2019-04", "2019-05", "2019-06", "2019-07", "2019-08", "2019-09", "2019-10", "2019-11", "2019-12", "2020-01", "2020-02", "2020-03", "2020-04", "2020-05", "2020-06", "2020-07", "2020-08", "2020-09", "2020-10", "2020-11", "2020-12"], "y": [NaN, NaN, NaN, NaN, NaN, NaN, NaN, NaN, NaN, NaN, NaN, NaN, NaN, NaN, NaN, NaN, NaN, NaN, NaN, NaN, NaN, NaN, NaN, NaN]}, "VHI": {"px": ["2021-01", "2021-02", "2021-03", "2021-04", "2021-05", "2021-06", "2021-07", "2021-08", "2021-09", "2021-10", "2021-11", "2021-12"], "py": [40.089903283665706, 39.394484099608235, 26.019309547374135, 22.7059221729723, 20.26687888452389, 29.4267168239896, 30.804456143629984, 28.955953456694537, 18.441465940290513, 21.24654232406111, 30.969208122017413, 28.701126150470017], "pt": [53.140790675492084, 54.42626924774066, 42.7997585212573, 41.06926529971746, 40.08710274340248, 50.603831283744086, 53.25660703985871, 52.61452448058577, 43.247853946568, 47.1499357107097, 57.92499955853346, 56.66974418916536], "pb": [27.03901589183932, 24.362698951475807, 9.238860573490967, 4.342579046227147, 0.4466550256452919, 8.249602364235116, 8.352305247401262, 5.2973824328033, -6.364922065986981, -4.6568510625874815, 4.013416685501365, 0.7325081117746848], "x": ["2019-01", "2019-02", "2019-03", "2019-04", "2019-05", "2019-06", "2019-07", "2019-08", "2019-09", "2019-10", "2019-11", "2019-12", "2020-01", "2020-02", "2020-03", "2020-04", "2020-05", "2020-06", "2020-07", "2020-08", "2020-09", "2020-10", "2020-11", "2020-12"], "y": [54.25353240966797, 64.68455505371094, 49.49705505371094, 42.75635528564453, 48.096763610839844, 59.36249542236328, 59.36249542236328, 57.6949348449707, 42.10270690917969, 46.731910705566406, 61.68416213989258, 57.738399505615234, 64.1189956665039, 62.812496185302734, 44.36053466796875, 39.1811637878418, 34.4964714050293, 44.73318099975586, 44.67573547363281, 49.16838073730469, 26.744823455810547, 27.32035255432129, 25.426029205322266, 38.88255310058594]}, "spi_01": {"px": [], "py": [], "pt": [], "pb": [], "x": ["2019-01", "2019-02", "2019-03", "2019-04", "2019-05", "2019-06", "2019-07", "2019-08", "2019-09", "2019-10", "2019-11", "2019-12", "2020-01", "2020-02", "2020-03", "2020-04", "2020-05", "2020-06", "2020-07", "2020-08", "2020-09", "2020-10", "2020-11", "2020-12"], "y": [NaN, NaN, NaN, NaN, NaN, NaN, NaN, NaN, NaN, NaN, NaN, NaN, NaN, NaN, NaN, NaN, NaN, NaN, NaN, NaN, NaN, NaN, NaN, NaN]}, "spi_03": {"px": [], "py": [], "pt": [], "pb": [], "x": ["2019-01", "2019-02", "2019-03", "2019-04", "2019-05", "2019-06", "2019-07", "2019-08", "2019-09", "2019-10", "2019-11", "2019-12", "2020-01", "2020-02", "2020-03", "2020-04", "2020-05", "2020-06", "2020-07"], "y": [NaN, NaN, NaN, NaN, NaN, NaN, NaN, NaN, NaN, NaN, NaN, NaN, NaN, NaN, NaN, NaN, NaN, NaN, NaN]}, "spi_06": {"px": [], "py": [], "pt": [], "pb": [], "x": ["2019-01", "2019-02", "2019-03", "2019-04", "2019-05", "2019-06", "2019-07", "2019-08", "2019-09", "2019-10", "2019-11", "2019-12", "2020-01", "2020-02", "2020-03", "2020-04", "2020-05", "2020-06", "2020-07"], "y": [NaN, NaN, NaN, NaN, NaN, NaN, NaN, NaN, NaN, NaN, NaN, NaN, NaN, NaN, NaN, NaN, NaN, NaN, NaN]}, "spi_12": {"px": [], "py": [], "pt": [], "pb": [], "x": ["2019-01", "2019-02", "2019-03", "2019-04", "2019-05", "2019-06", "2019-07", "2019-08", "2019-09", "2019-10", "2019-11", "2019-12", "2020-01", "2020-02", "2020-03", "2020-04", "2020-05", "2020-06", "2020-07", "2020-08", "2020-09", "2020-10", "2020-11", "2020-12"], "y": [NaN, NaN, NaN, NaN, NaN, NaN, NaN, NaN, NaN, NaN, NaN, NaN, NaN, NaN, NaN, NaN, NaN, NaN, NaN, NaN, NaN, NaN, NaN, NaN], "geox": [-45.84947258313188, -45.84802656712957, -45.845241542410164, -45.84541154100387, -45.84146250043139, -45.83998948765945, -45.839184477513676, -45.83999048149731, -45.83922347235846, -45.83860545261828, -45.8388024519563, -45.84015446357345, -45.839993457423326, -45.84132546827242, -45.84137346285474, -45.83965344735435, -45.83929643960886, -45.83742542340772, -45.834299401450245, -45.829046380009814, -45.8252103510279, -45.82419034844389, -45.824441362113866, -45.81899733084487, -45.81932634065584, -45.8180273401844, -45.816197327758076, -45.8084872700331, -45.80688226372665, -45.799877207313784, -45.7979111853263, -45.78792311066151, -45.78640109738432, -45.78445607543499, -45.7784330175047, -45.77631699549112, -45.77526498142529, -45.772349959065195, -45.77112295299414, -45.76618390430812, -45.76239887025149, -45.75824982778335, -45.756656806913035, -45.75115074619966, -45.746825711304744, -45.74445469871167, -45.74348568653509, -45.74145566676543, -45.737713640218566, -45.73187558588272, -45.73277260377359, -45.732611616518454, -45.73232161746853, -45.72832259542466, -45.72790860491581, -45.735514683165746, -45.73698770055687, -45.738629715639966, -45.73957772123438, -45.73965671574295, -45.73727368317437, -45.73959969603601, -45.741238711640335, -45.74181572800943, -45.741320748171304, -45.736378712269584, -45.735632715068576, -45.73660573812685, -45.740268784924695, -45.74340681843823, -45.74746784499853, -45.750154869281545, -45.74962787132049, -45.74782386330329, -45.744099845321244, -45.74090582396406, -45.73961582154003, -45.733544784005986, -45.72263169942557, -45.71588065068793, -45.71179363182541, -45.71246064540821, -45.71415165987722, -45.715572668172975, -45.71707468160716, -45.72076072402334, -45.72654477261667, -45.72801178728176, -45.73132082350067, -45.734180870267814, -45.73879591757689, -45.739652930659624, -45.73960294353391, -45.73524391028219, -45.73779795179397, -45.73676794551607, -45.73166790023452, -45.73151990129704, -45.73332192402891, -45.73876898094326, -45.74046200551563, -45.74538105217445, -45.74615606274955, -45.74576406681308, -45.74670808508785, -45.74449307393034, -45.74501708787169, -45.742045068247144, -45.74066307121626, -45.73535004215283, -45.732739032458994, -45.73136603370665, -45.732687047811204, -45.73417806136965, -45.7396270996674, -45.74274213986296, -45.74620717178491, -45.747606187088884, -45.75593526060818, -45.76068029982603, -45.76396233116291, -45.77098638954431, -45.775768432249876, -45.78271248502827, -45.787271523117944, -45.79252157322738, -45.79676760275878, -45.80126864350924, -45.80562268665109, -45.811697740269565, -45.817381778134525, -45.822095832389536, -45.829017902335735, -45.83163192404036, -45.83582495341259, -45.841691006856195, -45.84437702878355, -45.848392057395046, -45.84945806228183, -45.84949405714596, -45.85394108181449, -45.857432104914295, -45.85808008815698, -45.85866407708546, -45.86214007614257, -45.86201606712358, -45.85935304265523, -45.85565301279699, -45.85078596288787, -45.850655955393655, -45.85204195248384, -45.848320916700125, -45.85160492544417, -45.85132490497522, -45.85505093294699, -45.855663933401566, -45.85485091463989, -45.85538690157411, -45.8598809290598, -45.85976892421316, -45.85862790743522, -45.85977090991399, -45.86048991467324, -45.86143292541817, -45.86571295031744, -45.86704896515144, -45.86801797127449, -45.867822965620505, -45.8691299734587, -45.86849196654865, -45.870324976200564, -45.870543971054865, -45.87320898039176, -45.87247096876839, -45.87399197792383, -45.874152975236235, -45.87293796427682, -45.87404596808856, -45.87337695903953, -45.874379960298945, -45.87090691318715, -45.87208191431938, -45.873322923885056, -45.87407592476399, -45.87511093324855, -45.87577092130304, -45.873236888007085, -45.870853861285845, -45.87029684875843, -45.87082385124177, -45.86885083157614, -45.86957183512208, -45.8681928138927, -45.86827280602494, -45.868825807893174, -45.86817879924623, -45.867020787956044, -45.86571077098199, -45.8647147639275, -45.86484775485894, -45.86195172562484, -45.85931569202826, -45.85779767619627, -45.85601464516933, -45.85427162872427, -45.8525486156278, -45.84947258313188],