{"IIS3": {"px": [], "py": [], "pt": [], "pb": [], "x": ["2019-01", "2019-02", "2019-03", "2019-04", "2019-05", "2019-06", "2019-07", "2019-08", "2019-09", "2019-10", "2019-11", "2019-12", "2020-01", "2020-02", "2020-03", "2020-04", "2020-05", "2020-06", "2020-07", "2020-08", "2020-09", "2020-10", "2020-11", "2020-12"], "y": [NaN, NaN, NaN, NaN, NaN, NaN, NaN, NaN, NaN, NaN, NaN, NaN, NaN, NaN, NaN, NaN, NaN, NaN, NaN, NaN, NaN, NaN, NaN, NaN]}, "VHI": {"px": ["2021-01", "2021-02", "2021-03", "2021-04", "2021-05", "2021-06", "2021-07", "2021-08", "2021-09", "2021-10", "2021-11", "2021-12"], "py": [62.54706768272706, 56.678293087050136, 57.21254108507749, 54.54149095863353, 61.04533882673887, 62.98506845518557, 54.21522903105979, 72.63653842540583, 69.06364534962351, 69.44365160827113, 70.69689983993489, 55.242118494630745], "pt": [79.28040671632074, 77.17236419877497, 80.87705600196685, 80.99922294327129, 90.02833206915895, 94.29027908871132, 87.68190691113415, 108.13331072723494, 106.48052869614435, 108.68680992773352, 111.68504191060742, 97.90392935545663], "pb": [45.81372864913338, 36.1842219753253, 33.54802616818813, 28.08375897399577, 32.06234558431879, 31.679857821659823, 20.748551150985442, 37.13976612357672, 31.646762003102694, 30.20049328880873, 29.70875776926235, 12.580307633804871], "x": ["2019-01", "2019-02", "2019-03", "2019-04", "2019-05", "2019-06", "2019-07", "2019-08", "2019-09", "2019-10", "2019-11", "2019-12", "2020-01", "2020-02", "2020-03", "2020-04", "2020-05", "2020-06", "2020-07", "2020-08", "2020-09", "2020-10", "2020-11", "2020-12"], "y": [50.35528564453125, 38.91336441040039, 45.68064498901367, 38.52135467529297, 37.603885650634766, 35.15416717529297, 35.15416717529297, 49.268428802490234, 46.108001708984375, 45.97722244262695, 47.00475311279297, 35.447139739990234, 42.99703598022461, 39.0023193359375, 39.49386215209961, 36.98116683959961, 42.21916580200195, 44.703182220458984, 48.17833709716797, 56.28203582763672, 42.563629150390625, 42.41718292236328, 52.37342834472656, 54.024688720703125]}, "spi_01": {"px": [], "py": [], "pt": [], "pb": [], "x": ["2019-01", "2019-02", "2019-03", "2019-04", "2019-05", "2019-06", "2019-07", "2019-08", "2019-09", "2019-10", "2019-11", "2019-12", "2020-01", "2020-02", "2020-03", "2020-04", "2020-05", "2020-06", "2020-07", "2020-08", "2020-09", "2020-10", "2020-11", "2020-12"], "y": [NaN, NaN, NaN, NaN, NaN, NaN, NaN, NaN, NaN, NaN, NaN, NaN, NaN, NaN, NaN, NaN, NaN, NaN, NaN, NaN, NaN, NaN, NaN, NaN]}, "spi_03": {"px": [], "py": [], "pt": [], "pb": [], "x": ["2019-01", "2019-02", "2019-03", "2019-04", "2019-05", "2019-06", "2019-07", "2019-08", "2019-09", "2019-10", "2019-11", "2019-12", "2020-01", "2020-02", "2020-03", "2020-04", "2020-05", "2020-06", "2020-07"], "y": [NaN, NaN, NaN, NaN, NaN, NaN, NaN, NaN, NaN, NaN, NaN, NaN, NaN, NaN, NaN, NaN, NaN, NaN, NaN]}, "spi_06": {"px": [], "py": [], "pt": [], "pb": [], "x": ["2019-01", "2019-02", "2019-03", "2019-04", "2019-05", "2019-06", "2019-07", "2019-08", "2019-09", "2019-10", "2019-11", "2019-12", "2020-01", "2020-02", "2020-03", "2020-04", "2020-05", "2020-06", "2020-07"], "y": [NaN, NaN, NaN, NaN, NaN, NaN, NaN, NaN, NaN, NaN, NaN, NaN, NaN, NaN, NaN, NaN, NaN, NaN, NaN]}, "spi_12": {"px": [], "py": [], "pt": [], "pb": [], "x": ["2019-01", "2019-02", "2019-03", "2019-04", "2019-05", "2019-06", "2019-07", "2019-08", "2019-09", "2019-10", "2019-11", "2019-12", "2020-01", "2020-02", "2020-03", "2020-04", "2020-05", "2020-06", "2020-07", "2020-08", "2020-09", "2020-10", "2020-11", "2020-12"], "y": [NaN, NaN, NaN, NaN, NaN, NaN, NaN, NaN, NaN, NaN, NaN, NaN, NaN, NaN, NaN, NaN, NaN, NaN, NaN, NaN, NaN, NaN, NaN, NaN], "geox": [-45.21989021318014, -45.21507017465795, -45.199685054815596, -45.19851604601451, -45.19676403208857, -45.19390501032748, -45.19259799972401, -45.194267011882594, -45.19304400180214, -45.18992797740961, -45.18812596291747, -45.1924319958497, -45.19334800224224, -45.19276199690797, -45.19117798441612, -45.18970697343583, -45.18787795877049, -45.18629194642777, -45.18373392726548, -45.18209291449078, -45.18053790180624, -45.177541879019955, -45.176293868632186, -45.179648894300236, -45.18012689765477, -45.17979389458343, -45.17787487917865, -45.17928588992739, -45.18257091575795, -45.184099927412426, -45.18387092415994, -45.176749869354126, -45.17339384407987, -45.172291836226336, -45.172743840749284, -45.17083982674266, -45.16839181020813, -45.1649347842659, -45.15987674707308, -45.159275742988775, -45.158525737417726, -45.15761673023992, -45.15331569566154, -45.14574963572887, -44.887221548758156, -44.874866449203196, -44.84026216212297, -44.81995400557304, -44.78612773612821, -44.790499771630074, -44.792988792696775, -44.79621681903784, -44.79924584440954, -44.80267487395802, -44.80859392336742, -44.810880943059175, -44.8106119414524, -44.806842913938084, -44.80670691413684, -44.80482290096073, -44.8057639094838, -44.807109920511955, -44.80778192677054, -44.80737792462984, -44.804820905683094, -44.8064079184133, -44.80635991890243, -44.80951694499761, -44.81078895594173, -44.811071958603776, -44.80946994690608, -44.810505955465615, -44.81041095558819, -44.81147996445501, -44.81182196890797, -44.80974895532809, -44.8100859584067, -44.81021796134765, -44.81134897091644, -44.81285998315086, -44.817664021307976, -44.81964403726077, -44.825110083130824, -44.8260520915816, -44.82633609459496, -44.82539308756339, -44.82107505421998, -44.8200630470115, -44.819237040470746, -44.81883903767653, -44.81923704123543, -44.82448108429217, -44.825926095576065, -44.82951312443829, -44.83273415003904, -44.83389915896821, -44.83739818708516, -44.83981420600781, -44.841123217310084, -44.84265022989657, -44.844284242975945, -44.85640033816402, -44.86553740869208, -44.86817442949082, -44.883812553940835, -44.89973067750363, -44.90395371060311, -44.90804374345077, -44.916489811866334, -44.924337874530934, -44.93033592365666, -44.934470956704025, -44.96123118027383, -44.968070233421884, -44.96978524629668, -44.971486259728, -44.97729030665107, -44.97970232727014, -44.98223234798652, -45.01063857538893, -45.019509646451304, -45.02359367997381, -45.03145774311017, -45.0369287879164, -45.061763984491826, -45.074120083786255, -45.10701134684511, -45.113548398067294, -45.117264427018064, -45.12065245303465, -45.12271047021572, -45.12368347902385, -45.125761496601065, -45.1325125508568, -45.14898968294985, -45.1576527520141, -45.16368180034508, -45.16556381506084, -45.16692882629493, -45.16868284015312, -45.179428926246494, -45.1892310043286, -45.197324069170506, -45.199210084174275, -45.20093209754129, -45.20237310834909, -45.2081011528942, -45.21235118616539, -45.21598521511691, -45.21825023301164, -45.21888323764846, -45.22026424245496, -45.21990223605045, -45.22158724675872, -45.225143271550195, -45.22529927083971, -45.2243542609335, -45.22591927138775, -45.2282072879589, -45.22977329788747, -45.22977029641104, -45.228566285432606, -45.223021238637834, -45.21989021318014],