{"IIS3": {"px": [], "py": [], "pt": [], "pb": [], "x": ["2019-01", "2019-02", "2019-03", "2019-04", "2019-05", "2019-06", "2019-07", "2019-08", "2019-09", "2019-10", "2019-11", "2019-12", "2020-01", "2020-02", "2020-03", "2020-04", "2020-05", "2020-06", "2020-07", "2020-08", "2020-09", "2020-10", "2020-11", "2020-12"], "y": [NaN, NaN, NaN, NaN, NaN, NaN, NaN, NaN, NaN, NaN, NaN, NaN, NaN, NaN, NaN, NaN, NaN, NaN, NaN, NaN, NaN, NaN, NaN, NaN]}, "VHI": {"px": ["2021-01", "2021-02", "2021-03", "2021-04", "2021-05", "2021-06", "2021-07", "2021-08", "2021-09", "2021-10", "2021-11", "2021-12"], "py": [32.98308249184682, 37.884084053235526, 41.81466492165822, 41.275719285942515, 34.29952778476776, 46.0273924502239, 46.90477678227472, 46.77939266996127, 24.80639126613262, 25.348483946757213, 43.56262682757948, 43.115468695394185], "pt": [48.645082719861875, 57.054319717974806, 63.94377741495403, 66.01227733350117, 61.393752046398475, 75.28993971868357, 78.18570319020156, 79.95613213057484, 59.7763172817354, 62.02402633996567, 81.86791489770539, 82.98393716904675], "pb": [17.32108226383177, 18.71384838849624, 19.685552428362413, 16.539161238383848, 7.205303523137054, 16.764845181764223, 15.623850374347874, 13.602653209347693, -10.16353474947016, -11.327058446451247, 5.257338757453574, 3.247000221741615], "x": ["2019-01", "2019-02", "2019-03", "2019-04", "2019-05", "2019-06", "2019-07", "2019-08", "2019-09", "2019-10", "2019-11", "2019-12", "2020-01", "2020-02", "2020-03", "2020-04", "2020-05", "2020-06", "2020-07", "2020-08", "2020-09", "2020-10", "2020-11", "2020-12"], "y": [21.77083396911621, 29.430831909179688, 21.888330459594727, 26.239999771118164, 36.8316650390625, 41.66666793823242, 41.66666793823242, 42.78799819946289, 23.297332763671875, 25.297500610351562, 44.43666458129883, 44.39866256713867, 41.0625, 47.964168548583984, 53.44333267211914, 52.95000076293945, 44.09000015258789, 56.52333450317383, 65.17250061035156, 63.429168701171875, 36.74733352661133, 29.530000686645508, 39.135833740234375, 36.272220611572266]}, "spi_01": {"px": [], "py": [], "pt": [], "pb": [], "x": ["2019-01", "2019-02", "2019-03", "2019-04", "2019-05", "2019-06", "2019-07", "2019-08", "2019-09", "2019-10", "2019-11", "2019-12", "2020-01", "2020-02", "2020-03", "2020-04", "2020-05", "2020-06", "2020-07", "2020-08", "2020-09", "2020-10", "2020-11", "2020-12"], "y": [NaN, NaN, NaN, NaN, NaN, NaN, NaN, NaN, NaN, NaN, NaN, NaN, NaN, NaN, NaN, NaN, NaN, NaN, NaN, NaN, NaN, NaN, NaN, NaN]}, "spi_03": {"px": [], "py": [], "pt": [], "pb": [], "x": ["2019-01", "2019-02", "2019-03", "2019-04", "2019-05", "2019-06", "2019-07", "2019-08", "2019-09", "2019-10", "2019-11", "2019-12", "2020-01", "2020-02", "2020-03", "2020-04", "2020-05", "2020-06", "2020-07"], "y": [NaN, NaN, NaN, NaN, NaN, NaN, NaN, NaN, NaN, NaN, NaN, NaN, NaN, NaN, NaN, NaN, NaN, NaN, NaN]}, "spi_06": {"px": [], "py": [], "pt": [], "pb": [], "x": ["2019-01", "2019-02", "2019-03", "2019-04", "2019-05", "2019-06", "2019-07", "2019-08", "2019-09", "2019-10", "2019-11", "2019-12", "2020-01", "2020-02", "2020-03", "2020-04", "2020-05", "2020-06", "2020-07"], "y": [NaN, NaN, NaN, NaN, NaN, NaN, NaN, NaN, NaN, NaN, NaN, NaN, NaN, NaN, NaN, NaN, NaN, NaN, NaN]}, "spi_12": {"px": [], "py": [], "pt": [], "pb": [], "x": ["2019-01", "2019-02", "2019-03", "2019-04", "2019-05", "2019-06", "2019-07", "2019-08", "2019-09", "2019-10", "2019-11", "2019-12", "2020-01", "2020-02", "2020-03", "2020-04", "2020-05", "2020-06", "2020-07", "2020-08", "2020-09", "2020-10", "2020-11", "2020-12"], "y": [NaN, NaN, NaN, NaN, NaN, NaN, NaN, NaN, NaN, NaN, NaN, NaN, NaN, NaN, NaN, NaN, NaN, NaN, NaN, NaN, NaN, NaN, NaN, NaN], "geox": [-43.97176357201477, -43.96036348569555, -43.956495458251844, -43.95519845653674, -43.95210643784196, -43.95116843577091, -43.95155744926111, -43.95252946177921, -43.95349648276431, -43.95624551159913, -43.95919654645571, -43.96014056241592, -43.95941557057277, -43.95802356543314, -43.95305553662552, -43.949608508384046, -43.942799464162235, -43.94117946185725, -43.93957345299311, -43.93541242091377, -43.93477341883191, -43.93646343656306, -43.94160148060036, -43.94432851549236, -43.94491452968382, -43.94804855636946, -43.95094557871172, -43.95285459569819, -43.95466560870461, -43.9555486202761, -43.9594166482412, -43.95996665534365, -43.961003663688814, -43.96143666520099, -43.965825701532964, -43.96724671932858, -43.96608071335434, -43.96688472155011, -43.967216729205916, -43.96933375039067, -43.97169378178685, -43.97685282224285, -43.97755283044461, -43.9769718302703, -43.9780218390187, -43.97746884296031, -43.97855585146009, -43.979694865363875, -43.98085487620975, -43.98124087732814, -43.980496869176235, -43.982497885539715, -43.9833588944544, -43.98249388882206, -43.982884894419534, -43.98534691608658, -43.98560992072515, -43.98660492986832, -43.98696692998438, -43.98882994510219, -43.99036294823111, -43.991245954733344, -43.99149895979367, -43.992471967733444, -43.99285796305641, -43.99210795810943, -43.992078955143576, -43.99438596199144, -43.99380395510819, -43.9945809567962, -43.993744945359005, -43.99874497797089, -43.999580986843156, -43.999220979292474, -43.99863897243637, -43.9981359703112, -43.99772396455887, -43.99775196247487, -43.998691969548624, -43.99830195836206, -43.99963996617116, -44.00057697557414, -44.00350399735641, -44.00430199949919, -44.003608991635964, -44.00457799999233, -44.004636998060434, -44.003807989495655, -44.00474799618732, -44.00486299001629, -44.00540899687854, -44.00647000555161, -44.005919995996926, -44.00611399486923, -44.00710900277069, -44.005269981015445, -44.003165961274746, -44.00105393837884, -44.00041192818218, -43.99638788757419, -43.996220883670794, -43.998697899872845, -43.99881389617492, -43.99877389001541, -44.003493915959076, -44.00193889994338, -43.99957488071975, -43.99594184229637, -43.99153679427888, -43.987871758145396, -43.98783275385992, -43.99088277691043, -43.993308792534194, -43.993917783292005, -43.99337776779766, -43.99130474419411, -43.988555716409834, -43.9830206726577, -43.97176357201477],