{"IIS3": {"px": [], "py": [], "pt": [], "pb": [], "x": ["2019-01", "2019-02", "2019-03", "2019-04", "2019-05", "2019-06", "2019-07", "2019-08", "2019-09", "2019-10", "2019-11", "2019-12", "2020-01", "2020-02", "2020-03", "2020-04", "2020-05", "2020-06", "2020-07", "2020-08", "2020-09", "2020-10", "2020-11", "2020-12"], "y": [NaN, NaN, NaN, NaN, NaN, NaN, NaN, NaN, NaN, NaN, NaN, NaN, NaN, NaN, NaN, NaN, NaN, NaN, NaN, NaN, NaN, NaN, NaN, NaN]}, "VHI": {"px": ["2021-01", "2021-02", "2021-03", "2021-04", "2021-05", "2021-06", "2021-07", "2021-08", "2021-09", "2021-10", "2021-11", "2021-12"], "py": [72.74602068756985, 71.03494820684719, 75.70165455642454, 68.21242040246523, 70.33045560131741, 79.98421074313599, 75.75969506406629, 75.45941773494432, 57.37307245333827, 57.625891907939646, 55.84949918800781, 50.61859060878672], "pt": [85.15835513274482, 86.23689112207808, 93.2553462028276, 87.83804427627015, 91.82924939201934, 103.20556204908254, 100.58436381297909, 101.78995514898716, 85.127895863538, 86.73539627593658, 86.25338490298665, 82.26395817796747], "pb": [60.33368624239489, 55.8330052916163, 58.14796291002149, 48.5867965286603, 48.831661810615486, 56.762859437189434, 50.93502631515349, 49.1288803209015, 29.618249043138533, 28.516387539942713, 25.44561347302897, 18.97322303960597], "x": ["2019-01", "2019-02", "2019-03", "2019-04", "2019-05", "2019-06", "2019-07", "2019-08", "2019-09", "2019-10", "2019-11", "2019-12", "2020-01", "2020-02", "2020-03", "2020-04", "2020-05", "2020-06", "2020-07", "2020-08", "2020-09", "2020-10", "2020-11", "2020-12"], "y": [62.30791091918945, 50.65625, 45.38458251953125, 43.194000244140625, 40.36375045776367, 51.17625045776367, 51.17625045776367, 50.4640007019043, 36.845333099365234, 37.59541320800781, 36.776248931884766, 33.279747009277344, 54.1171875, 52.990936279296875, 57.14024353027344, 51.04874801635742, 52.92874526977539, 61.73933029174805, 58.79833221435547, 54.51749801635742, 44.1163330078125, 38.632328033447266, 43.602081298828125, 47.848331451416016]}, "spi_01": {"px": [], "py": [], "pt": [], "pb": [], "x": ["2019-01", "2019-02", "2019-03", "2019-04", "2019-05", "2019-06", "2019-07", "2019-08", "2019-09", "2019-10", "2019-11", "2019-12", "2020-01", "2020-02", "2020-03", "2020-04", "2020-05", "2020-06", "2020-07", "2020-08", "2020-09", "2020-10", "2020-11", "2020-12"], "y": [NaN, NaN, NaN, NaN, NaN, NaN, NaN, NaN, NaN, NaN, NaN, NaN, NaN, NaN, NaN, NaN, NaN, NaN, NaN, NaN, NaN, NaN, NaN, NaN]}, "spi_03": {"px": [], "py": [], "pt": [], "pb": [], "x": ["2019-01", "2019-02", "2019-03", "2019-04", "2019-05", "2019-06", "2019-07", "2019-08", "2019-09", "2019-10", "2019-11", "2019-12", "2020-01", "2020-02", "2020-03", "2020-04", "2020-05", "2020-06", "2020-07"], "y": [NaN, NaN, NaN, NaN, NaN, NaN, NaN, NaN, NaN, NaN, NaN, NaN, NaN, NaN, NaN, NaN, NaN, NaN, NaN]}, "spi_06": {"px": [], "py": [], "pt": [], "pb": [], "x": ["2019-01", "2019-02", "2019-03", "2019-04", "2019-05", "2019-06", "2019-07", "2019-08", "2019-09", "2019-10", "2019-11", "2019-12", "2020-01", "2020-02", "2020-03", "2020-04", "2020-05", "2020-06", "2020-07"], "y": [NaN, NaN, NaN, NaN, NaN, NaN, NaN, NaN, NaN, NaN, NaN, NaN, NaN, NaN, NaN, NaN, NaN, NaN, NaN]}, "spi_12": {"px": [], "py": [], "pt": [], "pb": [], "x": ["2019-01", "2019-02", "2019-03", "2019-04", "2019-05", "2019-06", "2019-07", "2019-08", "2019-09", "2019-10", "2019-11", "2019-12", "2020-01", "2020-02", "2020-03", "2020-04", "2020-05", "2020-06", "2020-07", "2020-08", "2020-09", "2020-10", "2020-11", "2020-12"], "y": [NaN, NaN, NaN, NaN, NaN, NaN, NaN, NaN, NaN, NaN, NaN, NaN, NaN, NaN, NaN, NaN, NaN, NaN, NaN, NaN, NaN, NaN, NaN, NaN], "geox": [-42.531337031005144, -42.48950069843465, -42.462577484620354, -42.446805351632605, -42.43071924798782, -42.43516728479391, -42.43829231121458, -42.446023381437314, -42.455439462142365, -42.457137477977774, -42.451065443956026, -42.45090344473089, -42.44611240509985, -42.439255355733884, -42.44181437782064, -42.443265390473286, -42.45132545811624, -42.45210546501063, -42.4514974631073, -42.45222746965428, -42.457600514810345, -42.463014568790356, -42.465846593492074, -42.466289597302264, -42.51293396003535, -42.54519921162736, -42.531337031005144], "geoy": [-5.742418768909294, -5.76033492921764, -5.772325035846413, -5.767745012434192, -5.811248345152835, -5.811463343765882, -5.81245834903539, -5.8221964158925275, -5.826845443955484, -5.829598463172711, -5.853455643645683, -5.856591666936747, -5.856373668558631, -5.866990751673712, -5.8684657608465605, -5.869493767463712, -5.871294775322008, -5.871985779900713, -5.876588814327105, -5.87737481964072, -5.878673825598908, -5.892518924203804, -5.894534937169789, -5.894770938611755, -5.863016672487163, -5.842214497097287, -5.742418768909294]}}