{"IIS3": {"px": [], "py": [], "pt": [], "pb": [], "x": ["2019-01", "2019-02", "2019-03", "2019-04", "2019-05", "2019-06", "2019-07", "2019-08", "2019-09", "2019-10", "2019-11", "2019-12", "2020-01", "2020-02", "2020-03", "2020-04", "2020-05", "2020-06", "2020-07", "2020-08", "2020-09", "2020-10", "2020-11", "2020-12"], "y": [NaN, NaN, NaN, NaN, NaN, NaN, NaN, NaN, NaN, NaN, NaN, NaN, NaN, NaN, NaN, NaN, NaN, NaN, NaN, NaN, NaN, NaN, NaN, NaN]}, "VHI": {"px": ["2021-01", "2021-02", "2021-03", "2021-04", "2021-05", "2021-06", "2021-07", "2021-08", "2021-09", "2021-10", "2021-11", "2021-12"], "py": [53.28873987881552, 60.80349472865652, 60.324012708530375, 56.9310815933914, 55.650711228655084, 58.83132013656579, 61.49938567076826, 53.16995969212955, 35.623027777297025, 36.0937845767193, 47.757832953079415, 54.706264175703794], "pt": [59.987355093742764, 67.50210994358376, 67.02262792345762, 63.62969680831864, 62.34932644358233, 65.52993535149304, 68.1980008856955, 59.8685749070568, 42.32164299222427, 42.792399791646545, 54.45644816800666, 61.40487939063105], "pb": [46.590124663888275, 54.10487951372927, 53.62539749360313, 50.23246637846415, 48.95209601372784, 52.13270492163855, 54.80077045584102, 46.47134447720231, 28.924412562369774, 29.39516936179205, 41.05921773815217, 48.007648960776535], "x": ["2019-01", "2019-02", "2019-03", "2019-04", "2019-05", "2019-06", "2019-07", "2019-08", "2019-09", "2019-10", "2019-11", "2019-12", "2020-01", "2020-02", "2020-03", "2020-04", "2020-05", "2020-06", "2020-07", "2020-08", "2020-09", "2020-10", "2020-11", "2020-12"], "y": [53.02312469482422, 59.88249588012695, 59.41999816894531, 57.65399932861328, 60.41374969482422, 63.24374771118164, 63.24374771118164, 54.98999786376953, 37.308502197265625, 37.98249816894531, 49.938751220703125, 56.849334716796875, 54.6824951171875, 62.72833251953125, 62.758331298828125, 59.0191650390625, 57.25874710083008, 60.04399871826172, 60.537498474121094, 65.68937683105469, 37.09149932861328, 31.273000717163086, 45.14500045776367, 50.438331604003906]}, "spi_01": {"px": [], "py": [], "pt": [], "pb": [], "x": ["2019-01", "2019-02", "2019-03", "2019-04", "2019-05", "2019-06", "2019-07", "2019-08", "2019-09", "2019-10", "2019-11", "2019-12", "2020-01", "2020-02", "2020-03", "2020-04", "2020-05", "2020-06", "2020-07", "2020-08", "2020-09", "2020-10", "2020-11", "2020-12"], "y": [NaN, NaN, NaN, NaN, NaN, NaN, NaN, NaN, NaN, NaN, NaN, NaN, NaN, NaN, NaN, NaN, NaN, NaN, NaN, NaN, NaN, NaN, NaN, NaN]}, "spi_03": {"px": [], "py": [], "pt": [], "pb": [], "x": ["2019-01", "2019-02", "2019-03", "2019-04", "2019-05", "2019-06", "2019-07", "2019-08", "2019-09", "2019-10", "2019-11", "2019-12", "2020-01", "2020-02", "2020-03", "2020-04", "2020-05", "2020-06", "2020-07"], "y": [NaN, NaN, NaN, NaN, NaN, NaN, NaN, NaN, NaN, NaN, NaN, NaN, NaN, NaN, NaN, NaN, NaN, NaN, NaN]}, "spi_06": {"px": [], "py": [], "pt": [], "pb": [], "x": ["2019-01", "2019-02", "2019-03", "2019-04", "2019-05", "2019-06", "2019-07", "2019-08", "2019-09", "2019-10", "2019-11", "2019-12", "2020-01", "2020-02", "2020-03", "2020-04", "2020-05", "2020-06", "2020-07"], "y": [NaN, NaN, NaN, NaN, NaN, NaN, NaN, NaN, NaN, NaN, NaN, NaN, NaN, NaN, NaN, NaN, NaN, NaN, NaN]}, "spi_12": {"px": [], "py": [], "pt": [], "pb": [], "x": ["2019-01", "2019-02", "2019-03", "2019-04", "2019-05", "2019-06", "2019-07", "2019-08", "2019-09", "2019-10", "2019-11", "2019-12", "2020-01", "2020-02", "2020-03", "2020-04", "2020-05", "2020-06", "2020-07", "2020-08", "2020-09", "2020-10", "2020-11", "2020-12"], "y": [NaN, NaN, NaN, NaN, NaN, NaN, NaN, NaN, NaN, NaN, NaN, NaN, NaN, NaN, NaN, NaN, NaN, NaN, NaN, NaN, NaN, NaN, NaN, NaN], "geox": [-42.86270512538632, -42.86114511416079, -42.85920410621211, -42.85542807506082, -42.853041067557115, -42.851758059103005, -42.84968004309441, -42.84633901313532, -42.84464799602227, -42.84089096325432, -42.8322638926655, -42.828984859435856, -42.82887086225844, -42.82757185261502, -42.82298081289512, -42.821320801499766, -42.819004781225246, -42.816558764345785, -42.814203741801556, -42.81336473818637, -42.811536724147025, -42.811904730787326, -42.81028672085845, -42.80923271104087, -42.80637368978669, -42.80551068539799, -42.8093047390615, -42.81006175579288, -42.81150777084829, -42.81486580098084, -42.815764811285725, -42.81395280757743, -42.81003078492844, -42.80917978537451, -42.8071497714762, -42.80659777159419, -42.8079527854307, -42.80798279003437, -42.80729078937288, -42.80537377741096, -42.804843788297255, -42.80215876713761, -42.802954782731035, -42.801012767872855, -42.80162178216146, -42.800254771798535, -42.80006677406623, -42.802422799809804, -42.80595183363723, -42.80629684359174, -42.808981866524896, -42.809783890954556, -42.80556287554704, -42.804198865620485, -42.80092483367651, -42.80069983412623, -42.80406287281262, -42.80454188937199, -42.80586290365711, -42.806091912453844, -42.80928194356149, -42.8144019875715, -42.817316016809194, -42.82064804098821, -42.825537086229694, -42.828168114894126, -42.83062613819952, -42.83350517475309, -42.834918189762845, -42.83795421557882, -42.84075924398904, -42.84351226545735, -42.84725330014214, -42.85017432410315, -42.853783356918285, -42.85303333767203, -42.85104131095511, -42.85092029919769, -42.8451652318565, -42.84253519715997, -42.84384420629808, -42.85552430699975, -42.86265235811154, -42.863173357610314, -42.85920631801646, -42.85831730407917, -42.861233324658016, -42.866207367430896, -42.8693453874995, -42.868154360890365, -42.87099437981616, -42.87114437857413, -42.86973634957805, -42.86828932968694, -42.8691473301786, -42.87378735864445, -42.87517636101816, -42.87914938757035, -42.879261383490366, -42.88190141253742, -42.883596425527415, -42.8849804412297, -42.88662145488802, -42.8885664814542, -42.89075949643651, -42.8932325227052, -42.90011555419027, -42.899959550283185, -42.898437532970874, -42.893210480664635, -42.89186846101162, -42.883134372448026, -42.879683337306616, -42.879459325625874, -42.88254134125893, -42.881760327746946, -42.87987630854549, -42.87417326320886, -42.872686249682474, -42.870499222537624, -42.868537184625005, -42.865018152557134, -42.86270512538632],