{"VHI": {"cat": [0, 0, 0, 0, 0, 0, 0, 0, 0, 0, 0, 0, 0, 0, 0, 0, 0, 0, 0, 0, 0, 0, 0, 1], "lim": [100, 0], "catlims": [40, 30, 20, 12, 6], "x": ["2019-01", "2019-02", "2019-03", "2019-04", "2019-05", "2019-06", "2019-07", "2019-08", "2019-09", "2019-10", "2019-11", "2019-12", "2020-01", "2020-02", "2020-03", "2020-04", "2020-05", "2020-06", "2020-07", "2020-08", "2020-09", "2020-10", "2020-11", "2020-12"], "y": [50.49459457397461, 51.83399963378906, 65.29060363769531, 63.46711730957031, 64.45989227294922, 63.61000061035156, 63.61000061035156, 64.73184204101562, 53.920318603515625, 63.604801177978516, 54.04410171508789, 49.06985855102539, 55.01491165161133, 61.44232177734375, 61.361000061035156, 56.44723129272461, 62.227996826171875, 76.38776397705078, 74.06710052490234, 73.48870086669922, 54.70832061767578, 43.59559631347656, 40.90119934082031, 39.421199798583984]}, "spi_01": {"cat": [5], "lim": [4, -4], "catlims": [-0.5, -0.8, -1.3, -1.6, -2], "x": ["2019-01", "2019-02", "2019-03", "2019-04", "2019-05", "2019-06", "2019-07", "2019-08", "2019-09", "2019-10", "2019-11", "2019-12", "2020-01", "2020-02", "2020-03", "2020-04", "2020-05", "2020-06", "2020-07", "2020-08", "2020-09", "2020-10", "2020-11", "2020-12"], "y": [NaN, NaN, NaN, NaN, NaN, NaN, NaN, NaN, NaN, NaN, NaN, NaN, NaN, NaN, NaN, NaN, NaN, NaN, NaN, NaN, NaN, NaN, NaN, NaN]}, "spi_03": {"cat": [5], "lim": [4, -4], "catlims": [-0.5, -0.8, -1.3, -1.6, -2], "x": ["2019-01", "2019-02", "2019-03", "2019-04", "2019-05", "2019-06", "2019-07", "2019-08", "2019-09", "2019-10", "2019-11", "2019-12", "2020-01", "2020-02", "2020-03", "2020-04", "2020-05", "2020-06", "2020-07"], "y": [NaN, NaN, NaN, NaN, NaN, NaN, NaN, NaN, NaN, NaN, NaN, NaN, NaN, NaN, NaN, NaN, NaN, NaN, NaN, 0, 0, 0, 0, 0]}, "spi_06": {"cat": [5], "lim": [4, -4], "catlims": [-0.5, -0.8, -1.3, -1.6, -2], "x": ["2019-01", "2019-02", "2019-03", "2019-04", "2019-05", "2019-06", "2019-07", "2019-08", "2019-09", "2019-10", "2019-11", "2019-12", "2020-01", "2020-02", "2020-03", "2020-04", "2020-05", "2020-06", "2020-07"], "y": [NaN, NaN, NaN, NaN, NaN, NaN, NaN, NaN, NaN, NaN, NaN, NaN, NaN, NaN, NaN, NaN, NaN, NaN, NaN, 0, 0, 0, 0, 0]}, "spi_12": {"cat": [5], "lim": [4, -4], "catlims": [-0.5, -0.8, -1.3, -1.6, -2], "x": ["2019-01", "2019-02", "2019-03", "2019-04", "2019-05", "2019-06", "2019-07", "2019-08", "2019-09", "2019-10", "2019-11", "2019-12", "2020-01", "2020-02", "2020-03", "2020-04", "2020-05", "2020-06", "2020-07", "2020-08", "2020-09", "2020-10", "2020-11", "2020-12"], "y": [NaN, NaN, NaN, NaN, NaN, NaN, NaN, NaN, NaN, NaN, NaN, NaN, NaN, NaN, NaN, NaN, NaN, NaN, NaN, NaN, NaN, NaN, NaN, NaN]}, "geox": [-48.942932130149615, -48.938430094523156, -48.935155066380524, -48.92971302698638, -48.926469000313034, -48.92390698235467, -48.922295969336375, -48.91915994675014, -48.91758593407227, -48.914349912302185, -48.90818886730504, -48.90757486523441, -48.90765587199386, -48.90663086615876, -48.907075872739775, -48.90419185444273, -48.90293684546499, -48.899057814556734, -48.890548751645106, -48.88701672862973, -48.88484971460262, -48.881685690690595, -48.87865666905899, -48.87610465881564, -48.87513265174996, -48.87293063912311, -48.87326464312734, -48.87176263095456, -48.869737616296675, -48.86931061919533, -48.868698615508634, -48.86715360377265, -48.865772595883755, -48.86555260448491, -48.863015587341295, -48.863183592211385, -48.861157576739444, -48.859566566650585, -48.859009564751545, -48.859988574472766, -48.85965557434765, -48.857401559496694, -48.85751356217194, -48.85555054987653, -48.85479854677899, -48.85526955681009, -48.85642056922495, -48.8559305661332, -48.85637457683452, -48.854071562530336, -48.85335056012752, -48.84940552810261, -48.84768352861267, -48.84431950318414, -48.83893246414085, -48.83771345994831, -48.836405451668945, -48.83393443236854, -48.83056940999801, -48.82396536247572, -48.8202413372254, -48.817986318020964, -48.81490029729153, -48.81304828195652, -48.81168527276323, -48.81124327112897, -48.81190527802373, -48.810161266286066, -48.807697248039766, -48.80243120606221, -48.80115219398982, -48.798710175907964, -48.79618315529868, -48.79595915530095, -48.7941831440564, -48.791127120946356, -48.78549207507016, -48.78520307139301, -48.78421206400127, -48.78331005453841, -48.78185304237355, -48.7778520110046, -48.776293000094725, -48.771761963230134, -48.76707892933763, -48.765238917824135, -48.761391883349035, -48.75925686631011, -48.75670484994538, -48.75515383859294, -48.75306881959443, -48.749757793370975, -48.74548876239931, -48.73681369683992, -48.73304966984563, -48.73076565731709, -48.728931644849425, -48.72913264818163, -48.72796964130694, -48.72776464468853, -48.725934640105486, -48.72987067120739, -48.7343787042603, -48.73756572896077, -48.744260783385194, -48.746292802242, -48.74816281759293, -48.75287884959434, -48.75653788110311, -48.75809489197909, -48.75957490365711, -48.759207905760015, -48.75976791199925, -48.76040691831892, -48.76212293127912, -48.76398894673968, -48.765350960905764, -48.76031992731543, -48.758762921073824, -48.75929792924226, -48.75801992111306, -48.76251396457025, -48.76527099467172, -48.767818017544265, -48.76809302700095, -48.769767039678506, -48.76976304090813, -48.768651033762744, -48.76892903699974, -48.772126061014696, -48.77323307075295, -48.775439082751745, -48.77854210617065, -48.78113112771852, -48.78057212828138, -48.784042155355, -48.78654018062398, -48.791484216307396, -48.79432423334258, -48.79524024000152, -48.79660225165632, -48.79799126213557, -48.79843426673297, -48.79954127484104, -48.79982327948653, -48.802736303608434, -48.803571309653705, -48.80568432824656, -48.809074353954124, -48.81026736634259, -48.80735635182258, -48.807348355420324, -48.80284933093626, -48.80589035764831, -48.80934838703388, -48.8139244230753, -48.81715944999829, -48.8209354857436, -48.82320750535828, -48.82579352512708, -48.82834554843817, -48.82971255910808, -48.82946555465911, -48.83009655964043, -48.831740575078754, -48.833373586899796, -48.83793162370154, -48.838133628392484, -48.84012364555786, -48.841402653952464, -48.842595663075215, -48.84842771430289, -48.847597712085744, -48.8490727261345, -48.85015273403006, -48.85107574402838, -48.85618278776082, -48.85801480197116, -48.85945781525974, -48.860496823609395, -48.86077382456127, -48.86168583144573, -48.863326844957314, -48.864873856261106, -48.86871288812953, -48.868714889666336, -48.86999090081585, -48.86915589527377, -48.87235292203952, -48.87202391690941, -48.87254592135781, -48.8773719681692, -48.881488001372524, -48.88343601061163, -48.88443501776008, -48.885428026133084, -48.88754104118676, -48.88890305386242, -48.89029706450358, -48.8902970656478, -48.89137907481999, -48.89121007494579, -48.893212089666854, -48.894401100023444, -48.89496410326002, -48.89687611957162, -48.89879913408265, -48.898990130694045, -48.903017163596864, -48.90596718431653, -48.909347205351004, -48.91357323441852, -48.91577525114275, -48.91771526234142, -48.9219372917469, -48.922126288741104, -48.92570931003265, -48.93199435849561, -48.93596138500112, -48.93643738617732, -48.939939408489344, -48.94040340802088, -48.94004939791471, -48.94190140048615, -48.93815936499125, -48.937963359212304, -48.94043436819422, -48.94132236211215, -48.94224136777088, -48.94682140046306, -48.949132413944156, -48.955154457367556, -48.96277050254741, -48.96488051980707, -48.96807454106572, -48.97249557279534, -48.976689598798686, -48.97679959734674, -48.98210063368128, -48.97644957941163, -48.97265354044543, -48.96393146252184, -48.96291443885512, -48.97696551548084, -48.97784851741341, -48.98001453077276, -48.98361454667185, -48.98234153355727, -48.979876512936535, -48.970504439275615, -48.97124343043648, -48.973632436110755, -48.97571844610017, -48.975713443336836, -48.969892387295985, -48.96818336805638, -48.96758035413945, -48.967907348239876, -48.96942134668236, -48.96676232327781, -48.964515300035494, -48.961717275841686, -48.959743260090235, 