{"VHI": {"cat": [0, 0, 0, 0, 0, 0, 0, 0, 0, 0, 1, 1, 0, 0, 0, 0, 0, 0, 0, 0, 0, 0, 0, 0], "lim": [100, 0], "catlims": [40, 30, 20, 12, 6], "x": ["2019-01", "2019-02", "2019-03", "2019-04", "2019-05", "2019-06", "2019-07", "2019-08", "2019-09", "2019-10", "2019-11", "2019-12", "2020-01", "2020-02", "2020-03", "2020-04", "2020-05", "2020-06", "2020-07", "2020-08", "2020-09", "2020-10", "2020-11", "2020-12"], "y": [49.90937423706055, 53.082786560058594, 54.98749923706055, 55.43463134765625, 58.24238586425781, 54.956703186035156, 54.956703186035156, 58.1727294921875, 51.683223724365234, 44.77238464355469, 38.98722457885742, 36.97138977050781, 51.49043655395508, 52.81913375854492, 51.1042594909668, 54.06461715698242, 53.44624328613281, 59.679588317871094, 56.64122009277344, 56.01914978027344, 46.779319763183594, 44.49972915649414, 57.962501525878906, 52.966514587402344]}, "spi_01": {"cat": [4, 3, 3, 0, 1, 0, 0, 3, 2, 4, 0, 2, 2, 0, 0, 0, 1, 0, 3, 0, 0, 0, 0, 0], "lim": [4, -4], "catlims": [-0.5, -0.8, -1.3, -1.6, -2], "x": ["2019-01", "2019-02", "2019-03", "2019-04", "2019-05", "2019-06", "2019-07", "2019-08", "2019-09", "2019-10", "2019-11", "2019-12", "2020-01", "2020-02", "2020-03", "2020-04", "2020-05", "2020-06", "2020-07", "2020-08", "2020-09", "2020-10", "2020-11", "2020-12"], "y": [-1.9041703939437866, -1.5125372409820557, -1.3702683448791504, 0.03636700659990311, -0.7251784205436707, -0.47981464862823486, -0.2619335353374481, -1.3916128873825073, -1.1025758981704712, -1.6642801761627197, 0.39993929862976074, -1.0608268976211548, -1.0936704874038696, 0.411297082901001, 2.5925137996673584, 1.2118476629257202, -0.7753727436065674, -0.03161785379052162, -1.3180451393127441, 1.3080792427062988, 0.07972586154937744, 0.5771487355232239, 0.8264632225036621, 0.6371417045593262]}, "spi_03": {"cat": [3, 4, 2, 2, 0, 2, 1, 3, 0, 1, 2, 1, 0, 0, 0, 0, 1], "lim": [4, -4], "catlims": [-0.5, -0.8, -1.3, -1.6, -2], "x": ["2019-01", "2019-02", "2019-03", "2019-04", "2019-05", "2019-06", "2019-07", "2019-08", "2019-09", "2019-10", "2019-11", "2019-12", "2020-01", "2020-02", "2020-03", "2020-04", "2020-05", "2020-06", "2020-07"], "y": [-1.3620109558105469, -1.777839183807373, -2.0068631172180176, -1.2782185077667236, -0.8402233123779297, -0.42417824268341064, -0.8466144800186157, -0.6874383091926575, -1.3782908916473389, -2.2438371181488037, -0.4511749744415283, -0.6649599075317383, -0.8180427551269531, -0.7971163988113403, 1.5515073537826538, 2.0741019248962402, 1.9060611724853516, 0.44217777252197266, -0.7971884608268738, 0, 0, 0, 0, 0]}, "spi_06": {"cat": [3, 4, 4, 3, 3, 4, 2, 2, 1, 3, 1, 2, 2, 1, 0, 0, 0, 0, 0], "lim": [4, -4], "catlims": [-0.5, -0.8, -1.3, -1.6, -2], "x": ["2019-01", "2019-02", "2019-03", "2019-04", "2019-05", "2019-06", "2019-07", "2019-08", "2019-09", "2019-10", "2019-11", "2019-12", "2020-01", "2020-02", "2020-03", "2020-04", "2020-05", "2020-06", "2020-07"], "y": [-1.4532630443572998, -1.6897307634353638, -1.6820834875106812, -1.5052248239517212, -1.4589451551437378, -1.6327894926071167, -1.26210618019104, -0.9113039970397949, -0.6433428525924683, -1.4763892889022827, -0.5887677073478699, -0.8777087926864624, -1.2224266529083252, -0.7837536334991455, 0.9148292541503906, 1.2402193546295166, 1.1428688764572144, 1.2611782550811768, 1.442198634147644, 0, 0, 0, 0, 0]}, "spi_12": {"cat": [3, 3, 4, 3, 3, 3, 3, 3, 3, 4, 3, 3, 3, 2, 0, 0, 0, 0, 0, 0, 0, 0, 0, 0], "lim": [4, -4], "catlims": [-0.5, -0.8, -1.3, -1.6, -2], "x": ["2019-01", "2019-02", "2019-03", "2019-04", "2019-05", "2019-06", "2019-07", "2019-08", "2019-09", "2019-10", "2019-11", "2019-12", "2020-01", "2020-02", "2020-03", "2020-04", "2020-05", "2020-06", "2020-07", "2020-08", "2020-09", "2020-10", "2020-11", "2020-12"], "y": [-1.5201035737991333, -1.5804978609085083, -1.6325432062149048, -1.5246540307998657, -1.4835774898529053, -1.5426723957061768, -1.557300090789795, -1.5617791414260864, -1.5893568992614746, -1.63241708278656, -1.331250786781311, -1.4672024250030518, -1.339584469795227, -0.9165688753128052, 0.41028159856796265, 0.6505790948867798, 0.646670937538147, 0.686680793762207, 0.6845775842666626, 0.7226229906082153, 0.7459239363670349, 0.861538290977478, 0.9281687140464783, 1.0779855251312256]}, "geox": [-47.74899235863558, -47.60129117472319, -47.5934021142522, -47.5712789446635, -47.570311937580115, -47.5678949185765, -47.560426862467374, -47.55464981767153, -47.548566769519255, -47.54146771201677, -47.53592066349346, -47.53138262794072, -47.52647758717448, -47.52314156025461, -47.52217655169539, -47.52214854799184, -47.52044553127253, -47.5192845203619, -47.51778050822424, -47.51319947228107, -47.50936944286071, -47.50273039481025, -47.49125730964366, -47.48636527041988, -47.481974236173876, -47.47722419665416, -47.47369818907371, -47.48430628593573, -47.493088371672336, -47.49436438632486, -47.49336838869665, -47.482616327678926, -47.4716022515099, -47.46650221864636, -47.46444420734956, -47.456729160267756, -47.45264513812263, -47.44692209971172, -47.44227307238755, -47.43951106168969, -47.437851058716674, -47.44095308240279, -47.44230709334703, -47.44366710508537, -47.44419911110515, -47.44747814114042, -47.450084162859305, -47.45237018038717, -47.45444319749585, -47.45569720720059, -47.45861022910125, -47.464418271673736, -47.46702729158804, -47.469666313352825, -47.47119732645712, -47.471118327008945, -47.47339234388916, -47.47556536243202, -47.479173390650274, -47.48453343080376, -47.49122948446838, -47.49267049674793, -47.495029514681036, -47.49647952661838, -47.49928554483934, -47.50152756220307, -47.50503058841536, -47.50799961001289, -47.51155463783935, -47.5195646990696, -47.52006570383288, -47.51831569452629, -47.518897700422045, -47.523475737667795, -47.526766766140746, -47.5307607991177, -47.53302882095232, -47.53680785185521, -47.53882586774035, -47.54054388038117, -47.54444590755803, -47.54646192319799, -47.54921894336164, -47.55067995581076, -47.55381297934344, -47.55426698364379, -47.5535319794513, -47.55465498912917, -47.55931802434365, -47.563051053170796, -47.56572807775284, -47.56781809417876, -47.570432113863426, -47.57219012829251, -47.57198612927487, -47.57303713880171, -47.57594816125485, -47.57913118721294, -47.58398922516508, -47.58694724940961, -47.59030527480939, -47.59424830251404, -47.60010634691316, -47.60460538443281, -47.609269420301025, -47.611962441870276, -47.61804148748563, -47.61908349462355, -47.61899249127852, -47.620478501514896, -47.624990535594755, -47.63313659954985, -47.63780163473703, -47.69697709467061, -47.70235913596731, -47.70645715721563, -47.71556522268992, -47.72833031598378, -47.73181533947784, -47.73318034775996, -47.731961333981104, -47.72474826792642, -47.722731246718546, -47.722900243444855, -47.72492725550458, -47.73197330482008, -47.73401831826713, -47.73691033395514, -47.737903328862444, -47.73456829463371, -47.734795293321795, -47.735471297757044, -47.741981344786666, -47.744443361600766, -47.750822401158516, -47.75248741235918, -47.75138639833017, -47.74751536191888, -47.748403355788255, -47.74899235863558],