{"VHI": {"cat": [1, 1, 1, 1, 0, 1, 1, 2, 1, 1, 1, 1, 0, 1, 1, 0, 0, 0, 1, 1, 2, 2, 1, 1], "lim": [100, 0], "catlims": [40, 30, 20, 12, 6], "x": ["2019-01", "2019-02", "2019-03", "2019-04", "2019-05", "2019-06", "2019-07", "2019-08", "2019-09", "2019-10", "2019-11", "2019-12", "2020-01", "2020-02", "2020-03", "2020-04", "2020-05", "2020-06", "2020-07", "2020-08", "2020-09", "2020-10", "2020-11", "2020-12"], "y": [38.799869537353516, 35.0611686706543, 39.3440055847168, 37.79408645629883, 40.95514678955078, 38.5062370300293, 38.5062370300293, 28.2137393951416, 33.71906280517578, 36.476318359375, 31.648107528686523, 34.5279541015625, 40.63388442993164, 38.75554275512695, 37.16646194458008, 40.82221221923828, 40.29273986816406, 41.0866584777832, 30.622169494628906, 33.39177322387695, 29.643630981445312, 25.068395614624023, 38.612205505371094, 39.59561538696289]}, "spi_01": {"cat": [0, 2, 2, 3, 2, 2, 0, 0, 3, 2, 4, 4, 2, 0, 0, 0, 0, 1, 0, 0, 0, 2, 0, 0], "lim": [4, -4], "catlims": [-0.5, -0.8, -1.3, -1.6, -2], "x": ["2019-01", "2019-02", "2019-03", "2019-04", "2019-05", "2019-06", "2019-07", "2019-08", "2019-09", "2019-10", "2019-11", "2019-12", "2020-01", "2020-02", "2020-03", "2020-04", "2020-05", "2020-06", "2020-07", "2020-08", "2020-09", "2020-10", "2020-11", "2020-12"], "y": [-0.4608716368675232, -1.060908555984497, -1.2160260677337646, -1.4990628957748413, -1.0483148097991943, -1.0445650815963745, 0.2338695228099823, -0.37365567684173584, -1.320352554321289, -0.8453733325004578, -1.8258111476898193, -1.6091605424880981, -0.8276011943817139, -0.2102971076965332, 0.7206209897994995, 0.31106311082839966, -0.03382320702075958, -0.5683403015136719, -0.1015469878911972, 0.31600886583328247, 0.4744641184806824, -0.8033545017242432, 2.9609625339508057, -0.04542654752731323]}, "spi_03": {"cat": [0, 2, 2, 3, 3, 4, 2, 1, 2, 2, 4, 4, 4, 2, 0, 0, 0, 0, 0], "lim": [4, -4], "catlims": [-0.5, -0.8, -1.3, -1.6, -2], "x": ["2019-01", "2019-02", "2019-03", "2019-04", "2019-05", "2019-06", "2019-07", "2019-08", "2019-09", "2019-10", "2019-11", "2019-12", "2020-01", "2020-02", "2020-03", "2020-04", "2020-05", "2020-06", "2020-07"], "y": [-0.10894559323787689, -0.9138123989105225, -1.2983825206756592, -1.51389741897583, -1.4622368812561035, -1.6383192539215088, -1.156879186630249, -0.7278709411621094, -1.2785420417785645, -1.2796099185943604, -1.8245203495025635, -1.917954683303833, -1.9321341514587402, -1.0966683626174927, -0.23337575793266296, 0.2448720932006836, 0.3649040460586548, 0.04390145093202591, -0.30346474051475525, 0, 0, 0, 0, 0]}, "spi_06": {"cat": [0, 1, 2, 2, 3, 3, 4, 4, 4, 3, 4, 4, 3, 2, 1, 0, 0, 0], "lim": [4, -4], "catlims": [-0.5, -0.8, -1.3, -1.6, -2], "x": ["2019-01", "2019-02", "2019-03", "2019-04", "2019-05", "2019-06", "2019-07", "2019-08", "2019-09", "2019-10", "2019-11", "2019-12", "2020-01", "2020-02", "2020-03", "2020-04", "2020-05", "2020-06", "2020-07"], "y": [-0.29888516664505005, -0.754370391368866, -0.9924871325492859, -1.1439132690429688, -1.3355517387390137, -1.5691429376602173, -1.6674847602844238, -1.6029599905014038, -1.7086611986160278, -1.4486814737319946, -1.8694709539413452, -2.0664801597595215, -1.9665870666503906, -1.5847523212432861, -0.9672012329101562, -0.5698524713516235, -0.326629638671875, -0.1495424062013626, 0.086549773812294, 0, 0, 0, 0, 0]}, "spi_12": {"cat": [1, 2, 2, 3, 3, 3, 2, 3, 3, 3, 3, 4, 4, 4, 3, 2, 1, 1, 1, 1, 1, 1, 0, 0], "lim": [4, -4], "catlims": [-0.5, -0.8, -1.3, -1.6, -2], "x": ["2019-01", "2019-02", "2019-03", "2019-04", "2019-05", "2019-06", "2019-07", "2019-08", "2019-09", "2019-10", "2019-11", "2019-12", "2020-01", "2020-02", "2020-03", "2020-04", "2020-05", "2020-06", "2020-07", "2020-08", "2020-09", "2020-10", "2020-11", "2020-12"], "y": [-0.6247868537902832, -0.9909113645553589, -1.2076501846313477, -1.4221928119659424, -1.3939934968948364, -1.3559017181396484, -1.2857986688613892, -1.3043363094329834, -1.349382996559143, -1.3114489316940308, -1.54734468460083, -1.7874066829681396, -1.9019854068756104, -1.6517422199249268, -1.3085300922393799, -0.925136387348175, -0.7901409864425659, -0.7635197639465332, -0.7627826929092407, -0.7247554063796997, -0.6284688711166382, -0.5811066627502441, 0.15182632207870483, 0.3145817518234253]},