{"VHI": {"cat": [0, 0, 0, 0, 0, 0, 0, 0, 0, 0, 0, 0, 0, 0, 0, 0, 0, 0, 0, 0, 1, 1, 0, 0], "lim": [100, 0], "catlims": [40, 30, 20, 12, 6], "x": ["2019-01", "2019-02", "2019-03", "2019-04", "2019-05", "2019-06", "2019-07", "2019-08", "2019-09", "2019-10", "2019-11", "2019-12", "2020-01", "2020-02", "2020-03", "2020-04", "2020-05", "2020-06", "2020-07", "2020-08", "2020-09", "2020-10", "2020-11", "2020-12"], "y": [57.296142578125, 44.7021369934082, 45.58916091918945, 43.10246276855469, 40.393856048583984, 43.88291549682617, 43.88291549682617, 50.980289459228516, 43.81723403930664, 48.65244674682617, 57.394081115722656, 55.844974517822266, 50.62811279296875, 44.204437255859375, 45.712242126464844, 43.08749771118164, 43.86265563964844, 47.87424850463867, 45.38166427612305, 41.41187286376953, 31.807533264160156, 36.87028884887695, 60.47275924682617, 63.68173599243164]}, "spi_01": {"cat": [5], "lim": [4, -4], "catlims": [-0.5, -0.8, -1.3, -1.6, -2], "x": ["2019-01", "2019-02", "2019-03", "2019-04", "2019-05", "2019-06", "2019-07", "2019-08", "2019-09", "2019-10", "2019-11", "2019-12", "2020-01", "2020-02", "2020-03", "2020-04", "2020-05", "2020-06", "2020-07", "2020-08", "2020-09", "2020-10", "2020-11", "2020-12"], "y": [NaN, NaN, NaN, NaN, NaN, NaN, NaN, NaN, NaN, NaN, NaN, NaN, NaN, NaN, NaN, NaN, NaN, NaN, NaN, NaN, NaN, NaN, NaN, NaN]}, "spi_03": {"cat": [5], "lim": [4, -4], "catlims": [-0.5, -0.8, -1.3, -1.6, -2], "x": ["2019-01", "2019-02", "2019-03", "2019-04", "2019-05", "2019-06", "2019-07", "2019-08", "2019-09", "2019-10", "2019-11", "2019-12", "2020-01", "2020-02", "2020-03", "2020-04", "2020-05", "2020-06", "2020-07"], "y": [NaN, NaN, NaN, NaN, NaN, NaN, NaN, NaN, NaN, NaN, NaN, NaN, NaN, NaN, NaN, NaN, NaN, NaN, NaN, 0, 0, 0, 0, 0]}, "spi_06": {"cat": [5], "lim": [4, -4], "catlims": [-0.5, -0.8, -1.3, -1.6, -2], "x": ["2019-01", "2019-02", "2019-03", "2019-04", "2019-05", "2019-06", "2019-07", "2019-08", "2019-09", "2019-10", "2019-11", "2019-12", "2020-01", "2020-02", "2020-03", "2020-04", "2020-05", "2020-06", "2020-07"], "y": [NaN, NaN, NaN, NaN, NaN, NaN, NaN, NaN, NaN, NaN, NaN, NaN, NaN, NaN, NaN, NaN, NaN, NaN, NaN, 0, 0, 0, 0, 0]}, "spi_12": {"cat": [5], "lim": [4, -4], "catlims": [-0.5, -0.8, -1.3, -1.6, -2], "x": ["2019-01", "2019-02", "2019-03", "2019-04", "2019-05", "2019-06", "2019-07", "2019-08", "2019-09", "2019-10", "2019-11", "2019-12", "2020-01", "2020-02", "2020-03", "2020-04", "2020-05", "2020-06", "2020-07", "2020-08", "2020-09", "2020-10", "2020-11", "2020-12"], "y": [NaN, NaN, NaN, NaN, NaN, NaN, NaN, NaN, NaN, NaN, NaN, NaN, NaN, NaN, NaN, NaN, NaN, NaN, NaN, NaN, NaN, NaN, NaN, NaN]}, "geox": [-47.706563997684874, -47.61989634292905, -47.61039626635457, -47.50192644026971, -47.49402937994443, -47.47391522651485, -47.44589601300141, -47.437006945109914, -47.42580785971629, -47.41894780725916, -47.412891760777875, -47.40644371150294, -47.40291868503769, -47.404802699933924, -47.407026717165046, -47.40861772980836, -47.40933473590136, -47.407308720774566, -47.40861273128011, -47.41144975298222, -47.41311376600194, -47.41030574494889, -47.40819772865374, -47.405144705389574, -47.403359692210444, -47.40409069814709, -47.40122867666216, -47.40022466946301, -47.40422370045496, -47.40508670749961, -47.40219868573882, -47.400641674236326, -47.40111567832399, -47.40253068944902, -47.4055327122104, -47.409443741250485, -47.412227762564136, -47.41122275590369, -47.41331077203738, -47.41705780048378, -47.41966882056407, -47.42039082642595, -47.413003770414804, -47.4102237494553, -47.409006740569524, -47.40950174478151, -47.41244676727969, -47.415531791040195, -47.412061765355006, -47.412253767214274, -47.415422791488915, -47.418616815502, -47.42166783895048, -47.42138983728211, -47.41703180474216, -47.41699880490193, -47.41972582597117, -47.42194984256525, -47.42322285184083, -47.425812871308715, -47.42811688906202, -47.42536186848859, -47.42463886338175, -47.42761788617271, -47.429531900937235, -47.43122791435176, -47.427335885385986, -47.430531910442085, -47.436272954569986, -47.43711296138564, -47.43889497524553, -47.44375101245154, -47.43941998011937, -47.44581102900181, -47.44514002436387, -47.44333601109917, -47.44602703179877, -47.449144055539826, -47.45067306760976, -47.449697060626676, -47.449591060287034, -47.45303308627705, -47.455979108801635, -47.45730911985656, -47.453561092173075, -47.452341083723425, -47.45283808805247, -47.45609011271396, -47.45539510829975, -47.45839313118903, -47.46194615792558, -47.46525118315085, -47.46672019468632, -47.465306184104314, -47.46202615971834, -47.463637172359185, -47.46666619534222, -47.46930421557552, -47.4679402056455, -47.46844620992436, -47.47230524006359, -47.474979260604215, -47.47688827545395, -47.47361325077896, -47.47250224278768, -47.47569726893429, -47.47924829584812, -47.480861307717625, -47.48305832471931, -47.48643135159934, -47.48977937803304, -47.49022738204293, -47.49330840549141, -47.49339140659918, -47.48958937788778, -47.492809403176544, -47.49658243178798, -47.4967824337752, -47.4959494278896, -47.50083446514357, -47.50558750184472, -47.50516449924578, -47.50828452335591, -47.51081354229625, -47.512196553309145, -47.515284577052, -47.520499616313835, -47.52161062552859, -47.52800667476763, -47.53041569350572, -47.54044577079715, -47.545082806275836, -47.552083860398966, -47.554699880776326, -47.55752890242746, -47.56058692601972, -47.5642809551145, -47.566202969809495, -47.57228101666527, -47.58266309641134, -47.58539311762799, -47.5916421653316, -47.59681120443741, -47.5991152233938, -47.60128524068144, -47.60980930718936, -47.61405434026452, -47.618364373121146, -47.62325841162447, -47.62589543198146, -47.630528468474694, -47.63838253046056, -47.64926759859785, -47.65269161976249, -47.65492863356563, -47.708868044531506, -47.71678210333514, -47.72162114022085, -47.725506168782694, -47.73059120671772, -47.72651117469974, -47.71875711534268, -47.717232103154714, -47.711701061056836, -47.70606001776243, -47.701394981333856, -47.692093910449096, -47.690009894061106, -47.687176872261034, -47.68567486047575, -47.68430784951398, -47.68198183131065, -47.680784821549295, -47.67970681236837, -47.680955821256106, -47.68345283973975, -47.68905788082548, -47.691668899608615, -47.69498092262793, -47.695815927211655, -47.69294890439168, -47.69359090869875, -47.6936409088408, -47.69125888928296, -47.692557898726115, -47.69548192053858, -47.6957269216223, -47.69506191602445, -47.69828293953583, -47.70069795737368, -47.70325297585722, -47.70425598131736, -47.70701000187306, -47.706563997684874],