{"VHI": {"cat": [0, 0, 0, 0, 0, 0, 0, 0, 0, 0, 0, 0, 0, 0, 0, 0, 0, 0, 0, 0, 0, 1, 1, 1], "lim": [100, 0], "catlims": [40, 30, 20, 12, 6], "x": ["2019-01", "2019-02", "2019-03", "2019-04", "2019-05", "2019-06", "2019-07", "2019-08", "2019-09", "2019-10", "2019-11", "2019-12", "2020-01", "2020-02", "2020-03", "2020-04", "2020-05", "2020-06", "2020-07", "2020-08", "2020-09", "2020-10", "2020-11", "2020-12"], "y": [41.71508026123047, 41.43841552734375, 50.909915924072266, 58.09602737426758, 56.901123046875, 58.98453903198242, 58.98453903198242, 56.59496307373047, 49.00206756591797, 55.894081115722656, 47.795433044433594, 42.489418029785156, 43.14672088623047, 49.91340637207031, 51.585723876953125, 54.73676681518555, 52.76054000854492, 59.93953323364258, 52.46175003051758, 55.257957458496094, 40.65006637573242, 30.08373260498047, 35.5225830078125, 33.04277801513672]}, "spi_01": {"cat": [2, 2, 0, 0, 0, 0, 0, 1, 0, 0, 2, 4, 2, 0, 0, 0, 0, 0, 0, 0, 2, 0, 0, 0], "lim": [4, -4], "catlims": [-0.5, -0.8, -1.3, -1.6, -2], "x": ["2019-01", "2019-02", "2019-03", "2019-04", "2019-05", "2019-06", "2019-07", "2019-08", "2019-09", "2019-10", "2019-11", "2019-12", "2020-01", "2020-02", "2020-03", "2020-04", "2020-05", "2020-06", "2020-07", "2020-08", "2020-09", "2020-10", "2020-11", "2020-12"], "y": [-1.066885232925415, -1.1274442672729492, -0.4166620969772339, 0.25042814016342163, -0.17548629641532898, -0.49044206738471985, 1.1831635236740112, -0.6086385250091553, -0.05498038977384567, 0.05381953343749046, -0.9456138610839844, -1.650863528251648, -0.8449262976646423, 0.3934750258922577, 0.9574060440063477, 0.12090587615966797, -0.3505808711051941, -0.48525822162628174, 1.601714849472046, -0.23536686599254608, -0.8311126232147217, 0.35273468494415283, 0.7921137809753418, -0.2688976526260376]}, "spi_03": {"cat": [2, 3, 3, 1, 0, 0, 0, 0, 0, 0, 1, 2, 3, 2, 0, 0, 0, 0, 0], "lim": [4, -4], "catlims": [-0.5, -0.8, -1.3, -1.6, -2], "x": ["2019-01", "2019-02", "2019-03", "2019-04", "2019-05", "2019-06", "2019-07", "2019-08", "2019-09", "2019-10", "2019-11", "2019-12", "2020-01", "2020-02", "2020-03", "2020-04", "2020-05", "2020-06", "2020-07"], "y": [-1.172825574874878, -1.3802188634872437, -1.4903531074523926, -0.6941832900047302, -0.16627976298332214, -0.056244492530822754, -0.22033807635307312, -0.3378449082374573, -0.22756852209568024, -0.267589807510376, -0.6525239944458008, -1.2233641147613525, -1.5969613790512085, -1.0048656463623047, 0.04932326450943947, 0.5450628995895386, 0.24099941551685333, -0.22542938590049744, -0.25304877758026123, 0, 0, 0, 0, 0]}, "spi_06": {"cat": [2, 3, 3, 2, 2, 2, 1, 0, 0, 0, 1, 2, 3, 2, 1, 1, 1, 0, 0], "lim": [4, -4], "catlims": [-0.5, -0.8, -1.3, -1.6, -2], "x": ["2019-01", "2019-02", "2019-03", "2019-04", "2019-05", "2019-06", "2019-07", "2019-08", "2019-09", "2019-10", "2019-11", "2019-12", "2020-01", "2020-02", "2020-03", "2020-04", "2020-05", "2020-06", "2020-07"], "y": [-0.9673231840133667, -1.456263780593872, -1.4868254661560059, -1.2136151790618896, -0.9681533575057983, -1.110687017440796, -0.734161913394928, -0.24000823497772217, -0.22648422420024872, -0.4331159293651581, -0.763414740562439, -1.1940436363220215, -1.437866449356079, -1.0896697044372559, -0.7758475542068481, -0.6730520129203796, -0.5015045404434204, -0.11381223797798157, 0.3639291226863861, 0, 0, 0, 0, 0]}, "spi_12": {"cat": [0, 2, 3, 3, 2, 2, 2, 2, 2, 2, 2, 3, 3, 2, 1, 1, 1, 1, 1, 1, 1, 1, 0, 0], "lim": [4, -4], "catlims": [-0.5, -0.8, -1.3, -1.6, -2], "x": ["2019-01", "2019-02", "2019-03", "2019-04", "2019-05", "2019-06", "2019-07", "2019-08", "2019-09", "2019-10", "2019-11", "2019-12", "2020-01", "2020-02", "2020-03", "2020-04", "2020-05", "2020-06", "2020-07", "2020-08", "2020-09", "2020-10", "2020-11", "2020-12"], "y": [-0.35754966735839844, -1.047433853149414, -1.361733317375183, -1.31385338306427, -1.096817970275879, -1.1212358474731445, -1.0816915035247803, -1.2169935703277588, -1.2091927528381348, -1.1226859092712402, -1.050077199935913, -1.3540661334991455, -1.343086838722229, -0.9212208986282349, -0.687941312789917, -0.7499334812164307, -0.7557545900344849, -0.7498022317886353, -0.72650146484375, -0.7284233570098877, -0.792777955532074, -0.7028717994689941, -0.22328557074069977, 0.025301389396190643]},